comment,cleaned_text,label,confidence
""" ං""අවොත්නේ ලිංග වෙන්නේ ඔතන  ""න්"" තියෙන්නේ බොල සිංහල බෑරිද යකෝ",""" ං""අවොත්නේ ලිංග වෙන්නේ ඔතන ""න්"" තියෙන්නේ බොල සිංහල බෑරිද යකෝ",Harassment,0.9746
""" ඒ අවජාතක විජේගෙ ජාන තියෙන උන් ""  හිටියා ඇති හෙට්ටි @USER  · 18 May 2021 ඇහේ කටු අයින සෙට් එකකුත් ඉන්නවා දෙමළ නොවන..",""" ඒ අවජාතක විජේගෙ ජාන තියෙන උන් "" හිටියා ඇති හෙට්ටි · 18 May 2021 ඇහේ කටු අයින සෙට් එකකුත් ඉන්නවා දෙමළ නොවන..",Harassment,0.9854
""" තොගේ හොම්බ තලනවා පරයා.. තෝ දෙමළෙක්..දෙමළාගේ අධිකරණයත් ඉවරයි..තම්බියාගේ අධිකරණයත් ඉවරයි..තොපිට පුළුවන්ද අපිව... URL",""" තොගේ හොම්බ තලනවා පරයා.. තෝ දෙමළෙක්..දෙමළාගේ අධිකරණයත් ඉවරයි..තම්බියාගේ අධිකරණයත් ඉවරයි..තොපිට පුළුවන්ද අපිව... උර්ල්",Harassment,0.9658
""" බඩුව Highlights කරගන්න තමයි ලංකාවේ කෙල්ලෝ Tattoo ගහන්නේ ""  buddhi- @USER  · 31 Aug 2021 tattoo ගහපු හැම කෙල්ලම බඩුවක් වෙන් නැහැ.   එත් ඉතින් හැම බඩුවගේම Tattoo එකකුත් තිබුනා    ༼ つ ◕_◕ ༽つ",""" බඩුව හිඝ්ලිඝ්ට්ස් කරගන්න තමයි ලංකාවේ කෙල්ලෝ Tattoo ගහන්නේ "" buddhi- · 31 ඖග් 2021 tattoo ගහපු හැම කෙල්ලම බඩුවක් වෙන් නැහැ. එත් ඉතින් හැම බඩුවගේම Tattoo එකකුත් තිබුනා ༼ つ ◕_◕ つ",Harassment,0.9072
""" හු...පලයන් කොටි පැටියා උන්ගේ තුරුල්ලටම.... "" ගාල්ලේදී කට මැත දොඩවා ජාතිය පාවා දෙන්න ගිය වික්‍රමභාහු කොටියා... URL",""" හු...පලයන් කොටි පැටියා උන්ගේ තුරුල්ලටම.... "" ගාල්ලේදී කට මැත දොඩවා ජාතිය පාවා දෙන්න ගිය වික්‍රමභාහු කොටියා... උර්ල්",Harassment,0.9048
"""They""  can point to anybody!   අහක යන නයි රෙද්ද අස්සෙ දාගන්න එපා, ටෞකන්න!","""They"" can point ටො anybody! අහක යන නයි රෙද්ද අස්සෙ දාගන්න එපා, ටෞකන්න!",Harassment,0.9399
"""අපේ කාලේ නම් දැන් හැදෙන සංකර හැත්ත වගේ නිකටේ කොන පේන්න,කම්මුලේ රවුම් පේන්න,කන පෙන්න මාස්ක් දැම්මෙ නෑ...දැන් හැදෙනඑවුන්  ඒකට...මාස්ක් එක දැන් වැටිලා නහය පෙනෙයිද දැන් වැටිලා පෙනෙයිද හිතෙනවා""  #මාස්ක්_කතා","""අපේ කාලේ නම් දැන් හැදෙන සංකර හැත්ත වගේ නිකටේ කොන පේන්න,කම්මුලේ රවුම් පේන්න,කන පෙන්න මාස්ක් දැම්මෙ නෑ...දැන් හැදෙනඑවුන් ඒකට...මාස්ක් එක දැන් වැටිලා නහය පෙනෙයිද දැන් වැටිලා පෙනෙයිද හිතෙනවා"" #මාස්ක්_කතා",Harassment,0.9346
"""අල්ලා කියලා පකෙක් නෑ,තෝ මංදමානසිකයෙක්ද , අල්ලට කියල ඇරගනින්"" කියල කියන උන් කදමලු බැදගෙන, ලමයි වඩාගෙන යනෝ කතරගම දෙයියො බැහැදකින්න","""අල්ලා කියලා පකෙක් නෑ,තෝ මංදමානසිකයෙක්ද , අල්ලට කියල ඇරගනින්"" කියල කියන උන් කදමලු බැදගෙන, ලමයි වඩාගෙන යනෝ කතරගම දෙයියො බැහැදකින්න",Harassment,0.9775
"""ආ කවුද දන්නේ නෑ හිලට දාල වෙඩි තියන්න වෙඩි තියන්න දැන් බලනවා සාලේ මැද තඩි වලක්නේ සෙඩ්ඩ""","""ආ කවුද දන්නේ නෑ හිලට දාල වෙඩි තියන්න වෙඩි තියන්න දැන් බලනවා සාලේ මැද තඩි වලක්නේ සෙඩ්ඩ""",Harassment,0.9141
"""ආයෙ සැරයක් පත් උනොත් තොගෙ ඇට දෙක මිරිකනවා රෙද්ද"" URL","""ආයෙ සැරයක් පත් උනොත් තොගෙ ඇට දෙක මිරිකනවා රෙද්ද"" උර්ල්",Harassment,0.9468
"""ඈ බන් පොඩි එකෝ....බැරි වෙලාවත් තොගෙ අම්මා වේසියක් වෙලා තොගෙ තාත්තා රස්තියදු කාරයෙක් උනානම් තෝ කව්ද?""  පොඩ්ඩක් වෙලා ඉදලා පොඩි එකා Driver කාරයට උත්තර දුන්නලු.  ""එහෙනම් ඉතින් අන්කල් මම අද බස් Driver කෙනෙක් තමයි.""","""ඈ බන් පොඩි එකෝ....බැරි වෙලාවත් තොගෙ අම්මා වේසියක් වෙලා තොගෙ තාත්තා රස්තියදු කාරයෙක් උනානම් තෝ කව්ද?"" පොඩ්ඩක් වෙලා ඉදලා පොඩි එකා Driver කාරයට උත්තර දුන්නලු. ""එහෙනම් ඉතින් අන්කල් මම අද බස් Driver කෙනෙක් තමයි.""",Harassment,0.9077
"@USER ""ඉදා තොට වැලි"" ""හහ් මට විතරක්!! මාළු පරයා. මෙන්න තොටත් වැලි""","""ඉදා තොට වැලි"" ""හහ් මට විතරක්!! මාළු පරයා. මෙන්න තොටත් වැලි""",Harassment,0.98
"""උගත් ඇට කිච්චී, වැස්සි, ගොන් ටැම්බි, මන්ද මානසික එළදෙන, උඹ, මේකී,ගොන් බඩු කෑල්ල, ගොන් හැතිරි,චිංචිමානවිකාව, බැල්ලී ,වැළලියන් තෝ ! පුකේ ඉත්තෑවෝ ! ජාතක කරපු එවුන් පව්! "" "" විකල්ප පඩංගුව "" අමතක වෙලා.","""උගත් ඇට කිච්චී, වැස්සි, ගොන් ටැම්බි, මන්ද මානසික එළදෙන, උඹ, මේකී,ගොන් බඩු කෑල්ල, ගොන් හැතිරි,චිංචිමානවිකාව, බැල්ලී ,වැළලියන් තෝ ! පුකේ ඉත්තෑවෝ ! ජාතක කරපු එවුන් පව්! "" "" විකල්ප පඩංගුව "" අමතක වෙලා.",Harassment,0.9888
"""උඹෙ තාත්තා බේබද්දෙක් වෙලා අම්මා බඩුවක් උනා නං උඹ මොකෙද්ද කියලා""  පොඩි එකා හිනාවක් දාලා කිව්වලු  ""එහෙනං මාත් බස් driver කෙනෙක්"" කියලා   (උපහාසයට)","""උඹෙ තාත්තා බේබද්දෙක් වෙලා අම්මා බඩුවක් උනා නං උඹ මොකෙද්ද කියලා"" පොඩි එකා හිනාවක් දාලා කිව්වලු ""එහෙනං මාත් බස් driver කෙනෙක්"" කියලා (උපහාසයට)",Harassment,0.9521
"""උඹේ අම්මට හු**** පක*...තෝට කෙලිනවා...""-නෙළුව රෝහලේ චන්ඩි දොස්තරගේ හරුප වැල(වීඩියෝ සහිතයි) | A new voice for a new Sri Lan URL","""උඹේ අම්මට හු**** පක*...තෝට කෙලිනවා...""-නෙළුව රෝහලේ චන්ඩි දොස්තරගේ හරුප වැල(වීඩියෝ සහිතයි) | අ new voice for අ new Sri Lan උර්ල්",Harassment,0.9102
"""උඹේ අම්මාට හුකාපන් හුත්තෝ"" - චමිඳු, වේස කල්ලිය.","""උඹේ අම්මාට හුකාපන් හුත්තෝ"" - චමිඳු, වේස කල්ලිය.",Harassment,0.9668
"""ඒකි උඹව දැලේ දාගන්න බලන්නේ. උඹ වැටියන්."" -  @USER  #QuoteOfTheDay","""ඒකි උඹව දැලේ දාගන්න බලන්නේ. උඹ වැටියන්."" - කුඔතෙඔෆ්ථෙදය්",Harassment,0.9785
"""කට වක්කඩේ වගේ බොම්බයි-මොටයිකාරයා තොට වැඩිය හොඳයි යකෝ මාළුකාරයා""  එලිසමය එහෙමත් ගළපලා කියන්නෙ.","""කට වක්කඩේ වගේ බොම්බයි-මොටයිකාරයා තොට වැඩිය හොඳයි යකෝ මාළුකාරයා"" එලිසමය එහෙමත් ගළපලා කියන්නෙ.",Harassment,0.9536
"""කඩු තියෙන්නේ කැලෑ කපන්න, කඩු තියාගත්තේ ගෑණු ලමයිගේ ආරක්ෂාවට""   යකෝ මේ සමහර ගොං තම්බි දෙන ආතල් මේ දවස් වල. අඩුගානේ කියපංකෝ කඩු තියෙන්නේ මුන්ගේ කොන කපන්න කියලාවත්.","""කඩු තියෙන්නේ කැලෑ කපන්න, කඩු තියාගත්තේ ගෑණු ලමයිගේ ආරක්ෂාවට"" යකෝ මේ සමහර ගොං තම්බි දෙන ආතල් මේ දවස් වල. අඩුගානේ කියපංකෝ කඩු තියෙන්නේ මුන්ගේ කොන කපන්න කියලාවත්.",Harassment,0.958
"""කව්ද හුත්තො මේ පොන්නයා.. අදයි දැක්කෙත් වේස හුකන්නා... හෙණ ගහපන් කොන්ක්‍රීට් පොන්නයා ""  #comments","""කව්ද හුත්තො මේ පොන්නයා.. අදයි දැක්කෙත් වේස හුකන්නා... හෙණ ගහපන් කොන්ක්‍රීට් පොන්නයා "" චොම්මේන්ට්ස්",Harassment,0.981
"""කවුද යකෝ මන් ඉපදුන ගමන් මගෙ පුකට ගහපු ඩොක්ටරයා""  #ChildhoodMemoriesLk","""කවුද යකෝ මන් ඉපදුන ගමන් මගෙ පුකට ගහපු ඩොක්ටරයා"" චිල්ධූද්මෙමොරිඑස්ල්ක",Harassment,0.9199
"""කැපුවත් මැරුවත් අපි රනිල්ගේ"" කියන පට්ට හොරු ගැන කුමන කතාද?  #UNPJunta #HoldELECTIONS ! #ElectionsWithheld #lka #sriLanka #Colombo  @USER  @USER   @USER  @USER","""කැපුවත් මැරුවත් අපි රනිල්ගේ"" කියන පට්ට හොරු ගැන කුමන කතාද? උන්ප්ජුන්ට හොල්දෙලෙක්තිඔන්ස ! එලෙක්තිඔන්ස්විථ්හෙල්ද ලක ශ්‍රීලංකා චොලොම්බෝ",Harassment,0.915
"""කොරෝනා හැදිල මං මැරෙයිද දන්නෙත් නෑ..  උඹ ඊට කලින් මිනිහෙක් හොයන් 'මං බඳින්නෙ මූව' කියල කියපන්..  මට මැරුණත් කමක් නෑ... ""   අපෙ අම්මා , - කුස්සියේ බංකුව උඩ ඇණතියන් -  අපෙ තාත්තා අවු. 22 ක් මේ  කෝළම්  කෙල්ලව කොහොම manage කලාද මන්දා..  #මේවා_සිරා_සිද්ධි","""කොරෝනා හැදිල මං මැරෙයිද දන්නෙත් නෑ.. උඹ ඊට කලින් මිනිහෙක් හොයන් 'මං බඳින්නෙ මූව' කියල කියපන්.. මට මැරුණත් කමක් නෑ... "" අපෙ අම්මා , - කුස්සියේ බංකුව උඩ ඇණතියන් - අපෙ තාත්තා අවු. 22 ක් මේ කෝළම් කෙල්ලව කොහොම manage කලාද මන්දා.. #මේවා_සිරා_සිද්ධි",Harassment,0.9194
"""ගල හොඳනම් අඹරන කහ මක් වේද?"" #TukTukQuotes","""ගල හොඳනම් අඹරන කහ මක් වේද?"" තුක්තුක්කුඔතෙස්",Harassment,0.9814
"@USER @USER  ""ගහනවා තොට මඩු වලිගෙන්""","""ගහනවා තොට මඩු වලිගෙන්""",Harassment,0.9619
"""ගෑල් ලමයි , තොපි හිතං ඉන්නෙ තොපි අමුතු ජාතියක් කියලද... අනික තොපි පංති එන්නෙ ඉගෙන ගන්ඩද එක එකා එක්ක නිදිවදින්ඩද ලැජ්ජා නැති හැත්ත ,පස්ස පැත්තට පයින් ගහල එලවන්නෙ හරී.. ""  -කේසිරි විතානගේ-  වාසනාවට මට හමුවුන ගුරුවරයෙක් කොල්ලො තමා වැඩිපුරම හිටියෙ.#ගුරුදේශනා","""ගෑල් ලමයි , තොපි හිතං ඉන්නෙ තොපි අමුතු ජාතියක් කියලද... අනික තොපි පංති එන්නෙ ඉගෙන ගන්ඩද එක එකා එක්ක නිදිවදින්ඩද ලැජ්ජා නැති හැත්ත ,පස්ස පැත්තට පයින් ගහල එලවන්නෙ හරී.. "" -කේසිරි විතානගේ- වාසනාවට මට හමුවුන ගුරුවරයෙක් කොල්ලො තමා වැඩිපුරම හිටියෙ.#ගුරුදේශනා",Harassment,0.9253
"@USER @USER  ""තද තද නිග්ගා. අපි පොලවේ පය ගහලා ඉන්න කැ*යෝ ජාති හු*තෝ""  එහා ගෙදර පොඩි එකා ස්ටේටස් එකක් අප්ලෝඩ් කරලා තිබ්බා","""තද තද නිග්ගා. අපි පොලවේ පය ගහලා ඉන්න කැ*යෝ ජාති හු*තෝ"" එහා ගෙදර පොඩි එකා ස්ටේටස් එකක් අප්ලෝඩ් කරලා තිබ්බා",Harassment,0.9351
"""තෝ මරණව බැල්ලි"" ""තෝ "" කියන්නෙ කුණු හබ්බයක්ද? ""මරණව""  කියන්නෙ කුණු හබ්බයක්ද? ""බැල්ලි"" කියන්නෙ කුණු හබ්බයක්ද? *යකෝ පකේ නඩු තීන්දු එ්ව ...  අා අර නඩුකාරයො වෙන්න ඉන්න එවුං ටිකක් නේ මහින්දට අැහැ තියල ගොං අාතල් ගත්තේ?","""තෝ මරණව බැල්ලි"" ""තෝ "" කියන්නෙ කුණු හබ්බයක්ද? ""මරණව"" කියන්නෙ කුණු හබ්බයක්ද? ""බැල්ලි"" කියන්නෙ කුණු හබ්බයක්ද? *යකෝ පකේ නඩු තීන්දු එ්ව ... අා අර නඩුකාරයො වෙන්න ඉන්න එවුං ටිකක් නේ මහින්දට අැහැ තියල ගොං අාතල් ගත්තේ?",Harassment,0.9023
"""තෝ හිතුවද මම බඩුවක් කියාලා.., තෝව අරං එලියට විසිකරනවා.."" - පාරේ අක්කාගෙන්  ත්‍රිවිල් මල්ලිට දැඩි ප්‍රහාරයක්..!!! URL","""තෝ හිතුවද මම බඩුවක් කියාලා.., තෝව අරං එලියට විසිකරනවා.."" - පාරේ අක්කාගෙන් ත්‍රිවිල් මල්ලිට දැඩි ප්‍රහාරයක්..!!! උර්ල්",Harassment,0.9136
"""දැන් තෝ මොන බල්ලෙක් උනත් මං තෝව අතාරිනවද ""  දැන් බල්ල ගානට වැටිල මාව   #bffgoals  #bestieappreciationtweet","""දැන් තෝ මොන බල්ලෙක් උනත් මං තෝව අතාරිනවද "" දැන් බල්ල ගානට වැටිල මාව බ්ෆ්ෆ්ගොඅල්ස් බෙස්තිඑඅප්ප්රෙකිඅතිඔන්ත්වෙඑත්",Harassment,0.9482
"""නිකන් දෙන හුත්තකට පුක දෙන්න ගිහින්""  URL This Tweet is unavailable.","""නිකන් දෙන හුත්තකට පුක දෙන්න ගිහින්"" උර්ල් This Tweet ඉස unavailable.",Harassment,0.9302
"""පකෝ හැමිනෙන්න නැතුව වාඩි වෙයන් තොගෙ වෙලාව ඉවරයි, කවුද හුත්තෝ හූ කියන්නේ....""  -වාසුදේව","""පකෝ හැමිනෙන්න නැතුව වාඩි වෙයන් තොගෙ වෙලාව ඉවරයි, කවුද හුත්තෝ හූ කියන්නේ...."" -වාසුදේව",Harassment,0.9565
"""පණ යනකල් ඇනලා ඇනලා ළමයෙක් හැදුවා,  ආහ් ආහ් ගගා උඩ බලාගෙන හිටපු ගෑණි... අපේ බබා""   From එෆ් බී.","""පණ යනකල් ඇනලා ඇනලා ළමයෙක් හැදුවා, ආහ් ආහ් ගගා උඩ බලාගෙන හිටපු ගෑණි... අපේ බබා"" From එෆ් බී.",Harassment,0.916
"""පොහොට්‌ටුව අම්මෙක්‌ අප්පෙක් නැති අවජාතක පක්‌ෂයක්‌"" – පා. ම. ආනන්ද අලුත්ගමගේ | Medaperadiga URL","""පොහොට්‌ටුව අම්මෙක්‌ අප්පෙක් නැති අවජාතක පක්‌ෂයක්‌"" – පා. ම. ආනන්ද අලුත්ගමගේ | මෙදපෙරදිග උර්ල්",Harassment,0.9585
"""මං පොර ජාතක බොල.. හැහ් හැහ්..."" ~ සැං ආතා #zenaatha #comedian #candles #oillamps #lka URL","""මං පොර ජාතක බොල.. හැහ් හැහ්..."" ~ සැං ආතා ළෙනාථ #comedian චාන්ද්ලෙස් ඔඉල්ලංප්ස ලක උර්ල්",Harassment,0.981
"""මහින්ද මහත්තයාට උනේ රෙන්න කලින් පුක හේදුවා වගේ වැඩක්.""","""මහින්ද මහත්තයාට උනේ රෙන්න කලින් පුක හේදුවා වගේ වැඩක්.""",Harassment,0.9697
"""මැණික උඹ ඇරපු නයි මමත් කෑවනම් මටත් අද කොරෝනා""    #tuktukquotes","""මැණික උඹ ඇරපු නයි මමත් කෑවනම් මටත් අද කොරෝනා"" තුක්තුක්කුඔතෙස්",Harassment,0.9111
"""මැණික උඹ ඇරපු නයි මමත් කෑවා නං මට අද කොරෝනා"" #TukTukQuotes","""මැණික උඹ ඇරපු නයි මමත් කෑවා නං මට අද කොරෝනා"" තුක්තුක්කුඔතෙස්",Harassment,0.9263
"""මොකාද යකෝ මගෙ කිට් එක උස්සපු එකා?? යකඩ බඩු කාරයාවත් අරන් ගියාද? "" - Iron Man  #IFsuperHeroeswereSrilankan","""මොකාද යකෝ මගෙ කිට් එක උස්සපු එකා?? යකඩ බඩු කාරයාවත් අරන් ගියාද? "" - Iron Man ඉෆ්සුපෙර්හෙරොඑස්වෙරෙස්රිලංකං",Harassment,0.9688
"""රෙන්න තියෙන පුක දෙන්න එපා""  Thish Dissanayake @USER  · 6 Jan 2017 කෙල්ලොන්ට පේන්ඩ පකේ ලයින් දාන්නෙ නැතුව වැඩක් බලගනින් බං. රෙන්ඩ තියන පුක සැපයුම් මර්ගයක් කරගනින් wholesale දාගන්නෙ නැතුව. චීත්ත පකය","""රෙන්න තියෙන පුක දෙන්න එපා"" තිෂ් දිස්සනයකේ · 6 ජන 2017 කෙල්ලොන්ට පේන්ඩ පකේ ලයින් දාන්නෙ නැතුව වැඩක් බලගනින් බං. රෙන්ඩ තියන පුක සැපයුම් මර්ගයක් කරගනින් wholesale දාගන්නෙ නැතුව. චීත්ත පකය",Harassment,0.9551
"""සර් මේ location හරිද?""  ""නෑ. මම අපායේ ඉන්න තොගෙ මැරිච්ච සීයා. මම මේ Uber app එකෙන් ආවෙ තෝ හරියට වාහන එලවනවද බලන්න.  කාලකණ්ණියා""","""සර් මේ location හරිද?"" ""නෑ. මම අපායේ ඉන්න තොගෙ මැරිච්ච සීයා. මම මේ උබෙර් අප්ප එකෙන් ආවෙ තෝ හරියට වාහන එලවනවද බලන්න. කාලකණ්ණියා""",Harassment,0.9653
"""සිංහල දේශප්‍රේමය"". පුක තමයි. බදුර්දීන්ට විරුද්ධව දෝෂාභියෝගය අත්සන් කරන්න බය සියලු පක්ෂ වල සක්කිලි  අවජාතකයෝ. තොපේ අම්මගෙන් තාත්තා කවුද කියල හරියටම අහගනිං ඒකිට මතක නම්. මේ වෙලාවෙත් ජාතියට වඩා ඡන්ද ලොකු උන පර හැත්ත.","""සිංහල දේශප්‍රේමය"". පුක තමයි. බදුර්දීන්ට විරුද්ධව දෝෂාභියෝගය අත්සන් කරන්න බය සියලු පක්ෂ වල සක්කිලි අවජාතකයෝ. තොපේ අම්මගෙන් තාත්තා කවුද කියල හරියටම අහගනිං ඒකිට මතක නම්. මේ වෙලාවෙත් ජාතියට වඩා ඡන්ද ලොකු උන පර හැත්ත.",Harassment,0.9556
"@USER  @USER ""සෙන්නද පුප පූං ගෑවේ"" පුක කියද්දි මතක්වුනා","""සෙන්නද පුප පූං ගෑවේ"" පුක කියද්දි මතක්වුනා",Harassment,0.9521
"@USER ""හුත්තියේ බිජ්ජ අල්ලන්නෙපා; හිකුවොත් මැරේ""","""හුත්තියේ බිජ්ජ අල්ලන්නෙපා; හිකුවොත් මැරේ""",Harassment,0.9858
"# කොට්න්ම ගෑණියෙක් පිරිම් ආශ්‍රය  කරන්නම හොදනෑ මොකද උන්ට තමන්ගෙ අම්මා,නංගී,කෑල්ල අරෙන්න අනිත් උන් ඔක්කොම බඩු!!!!. (5/5)","# කොට්න්ම ගෑණියෙක් පිරිම් ආශ්‍රය කරන්නම හොදනෑ මොකද උන්ට තමන්ගෙ අම්මා,නංගී,කෑල්ල අරෙන්න අනිත් උන් ඔක්කොම බඩු!!!!. (5/5)",Harassment,0.9565
#17දිමං හිතුව 31දි ලමයි දෙකක් වත් ඉන්න පට්ට සල්ලිකාරයෙක් වේවි කියල ..,#17දිමං හිතුව 31දි ලමයි දෙකක් වත් ඉන්න පට්ට සල්ලිකාරයෙක් වේවි කියල ..,Harassment,0.9141
"#GOT බලපු උන් කටයි පුකයි වහගෙන ඉදපන් ස්පොයිලස් නොදා, පුක පලලා අබ වවනව නැත්තන්.","#GOT බලපු උන් කටයි පුකයි වහගෙන ඉදපන් ස්පොයිලස් නොදා, පුක පලලා අබ වවනව නැත්තන්.",Harassment,0.9692
"@USER #Katakathaa20   #ApeAwurudu  ඒහ්,උඹ මේකිව දන්නවද...  ඔව්,මේකි මගෙ ක්‍රශ් එක..  #ත්තෝ ඕකි හෙන බඩුවක්.. මමත් දෙපාරක් #හුවා  ඕකට... නැව්වැකි ළඟ....  අහ්,ඔව් මට එව්වා...  මොකක්ද...  උඹ ඒකිට දෙතුන් පාරක් ටෝක් කරලා පෝන්   නම්බරේ ඉල්ලුව ss වගයක්.......","#Katakathaa20 අපෙඅවුරුදු ඒහ්,උඹ මේකිව දන්නවද... ඔව්,මේකි මගෙ ක්‍රශ් එක.. #ත්තෝ ඕකි හෙන බඩුවක්.. මමත් දෙපාරක් #හුවා ඕකට... නැව්වැකි ළඟ.... අහ්,ඔව් මට එව්වා... මොකක්ද... උඹ ඒකිට දෙතුන් පාරක් ටෝක් කරලා පෝන් නම්බරේ ඉල්ලුව සස් වගයක්.......",Harassment,0.9863
"#අලි_වැට  එහෙන් යන කොට එහෙත් වහලා මෙහෙන් එන කොට මෙහෙත් වහලා නූල්, ඉඳි කටු අරන් ඇවිදින් පලයල්ල අපෙ #කටත් මහලා..  උඹලට ම තේරේවි දවසක ගෙට දාාල දොර අගුල් දැම්මම රෙද්ද උස්සන් හෙවුව මායිම  බොලගෙ මිදුලේ වැටක් ගැහුවම..  නඩු කියන්නද, බදු ගෙවන්නද කොහෙද අපිට උසාවී නඩුත් උන්ගේ, බඩුත් උන්ගේ","#අලි_වැට එහෙන් යන කොට එහෙත් වහලා මෙහෙන් එන කොට මෙහෙත් වහලා නූල්, ඉඳි කටු අරන් ඇවිදින් පලයල්ල අපෙ #කටත් මහලා.. උඹලට ම තේරේවි දවසක ගෙට දාාල දොර අගුල් දැම්මම රෙද්ද උස්සන් හෙවුව මායිම බොලගෙ මිදුලේ වැටක් ගැහුවම.. නඩු කියන්නද, බදු ගෙවන්නද කොහෙද අපිට උසාවී නඩුත් උන්ගේ, බඩුත් උන්ගේ",Harassment,0.9092
#තෙරුණි . . . බලු නන්දිපාලයෝ මම තෝව අයේ මරණවා යකෝ,#තෙරුණි . . . බලු නන්දිපාලයෝ මම තෝව අයේ මරණවා යකෝ,Harassment,0.9248
#පැණිවළලු දැන් හෙන චන්ඩියා වෙලා පයින් ගහනවා ඉවරයක් නෑ  #TheDaddyDiariesSL,#පැණිවළලු දැන් හෙන චන්ඩියා වෙලා පයින් ගහනවා ඉවරයක් නෑ ථෙදද්ද්ය්දිඅරිඑෂ්ල,Harassment,0.9268
#බඩු ගහන්න එපා යකෝ.. ං ං ං ං ං ං ං ංංං ඉස් @ #පොලවේ යකු.... — feeling ලෙලේ,#බඩු ගහන්න එපා යකෝ.. ං ං ං ං ං ං ං ංංං ඉස් @ #පොලවේ යකු.... — feeling ලෙලේ,Harassment,0.9805
"#බඩුව,#වේසි කියලා කියන්නෙත් #පන,#වස්තු කියපු කටින්ම තමයි sis ඒ නිසා පරිස්සමින්","#බඩුව,#වේසි කියලා කියන්නෙත් #පන,#වස්තු කියපු කටින්ම තමයි sis ඒ නිසා පරිස්සමින්",Harassment,0.9731
#මාතරඅහස වහිනවා හිටගෙනම පුක හෝදන්න පුලුවන් ගානට,#මාතරඅහස වහිනවා හිටගෙනම පුක හෝදන්න පුලුවන් ගානට,Harassment,0.9492
#ලොකුහීනනෑ අර  @USER  ගෙ හොම්බට දෙකක් ඇනල  කටට මුකවාඩමක් දාල ඉබ්බෙක් දාන්න අද හෙටම වයිෆිගෙන් පර්මිශන් ගන්න පුලුවන් උනානම් ඇති.,#ලොකුහීනනෑ අර ගෙ හොම්බට දෙකක් ඇනල කටට මුකවාඩමක් දාල ඉබ්බෙක් දාන්න අද හෙටම වයිෆිගෙන් පර්මිශන් ගන්න පුලුවන් උනානම් ඇති.,Harassment,0.9609
#විසිලා..... උඹ එහෙනං  ඇවිදින්න අමාරු මිනිහගෙ පොල්ලටත් ගේම දුන්නා නේද...!!!!! පිස්සෙක් යකෝ උඹ නං....ආදරෙයි උඹට ගොඩක්.     URL,#විසිලා..... උඹ එහෙනං ඇවිදින්න අමාරු මිනිහගෙ පොල්ලටත් ගේම දුන්නා නේද...!!!!! පිස්සෙක් යකෝ උඹ නං....ආදරෙයි උඹට ගොඩක්. උර්ල්,Harassment,0.9727
#සංස්කෘතික ලොජික්  කොටට ඇන්දොත් ඒකි බඩුවක්  ඉඳහිට පාටියකට බියර් උගුරක් තොල කට ගෑවොත් ඒකි බේබද්දියක්  හම්බවෙල අදාල මාතෘකාව ගැන කතා කරමු කිව්වොත් ඌ පොන්නයෙක්  කීබෝඩ් එකෙන් තර්ක කරොත් ඌ වීරයෙක්  අනේ යකෝ  ඇඳුමකින් හැදියාව හොයන්න යන්න කලින් නූල්පොටක් දැක්කම මෝල් වෙන එක නවත්තගනිම්,#සංස්කෘතික ලොජික් කොටට ඇන්දොත් ඒකි බඩුවක් ඉඳහිට පාටියකට බියර් උගුරක් තොල කට ගෑවොත් ඒකි බේබද්දියක් හම්බවෙල අදාල මාතෘකාව ගැන කතා කරමු කිව්වොත් ඌ පොන්නයෙක් කීබෝඩ් එකෙන් තර්ක කරොත් ඌ වීරයෙක් අනේ යකෝ ඇඳුමකින් හැදියාව හොයන්න යන්න කලින් නූල්පොටක් දැක්කම මෝල් වෙන එක නවත්තගනිම්,Harassment,0.9341
#හොඳ_තම්බි #නරක_තම්බි  #අන්තවාදී_තම්බි  උඹලට පිස්සුද යකුනේ උන්ගෙ ජාති නෑ ඔක්කොම එක මල්ලෙ පොල්. ඔක්කොම සක්කිලි. උඩින් ලේවකාගෙන යටින් හපාගෙන යන්නෙ  URL,#හොඳ_තම්බි #නරක_තම්බි #අන්තවාදී_තම්බි උඹලට පිස්සුද යකුනේ උන්ගෙ ජාති නෑ ඔක්කොම එක මල්ලෙ පොල්. ඔක්කොම සක්කිලි. උඩින් ලේවකාගෙන යටින් හපාගෙන යන්නෙ උර්ල්,Harassment,0.9731
''මහින්දගේ අවජාතක දරුවා සුජාත කරන්නයි හදන්නේ'' URL,''මහින්දගේ අවජාතක දරුවා සුජාත කරන්නයි හදන්නේ'' උර්ල්,Harassment,0.9644
''මහින්දගේ අවජාතක දරුවා සුජාත කරන්නයි හදන්නේ''  #lka #SriLanka  @USER  #SAITM  @USER   URL,''මහින්දගේ අවජාතක දරුවා සුජාත කරන්නයි හදන්නේ'' ලක ශ්‍රීලංකා සිතම් උර්ල්,Harassment,0.9521
"@USER 'අම්මට හු*හන්' කියලා කවුරු හරි කිව්වාම, 'හු*ලා තමයි පකෝ අාවෙ කියන්න පුළුවන් හින්දා'.","'අම්මට හු*හන්' කියලා කවුරු හරි කිව්වාම, 'හු*ලා තමයි පකෝ අාවෙ කියන්න පුළුවන් හින්දා'.",Harassment,0.978
'තෝ.. තෝ බැල්ලිගෙ පුතා. තෝ ඒ නෝනට ආයිත් ඒ වගේ නරකට කතා කරොත් තෝ මේකෙ ගිල්ලලා මරනව. තොට තේරුනාද? මම දැන් තෝව පිහල ගෙනියනව අලුත් එකෙක් විදියට.. තෝ දැනගනින් තොට වෙනදේ තෝ ඒ නෝනව ආයෙත් අප්සෙට් කරොත්' කියල මුදලාලි ගිගුරුම් දුන්නලු..,'තෝ.. තෝ බැල්ලිගෙ පුතා. තෝ ඒ නෝනට ආයිත් ඒ වගේ නරකට කතා කරොත් තෝ මේකෙ ගිල්ලලා මරනව. තොට තේරුනාද? මම දැන් තෝව පිහල ගෙනියනව අලුත් එකෙක් විදියට.. තෝ දැනගනින් තොට වෙනදේ තෝ ඒ නෝනව ආයෙත් අප්සෙට් කරොත්' කියල මුදලාලි ගිගුරුම් දුන්නලු..,Harassment,0.9883
'රන් කිරි' කට ගාන එකත් බෝම පරිස්සමෙන් කරන්න ඕන වැඩැක් 'කි' 'කැ' වෙල ගෑවුනොත් එහෙම අන්තිමට මහා වල් වනචර කටක් තියෙන එකෙක්ලු හැදෙන්නෙ!,'රන් කිරි' කට ගාන එකත් බෝම පරිස්සමෙන් කරන්න ඕන වැඩැක් 'කි' 'කැ' වෙල ගෑවුනොත් එහෙම අන්තිමට මහා වල් වනචර කටක් තියෙන එකෙක්ලු හැදෙන්නෙ!,Harassment,0.937
'රෝසි' එයාගෙ ලමයිට වගේ ඇන්කර් දෙන්න කිව්වට අපෙ අම්ම ඒක අහන්නෙ නැතුව මව් කිරි දුන්න නිසා ටයි කොට් ඇන්දත් හොරා... URL,'රෝසි' එයාගෙ ලමයිට වගේ ඇන්කර් දෙන්න කිව්වට අපෙ අම්ම ඒක අහන්නෙ නැතුව මව් කිරි දුන්න නිසා ටයි කොට් ඇන්දත් හොරා... උර්ල්,Harassment,0.9321
****මායාවී****  ඔව් බන් ඒකි බඩුවක්..හැබැයි ඒකිව බඩුවක් කලේ උබ..මේ සමාජය..ඒකයි ඇත්ත..පව්ලකට දුවෙක් කියන්නෙ ගෙදරටම එලියක්..රෝසමලක් වගේ කෙලි පොඩ්ඩක් ගෙදර දුව පනිනකොට ගෙදරම කොයි තරම් සිරියාවයිද බන්..ඒත් නිකන් හිතහන්... URL,****මායාවී**** ඔව් බන් ඒකි බඩුවක්..හැබැයි ඒකිව බඩුවක් කලේ උබ..මේ සමාජය..ඒකයි ඇත්ත..පව්ලකට දුවෙක් කියන්නෙ ගෙදරටම එලියක්..රෝසමලක් වගේ කෙලි පොඩ්ඩක් ගෙදර දුව පනිනකොට ගෙදරම කොයි තරම් සිරියාවයිද බන්..ඒත් නිකන් හිතහන්... උර්ල්,Harassment,0.9795
*අයරින් ජොසපින් රොසලින් ඇංජලින් *අජාතුජි කෝ පුකාරේ මෙරෙ *මරනව මම තඩි බලලා වෙරි ඌ මී යෙක් කියලා *කල්‍යනී ගංගා රාජනී *බලන්න බලන්න අරැන සමග ලොවට ඇදෙන *දෙදෙනෙකු අතරේ තිබෙනා සොනෙහේ තුන්වෙනියෙකු හට දෙන්නඑපා,*අයරින් ජොසපින් රොසලින් ඇංජලින් *අජාතුජි කෝ පුකාරේ මෙරෙ *මරනව මම තඩි බලලා වෙරි ඌ මී යෙක් කියලා *කල්‍යනී ගංගා රාජනී *බලන්න බලන්න අරැන සමග ලොවට ඇදෙන *දෙදෙනෙකු අතරේ තිබෙනා සොනෙහේ තුන්වෙනියෙකු හට දෙන්නඑපා,Harassment,0.9038
*පසුබිමින්*  රෙන්න තියෙන පුක දෙන්න එපා... රෙන්න තියෙන පුක දෙන්න එපා... ගින්නා @USER  · 2 Aug 2020 පුක වනපු එකේ දෙකයි quote කරේ මේ රෙදි උස්සන් ආවානේ පිරිමි සෙට් එකක්,*පසුබිමින්* රෙන්න තියෙන පුක දෙන්න එපා... රෙන්න තියෙන පුක දෙන්න එපා... ගින්නා · 2 ඖග් 2020 පුක වනපු එකේ දෙකයි quote කරේ මේ රෙදි උස්සන් ආවානේ පිරිමි සෙට් එකක්,Harassment,0.9731
"+ ඒ ඒ මචං අන්න කට්ටියක් ගහගන්නවා.  - කෝ බලමු ලං කරලා.  ""අඩෝ තෝ අහුවෙයං මං තෝව කපනවා. වරෙන්කෝ මම දෙන්නම්. Please don't Kill.""  + බය වෙන්න දෙයක් නෑ උන් අර Ludo කියන ගේම් එකට ඔය මරාගන්නේ.  #WhyAliensDoNotInvadeSL","+ ඒ ඒ මචං අන්න කට්ටියක් ගහගන්නවා. - කෝ බලමු ලං කරලා. ""අඩෝ තෝ අහුවෙයං මං තෝව කපනවා. වරෙන්කෝ මම දෙන්නම්. Please don't Kill."" + බය වෙන්න දෙයක් නෑ උන් අර Ludo කියන ගේම් එකට ඔය මරාගන්නේ. ව්හ්යලිඑන්ස්දොනොතින්වදෙස්ල",Harassment,0.9814
"+ පුකෙන් හිනා ගිය අවස්ථාවක් කියපං...?  - කපලා මුහුදට විසි කලත් තොට අපේ එකීව දෙන්නෑ කියපු උන්, ඇවිත් ළමයි නාවනකොට.  #Copied","+ පුකෙන් හිනා ගිය අවස්ථාවක් කියපං...? - කපලා මුහුදට විසි කලත් තොට අපේ එකීව දෙන්නෑ කියපු උන්, ඇවිත් ළමයි නාවනකොට. #Copied",Harassment,0.9829
+ හරි හුත්තෝ ඕක මට කියලා හරි යනවද? පයිය!  - කට! කට!! බාබා බාබා!,+ හරි හුත්තෝ ඕක මට කියලා හරි යනවද? පයිය! - කට! කට!! බාබා බාබා!,Harassment,0.9834
"+බල්ලා හපනවද ? -අවුලක් නැ එන්න,injection ගහලා තියෙන්නේ #ApeAwuruduWithRelations  #AvuruduLK","+බල්ලා හපනවද ? -අවුලක් නැ එන්න,injection ගහලා තියෙන්නේ අපෙඅවුරුදුවිථ්රෙලතිඔන්ස අවුරුදුල්ක්",Harassment,0.938
"@USER ,  @USER  @USER අඩෝ ලොන්ත පූස් පැටියෝ, තොපේ තාත්තත් අවුරුදු 30ක් පර සුද්දන්ගේ පුකවල් හෝදලාද මේ කියවන්නේ, තෝත් ගෙරි ත්ම්බින්ගේ  පුකවල් හෝදලා මේ රටේ ඇද කියන්න එපා යකෝ, තෝ දැන් කියයි විදේශ විනිමය තෝ ගේනවා කියලා, ගේන මිනිස්සු ඉන්නවා තෝ තම්බින්ගින් ගිලලා අපේ රටේ උන්ගේ ඇදවල් හොයන්නේ උබට නානා කෙනෙක්ගේ",", අඩෝ ලොන්ත පූස් පැටියෝ, තොපේ තාත්තත් අවුරුදු 30ක් පර සුද්දන්ගේ පුකවල් හෝදලාද මේ කියවන්නේ, තෝත් ගෙරි ත්ම්බින්ගේ පුකවල් හෝදලා මේ රටේ ඇද කියන්න එපා යකෝ, තෝ දැන් කියයි විදේශ විනිමය තෝ ගේනවා කියලා, ගේන මිනිස්සු ඉන්නවා තෝ තම්බින්ගින් ගිලලා අපේ රටේ උන්ගේ ඇදවල් හොයන්නේ උබට නානා කෙනෙක්ගේ",Harassment,0.9683
"@USER ,  @USER  @USER අඩෝ හාල්මැස්සි, ඩිලිනවා එක කටට හරිය",", අඩෝ හාල්මැස්සි, ඩිලිනවා එක කටට හරිය",Harassment,0.9604
"@USER ,  @USER  @USER අන්න අර වඳ පිම්පියට බ්ලොක් ඇරලා කොන්ද පණ තියෙන පිරිමියෙක් විදිහට ඉන්න කියහං. වේස ගෑණි වගේ බ්ලොක් කර කර යන්නේ. Ss දාහං පේන්න අරූට.",", අන්න අර වඳ පිම්පියට බ්ලොක් ඇරලා කොන්ද පණ තියෙන පිරිමියෙක් විදිහට ඉන්න කියහං. වේස ගෑණි වගේ බ්ලොක් කර කර යන්නේ. සස් දාහං පේන්න අරූට.",Harassment,0.9121
"@USER ,  @USER  @USER අනේ අම්මට හුකහන් සමනල් පකයා තෝ සමලන් පොන්නයා පයිය කොටා",", අනේ අම්මට හුකහන් සමනල් පකයා තෝ සමලන් පොන්නයා පයිය කොටා",Harassment,0.9893
"@USER ,  @USER  @USER අනේ පල මෝඩ වෙසිගෙ පුතෝ. තෝ මෙච්චර කල් ගූ කෑවේ රට කාපු පොන්න රනිලගෙ පකෝ",", අනේ පල මෝඩ වෙසිගෙ පුතෝ. තෝ මෙච්චර කල් ගූ කෑවේ රට කාපු පොන්න රනිලගෙ පකෝ",Harassment,0.9609
"@USER ,  @USER  @USER අනේහ් නිකං හුකාපං වේසි  තර්ඩ් ක්ලාස් ලු සිංහලෙන් කතා කරපු පළියට. කියවපං බොල, පුක දෙන්නැති බයියෙක් වෙන්නෙපා කිව්වෙ. තොපිලට කඩ්ඩ පොඩ්ඩක් කතා කෙරුවම tissue එකෙන් පුක පිහදාගන්න පටන් ගන්නවා",", අනේහ් නිකං හුකාපං වේසි තර්ඩ් ක්ලාස් ලු සිංහලෙන් කතා කරපු පළියට. කියවපං බොල, පුක දෙන්නැති බයියෙක් වෙන්නෙපා කිව්වෙ. තොපිලට කඩ්ඩ පොඩ්ඩක් කතා කෙරුවම tissue එකෙන් පුක පිහදාගන්න පටන් ගන්නවා",Harassment,0.9639
"@USER ,  @USER  @USER අපි යලු වෙන්නේ ගණිකාවක් එක්කද  හුක#%_ දාලා",", අපි යලු වෙන්නේ ගණිකාවක් එක්කද හුක#%_ දාලා",Harassment,0.9106
"@USER ,  @USER  @USER අම්මගෙ පුකෙන්ද සල්ලි හොයන්නෙ ,සික් යකො නමට බවුද්ද උනාට වැඩක් නෑ තොගෙ අම්මගෙ පුක විකුනනවා නම්",", අම්මගෙ පුකෙන්ද සල්ලි හොයන්නෙ ,සික් යකො නමට බවුද්ද උනාට වැඩක් නෑ තොගෙ අම්මගෙ පුක විකුනනවා නම්",Harassment,0.9878
"@USER ,  @USER  @USER අම්මට දඩාවතේ යන බල්ලො හුකලා තෝ ඉපදුන එකට අපි පලි නෑ පකෝ. ඇස් පේන්නෙත් නැත්තෙ ඇහේ ඉදන් ඇරියද එක එකා. හපෝ සමාජ රෝග ගුහාවක්නෙ මේ පොන්න පකා. කෝ ෆොටෝ එක දාපන් බන කියවන්නෙ නැතුව. පුළුවන්නම් පයිය නග්ගල පෙන්නපන්කො ගූ පොන්නයො.",", අම්මට දඩාවතේ යන බල්ලො හුකලා තෝ ඉපදුන එකට අපි පලි නෑ පකෝ. ඇස් පේන්නෙත් නැත්තෙ ඇහේ ඉදන් ඇරියද එක එකා. හපෝ සමාජ රෝග ගුහාවක්නෙ මේ පොන්න පකා. කෝ ෆොටෝ එක දාපන් බන කියවන්නෙ නැතුව. පුළුවන්නම් පයිය නග්ගල පෙන්නපන්කො ගූ පොන්නයො.",Harassment,0.978
"@USER ,  @USER  @USER අයිබන් උන් දෙන්නා කොච්චර දගලනවාද පයිය කියන්න",", අයිබන් උන් දෙන්නා කොච්චර දගලනවාද පයිය කියන්න",Harassment,0.9121
"@USER ,  @USER  @USER අල්ලල පුක පලන්න ඕනෙ",", අල්ලල පුක පලන්න ඕනෙ",Harassment,0.9868
"@USER ,  @USER  @USER අවජාතක බල්ලෙක්",", අවජාතක බල්ලෙක්",Harassment,0.9341
"@USER ,  @USER  @USER අහල පහල අයටත් වැදිලා ඒක  ඊයා යකූ තඩි බඩා ජම්බෝලයා",", අහල පහල අයටත් වැදිලා ඒක ඊයා යකූ තඩි බඩා ජම්බෝලයා",Harassment,0.9458
"@USER ,  @USER  @USER අහ්හ් ඇත්තට දෙන්නෙ තොට පයින්",", අහ්හ් ඇත්තට දෙන්නෙ තොට පයින්",Harassment,0.9126
"@USER ,  @USER  @USER ආ ඒම කියලා සේප් වෙන්නද හදන්නෙ තෝ ආහ්හම ගහනවා පුක උඹෙ. වනචරයා",", ආ ඒම කියලා සේප් වෙන්නද හදන්නෙ තෝ ආහ්හම ගහනවා පුක උඹෙ. වනචරයා",Harassment,0.9834
"@USER ,  @USER  @USER ආ කට්ටියම අතට අත දීලා පුකට පක දීලා ප්‍රශ්නය ඉවර කරගන්න. Unblock කරල අහවරයක් වෙන්න.",", ආ කට්ටියම අතට අත දීලා පුකට පක දීලා ප්‍රශ්නය ඉවර කරගන්න. Unblock කරල අහවරයක් වෙන්න.",Harassment,0.9604
"@USER ,  @USER  @USER ඇ වේසිගේ පුතෙ⁣ා් තේ නේද අනුගේ cmnt එකකට අැවිත් කියවන්නේ.පුරැද්ද ⁣අම්මා වේසි වගේ රටට වටේටම ඇවිදන් යනකොට ලමයිනුත් එහෙම තමයි.මෙකෙක්ට හරි පුක දෙන්න ඕනි.අද⁣ාල නැති ඒවට පයින්න ඕනි උබට බය වෙන්න කිව්වද වේසිගේ පුතෝ.මොන හුතක්ද ඔයි උබට අදාල දේ කරගෙන ඉදපන්කෝ උබේ අම්මට හුකාගෙන",", ඇ වේසිගේ පුතෙ⁣ා් තේ නේද අනුගේ ච්ම්න්ට් එකකට අැවිත් කියවන්නේ.පුරැද්ද ⁣අම්මා වේසි වගේ රටට වටේටම ඇවිදන් යනකොට ලමයිනුත් එහෙම තමයි.මෙකෙක්ට හරි පුක දෙන්න ඕනි.අද⁣ාල නැති ඒවට පයින්න ඕනි උබට බය වෙන්න කිව්වද වේසිගේ පුතෝ.මොන හුතක්ද ඔයි උබට අදාල දේ කරගෙන ඉදපන්කෝ උබේ අම්මට හුකාගෙන",Harassment,0.9897
"@USER ,  @USER  @USER ඇයි හුත්තෝ හැම හුත්තටම මාලු පාන් ඇදලා ගන්නේ (ලබ්බ.පක.පුක..හුත්ත.ලබ්බ)..ආයේ එන්නෑ මන් තරහයි",", ඇයි හුත්තෝ හැම හුත්තටම මාලු පාන් ඇදලා ගන්නේ (ලබ්බ.පක.පුක..හුත්ත.ලබ්බ)..ආයේ එන්නෑ මන් තරහයි",Harassment,0.9824
"@USER ,  @USER  @USER ඇරලා ඈතුලෙම බඩු යැව්වට පස්සෙ බඩුව ඔලුව අතේ ගහගත්තා වගේ වැඩක් අපිට උනේ",", ඇරලා ඈතුලෙම බඩු යැව්වට පස්සෙ බඩුව ඔලුව අතේ ගහගත්තා වගේ වැඩක් අපිට උනේ",Harassment,0.9312
"@USER ,  @USER  @USER it was always කිඹුලා බනිස්, මේ පිස්සු යක්කු ඒකට කොකෝ බන්සි ගාන්න පටං අරං",", ඉට was always කිඹුලා බනිස්, මේ පිස්සු යක්කු ඒකට කොකෝ බන්සි ගාන්න පටං අරං",Harassment,0.9795
"@USER ,  @USER  @USER ඉස්සෙල්ල පයිය නග්ගන් හිටපං ගෑනු තුනක් ඉස්සරහ නිකං පීචං වෙන්නෙ නැතුව. පයිය පෙන්ටෝච් කෑල්ල වගේ තියාගෙන හැමනෙන්ඩ හදන ගොං වේසිගෙ පුතා. තෝ හොඳ පුක දෙන්ඩ පකෝ.",", ඉස්සෙල්ල පයිය නග්ගන් හිටපං ගෑනු තුනක් ඉස්සරහ නිකං පීචං වෙන්නෙ නැතුව. පයිය පෙන්ටෝච් කෑල්ල වගේ තියාගෙන හැමනෙන්ඩ හදන ගොං වේසිගෙ පුතා. තෝ හොඳ පුක දෙන්ඩ පකෝ.",Harassment,0.9868
"@USER ,  @USER  @USER උබ psychiatrist ව හම්බෙන්න පලයන්, වැව් ගාව ඕව කරන්නෙ පිස්සො යකෝ.",", උබ psychiatrist ව හම්බෙන්න පලයන්, වැව් ගාව ඕව කරන්නෙ පිස්සො යකෝ.",Harassment,0.9551
"@USER ,  @USER  @USER උබ ඔය කිහන්නේ අපේ අමිතයට සනික මෝචනේ කියලාදා ? හම්සා තෝ අහුවෙන්න එපා අපේ අමියාට එවා මේවා කියලා",", උබ ඔය කිහන්නේ අපේ අමිතයට සනික මෝචනේ කියලාදා ? හම්සා තෝ අහුවෙන්න එපා අපේ අමියාට එවා මේවා කියලා",Harassment,0.9126
"@USER ,  @USER  @USER උබ බල්ලා තොයනවද හම් දිල්කේ පුකේ සබන් කියලා එකක්",", උබ බල්ලා තොයනවද හම් දිල්කේ පුකේ සබන් කියලා එකක්",Harassment,0.9619
"@USER ,  @USER  @USER උබට බීලා.. උඩහා අප්පුහාමි මාමලගේ කුනු කානුවේ වැටිලා ඉන්න හොදා.. ඒ කල්දේරම හංගපු මගේ නේ ජාතකේ හොයන්නේ. අනේ නිකං පලයන් බං යන්න.",", උබට බීලා.. උඩහා අප්පුහාමි මාමලගේ කුනු කානුවේ වැටිලා ඉන්න හොදා.. ඒ කල්දේරම හංගපු මගේ නේ ජාතකේ හොයන්නේ. අනේ නිකං පලයන් බං යන්න.",Harassment,0.9526
"@USER ,  @USER  @USER උඹලට ඔප්ෂන් දෙකක් තියනවා  ) උබලයි හැත්ත බුරැත්ත අරන් වහල තියන මක්කමට ගිහින් පාඩුවෙ හිටපන්.  ) මේකෙ ඉනනවනම් කට පුක වහන් රටේ නීතියට අනුකුලව ජීවත් වෙයන්. රටක 88%කට රටේ නීතියට අනුව ඉනන පුලුවන් නම් 10% උබලට බැරි ඇයි. උබලගෙ චන්ද ලක්ෂ 10ට පුක දීපු කාලෙ ඉවරයි.",", උඹලට ඔප්ෂන් දෙකක් තියනවා ) උබලයි හැත්ත බුරැත්ත අරන් වහල තියන මක්කමට ගිහින් පාඩුවෙ හිටපන්. ) මේකෙ ඉනනවනම් කට පුක වහන් රටේ නීතියට අනුකුලව ජීවත් වෙයන්. රටක 88%කට රටේ නීතියට අනුව ඉනන පුලුවන් නම් 10% උබලට බැරි ඇයි. උබලගෙ චන්ද ලක්ෂ 10ට පුක දීපු කාලෙ ඉවරයි.",Harassment,0.9082
"@USER ,  @USER  @USER උඹව මට අදාලම නෑ. මම තව එකෙක්ට දාන රිප්ලයි උඹට ඇලජික් නම් අන්ෆලෝ කරගෙන පලයන් වදයක් නොවී පීස් ඌරොත් එක්ක පොර බැදුවොත් වෙන්නෙ මඩ නාගන්න මටත්",", උඹව මට අදාලම නෑ. මම තව එකෙක්ට දාන රිප්ලයි උඹට ඇලජික් නම් අන්ෆලෝ කරගෙන පලයන් වදයක් නොවී පීස් ඌරොත් එක්ක පොර බැදුවොත් වෙන්නෙ මඩ නාගන්න මටත්",Harassment,0.9717
"@USER ,  @USER  @USER උඹේ කටට මසුරන් දාන්න වටිනවා",", උඹේ කටට මසුරන් දාන්න වටිනවා",Harassment,0.9443
"@USER ,  @USER  @USER උඹේ පුක එච්චර විසාලද ඕයි  අම්මො කේක් ගෙඩියක්",", උඹේ පුක එච්චර විසාලද ඕයි අම්මො කේක් ගෙඩියක්",Harassment,0.9824
"@USER ,  @USER  @USER ඌ සුළු ජාතිකයෙක් නෙමෙයි අවජාතක ත්‍රස්තවාදී සුනඛයෙක්, බල්ලන්ට උත්තර දෙන්න ඕන ඒ විදියට තමා",", ඌ සුළු ජාතිකයෙක් නෙමෙයි අවජාතක ත්‍රස්තවාදී සුනඛයෙක්, බල්ලන්ට උත්තර දෙන්න ඕන ඒ විදියට තමා",Harassment,0.9136
"@USER ,  @USER  @USER ඒ වගේම මතක තියා ගනින් තොගේ අම්ම පඩත්තර වේසියෙක් උනාට මේ සමජෙයෙ ඉන්න අනිත් කාන්තාවන් තොගේ අම්මගෙ වර්ගයේ නෙවෙයි කියලා.... තොගෙ අහවල් එකේ කැහිල්ලක් තියෙනවා නම් තොගේ අම්මට කියලා හුකාගනින්....",", ඒ වගේම මතක තියා ගනින් තොගේ අම්ම පඩත්තර වේසියෙක් උනාට මේ සමජෙයෙ ඉන්න අනිත් කාන්තාවන් තොගේ අම්මගෙ වර්ගයේ නෙවෙයි කියලා.... තොගෙ අහවල් එකේ කැහිල්ලක් තියෙනවා නම් තොගේ අම්මට කියලා හුකාගනින්....",Harassment,0.9868
"@USER ,  @USER  @USER ඒක අවුලක් නෑ. වාහනේ හදමින් ඉඳිමි, නහය කසයි එකනම් පට්ට අවුල්.  අතේ ග්‍රීස් ගාගෙන වැඩක් කරන්න ගත්තම තමා නහය, කට, අත, පුක ඔක්කොම කසන්න ගන්නෙ.",", ඒක අවුලක් නෑ. වාහනේ හදමින් ඉඳිමි, නහය කසයි එකනම් පට්ට අවුල්. අතේ ග්‍රීස් ගාගෙන වැඩක් කරන්න ගත්තම තමා නහය, කට, අත, පුක ඔක්කොම කසන්න ගන්නෙ.",Harassment,0.9419
"@USER ,  @USER  @USER ඔය ගෑණි පට්ට LTTE/TGTE අත්තක්.",", ඔය ගෑණි පට්ට ල්ට්ටේට්ග්ටේ අත්තක්.",Harassment,0.9722
"@USER ,  @USER  @USER ඔය වගේ බේබදු හුකන්නලාට කඩේ යන්නේපා පොන්න පකයෝඔ",", ඔය වගේ බේබදු හුකන්නලාට කඩේ යන්නේපා පොන්න පකයෝඔ",Harassment,0.9736
"@USER ,  @USER  @USER ඔයා නිකන් මිරිස් කුඩු ප්‍රසන්න රනවීර වගේ. පොල් කිම්බ මං කියන්න ඕනෙද? කණ්නාඩියකින් ගිහින් තොගෙ කට බලපංකො. පොල් කිබි හොදයි. නෙදකින් desi හුත්තක් වගේ",", ඔයා නිකන් මිරිස් කුඩු ප්‍රසන්න රනවීර වගේ. පොල් කිම්බ මං කියන්න ඕනෙද? කණ්නාඩියකින් ගිහින් තොගෙ කට බලපංකො. පොල් කිබි හොදයි. නෙදකින් desi හුත්තක් වගේ",Harassment,0.9712
"@USER ,  @USER  @USER ඔව් ඔව්, campus අාවම වැඩි හරියක් අවජාතක වෙනවා  ගෙවල් දොරවල් නෑ. කිරි පෙව්වෙත් අක්බාර් කැන්ටිමලු",", ඔව් ඔව්, campus අාවම වැඩි හරියක් අවජාතක වෙනවා ගෙවල් දොරවල් නෑ. කිරි පෙව්වෙත් අක්බාර් කැන්ටිමලු",Harassment,0.9419
"@USER ,  @USER  @USER ඕකි  ලේලී කරගන්නවනම් අම්ම කෙනෙක් නෑ කියල හිතාගනින් පුතේ",", ඕකි ලේලී කරගන්නවනම් අම්ම කෙනෙක් නෑ කියල හිතාගනින් පුතේ",Harassment,0.9126
"@USER ,  @USER  @USER කුකරුත් නෑ බන් . ඉඳිආප්ප තම්බන තඩි හැලියෙ හදල බලන්ඩෝන",", කුකරුත් නෑ බන් . ඉඳිආප්ප තම්බන තඩි හැලියෙ හදල බලන්ඩෝන",Harassment,0.9043
"@USER ,  @USER  @USER කෙවින්, සුප්පා, චන්දු තොපි මාව ජොකෙර් කෙනෙක් කලා යකෝ. මම තොපිව හොයාගෙන  එනවා නොවෙම්බෙර්. විශේෂයෙන් කෙවින් තෝව. Bloody Oath කෙවින් ලෑස්ති වෙලා හිටපන්.  යකෝ අම්මා දන්නවනම් මරයි මාව යකෝ",", කෙවින්, සුප්පා, චන්දු තොපි මාව ජොකෙර් කෙනෙක් කලා යකෝ. මම තොපිව හොයාගෙන එනවා නොවෙම්බෙර්. විශේෂයෙන් කෙවින් තෝව. Bloody Oath කෙවින් ලෑස්ති වෙලා හිටපන්. යකෝ අම්මා දන්නවනම් මරයි මාව යකෝ",Harassment,0.9673
"@USER ,  @USER  @USER කොල්ලෙක් උපන්නොත් නරියෙක්හට දාව උපතින් ඌට උරුහය වන්නේ හූව එම්බා කොල්ලනේ තොපි මට හූ කීව අම්මා ලඟට ගොස් මකවාගනු හූව",", කොල්ලෙක් උපන්නොත් නරියෙක්හට දාව උපතින් ඌට උරුහය වන්නේ හූව එම්බා කොල්ලනේ තොපි මට හූ කීව අම්මා ලඟට ගොස් මකවාගනු හූව",Harassment,0.9346
"@USER ,  @USER  @USER කොහෙද යන අවජාතක බැල්ලියෙක්.",", කොහෙද යන අවජාතක බැල්ලියෙක්.",Harassment,0.9824
"@USER ,  @USER  @USER ගල හොඳනං අඹරන කහ මක් වේද කියලා අඹරුවේ නැතෙයි",", ගල හොඳනං අඹරන කහ මක් වේද කියලා අඹරුවේ නැතෙයි",Harassment,0.9409
"@USER ,  @USER  @USER ගෙරි තම්බි හැත්ත.. අරං ගිහින් තව ඔවුන්ව නිරෝදායනයත් කරා නේද හැත්ත.. කොටු කරල තියන්න තිබ්බෙ මැරිල යන්න",", ගෙරි තම්බි හැත්ත.. අරං ගිහින් තව ඔවුන්ව නිරෝදායනයත් කරා නේද හැත්ත.. කොටු කරල තියන්න තිබ්බෙ මැරිල යන්න",Harassment,0.9751
"@USER ,  @USER  @USER ගොන් තර්ක දාන්න එපා මිනිහො. උම්බට ගර්බාශයක් නැත්තන්, උම්බෙ ගර්බාශයෙ ලමයි හැදෙන්නෙත් නැත්තන්, කටයි පු*යි වහගෙන ආප්පයක් කාලා බුදියගනින්.",", ගොන් තර්ක දාන්න එපා මිනිහො. උම්බට ගර්බාශයක් නැත්තන්, උම්බෙ ගර්බාශයෙ ලමයි හැදෙන්නෙත් නැත්තන්, කටයි පු*යි වහගෙන ආප්පයක් කාලා බුදියගනින්.",Harassment,0.9668
"@USER ,  @USER  @USER ටයිප් කොරොනවා මුං ව හෙට අනිද්දට නනදසෙන චිනෙට යැව්වම..අවජාතක සක්කිලි යො..කොහෙන් හරි බොරුඅක් ගොතාගෙන නනදසෙන ව සුද්ද කර් කර පව්ල රකින ගොතයෙක් නෙ මෙ..අවජාතක හැත්තක්.ටිව් එකෙ අඩන්නෙ නම් අප්පා ගැනකියොකියො",", ටයිප් කොරොනවා මුං ව හෙට අනිද්දට නනදසෙන චිනෙට යැව්වම..අවජාතක සක්කිලි යො..කොහෙන් හරි බොරුඅක් ගොතාගෙන නනදසෙන ව සුද්ද කර් කර පව්ල රකින ගොතයෙක් නෙ මෙ..අවජාතක හැත්තක්.ටිව් එකෙ අඩන්නෙ නම් අප්පා ගැනකියොකියො",Harassment,0.9854
"@USER ,  @USER  @USER තිහ කියන්නෙ වයසක්ද බොල ලමයි ඉන්න තරම්....",", තිහ කියන්නෙ වයසක්ද බොල ලමයි ඉන්න තරම්....",Harassment,0.939
"@USER ,  @USER  @USER තොපි කාලකන්නි අවජාතකයෝ යකෝ සීතලට හුකලා කරුමෙට ඉපදුනු එවුන්",", තොපි කාලකන්නි අවජාතකයෝ යකෝ සීතලට හුකලා කරුමෙට ඉපදුනු එවුන්",Harassment,0.98
"@USER ,  @USER  @USER තෝ එක්ක උන්නොත් තොට තියන සමාජරෝග ඔක්කොම බෝවෙයි",", තෝ එක්ක උන්නොත් තොට තියන සමාජරෝග ඔක්කොම බෝවෙයි",Harassment,0.9766
"@USER ,  @USER  @USER තෝ කජු බැරිනම් බිජු කාපන් පෙරේති  මම කිව්වේ පිරුල.",", තෝ කජු බැරිනම් බිජු කාපන් පෙරේති මම කිව්වේ පිරුල.",Harassment,0.9346
"@USER ,  @USER  @USER තෝ මාව කාපිය ඕකුන් දැන් එයි රෙද්ද උස්සන් මේක හාන්න  this conversation is muteddddf  මම ගේ නෙවේ මම කාමරේ",", තෝ මාව කාපිය ඕකුන් දැන් එයි රෙද්ද උස්සන් මේක හාන්න this conversation ඉස මුටෙද්ද්ද්ද්ෆ් මම ගේ නෙවේ මම කාමරේ",Harassment,0.9263
"@USER ,  @USER  @USER තෝ වගේ එලොවටත් මෙලොවටත් නැති දේශද්‍රෝහී පොන්නයෙක්ව ජාතක කරාට වඩා හොදයි ඛේමගෙ මිනිහා සරමේ පිහිදගත්තා නම්..සක්කිලියා..තොට වෙන දේ තොටවත් හිතාගන්න බැරි වෙයි.. තිරිසනා",", තෝ වගේ එලොවටත් මෙලොවටත් නැති දේශද්‍රෝහී පොන්නයෙක්ව ජාතක කරාට වඩා හොදයි ඛේමගෙ මිනිහා සරමේ පිහිදගත්තා නම්..සක්කිලියා..තොට වෙන දේ තොටවත් හිතාගන්න බැරි වෙයි.. තිරිසනා",Harassment,0.9849
"@USER ,  @USER  @USER තෝ වගේ හරක් පකයෙක් ට චන්දේ දෙන්නේ කඩේ යන්නේ අංගවිකල පොන්නයෝ .මාතර හදන Unp කියලා පක්ෂ කාර්යාලයේ ලොකුවට ගහලා තියන්නේ නුපේ.මාතරට කෙලවන්නේ තෝ තමයි .අංගවිකල පොන්නයා.තෝට මාතරින් මේ පාර චන්දේ දෙන්නේ කොටුව ඇතුලේ උබේ ගෙදරට රැට රිංගන උන් තමයි",", තෝ වගේ හරක් පකයෙක් ට චන්දේ දෙන්නේ කඩේ යන්නේ අංගවිකල පොන්නයෝ .මාතර හදන උන්ප් කියලා පක්ෂ කාර්යාලයේ ලොකුවට ගහලා තියන්නේ නුපේ.මාතරට කෙලවන්නේ තෝ තමයි .අංගවිකල පොන්නයා.තෝට මාතරින් මේ පාර චන්දේ දෙන්නේ කොටුව ඇතුලේ උබේ ගෙදරට රැට රිංගන උන් තමයි",Harassment,0.9546
"@USER ,  @USER  @USER තෝව  අක්කවනම් කොහේ වැටුනත් ඉන්න පුලුවන් නේ ගේමක් ගහහෙන   තෝ වැටුනම තමයි බලන්න ඕන. අම්මේ මාව එක්කගෙන යන්නෝඕඕඕඕඕඔ!!!! කියල අඬයි.",", තෝව අක්කවනම් කොහේ වැටුනත් ඉන්න පුලුවන් නේ ගේමක් ගහහෙන තෝ වැටුනම තමයි බලන්න ඕන. අම්මේ මාව එක්කගෙන යන්නෝඕඕඕඕඕඔ!!!! කියල අඬයි.",Harassment,0.9736
"@USER ,  @USER  @USER තෝව ෆලෝ කරන්නෙ පිස්සුද ඕයි මට  තෝ ෆලෝ කරනවට වඩා හොඳයි අර ලෝක බොරු කාරයෙක් ෆලෝ කරන.",", තෝව ෆලෝ කරන්නෙ පිස්සුද ඕයි මට තෝ ෆලෝ කරනවට වඩා හොඳයි අර ලෝක බොරු කාරයෙක් ෆලෝ කරන.",Harassment,0.9756
"@USER ,  @USER  @USER නංගිට කියපු දේට පුකක් නෑ. තොට තියෙන්නෙ හු*තක්ද හොම්බ දාන්න එපා කියන්න. තෝ වගේ බොරු කියන උන් ඉන්නවා බං අර ගමේ ගොඩේ ලිඳවල් ගාව. චීත්තයක් ඇඳපන්",", නංගිට කියපු දේට පුකක් නෑ. තොට තියෙන්නෙ හු*තක්ද හොම්බ දාන්න එපා කියන්න. තෝ වගේ බොරු කියන උන් ඉන්නවා බං අර ගමේ ගොඩේ ලිඳවල් ගාව. චීත්තයක් ඇඳපන්",Harassment,0.9624
"@USER ,  @USER  @USER නෑ නෑ උඹ ඔවුව කරන්න ඕන නෑ. අන්තිමටම උඹටයටවුනාම අරගෑනිව ගලවන්න ආප්ප හැඳි හොයන්න වෙන්නෙ අපිට",", නෑ නෑ උඹ ඔවුව කරන්න ඕන නෑ. අන්තිමටම උඹටයටවුනාම අරගෑනිව ගලවන්න ආප්ප හැඳි හොයන්න වෙන්නෙ අපිට",Harassment,0.9238
"@USER ,  @USER  @USER නිකන් පල මාලු වේසි යන්න. මංගලගෙ ඇටේ උරල එනව දැන් අපිට පුක දෙන්න",", නිකන් පල මාලු වේසි යන්න. මංගලගෙ ඇටේ උරල එනව දැන් අපිට පුක දෙන්න",Harassment,0.9448
"@USER ,  @USER  @USER පලයන් පොන්න වෙසිගේපුතා යන්ට..!!! තොපි මේ රටේ කරුමෙට ජීවත්වෙන වහල්ලු.උබලයි අම්ම අප්පවත් හරි ජාතකයක් ඇති එවුන් නෙවෙයි; උනුත් වලව්වල අගුපිල්වල ලැගල තමයි තොපි ජාතක කොරල තියෙන්නේ..!!!",", පලයන් පොන්න වෙසිගේපුතා යන්ට..!!! තොපි මේ රටේ කරුමෙට ජීවත්වෙන වහල්ලු.උබලයි අම්ම අප්පවත් හරි ජාතකයක් ඇති එවුන් නෙවෙයි; උනුත් වලව්වල අගුපිල්වල ලැගල තමයි තොපි ජාතක කොරල තියෙන්නේ..!!!",Harassment,0.9873
"@USER ,  @USER  @USER පලයන් යන්න අර කොනට",", පලයන් යන්න අර කොනට",Harassment,0.9175
"@USER ,  @USER  @USER පුක බං.. බස මරන්න එපා.. ලස්සන භාෂාවක් තියෙන්නේ.. එක කන්න එපා!",", පුක බං.. බස මරන්න එපා.. ලස්සන භාෂාවක් තියෙන්නේ.. එක කන්න එපා!",Harassment,0.9565
"@USER ,  @USER  @USER පුක බලලා නේවෙයි උබ අත බලලා හොයාගත්තේ පරයා",", පුක බලලා නේවෙයි උබ අත බලලා හොයාගත්තේ පරයා",Harassment,0.9736
"@USER ,  @USER  @USER පුක රත්තගෙ තිබ්බත් පුකම තමා ඒයි. ඒක රත්තගෙ ත්‍රෙඩ් එකක තිබ්බ කියල පුක දේවාලෙ වෙන්නෙ නෑ . . . පුක රීවම, පඩෑරියම ගඳ ගහන පුකම තමයි",", පුක රත්තගෙ තිබ්බත් පුකම තමා ඒයි. ඒක රත්තගෙ ත්‍රෙඩ් එකක තිබ්බ කියල පුක දේවාලෙ වෙන්නෙ නෑ . . . පුක රීවම, පඩෑරියම ගඳ ගහන පුකම තමයි",Harassment,0.9854
"@USER ,  @USER  @USER පෙරේරලා කොහෙද වේසියේ බෞද්ධ, එක එකා කියන ඒවා අහගෙන මෙතන හැමිනෙන්න එපා. අවජාතක වේසියොත් එක්ක මම කැමති නැහැ මේ ගැන තර්ක කරන්න. නැත්නම් මට සිද්ද වෙන්නේ උඹව කඩවතට හන්දියට ගෙනල්ලා පුකේ ඇරලා කටට දෙන්නේ ගූ රහ බල බල ඉන්න කැරි පඳුරු බැල්ලි",", පෙරේරලා කොහෙද වේසියේ බෞද්ධ, එක එකා කියන ඒවා අහගෙන මෙතන හැමිනෙන්න එපා. අවජාතක වේසියොත් එක්ක මම කැමති නැහැ මේ ගැන තර්ක කරන්න. නැත්නම් මට සිද්ද වෙන්නේ උඹව කඩවතට හන්දියට ගෙනල්ලා පුකේ ඇරලා කටට දෙන්නේ ගූ රහ බල බල ඉන්න කැරි පඳුරු බැල්ලි",Harassment,0.9785
"@USER ,  @USER  @USER පොන්න අවජාතක ''සම්පත්'' කොටියො...උඕෙ අම්ම අල්ලන්නද යුදහමුදාකුමන්ත්‍රණ????",", පොන්න අවජාතක ''සම්පත්'' කොටියො...උඕෙ අම්ම අල්ලන්නද යුදහමුදාකුමන්ත්‍රණ????",Harassment,0.9868
"@USER ,  @USER  @USER බඩුවක් ගහන්න වත් මොල් වෙන්නැති පොන්නයො තමයි මෙතන කැරිම බඩු කාරයො වගේ දගලන්නෙ අනුන්ගෙ කෙල්ලොන්ට ඉන්න දිලා බඩු ගහන්න බැරිනම් උබෙ පුක විකුනපන් ගොටුකොල හුකන්නා",", බඩුවක් ගහන්න වත් මොල් වෙන්නැති පොන්නයො තමයි මෙතන කැරිම බඩු කාරයො වගේ දගලන්නෙ අනුන්ගෙ කෙල්ලොන්ට ඉන්න දිලා බඩු ගහන්න බැරිනම් උබෙ පුක විකුනපන් ගොටුකොල හුකන්නා",Harassment,0.9824
"@USER ,  @USER  @USER බයවුනා නේද . . . ඩිංගිරි වැල මදුලක් වගේ එකකිං පුක පලයි කියල ???",", බයවුනා නේද . . . ඩිංගිරි වැල මදුලක් වගේ එකකිං පුක පලයි කියල ???",Harassment,0.9082
"@USER ,  @USER  @USER බලන් ගියාම උඹ කොල්ලො ගහන ලොල්ලෙක් නෙ බන්.. මහ ලොකුවට හයියෙන් ගහන්න කතාව. පුක ඉරිලද.. මහගනින් බන්.. ඔය වේස කමේ ගියා මදැයි",", බලන් ගියාම උඹ කොල්ලො ගහන ලොල්ලෙක් නෙ බන්.. මහ ලොකුවට හයියෙන් ගහන්න කතාව. පුක ඉරිලද.. මහගනින් බන්.. ඔය වේස කමේ ගියා මදැයි",Harassment,0.9761
"@USER ,  @USER  @USER බල්ලා බැල්ලී හුත්තා හුකන්නා ලෑටි පොන්නයා කලවැද්දා සක්කිලියා හාල්පාරුවා සූප්පුකැරියා කෝ හුත්තෝ මම. ඇට ගලවනවා හුත්තලාගෙම",", බල්ලා බැල්ලී හුත්තා හුකන්නා ලෑටි පොන්නයා කලවැද්දා සක්කිලියා හාල්පාරුවා සූප්පුකැරියා කෝ හුත්තෝ මම. ඇට ගලවනවා හුත්තලාගෙම",Harassment,0.9868
"@USER ,  @USER  @USER මගෙ අම්ම ජංගි අඳිනවද නැද්ද කියල උඹ කොහොමද දන්නෙ ?? තෝ හොරෙං හොරෙං නාකි ගෑනුංගෙ බෝක්කු බලනව නේද ?? ගෝඨා පුක වලලං මැරෙයි යකෝ උගෙ සපෝටර්ලා හෙමෙයි කියල දැනගත්තොත්",", මගෙ අම්ම ජංගි අඳිනවද නැද්ද කියල උඹ කොහොමද දන්නෙ ?? තෝ හොරෙං හොරෙං නාකි ගෑනුංගෙ බෝක්කු බලනව නේද ?? ගෝඨා පුක වලලං මැරෙයි යකෝ උගෙ සපෝටර්ලා හෙමෙයි කියල දැනගත්තොත්",Harassment,0.9829
"@USER ,  @USER  @USER මගේ ඇට ටික කන්නන් තෝ එනවා, හම්බවෙන්න එන්න කිව්වාම පොලු GIF",", මගේ ඇට ටික කන්නන් තෝ එනවා, හම්බවෙන්න එන්න කිව්වාම පොලු GIF",Harassment,0.9673
"@USER ,  @USER  @USER මන් බයයිලු ඈ මගෙ පුක හිනාවෙනව තද කරල අල්ලගනින්",", මන් බයයිලු ඈ මගෙ පුක හිනාවෙනව තද කරල අල්ලගනින්",Harassment,0.9131
"@USER ,  @USER  @USER මම UNP ම නෙවෙයි බන්. අපේ අම්ම කොල තාත්ත නිල්. මම හිතෙන එකාට දෙනව.  චාරුකගෙ හොඳම යලුවට ඉන්නෙ නං කොලම කොල එකෙක්. මූ නිල්ම නිල්.",", මම උන්ප් ම නෙවෙයි බන්. අපේ අම්ම කොල තාත්ත නිල්. මම හිතෙන එකාට දෙනව. චාරුකගෙ හොඳම යලුවට ඉන්නෙ නං කොලම කොල එකෙක්. මූ නිල්ම නිල්.",Harassment,0.9082
"@USER ,  @USER  @USER Mr. Dula bro හෙන අව්ලක්. අම්මත් කීව වෙලව බලව ගන්ඩ කියල. අලේ වෙලවක් නැ අප්ප එකට. අත බලා කියන්නෙක් නේද හිත ??",", මර් දුල බ්‍රෝ හෙන අව්ලක්. අම්මත් කීව වෙලව බලව ගන්ඩ කියල. අලේ වෙලවක් නැ අප්ප එකට. අත බලා කියන්නෙක් නේද හිත ??",Harassment,0.917
"@USER ,  @USER  @USER මූධූඌඛ් ඛනණ්නණෙක් කොහොද යන, මොකක් හරි ගෝත කතාවක් කියන්නම එපැයි ඕකුන්ට, එකෙක් බේත් වරග කයල පුක බිම ඇනගෙන සද්ද නෑ, තව එකෙක් ඇරගන්න හදන්නෙ",", මූධූඌඛ් ඛනණ්නණෙක් කොහොද යන, මොකක් හරි ගෝත කතාවක් කියන්නම එපැයි ඕකුන්ට, එකෙක් බේත් වරග කයල පුක බිම ඇනගෙන සද්ද නෑ, තව එකෙක් ඇරගන්න හදන්නෙ",Harassment,0.9341
"@USER ,  @USER  @USER මේ දැන්වීම් ගහපු වේසිගෙ පුතාලගේ අම්ම, තාත්තගේ ප්‍රජා අයිතිය අහෝසි කොරන්ට ඕනි මේ වගේ කාලකන්ණි ළමයි මේ රටට ජාතක කොරාට..!!!!",", මේ දැන්වීම් ගහපු වේසිගෙ පුතාලගේ අම්ම, තාත්තගේ ප්‍රජා අයිතිය අහෝසි කොරන්ට ඕනි මේ වගේ කාලකන්ණි ළමයි මේ රටට ජාතක කොරාට..!!!!",Harassment,0.9873
"@USER ,  @USER  @USER මේ පත්තිනි අම්මේ.  තී වතාවක් දරෙන් රෙද්ද ගලවගත්තැහේ මේ පාර තිගෙ බොඩියවත් ඉතිරිවෙන්නේ නෑ තංගැට දෙක වහගන්ටවත්. ආං ඒක මතක තියාන අටවගත්ත රෙද්දවල් අකුලන හුම්මෙ ගහන එන දරත් ඇන්න පල   ගත්තරු පරට්ටි එනවා මෙතන ජාතක මයින්ඩ",", මේ පත්තිනි අම්මේ. තී වතාවක් දරෙන් රෙද්ද ගලවගත්තැහේ මේ පාර තිගෙ බොඩියවත් ඉතිරිවෙන්නේ නෑ තංගැට දෙක වහගන්ටවත්. ආං ඒක මතක තියාන අටවගත්ත රෙද්දවල් අකුලන හුම්මෙ ගහන එන දරත් ඇන්න පල ගත්තරු පරට්ටි එනවා මෙතන ජාතක මයින්ඩ",Harassment,0.9673
"@USER ,  @USER  @USER මේ පුක මගේ පුක  පඩින රෙවෙන පුක  මගේම කළු පුක",", මේ පුක මගේ පුක පඩින රෙවෙන පුක මගේම කළු පුක",Harassment,0.9585
"@USER ,  @USER  @USER මේ මොන හුකන්නෙක්ද? යකෝ පොඩි එවුන්ගේ තරගයක් ඒක. බලනවනම් බලපන්, නැත්නම් කටයි පුකයි වහගන ඉදපන්..",", මේ මොන හුකන්නෙක්ද? යකෝ පොඩි එවුන්ගේ තරගයක් ඒක. බලනවනම් බලපන්, නැත්නම් කටයි පුකයි වහගන ඉදපන්..",Harassment,0.9116
"@USER ,  @USER  @USER යකෝ ඉමාස නංගි හොදා මේකිට වඩා..මේකිගෙ කට විතරයි",", යකෝ ඉමාස නංගි හොදා මේකිට වඩා..මේකිගෙ කට විතරයි",Harassment,0.9453
"@USER ,  @USER  @USER රටේ නීතිය ගැන තෝ දන්නවද වඳ වේසිගේ පුතෝ ?  දන්නැත්තං ඉගෙනගං!  ජාතික වනසත්ත්ව හා තුරුලතා ආරක්ෂණ ආඥාපනත කියලා එකක් තියෙනවා. ඒකට අනුව ලංකාවේ හමුවන සර්ප විශේෂ 103න්, 98ක්ම ආරක්ෂිත සතුන්. (උග්‍ර විශ පහ හැර).  එහෙම තොට ඕන ඕන විදිහට මරන්න කොටන්න බෑ. නීතය ගැන කියන්න කලින් ඉගෙනගනිං බූරුවා!",", රටේ නීතිය ගැන තෝ දන්නවද වඳ වේසිගේ පුතෝ ? දන්නැත්තං ඉගෙනගං! ජාතික වනසත්ත්ව හා තුරුලතා ආරක්ෂණ ආඥාපනත කියලා එකක් තියෙනවා. ඒකට අනුව ලංකාවේ හමුවන සර්ප විශේෂ 103න්, 98ක්ම ආරක්ෂිත සතුන්. (උග්‍ර විශ පහ හැර). එහෙම තොට ඕන ඕන විදිහට මරන්න කොටන්න බෑ. නීතය ගැන කියන්න කලින් ඉගෙනගනිං බූරුවා!",Harassment,0.9639
"@USER ,  @USER  @USER රීල බොග පුකේ ගෑවෙනවට පුක උස්සන් ඉන්නව වගේ යකෝ",", රීල බොග පුකේ ගෑවෙනවට පුක උස්සන් ඉන්නව වගේ යකෝ",Harassment,0.9668
"@USER ,  @USER  @USER රෙන්න තියෙන පුක දෙන්නේ නෑ මල්ලී, පුක ආදායම් මාර්ගේ කරගන්නේ නෑ.",", රෙන්න තියෙන පුක දෙන්නේ නෑ මල්ලී, පුක ආදායම් මාර්ගේ කරගන්නේ නෑ.",Harassment,0.9189
"@USER ,  @USER  @USER ලොකූ ගෙ බොටුව කඩල ලේ බීල තමා ඒකි පටන් ගන්නෙ මුලින්ම..sure & shot",", ලොකූ ගෙ බොටුව කඩල ලේ බීල තමා ඒකි පටන් ගන්නෙ මුලින්ම..sure & shot",Harassment,0.9688
"@USER ,  @USER  @USER ලෝගා, ඔතන ජම්බෝලයා තමයි පුක ඉරං ඉන්නේ. අහුවෙන්න එපා",", ලෝගා, ඔතන ජම්බෝලයා තමයි පුක ඉරං ඉන්නේ. අහුවෙන්න එපා",Harassment,0.9561
"@USER ,  @USER  @USER වන්නිකරේ කරඹ මලක්ම ඕනි පුස්පෙගෙ පක නගින්න.",", වන්නිකරේ කරඹ මලක්ම ඕනි පුස්පෙගෙ පක නගින්න.",Harassment,0.9634
"@USER ,  @USER  @USER වහල්ලු 2015 වෙනකම්ම කෑවේ අශුචි තමයි..!!! උබලයි අම්මට කියපන් රෑට රෑට වළව්වේ නිදිවදින එක නවත්තන්ට කියාලා;  නැත්තම් තෝ වගේ ම අවජාතක බල්ලෙක් මේ රටේ කරුමෙට ඉපදෙයි..!!!!!",", වහල්ලු 2015 වෙනකම්ම කෑවේ අශුචි තමයි..!!! උබලයි අම්මට කියපන් රෑට රෑට වළව්වේ නිදිවදින එක නවත්තන්ට කියාලා; නැත්තම් තෝ වගේ ම අවජාතක බල්ලෙක් මේ රටේ කරුමෙට ඉපදෙයි..!!!!!",Harassment,0.9663
"@USER ,  @USER  @USER සක්කිලි අවජාතක කාලකණ්ණි තොපි රටෙ පවට ගල් කපල හැදුන උන් තොපි අම්මගෙන් අප්පගෙන් අහපන් කොහෙ ගහලද තොපිව වැදුවෙ කියල",", සක්කිලි අවජාතක කාලකණ්ණි තොපි රටෙ පවට ගල් කපල හැදුන උන් තොපි අම්මගෙන් අප්පගෙන් අහපන් කොහෙ ගහලද තොපිව වැදුවෙ කියල",Harassment,0.9829
"@USER ,  @USER  @USER සැන්ඩී තෝ අපායේ යයි.  ගෂ් දෙකේ අතපය ගැටගහලා උබව දෙකට ඉරයි",", සැන්ඩී තෝ අපායේ යයි. ගෂ් දෙකේ අතපය ගැටගහලා උබව දෙකට ඉරයි",Harassment,0.9155
"@USER ,  @USER  @USER හරි ගැස්සුවෙ නැත්තම් ඉතින් පුකෙ ගහල එන්නෙ හුත්ත",", හරි ගැස්සුවෙ නැත්තම් ඉතින් පුකෙ ගහල එන්නෙ හුත්ත",Harassment,0.9775
"@USER ,  @USER  @USER හිගන්නො ගහල එලවන්නෙ ඇත්තම හිගන්නන්ව. උගෙ මුදලාලිට කට් එක දෙන උන්ව උන් තියාගන්නව. ඉතින් පුතේ අතේ රෙන එක උබ කලාට මට වැඩක් නෑ.",", හිගන්නො ගහල එලවන්නෙ ඇත්තම හිගන්නන්ව. උගෙ මුදලාලිට කට් එක දෙන උන්ව උන් තියාගන්නව. ඉතින් පුතේ අතේ රෙන එක උබ කලාට මට වැඩක් නෑ.",Harassment,0.9053
"@USER ,දුන්නොත් මේකිගේ කිම්බ හපලා දිව දාලා උරලා පුකේ හිලත් ලොකු කරලා කනෙන් කැරි විසි වෙන්න හුකන්න ඔනි.. යාලුවෝ තුන් හතර දෙනෙක් එක්ක පොඩි අඩියක් ගහාන ගමන් මේකිව බයිට් එකට ගන්න තිබුනනම් මරු ඈ",",දුන්නොත් මේකිගේ කිම්බ හපලා දිව දාලා උරලා පුකේ හිලත් ලොකු කරලා කනෙන් කැරි විසි වෙන්න හුකන්න ඔනි.. යාලුවෝ තුන් හතර දෙනෙක් එක්ක පොඩි අඩියක් ගහාන ගමන් මේකිව බයිට් එකට ගන්න තිබුනනම් මරු ඈ",Harassment,0.9814
"- තෝ දැනගං කුරුළුවො .. ගිහින් අහපන් උඹෙ අම්මගෙන්. .උඹව හදාගත්ත එකෙක් නේද කියල.... + ඔවු යාළුවා.. ඇත්ත, මාව අපේ... URL","- තෝ දැනගං කුරුළුවො .. ගිහින් අහපන් උඹෙ අම්මගෙන්. .උඹව හදාගත්ත එකෙක් නේද කියල.... + ඔවු යාළුවා.. ඇත්ත, මාව අපේ... උර්ල්",Harassment,0.9248
- පුක - කලු පුක  සුදු පුක හැඩ පුක ඇද පුක ලොකු පුක රවුම් පුක ලෑලි පුක,- පුක - කලු පුක සුදු පුක හැඩ පුක ඇද පුක ලොකු පුක රවුම් පුක ලෑලි පුක,Harassment,0.9653
"- සීයේ ඇයි? + කටට දෙන්නද? - ඊයා,අම්මේ! + යකෝ කොකිසයක්... - අහ්! ඒක මිසක්,හා ඒනම්  #TeamKokis #AvuruduLK","- සීයේ ඇයි? + කටට දෙන්නද? - ඊයා,අම්මේ! + යකෝ කොකිසයක්... - අහ්! ඒක මිසක්,හා ඒනම් ටෙඅම්කොකිස් අවුරුදුල්ක්",Harassment,0.918
--පාරේ යද්දි ගලක් පය වැදුනම...  •මුස්ලිම් එවුන් =ආහ්.....අල්ලාහ්....  •කතෝලික අය= ඕ මයි ගෝඩ්....ජීසස්...  •අපේ උන් = මොන් හුත්තක්ද යකෝ..ටහුකන්ඩ වේසා ගල..  ඉතින් හරියයිද අපිට,--පාරේ යද්දි ගලක් පය වැදුනම... •මුස්ලිම් එවුන් =ආහ්.....අල්ලාහ්.... •කතෝලික අය= ඕ මයි ගෝඩ්....ජීසස්... •අපේ උන් = මොන් හුත්තක්ද යකෝ..ටහුකන්ඩ වේසා ගල.. ඉතින් හරියයිද අපිට,Harassment,0.937
@USER -තෙල් නෑ හු*තෝ කියල ගැහුවනං ඉවරයි,-තෙල් නෑ හු*තෝ කියල ගැහුවනං ඉවරයි,Harassment,0.9419
......ටජ්මහලේ ආදරේ .....  ඒකිව ගන්න ඒකිගෙ මිනිහව මරලා... දාහතරවතාවක් අරකිට ඇනලා බඩ කරලා   .. ඒකි මැරුනට පස්සේ වෙන එකියක්ව බැඳගෙන .. පස්සෙ පානිය දාන්න හැදුවා බිල්ඩිමක්..   සහජාන් වගේ හුත්තලාට තමා ගෑනු ආදරේ කරන්නෙ  .. ..  #නෙදකින්,......ටජ්මහලේ ආදරේ ..... ඒකිව ගන්න ඒකිගෙ මිනිහව මරලා... දාහතරවතාවක් අරකිට ඇනලා බඩ කරලා .. ඒකි මැරුනට පස්සේ වෙන එකියක්ව බැඳගෙන .. පස්සෙ පානිය දාන්න හැදුවා බිල්ඩිමක්.. සහජාන් වගේ හුත්තලාට තමා ගෑනු ආදරේ කරන්නෙ .. .. #නෙදකින්,Harassment,0.9844
@USER .පුක  2.පකයා  3.කිම්බ  .4.බඩුව  5.වලත්තයා  6.හුත්තහරිද මන්ද,.පුක 2.පකයා 3.කිම්බ .4.බඩුව 5.වලත්තයා 6.හුත්තහරිද මන්ද,Harassment,0.9834
@USER  @USER // රට වටේඔක්කොමටම දිලා නොදී හිටියොත් // සඳුනා බඩුව කියල දැනං හිටිය . . . ගොං බඩුවක් කියල දන්නෙ අද,// රට වටේඔක්කොමටම දිලා නොදී හිටියොත් // සඳුනා බඩුව කියල දැනං හිටිය . . . ගොං බඩුවක් කියල දන්නෙ අද,Harassment,0.9683
"1. වගකීමෙන් කියන්නෙ මේ රසික නොවේ. . එකවුන්ට්ස් බර ගානක් = ගෑණු ගොඩක්. මලයා ඔහොම හිතන තාක් බදින්න එහෙම එපා. ගමේ කොල්ලන්ට ගෑණියෙක් ගෙනල්ල දැම්ම වෙයි. පයියක් තිබුණ පලියටම හුකන්න බෑ මලයෝ. හරියට හුකන්නත් දැනගන්න ඕන.  උබේ කතාව අඹ, පක, දෙල් වගේ නිසා මාත් ඒ සැම්පලෙන්ම රිප්ලයි කොලා.","1. වගකීමෙන් කියන්නෙ මේ රසික නොවේ. . එකවුන්ට්ස් බර ගානක් = ගෑණු ගොඩක්. මලයා ඔහොම හිතන තාක් බදින්න එහෙම එපා. ගමේ කොල්ලන්ට ගෑණියෙක් ගෙනල්ල දැම්ම වෙයි. පයියක් තිබුණ පලියටම හුකන්න බෑ මලයෝ. හරියට හුකන්නත් දැනගන්න ඕන. උබේ කතාව අඹ, පක, දෙල් වගේ නිසා මාත් ඒ සැම්පලෙන්ම රිප්ලයි කොලා.",Harassment,0.9111
"@USER  @USER  10 others තෝ පට්ට වෙස්සි තම්බින්ට රෙද්ද උස්සන හින්දා වෙන්න ඇතිනේ තොට මෙච්චර රිදෙන්නේ, තෝ වගේ කැහි වේස හුකන බල්ලියෝන් ගේ පව්ල් පිටින් තොත් එක්කව කුඩු වෙලා යන්න ඕනේ පර වෙසිගේ දුව... රටේ ජාතියේ කරුමේට  ඉපදුන කාලකන්නි වෙස හැතිකරේ, තොගේ කැහි හුත්ත කුණු වෙලා වන වෙලා යන්න ඕනේ, පර බැල්ලි","10 ඔතෙර්ස් තෝ පට්ට වෙස්සි තම්බින්ට රෙද්ද උස්සන හින්දා වෙන්න ඇතිනේ තොට මෙච්චර රිදෙන්නේ, තෝ වගේ කැහි වේස හුකන බල්ලියෝන් ගේ පව්ල් පිටින් තොත් එක්කව කුඩු වෙලා යන්න ඕනේ පර වෙසිගේ දුව... රටේ ජාතියේ කරුමේට ඉපදුන කාලකන්නි වෙස හැතිකරේ, තොගේ කැහි හුත්ත කුණු වෙලා වන වෙලා යන්න ඕනේ, පර බැල්ලි",Harassment,0.9888
@USER  @USER  11 others අඩු ගානේ ඌට කොන්දක් තිබ්බා ඌ O/L Fail කියන්න. ඒකට තෝ... තූ නොදකින් ගෙරි ගොන් බයි සාඩිමා,11 ඔතෙර්ස් අඩු ගානේ ඌට කොන්දක් තිබ්බා ඌ ඔල Fail කියන්න. ඒකට තෝ... තූ නොදකින් ගෙරි ගොන් බයි සාඩිමා,Harassment,0.9326
@USER  @USER  11 others රිද්දන්න එපා කියන්නම් තොට විදින්නෙම මල ගලවලා මලේ නට්ටෙන් අත මිට මොලවපන් හරියයි ඕකා ජරාවට පුරැදුවෙලා,11 ඔතෙර්ස් රිද්දන්න එපා කියන්නම් තොට විදින්නෙම මල ගලවලා මලේ නට්ටෙන් අත මිට මොලවපන් හරියයි ඕකා ජරාවට පුරැදුවෙලා,Harassment,0.959
@USER  @USER  12 others දුහුලට උනුහුමට ඇති ඔය හුඹස්වල නයි මද බලාපන් ගැරඩිත් ඇදේබල පන්දමෙ බැට්රියට සුවයක් ලැබුනු කල ඇඳ පොලු උවත් සරදමටම බලයි බොල,12 ඔතෙර්ස් දුහුලට උනුහුමට ඇති ඔය හුඹස්වල නයි මද බලාපන් ගැරඩිත් ඇදේබල පන්දමෙ බැට්රියට සුවයක් ලැබුනු කල ඇඳ පොලු උවත් සරදමටම බලයි බොල,Harassment,0.9688
2020 දී මගෙන් වරදක් උණා නම් රොම්බ සොරි ඩොට් කොම් හොඳේ. ඕව හිතේ තියාගන්න එපා. මට කෙලවපු උංට / දිය රෙද්දෙන් බෙල්ල කපපු උංට හෙන ගහලා අකුලෝලම පල. මට කෙලවන්න ඇවිත් සෙල්ෆ් කෙලෝගෙන බඩු බනිස් වෙච්ච උංට හොදම වැඩේ. වාසි පාඩු නොබලා මට උදව් කරපු උන්ට ආදරෙයි බොක්කෙන්ම හැමදාමත්. ජයවේවා! හොඳේ!!,2020 දී මගෙන් වරදක් උණා නම් රොම්බ සොරි ඩොට් කොම් හොඳේ. ඕව හිතේ තියාගන්න එපා. මට කෙලවපු උංට / දිය රෙද්දෙන් බෙල්ල කපපු උංට හෙන ගහලා අකුලෝලම පල. මට කෙලවන්න ඇවිත් සෙල්ෆ් කෙලෝගෙන බඩු බනිස් වෙච්ච උංට හොදම වැඩේ. වාසි පාඩු නොබලා මට උදව් කරපු උන්ට ආදරෙයි බොක්කෙන්ම හැමදාමත්. ජයවේවා! හොඳේ!!,Harassment,0.9014
225 ටම කොරෝව හැදිලා මැරෙනවානම් වාව් පට්ට,225 ටම කොරෝව හැදිලා මැරෙනවානම් වාව් පට්ට,Harassment,0.9775
@USER  @USER  24 others Wow #283  හනේ අම්මේ මං කර ගත්ත මෝඩ වැඩක්  දැන් නවත්තපියව් ඕක,24 ඔතෙර්ස් Wow #283 හනේ අම්මේ මං කර ගත්ත මෝඩ වැඩක් දැන් නවත්තපියව් ඕක,Harassment,0.9429
"@USER  @USER  46 others K’at දෙයියෝ දාගෙන ඉන්න එකා අවජාතක වාදි, රාජපක්ෂ අශුචි බදින්නංවාදි. නමක් වාසගමක් නැතිව ලියන එකාලා තමයි පදුරු අස්සේ ජාතක වුණ එවුං වේසකමේ වටේ ගිහින් හදා ගත්ත එවුං සෙට් එකම පුදුමේ කියන්නේ කඩේ යන්නේ දූෂිත රාජපක්ෂලාට. ඇයි ඒ බං?","46 ඔතෙර්ස් K’at දෙයියෝ දාගෙන ඉන්න එකා අවජාතක වාදි, රාජපක්ෂ අශුචි බදින්නංවාදි. නමක් වාසගමක් නැතිව ලියන එකාලා තමයි පදුරු අස්සේ ජාතක වුණ එවුං වේසකමේ වටේ ගිහින් හදා ගත්ත එවුං සෙට් එකම පුදුමේ කියන්නේ කඩේ යන්නේ දූෂිත රාජපක්ෂලාට. ඇයි ඒ බං?",Harassment,0.9858
@USER  @USER  46 others මේ ආන්ඩුව බලේට ආවෙ කොහොමත් තොපි වගෙ පොන්න උකන්නලට ඉකවිලාම යන්න දීල තමා පම්කො.... දැන් උකාගත්ත එකේ තව අවුරුදු 8ක් ඔහොම වේල් වේලි ඉදපල්ල....,46 ඔතෙර්ස් මේ ආන්ඩුව බලේට ආවෙ කොහොමත් තොපි වගෙ පොන්න උකන්නලට ඉකවිලාම යන්න දීල තමා පම්කො.... දැන් උකාගත්ත එකේ තව අවුරුදු 8ක් ඔහොම වේල් වේලි ඉදපල්ල....,Harassment,0.9326
@USER  @USER  47 others ඔව් බං අපේ සීයලා අබුඩේ ඇදැලා කුඹුරු කරේ. පරංගින්ට ජාතක උන තොපි වගේ අවජාතක බල්ලන්ට මේවා අවුල්. අන්න ඒක තේරුම් ගනින් . අපිට ඕනැ අපේ මවි බිම පරංගි ලේ ජාන තියෙන තොපි වගේ කාලකන්නිනිගෙන් බේරා ගන්න. ඒක අපි කරනවා පරයෝ. තොපිටත් පුරුදු කරනවා හොද පුරුදු අබුඩෙ ගස්සලා තොපිටත් කුඹුරු කොටන්න,47 ඔතෙර්ස් ඔව් බං අපේ සීයලා අබුඩේ ඇදැලා කුඹුරු කරේ. පරංගින්ට ජාතක උන තොපි වගේ අවජාතක බල්ලන්ට මේවා අවුල්. අන්න ඒක තේරුම් ගනින් . අපිට ඕනැ අපේ මවි බිම පරංගි ලේ ජාන තියෙන තොපි වගේ කාලකන්නිනිගෙන් බේරා ගන්න. ඒක අපි කරනවා පරයෝ. තොපිටත් පුරුදු කරනවා හොද පුරුදු අබුඩෙ ගස්සලා තොපිටත් කුඹුරු කොටන්න,Harassment,0.981
": අනේ , මට එපා තා..ත්...තේඒඒ  : මේ කනව...තලප ගුලියක් ගිලගන්න බැරිද..  : මේව ටීක්බෝලයැ...අග්ගල සයිස්නෙ අනේ  : ඕක මොකක්ද ඔය කටට..කැලණි ගඟට පොල් ලෙල්ලක් දැම්ම වගේ  : මටම තමා කින්ඩි දාන්නෙ අනේ..  : අම්මගෙ තැන ඔයාට ගන්න බෑ පුතේ  : අර දැක්කද..හැමදාම මං තමා බයිට් එක වෙන්නෙ",": අනේ , මට එපා තා..ත්...තේඒඒ : මේ කනව...තලප ගුලියක් ගිලගන්න බැරිද.. : මේව ටීක්බෝලයැ...අග්ගල සයිස්නෙ අනේ : ඕක මොකක්ද ඔය කටට..කැලණි ගඟට පොල් ලෙල්ලක් දැම්ම වගේ : මටම තමා කින්ඩි දාන්නෙ අනේ.. : අම්මගෙ තැන ඔයාට ගන්න බෑ පුතේ : අර දැක්කද..හැමදාම මං තමා බයිට් එක වෙන්නෙ",Harassment,0.9238
@USER @USER  : උබලට ඉතින් හෙන ජෙල නෙහ්.. #මහින්දගේආතල්කඩන්නඑපා #monaunathhodakalla,: උබලට ඉතින් හෙන ජෙල නෙහ්.. #මහින්දගේආතල්කඩන්නඑපා මොනුනත්හොදකල්ල,Harassment,0.9629
: පැටියො අම්ම කිව්ව බදින්න කලින් හදහන් ගලපන්න ඕන කියල : ඔයා බදින්නෙ මාවද හදහනද? #ආදරකතා,: පැටියො අම්ම කිව්ව බදින්න කලින් හදහන් ගලපන්න ඕන කියල : ඔයා බදින්නෙ මාවද හදහනද? #ආදරකතා,Harassment,0.9287
@USER @USER :( :( බඩ පලයන් @USER,:( :( බඩ පලයන්,Harassment,0.9717
@USER  @USER :- කොහෙද ගියෙ උබ  :- බෝල ගහන්න   :- පලයන් ඔහොම්ම නාන්න නාන්නැතුව වර බලන්න ගෙට.තොට හැදුනත් කමක් නෑ ගෙදර අනිත් උන්ට ඔය වසන්ගත බෝකරන්නද හදනෙ තෝ @#$  දඩිං බිඩිං ඩෝංං  :-  මට නෙවෙයි  බං #ලොකු_මල්ලිට  @USER මතකද මොකුත් කෞද  ඒ  ____  #එදා_තාල,:- කොහෙද ගියෙ උබ :- බෝල ගහන්න :- පලයන් ඔහොම්ම නාන්න නාන්නැතුව වර බලන්න ගෙට.තොට හැදුනත් කමක් නෑ ගෙදර අනිත් උන්ට ඔය වසන්ගත බෝකරන්නද හදනෙ තෝ @#$ දඩිං බිඩිං ඩෝංං :- මට නෙවෙයි බං #ලොකු_මල්ලිට මතකද මොකුත් කෞද ඒ ____ #එදා_තාල,Harassment,0.9458
@ ගහල තුන්වෙනියට එන එකාට පුක දීපං,@ ගහල තුන්වෙනියට එන එකාට පුක දීපං,Harassment,0.9575
@ ගහල පලවෙනියට එන එකාට පුක දීපන්. දෙවෙනියට එන එකා ඉන්නව නේද? ඌටත් පුක දීපන්.,@ ගහල පලවෙනියට එන එකාට පුක දීපන්. දෙවෙනියට එන එකා ඉන්නව නේද? ඌටත් පුක දීපන්.,Harassment,0.979
"@ මේ දවස්වල Campus පැත්තෙන් ""ඒ  හු*තී තොගේ අම්මට කවුද යකෝ තොට ඩෙනිමක් ඇදන් එන්න කිවුවේ."" මොන උසස් අධ්‍යාපනද බං මේ......","@ මේ දවස්වල Campus පැත්තෙන් ""ඒ හු*තී තොගේ අම්මට කවුද යකෝ තොට ඩෙනිමක් ඇදන් එන්න කිවුවේ."" මොන උසස් අධ්‍යාපනද බං මේ......",Harassment,0.958
"Bartender: last call !!! Me : අම්මට හුකන්ඩ යකෝ වදින්න පටන් ගත්තා විතරයි, මේ රෑ වෙන කොහෙවත් ඇරලත් නෑ, හුකන්ඩ ලෑස්ති වෙන්න එපා","Bartender: last call !!! මේ : අම්මට හුකන්ඩ යකෝ වදින්න පටන් ගත්තා විතරයි, මේ රෑ වෙන කොහෙවත් ඇරලත් නෑ, හුකන්ඩ ලෑස්ති වෙන්න එපා",Harassment,0.9727
Best song of the year. පොඩ්ඩියේ..  පොඩ්ඩියෙ අම්ම අම්මාමයි තාම.. වැරදුනෙ අපි නිසයි ඈ වැරදිද කෝම.. බක්මහෙ කොවුල් බිජු පුපුරන දාක.. නංගියෙ අම්මගෙන් උඹ ඉල්ලනවද ගේම.. තනේ කඩා විසේක පත්තිනි වේනම්.. අනේ හාමතේ අපි... URL,Best song ඔෆ් the year. පොඩ්ඩියේ.. පොඩ්ඩියෙ අම්ම අම්මාමයි තාම.. වැරදුනෙ අපි නිසයි ඈ වැරදිද කෝම.. බක්මහෙ කොවුල් බිජු පුපුරන දාක.. නංගියෙ අම්මගෙන් උඹ ඉල්ලනවද ගේම.. තනේ කඩා විසේක පත්තිනි වේනම්.. අනේ හාමතේ අපි... උර්ල්,Harassment,0.9648
Bike : මතකද උඹ ඊයේ මාව මඩේ දැම්ම අද ඒක නිසා උඹට මගේ පිටේ නගින්න බෑ,Bike : මතකද උඹ ඊයේ මාව මඩේ දැම්ම අද ඒක නිසා උඹට මගේ පිටේ නගින්න බෑ,Harassment,0.9219
"Body positivity හෝ body shaming කියා උලව්වක් මහපොලවේ නැත. ගැට තන් ඇත.වැල තන් ඇත.තඩි පුකවල් ඇත, ලෑලි පුකවල් ඇත.එකක් අනෙකට වඩා හොඳ හෝ නරක නැත.එපමණකි.  #නොපලට්වීට් Senali De Silva @USER  · 9 Feb 2020 What do you peeps think? twitter.com/LisaBritton/st…","Body positivity හෝ body ශාමින්ග් කියා උලව්වක් මහපොලවේ නැත. ගැට තන් ඇත.වැල තන් ඇත.තඩි පුකවල් ඇත, ලෑලි පුකවල් ඇත.එකක් අනෙකට වඩා හොඳ හෝ නරක නැත.එපමණකි. #නොපලට්වීට් සෙනාලි දේ Silva · 9 ෆෙබ් 2020 What දෝ you පීප්ස් think? ට්විට්ටේර්චොම්ලිසබ්‍රිට්ටෝන්ස්ට්",Harassment,0.9253
Butt hurt කීවේ පුක රිදෙනවා කියලද?  වෙන එකෙක්ගෙ පුක රිදෙනවා කියලා තව එකෙක් දැනගන්නේ කෝමද?,Butt hurt කීවේ පුක රිදෙනවා කියලද? වෙන එකෙක්ගෙ පුක රිදෙනවා කියලා තව එකෙක් දැනගන්නේ කෝමද?,Harassment,0.9824
@USER @USER  Cap : යන්තම් ටෝනිව යැව්ව ගහට අඹේ කඩන්න. ඒපාර තෝ(ර්)ත් ආව්ද මෙතන මිටියක් උස්සන් ? #TweepsAssemble,Cap : යන්තම් ටෝනිව යැව්ව ගහට අඹේ කඩන්න. ඒපාර තෝ(ර්)ත් ආව්ද මෙතන මිටියක් උස්සන් ? ට්වීප්සස්සෙම්බ්ලේ,Harassment,0.9614
Channel Eye දීපන් ළමයෙකුට  රෙද්ද,Channel Eye දීපන් ළමයෙකුට රෙද්ද,Harassment,0.9292
Club යන බඩු හිතන් ඉන්නෙ උන් හෙන posh කෑලි කියලා... රෙද්ද තමයි.,Club යන බඩු හිතන් ඉන්නෙ උන් හෙන posh කෑලි කියලා... රෙද්ද තමයි.,Harassment,0.9585
Come hangout with me > හේමන්තයි එයගේ ඝනිකව අනූයී  යක්ශනීවේසියි මගේ පක බලන් ඇගිල්ල ගහනවා on #BIGOLIVE URL,Come hangout with මේ > හේමන්තයි එයගේ ඝනිකව අනූයී යක්ශනීවේසියි මගේ පක බලන් ඇගිල්ල ගහනවා ඕන බිගොලිවේ උර්ල්,Harassment,0.9785
Complain එක රෝල් කරල පුකේ ගහල පුක පොලවෙ ගහල ආයෙ එලියට අරන් හපල ගිලපන්. #SLT #FUCKYOUVERYMUCH  @USER,Complain එක රෝල් කරල පුකේ ගහල පුක පොලවෙ ගහල ආයෙ එලියට අරන් හපල ගිලපන්. ස්ල්ට් ෆුක්ක්යෞවෙර්ය්මුච්,Harassment,0.9575
"Cousin : ඕයි මේ, මම July 22 බඳිනවා.  Me : අම්මට උඩු Cousin : ඔව් ඕයි. උඹ Best man . හරිනෙ . මම තිබ්බා. #AyyoConvos","Cousin : ඕයි මේ, මම ජුල්ය් 22 බඳිනවා. මේ : අම්මට උඩු Cousin : ඔව් ඕයි. උඹ Best man . හරිනෙ . මම තිබ්බා. අය්යෝචොන්වොස්",Harassment,0.979
"Dear Pollard,  උඹේ ගොන් ආතල් වෙන රටවල් වලට දාද්දි බලන්න පුලුවන්.. ඒත් අපේ රටට ඇවිත් අපිට ඒවා දාද්දි අපිටත් මළපනිනවා පොලා   #SLvWI","Dear Pollard, උඹේ ගොන් ආතල් වෙන රටවල් වලට දාද්දි බලන්න පුලුවන්.. ඒත් අපේ රටට ඇවිත් අපිට ඒවා දාද්දි අපිටත් මළපනිනවා පොලා ස්ල්ව්වී",Harassment,0.9282
Dimi3 - පුක Lyrics    රෙන්න තියන පුක දෙන්න එපා රෙන්න තියන පුක දෙන්න එපා රෙන්න තියන පුක දෙන්න එපා රෙන්න තියන පුක... URL,Dimi3 - පුක ල්ය්රිච්ස් රෙන්න තියන පුක දෙන්න එපා රෙන්න තියන පුක දෙන්න එපා රෙන්න තියන පුක දෙන්න එපා රෙන්න තියන පුක... උර්ල්,Harassment,0.9761
Dog:- හම්බෝ...පට්ට බැල්ලී පාරක් යනවා.... Duck:- හම්මට උඩු..පණුවෙක්ද කොහෙද... කොටලම ගන්න ඔනී..  Dog:- *ටහුක් යකෝ...තාර ප*යා.. Duck :- හුටා...ශේප් එකේ මාරු වෙනවා...!!!!,Dog:- හම්බෝ...පට්ට බැල්ලී පාරක් යනවා.... Duck:- හම්මට උඩු..පණුවෙක්ද කොහෙද... කොටලම ගන්න ඔනී.. Dog:- *ටහුක් යකෝ...තාර ප*යා.. Duck :- හුටා...ශේප් එකේ මාරු වෙනවා...!!!!,Harassment,0.9844
Enriqueට බයට බොග   charge  වෙලාලු ඒකයි පටන් ගන්න පරක්කු වෙලා තියෙන්නේ  itsokaybaby දැන් පලයන්  #EnriqueInSL,Enriqueට බයට බොග charge වෙලාලු ඒකයි පටන් ගන්න පරක්කු වෙලා තියෙන්නේ ඉට්සොකය්බබ්ය් දැන් පලයන් එන්රිකුඑඉන්ස්ල,Harassment,0.938
GIT ලියලා ලෝකෙම දින්නා වගේ ඉන්න එපා මල්ලි. ඉඳපන් Exam එක එනකම් පුක වළදාගෙන මැරෙන්න හිතෙයි. සෝ ලිව්වා ඇඬෙන්න කිය කිය බොක වෙන්න එපා. ඕකේ!,GIT ලියලා ලෝකෙම දින්නා වගේ ඉන්න එපා මල්ලි. ඉඳපන් Exam එක එනකම් පුක වළදාගෙන මැරෙන්න හිතෙයි. සෝ ලිව්වා ඇඬෙන්න කිය කිය බොක වෙන්න එපා. ඕකේ!,Harassment,0.9038
GRANDMA උබේ අම්ම කියන එක අහපන්.,GRANDMA උබේ අම්ම කියන එක අහපන්.,Harassment,0.9219
"@USER Girl be like ""මුන තලන්න එපා යෝධයෝ හුස්ම ගන්නත් බැ අනික කට හොදලත් නැහැ තෝ !""","Girl බේ like ""මුන තලන්න එපා යෝධයෝ හුස්ම ගන්නත් බැ අනික කට හොදලත් නැහැ තෝ !""",Harassment,0.9512
Got my nestle cerelac  අම්ම හිනා වෙනව මොන දොලදුකක්ද මේ ගගා,Got මය් nestle කෙරෙලක් අම්ම හිනා වෙනව මොන දොලදුකක්ද මේ ගගා,Harassment,0.9688
Grandma උබේ අම්ම කියන එක අහපන්.,Grandma උබේ අම්ම කියන එක අහපන්.,Harassment,0.9341
@USER Grass eating කවුද පකයෝ තනකොල කන්නේ තෝ හිතුවද තෝ වගේ තම්බි පකයෙක් කියල මාත් වෙසිගේ පුතා,Grass eating කවුද පකයෝ තනකොල කන්නේ තෝ හිතුවද තෝ වගේ තම්බි පකයෙක් කියල මාත් වෙසිගේ පුතා,Harassment,0.9897
@USER Hazard ගහන්නෙ KKRලටද RRලටද කියලා හිතාගන්න බැරුව ඉන්න මෝඩ මං : GIF,Hazard ගහන්නෙ KKRලටද RRලටද කියලා හිතාගන්න බැරුව ඉන්න මෝඩ මං : GIF,Harassment,0.9692
Health Advice  පට්ට අව්වෙ ඉදලා ආපු ගමන් දෙහි ගෙඩියක් මිරිකලා බොන්න,Health Advice පට්ට අව්වෙ ඉදලා ආපු ගමන් දෙහි ගෙඩියක් මිරිකලා බොන්න,Harassment,0.9487
"It's about songs""රෙද්ද උස්සන් එ්ම, කැති පොලු අමෝරාගෙන එ්ම"" #එකළඟට්වීට් @USER  @USER","It's about songs""රෙද්ද උස්සන් එ්ම, කැති පොලු අමෝරාගෙන එ්ම"" #එකළඟට්වීට්",Harassment,0.9702
"Just woke upwent to Kitchen :  Amma : අන්න කිතුල්ගල Rafting ගිහින් ළමයෙක් මැරිලා.  Me : නෑ....වෙන්න බෑ..ඒ ළමයගෙ වෙලාව තමයි පව්....  Amma: ඔව්. ඔව්.තව පලයන් බෝට්ටු පදින්නයි, දිය ඇළි වලින් පනින්නයි, කඹ දිගේ ලිස්සන්නයි.. . . . Me to myself:  වෙලාවට ඔක්කොම ටික කරගත්තා කලින්ම..","Just woke upwent ටො Kitchen : Amma : අන්න කිතුල්ගල රෆ්ටින්ග් ගිහින් ළමයෙක් මැරිලා. මේ : නෑ....වෙන්න බෑ..ඒ ළමයගෙ වෙලාව තමයි පව්.... Amma: ඔව්. ඔව්.තව පලයන් බෝට්ටු පදින්නයි, දිය ඇළි වලින් පනින්නයි, කඹ දිගේ ලිස්සන්නයි.. . . . මේ ටො myself: වෙලාවට ඔක්කොම ටික කරගත්තා කලින්ම..",Harassment,0.9297
Keep calmහොයමින් අම්ම හන්ගපු ආස්මි,Keep calmහොයමින් අම්ම හන්ගපු ආස්මි,Harassment,0.9468
Length වරද්ද ගන්න එපා පපුවෙ අමාරු හැදෙයි අපිට,Length වරද්ද ගන්න එපා පපුවෙ අමාරු හැදෙයි අපිට,Harassment,0.9165
Lock Down කියන්නේ සෙලවෙන මසනට පුතා උබ පලයන් වැඩට,Lock Down කියන්නේ සෙලවෙන මසනට පුතා උබ පලයන් වැඩට,Harassment,0.9727
@USER  @USER Look who’s talking! තෝ ගමට තියා ගෙදර යන්නෙත් අවුරුද්දකට සැරයක් විතරනේ.,Look ව්හොස් talking! තෝ ගමට තියා ගෙදර යන්නෙත් අවුරුද්දකට සැරයක් විතරනේ.,Harassment,0.938
Marketing නම් අපේ උන් තමා. කොරොනත් Market කරනවනේ මුං යකෝ. සෙල්ලම බඩු නෙවේ ඉන්නේ,Marketing නම් අපේ උන් තමා. කොරොනත් Market කරනවනේ මුං යකෝ. සෙල්ලම බඩු නෙවේ ඉන්නේ,Harassment,0.9546
Match එකේ නැතුව ඉඳලත් අවිත් පුක දුන්නා තිසරයා.,Match එකේ නැතුව ඉඳලත් අවිත් පුක දුන්නා තිසරයා.,Harassment,0.9248
@USER Mine was බැලුවොත් කනව තමුසෙ,Mine was බැලුවොත් කනව තමුසෙ,Harassment,0.9619
Modeling යනු කොන්ඩේ වනාගෙන කට පොඩ්ඩක් ඇරගෙන ඔලුවේ අත ගහගෙන පුක දිකරගෙන ඉනට අතක් තියාගෙන ගලයි තනේ බාගයයි බුරියයි පේන්න රෙදි කෑල්ලක් ඇදගෙන DSLR එකකින් Photo එකක් ගහලා හද්ද Edit පාරක් දාලා..ඒක SM දලා Bio එකේ #Fashionable #FashionGirl වගේ ටැග් එකක් දාන එක වෙලා නේ දැන්.ඊයා.කක්කා පැකට්,Modeling යනු කොන්ඩේ වනාගෙන කට පොඩ්ඩක් ඇරගෙන ඔලුවේ අත ගහගෙන පුක දිකරගෙන ඉනට අතක් තියාගෙන ගලයි තනේ බාගයයි බුරියයි පේන්න රෙදි කෑල්ලක් ඇදගෙන ද්ස්ල්ර් එකකින් Photo එකක් ගහලා හද්ද Edit පාරක් දාලා..ඒක සම් දලා බිඕ එකේ #Fashionable ෆශිඔඞිර්ල වගේ ටැග් එකක් දාන එක වෙලා නේ දැන්.ඊයා.කක්කා පැකට්,Harassment,0.9258
Morgan අතේ තිබ්බ පැටිස් එක දුන්නා Stokesට ...අනෙ මගෙ කටට දාපන් කියලා #lka #WT20 #WI,Morgan අතේ තිබ්බ පැටිස් එක දුන්නා Stokesට ...අනෙ මගෙ කටට දාපන් කියලා ලක #WT20 වී,Harassment,0.9087
@USER New Zealand ටීම් එකම අකුලෝලම පලයන්,New ළෙඅලංද් ටීම් එකම අකුලෝලම පලයන්,Harassment,0.9697
Over හිනාවෙන්න එපා පෙන්නලා තිස්දෙක දත පෙනෙයි වම් පැත්තෙ පණුවො කාපු  කෘන්තක සුදු උඹ නේරංජනා ගානක් නෑ මම  කන්තක  කියවද්දි වරද්දපං කපුවන්ට අශ්ඨක  වරදින්න ඕනෙ දවසක හරියන්න මිරිකෙන්න ඕනෙ දොඩමක යුශ එන්න ඉවසල ඇති පිරිමිනං ඇති වෙන්න  ඒත් මේවා ගල් කියල හිතුවද නොරිදෙන්න.,Over හිනාවෙන්න එපා පෙන්නලා තිස්දෙක දත පෙනෙයි වම් පැත්තෙ පණුවො කාපු කෘන්තක සුදු උඹ නේරංජනා ගානක් නෑ මම කන්තක කියවද්දි වරද්දපං කපුවන්ට අශ්ඨක වරදින්න ඕනෙ දවසක හරියන්න මිරිකෙන්න ඕනෙ දොඩමක යුශ එන්න ඉවසල ඇති පිරිමිනං ඇති වෙන්න ඒත් මේවා ගල් කියල හිතුවද නොරිදෙන්න.,Harassment,0.9121
"Peak, off peak දෙකේම data ඉවරයි. රෙද්ද, හතුරෙකුටවත් මෙහෙම වෙන්න එපා.දරාගන්න බෑ","Peak, off peak දෙකේම data ඉවරයි. රෙද්ද, හතුරෙකුටවත් මෙහෙම වෙන්න එපා.දරාගන්න බෑ",Harassment,0.9517
Phone conversations with my friend රංගේ(නත්තල්සියා)  -රංගේ එනවාද ..  -කොහෙද  -එනවාද  -කොහෙද හු£#*€$¥තෝ  -අඩියක් ගන්න බල්ලෝ..තෝ        ඒන්න ඵ්පා,Phone කොන්වෙර්සතිඔන්ස with මය් friend රංගේ(නත්තල්සියා) -රංගේ එනවාද .. -කොහෙද -එනවාද -කොහෙද හු£#*€$¥තෝ -අඩියක් ගන්න බල්ලෝ..තෝ ඒන්න ඵ්පා,Harassment,0.9736
Police lඋතුරෙදි කන්දෙකේ ඇඟිලි ගහගත්ත පොලිස් දකුණෙ පිස්සු බල්ලො වගේ හැසිරෙන හොරා police,Police lඋතුරෙදි කන්දෙකේ ඇඟිලි ගහගත්ත පොලිස් දකුණෙ පිස්සු බල්ලො වගේ හැසිරෙන හොරා police,Harassment,0.9351
Price එක නැතුව ඇඩ් දාන උන් ඉන්නවා නේද? හැඳි ගෑවිලා යන්න ඕන රොත්ත බුරුත්ත පිටින්ම. Inbox එන්නලු.. මැරියන් තොපි inbox එකට වෙලා. හිපාටුවො.,Price එක නැතුව ඇඩ් දාන උන් ඉන්නවා නේද? හැඳි ගෑවිලා යන්න ඕන රොත්ත බුරුත්ත පිටින්ම. ඉන්බොෂ් එන්නලු.. මැරියන් තොපි ඉන්බොෂ් එකට වෙලා. හිපාටුවො.,Harassment,0.9497
Production එක සුරතෙ banging hard උඹ නිස හීනෙනුත් කෙල්ලෙ කුඩු කාඩ් Carry on කෙල්ලෙ වෙන්න ළඟයි trending පැණි හොයං වරෙන් කිරි ගඟක් pending  #np #SLRap #ILLNOIZE youtube.com Suratha - IRAJ Ft. Killer B & Kaizer #Iraj #Suratha #සුරතLyrics තාලේ වනලා කියමි තුටිනා දැනෙනා හැඟුම වෙවුලාආයේ දිරියෙන් සුරත වඩනා නූපන් පරපුර මෙමාRap - Killer Bජීවන මේ ගමන සංසාරවාතේ කිවට උඹය මගේ ...,Production එක සුරතෙ banging hard උඹ නිස හීනෙනුත් කෙල්ලෙ කුඩු කාඩ් Carry ඕන කෙල්ලෙ වෙන්න ළඟයි ට්‍රේන්දින්ග් පැණි හොයං වරෙන් කිරි ගඟක් pending නප් ස්ල්රප් ඉල්ල්නොඉළෙ යෝඋටුබෙචොම් සුරත - ඉරාජ් ෆ්ට් Killer බ & කෛළෙර් ඉරාජ් සුරත #සුරතLyrics තාලේ වනලා කියමි තුටිනා දැනෙනා හැඟුම වෙවුලාආයේ දිරියෙන් සුරත වඩනා නූපන් පරපුර මෙමාRap - Killer Bජීවන මේ ගමන සංසාරවාතේ කිවට උඹය මගේ ...,Harassment,0.9019
Rap Zilla උඹ rap කරනවට වඩා හොඳට sing කරනවා! RFAKගේ කටහඬෙන් එන ආතල් එකට වැඩි හානියක් වෙලා නෑ! :P :D #rapzilla #lka URL,Rap ළිල්ල උඹ rap කරනවට වඩා හොඳට sing කරනවා! RFAKගේ කටහඬෙන් එන ආතල් එකට වැඩි හානියක් වෙලා නෑ! ප් ද රප්ළිල්ල ලක උර්ල්,Harassment,0.9272
Rat bastard තමුසෙ මහ අවජාතක මීයෙක්!  #OddSinhalaTranslations,Rat bastard තමුසෙ මහ අවජාතක මීයෙක්! ඔද්ද්සින්හලත්රංස්ලතිඔන්ස,Harassment,0.9854
Rise Above Hate  උඹ වැටිච්ච තැනින් නැගිටිච්ච එක ගැන පට්ට සතුටුයි  කුහකයන්ට හොඳ කනේ පාරක් දුන්නා අද   @USER   #lka #ZIMvSL,Rise Above Hate උඹ වැටිච්ච තැනින් නැගිටිච්ච එක ගැන පට්ට සතුටුයි කුහකයන්ට හොඳ කනේ පාරක් දුන්නා අද ලක ළිම්ව්ස්ල,Harassment,0.9116
@USER  @USER Same thing අපේ අම්ම කිව්වෙත්,Same thing අපේ අම්ම කිව්වෙත්,Harassment,0.9009
"Saw this on a gossip site ""පෝශේ එකක් ගන්නෙ හිමීට යන්ඩඩ බොල.. දීපන් ඕක ලමයෙකුට""","Saw this ඕන අ gossip site ""පෝශේ එකක් ගන්නෙ හිමීට යන්ඩඩ බොල.. දීපන් ඕක ලමයෙකුට""",Harassment,0.9727
@USER  @USER  See he is like මම ද යකෝ කොන්ඩේ කපන්න කිව්වෙ ?,See හේ ඉස like මම ද යකෝ කොන්ඩේ කපන්න කිව්වෙ ?,Harassment,0.9087
@USER Set කරගනින් goal එකක් අදම. මැරිලා හරි එතනට පලයන්. එතකොට ඔය ඔක්කොම පස්සෙන් එනව බල්ලො වගේ උබට වැදගෙන,Set කරගනින් goal එකක් අදම. මැරිලා හරි එතනට පලයන්. එතකොට ඔය ඔක්කොම පස්සෙන් එනව බල්ලො වගේ උබට වැදගෙන,Harassment,0.9722
Someone sing යනවා නම් අනේ රත්තරං....  My mind පලයං පලයං පලයං දෑහට නොපෙනී පලයං  රෙද්ද,Someone sing යනවා නම් අනේ රත්තරං.... මය් mind පලයං පලයං පලයං දෑහට නොපෙනී පලයං රෙද්ද,Harassment,0.9502
"@USER Sorry .. example එකක් විදිහට AB+ තියන තාත්ත කෙනෙකුයි A- අම්ම කෙනෙකුටයි  ... + තියන ළමයෙක් අම්මගෙ බඩේ හැදුනම ,අම්මගෙ ලේ වලට බබාගෙ ලේ ගැලපෙන්නෙ නැති නිසා අම්මගෙ ඇගෙන් Antibodies හදලා බබාට හානියක් කරනව නේද ?","Sorry .. example එකක් විදිහට අබ තියන තාත්ත කෙනෙකුයි අ අම්ම කෙනෙකුටයි ... + තියන ළමයෙක් අම්මගෙ බඩේ හැදුනම ,අම්මගෙ ලේ වලට බබාගෙ ලේ ගැලපෙන්නෙ නැති නිසා අම්මගෙ ඇගෙන් antibodies හදලා බබාට හානියක් කරනව නේද ?",Harassment,0.9692
Sticker ගහල බෑනේ උබට සිංහලයෙක් වෙන්න  රටට තැනක් දීල යකෝ බඩ පිරෙන්න කන්න  කවදාවත් බෑනේ තොපිට එකා  වගේ ඉන්න  අවුල... URL,Sticker ගහල බෑනේ උබට සිංහලයෙක් වෙන්න රටට තැනක් දීල යකෝ බඩ පිරෙන්න කන්න කවදාවත් බෑනේ තොපිට එකා වගේ ඉන්න අවුල... උර්ල්,Harassment,0.9116
@USER Sure. Check the DM. ඇවිත් අරං පලයන්. මම සිකුරිටිට කියන්නම් උඹේ විස්තර ටික. ඌ දෙයි එතකොට,Sure. Check the දම් ඇවිත් අරං පලයන්. මම සිකුරිටිට කියන්නම් උඹේ විස්තර ටික. ඌ දෙයි එතකොට,Harassment,0.9404
Teacher-දෙහිවල මොකද්ද තියෙන්නේ පුතේ? Student-සත්තු වත්ත ටීචර් Teacher-යකෝ විටමින් සී යකෝ,Teacher-දෙහිවල මොකද්ද තියෙන්නේ පුතේ? Student-සත්තු වත්ත ටීචර් Teacher-යකෝ විටමින් සී යකෝ,Harassment,0.9302
Team බඩ බොල තට්ටයාස්  @USER  #NamesforTCLSLTeams,Team බඩ බොල තට්ටයාස් නංඑස්ෆොර්ත්ක්ල්ස්ල්තෙංස්,Harassment,0.9658
@USER Test ගහන්න කියාපු බඩුව,Test ගහන්න කියාපු බඩුව,Harassment,0.9717
@USER Thank you බයියනී පොල් ලෙලිවලටත් ඡන්දේ දුන්නට. ලොකුම පුටුවේ ඉන්නේ එකා පොල්පිත්තෙන් හදාගත්තු පඹයෙක්.,Thank you බයියනී පොල් ලෙලිවලටත් ඡන්දේ දුන්නට. ලොකුම පුටුවේ ඉන්නේ එකා පොල්පිත්තෙන් හදාගත්තු පඹයෙක්.,Harassment,0.9102
"@USER  @USER Think as a gift . මහත් වෙන්න ලේසී , කෙට්ටු වෙන්න තමයි අමාරු","Think ඇස අ gift . මහත් වෙන්න ලේසී , කෙට්ටු වෙන්න තමයි අමාරු",Harassment,0.9614
@USER Traitor  @USER  දේශදෝරහි පිපිම්පියා. මූටත් ගහලා එලවන්න ඕනේ,Traitor දේශදෝරහි පිපිම්පියා. මූටත් ගහලා එලවන්න ඕනේ,Harassment,0.9487
@USER Translator කෙනෙකුත් ගන්න ඕන. ඒ යකා ඒකි එක්ක පැනලා යයි මට හුලං,Translator කෙනෙකුත් ගන්න ඕන. ඒ යකා ඒකි එක්ක පැනලා යයි මට හුලං,Harassment,0.9731
Trying whisky ice cream    වෙරි වගේ යකෝ. පොලිසියෙන් ඇල්ලුවොත් මොකක්ද කියන්නේ,Trying whisky ice cream වෙරි වගේ යකෝ. පොලිසියෙන් ඇල්ලුවොත් මොකක්ද කියන්නේ,Harassment,0.96
"Ward වල patientලා තඩි ගෙදරින් බත් මුල් අරන් අැවිත් වට කරගෙන කනවා, අපි එ්වා බල බල හුල්ල හුල්ල යනවා","Ward වල patientලා තඩි ගෙදරින් බත් මුල් අරන් අැවිත් වට කරගෙන කනවා, අපි එ්වා බල බල හුල්ල හුල්ල යනවා",Harassment,0.9717
"What is “තව බල්ලා පොල්ල හපාගෙන ඉන්න ජංගිය” ? @USER  · 14 Jun 2021 ඊයෙ රෙදි කඩේදී  මම: මම ආසයි රේන්ද තියෙන බ්‍රා එකට ඒක ඇන්ඳම සෙක්සි, තව බල්ලා පොල්ල හපාගෙන ඉන්න ජංගිය ඒකත් සෙක්සි.  වයිෆ්: (වටපිට බලයි) මං මේ බැලුවෙ ලංකාවෙ කව්රු හරි ඉන්නවද කියලා.ඇහුනොත් ලැජ්ජවෙ බෑ මනුස්සයො.  මම: මම කිව්වෙ මගෙ රුචිකත්වෙ","What ඉස “තව බල්ලා පොල්ල හපාගෙන ඉන්න ජංගිය” ? · 14 ජුන් 2021 ඊයෙ රෙදි කඩේදී මම: මම ආසයි රේන්ද තියෙන බ්‍රා එකට ඒක ඇන්ඳම සෙක්සි, තව බල්ලා පොල්ල හපාගෙන ඉන්න ජංගිය ඒකත් සෙක්සි. වයිෆ්: (වටපිට බලයි) මං මේ බැලුවෙ ලංකාවෙ කව්රු හරි ඉන්නවද කියලා.ඇහුනොත් ලැජ්ජවෙ බෑ මනුස්සයො. මම: මම කිව්වෙ මගෙ රුචිකත්වෙ",Harassment,0.9263
"Who says B Town is in the sticks? කවුරු හරි කිව්වොත් බොරලැස්ගමුව හෙන ඩොටේ කියල, ඌ⁣ට කණට දෙකක් ගහල මේක පෙන්නපං. #bigpimpin #represent","Who සය්ස් බ Town ඉස ඉන් the sticks? කවුරු හරි කිව්වොත් බොරලැස්ගමුව හෙන ඩොටේ කියල, ඌ⁣ට කණට දෙකක් ගහල මේක පෙන්නපං. බිග්පිම්පින් #represent",Harassment,0.9443
@USER Zaman මේ පොඩ්ඩක් අහපන්කෝ  පුක නොදී පලයන් බං,Zaman මේ පොඩ්ඩක් අහපන්කෝ පුක නොදී පලයන් බං,Harassment,0.9189
@USER  all out වෙද්දි උබ කොහෙද හිටියේ  ඒ වෙලේ පුක උලාගෙන ඉන්නැති නේ,all out වෙද්දි උබ කොහෙද හිටියේ ඒ වෙලේ පුක උලාගෙන ඉන්නැති නේ,Harassment,0.9365
@USER bike tour එකකින් ආපු සුද්දො ටිකකට දිවුල් දුන්නා උන්ගෙ කට පුක වුනා කෑවට පස්සෙ. දිවුල් නම ඇහෙන පැත්ත පලාතකවත් උං ආයෙ ඉන්නැති වෙයි,bike tour එකකින් ආපු සුද්දො ටිකකට දිවුල් දුන්නා උන්ගෙ කට පුක වුනා කෑවට පස්සෙ. දිවුල් නම ඇහෙන පැත්ත පලාතකවත් උං ආයෙ ඉන්නැති වෙයි,Harassment,0.9189
@USER @USER  @USER  crowd එකෙක්ගෙ ඔලුවට ගලක් ගහද්දි ඌ නැවිල.. ඒ ගල ගිහින් පිට්ටනියෙ වැදිල,crowd එකෙක්ගෙ ඔලුවට ගලක් ගහද්දි ඌ නැවිල.. ඒ ගල ගිහින් පිට්ටනියෙ වැදිල,Harassment,0.9336
@USER @USER enjoන්ට ටිකක් කල් යද්දී ගොන් මොරාල් හැදෙනව,enjoන්ට ටිකක් කල් යද්දී ගොන් මොරාල් හැදෙනව,Harassment,0.9453
free wifi දෙනවා කියලා fb block කලාම .. බඩ යන්න බෙහෙත් දීලා පුක මැහුවා වගෙ නෙද ප්‍රෙන්ස්,free විෆි දෙනවා කියලා ෆ්බ් block කලාම .. බඩ යන්න බෙහෙත් දීලා පුක මැහුවා වගෙ නෙද ප්‍රෙන්ස්,Harassment,0.9487
"how send me this  ඒකි ටෝක් කලොත්  ""කස්සප එන්න,මගේ ගුලට රස,ඔබන්න ඔබේ ඔය දණ්ඩ"" කියයි ඕයි උ*ද්දි   #UnfollowNangi","how send මේ this ඒකි ටෝක් කලොත් ""කස්සප එන්න,මගේ ගුලට රස,ඔබන්න ඔබේ ඔය දණ්ඩ"" කියයි ඕයි උ*ද්දි උන්ෆොල්ලොව්නැඟී",Harassment,0.98
just go men.. අනේ නිකං පලයන් හු*තෝ යන්න..  #PoshVsGode,just ගෝ men.. අනේ නිකං පලයන් හු*තෝ යන්න.. පොශ්ව්ස්ගොදේ,Harassment,0.9834
@USER mun දැන් පිරිලා.. FB eke... අවජාතක හැත්ත..,mun දැන් පිරිලා.. ෆ්බ් eke... අවජාතක හැත්ත..,Harassment,0.9575
@USER  phone එකයි acc එකයි ඔක්කොම දීපන් ලමයෙකුට  තොගේ Acc එක කසිප්පු ගහලද ගන්ජා ගහලද  Notifications එන්නේ නැහැ හු¥¥£තෝ හයියෝ,phone එකයි අක්ක එකයි ඔක්කොම දීපන් ලමයෙකුට තොගේ අක්ක එක කසිප්පු ගහලද ගන්ජා ගහලද නොටිෆිචාටිඔන්ස් එන්නේ නැහැ හු¥¥£තෝ හයියෝ,Harassment,0.9707
rich ගන්න tweet දාන සෙවලයොත් ඉන්නවා  ඒවට rich දෙන වේස සෙට් එකකුත් ඉන්නවා,rich ගන්න tweet දාන සෙවලයොත් ඉන්නවා ඒවට rich දෙන වේස සෙට් එකකුත් ඉන්නවා,Harassment,0.979
some people පුක දෙන්නමය් බලන් ඉන්නේ,some people පුක දෙන්නමය් බලන් ඉන්නේ,Harassment,0.9761
sunlight...පුක හෝදන සබන් කැටේ.. ගාපු ගමන් පුක සුදු වේ... සැනකෙලියේ පුක දිලිසේ..  #throwback,sunlight...පුක හෝදන සබන් කැටේ.. ගාපු ගමන් පුක සුදු වේ... සැනකෙලියේ පුක දිලිසේ.. #throwback,Harassment,0.978
"@USER @USER  this is enough. ""මාර සිංහලේ ඩයල්. සුස්ති, කටු කම්බී, විස්කි බ්‍ර්‍රෙන්ඩී, සිගරට්. උඹ මන්දබුද්ධික කියන එක එකෙන්ම පේනවා."".","this ඉස enough. ""මාර සිංහලේ ඩයල්. සුස්ති, කටු කම්බී, විස්කි බ්‍ර්‍රෙන්ඩී, සිගරට්. උඹ මන්දබුද්ධික කියන එක එකෙන්ම පේනවා."".",Harassment,0.9478
@USER @USER  what the hell රෙද්දක්වත් වේලාගන්න බෑ බොල :D,what the hell රෙද්දක්වත් වේලාගන්න බෑ බොල ද,Harassment,0.9834
| කකුල් දෙකේ කොටියට පුක දෙනවා.. කකුල් හතරේ කොටි නිකන් මරණවා..  නීතිය බල්ලට ගිහිපු රටක් පාලකයෝ ටික පොන්න රැලක්..,| කකුල් දෙකේ කොටියට පුක දෙනවා.. කකුල් හතරේ කොටි නිකන් මරණවා.. නීතිය බල්ලට ගිහිපු රටක් පාලකයෝ ටික පොන්න රැලක්..,Harassment,0.9409
| ලක් හෑල්ල |  බරු ගගහා ඇදලා කාපියව් කිරි පොවාපු බිබික්කං  කීතු කීතු කරලා අඹරපියව් ගලේ දාලා කුරක්කන්  මළ මිනියකට දැනෙන්නෑ හුස්ම ගියේ හොයළම මිනිස්කං  තොපි ගිනි තිබ්බට වැඩක් නෑ ඒකි හැඳිගෑවලා හුඟක් කල්  දැකලා නැද්ද පාට පාට ඇස් තෙමෙන්නේ එකම පාට... URL,| ලක් හෑල්ල | බරු ගගහා ඇදලා කාපියව් කිරි පොවාපු බිබික්කං කීතු කීතු කරලා අඹරපියව් ගලේ දාලා කුරක්කන් මළ මිනියකට දැනෙන්නෑ හුස්ම ගියේ හොයළම මිනිස්කං තොපි ගිනි තිබ්බට වැඩක් නෑ ඒකි හැඳිගෑවලා හුඟක් කල් දැකලා නැද්ද පාට පාට ඇස් තෙමෙන්නේ එකම පාට... උර්ල්,Harassment,0.9614
"~..දවසේ ඔවදන..~44~  Gσσԃ Mσɾɳιɳɠ Fҽʅʅαʂ..!  කෙල්ලෙක්ගේ ගෞරවය එක්ක සෙල්ලම් කරන්න කලින් දෙපාරක් හිතපන්, උඹේ අම්මාට උඹේ තාත්තා එදා එහෙම කලා නම්, උඹ අද ඒ අම්මා දාව ජාතක වුන අවජාතක දරුවෙක් කියලා. මලක් ඉම්බාට කමක් නෑ, ඒ මල තලන්න එපා බොලව්..   / 07 / 11  #ජීවිතයටඅරුතක්","~..දවසේ ඔවදන..~44~ ග ම ෆ කෙල්ලෙක්ගේ ගෞරවය එක්ක සෙල්ලම් කරන්න කලින් දෙපාරක් හිතපන්, උඹේ අම්මාට උඹේ තාත්තා එදා එහෙම කලා නම්, උඹ අද ඒ අම්මා දාව ජාතක වුන අවජාතක දරුවෙක් කියලා. මලක් ඉම්බාට කමක් නෑ, ඒ මල තලන්න එපා බොලව්.. / 07 / 11 #ජීවිතයටඅරුතක්",Harassment,0.9424
A : ඵල ඇති රුකටනෙ ගල් ගහන්නෙ නේ බං ? B : ඉතිං උඹ මයියොක්ක ගහක්නෙ කොහෙදෞත්තෝ බොට ඵල?  A : හාරල බලහංකෝ... අල්ලපු ගෙදර සුමනගෙ ගල පරාදයි මගෙ අල.. B : පල පල..මයියොකු ලොම්බ තොගේ අලේ හෑරුවම තෝ ජීවත්වෙන්නෙ කෝමද ? A : ආ ඇත්ත තමය්.. ඒනන් උඹ කාටවත් කියන්නෙප මගේ අලසයිස් ගැන.,අ : ඵල ඇති රුකටනෙ ගල් ගහන්නෙ නේ බං ? බ : ඉතිං උඹ මයියොක්ක ගහක්නෙ කොහෙදෞත්තෝ බොට ඵල? අ : හාරල බලහංකෝ... අල්ලපු ගෙදර සුමනගෙ ගල පරාදයි මගෙ අල.. බ : පල පල..මයියොකු ලොම්බ තොගේ අලේ හෑරුවම තෝ ජීවත්වෙන්නෙ කෝමද ? අ : ආ ඇත්ත තමය්.. ඒනන් උඹ කාටවත් කියන්නෙප මගේ අලසයිස් ගැන.,Harassment,0.9849
A B C නෙමෙයි Z team එක උනත් උන්ගෙ debut ගහන උන්ටත් අපෙ ටීම් එකට වඩා experience තියෙනවා ඒ නිසා හුක පක ගාගෙන එන්න එපා හමනනවා   #SLvIND,අ බ ච නෙමෙයි ළ් team එක උනත් උන්ගෙ debut ගහන උන්ටත් අපෙ ටීම් එකට වඩා experience තියෙනවා ඒ නිසා හුක පක ගාගෙන එන්න එපා හමනනවා ස්ල්වින්ඩ්,Harassment,0.9463
#a හංසමාලි තේඋඩිච්චි උබලද යකෝ බඩු අපිනේ යකෝ බඩු කියපු වස්තිලා මෙන්න URL,අ හංසමාලි තේඋඩිච්චි උබලද යකෝ බඩු අපිනේ යකෝ බඩු කියපු වස්තිලා මෙන්න උර්ල්,Harassment,0.9795
@USER  @USER අංකල්ට පුක පොලේ ගහගෙන මැරෙන්න හිතෙනවා ඇති,අංකල්ට පුක පොලේ ගහගෙන මැරෙන්න හිතෙනවා ඇති,Harassment,0.916
අකමැති ගෑණි එකිගෙ අම්මි View full image : URL URL,අකමැති ගෑණි එකිගෙ අම්මි View full image : උර්ල් උර්ල්,Harassment,0.9448
@USER අක්ක Alien ව නාවනව එතකොට අරක උඩට එනව. ඊට පස්සේ කෑල්ල තවත් රසවත්,අක්ක Alien ව නාවනව එතකොට අරක උඩට එනව. ඊට පස්සේ කෑල්ල තවත් රසවත්,Harassment,0.9009
"අක්කණ්ඩිය, තෙල පුක කිණිහිරය වැන්නේදැ? Lemon Puff (ලෙමන් පෆ්) @USER  · 6 Apr 2021 තැලෙන යකඩේ දැක්කම ආචාරියත් පුක උඩ දම දම තලනවලු..","අක්කණ්ඩිය, තෙල පුක කිණිහිරය වැන්නේදැ? Lemon Puff (ලෙමන් පෆ්) · 6 අප‍ 2021 තැලෙන යකඩේ දැක්කම ආචාරියත් පුක උඩ දම දම තලනවලු..",Harassment,0.9683
අක්කරයක් විතර තඩි පස්ස  #LankanReasonsToLikeSomeone,අක්කරයක් විතර තඩි පස්ස ලංකංරෙඅසොන්ස්තොලිකෙසොමෙඔනෙ,Harassment,0.9731
"@USER අක්කේ ඔයා ඔහොම දාපු එකේ අපිට දාන ඒවා ඔහොම දාන්න බෑ ප්‍රසිද්ධියේ, සමලිංගික මානසිකත්වයෙන් ඉන්න අංගවිකල පකේ line දෙන කොන්ඩම් දාන්නැතිව ගහලා හරහට ඉපදිච්ච වේස පොන්නයො තමා ඔහොම කරන්නේ.උගේ අම්මගේ එක බලාගන්න කියාං අක්කෙ උස්සලා අසහනෙ නං එච්චරටම","අක්කේ ඔයා ඔහොම දාපු එකේ අපිට දාන ඒවා ඔහොම දාන්න බෑ ප්‍රසිද්ධියේ, සමලිංගික මානසිකත්වයෙන් ඉන්න අංගවිකල පකේ line දෙන කොන්ඩම් දාන්නැතිව ගහලා හරහට ඉපදිච්ච වේස පොන්නයො තමා ඔහොම කරන්නේ.උගේ අම්මගේ එක බලාගන්න කියාං අක්කෙ උස්සලා අසහනෙ නං එච්චරටම",Harassment,0.979
"අකුනක් ගහලා මේකෙ එකෙක්ගේ ගෙදර පොල්කටු ඉස්තිරික්කෙයි, වංගෙඩියයි , මිරිස්ගලයි කරන්ට් ශෝට්වෙලා පිච්චිලාලු.  පව් යකෝ","අකුනක් ගහලා මේකෙ එකෙක්ගේ ගෙදර පොල්කටු ඉස්තිරික්කෙයි, වංගෙඩියයි , මිරිස්ගලයි කරන්ට් ශෝට්වෙලා පිච්චිලාලු. පව් යකෝ",Harassment,0.9463
@USER අගෙයි අගෙයි  මන බඳී බඳී උඹ හොයන් වරෙන් මට බෝනික්කා  බඳිම් බඳිම් පෙම් ලුහුව මමත් දැන් මේ පද පෙරලිය හිත රන්දා #TweetlikeUnfollowNangi,අගෙයි අගෙයි මන බඳී බඳී උඹ හොයන් වරෙන් මට බෝනික්කා බඳිම් බඳිම් පෙම් ලුහුව මමත් දැන් මේ පද පෙරලිය හිත රන්දා ත්වෙඑත්ලිකෙඋන්ෆොල්ලොව්නංගි,Harassment,0.9102
අටසීයක් කඩ සද්දිත් ඇති පයියක් නවසීයක් වැල්පානින් බැඳි පයියක් කරු දෙකකින් උසුලාගෙන යන පයියක් කොතන දමාදෝ නොදනී කයි පයියක්  - ගුණසේන මහා සිංහල ශබ්දකෝෂය - - පයිය -,අටසීයක් කඩ සද්දිත් ඇති පයියක් නවසීයක් වැල්පානින් බැඳි පයියක් කරු දෙකකින් උසුලාගෙන යන පයියක් කොතන දමාදෝ නොදනී කයි පයියක් - ගුණසේන මහා සිංහල ශබ්දකෝෂය - - පයිය -,Harassment,0.9243
"අඩිය ගහල අම්මට හොරා ඉන්නව කියන්නෙ කරන්න අමාරු වැඩක් නෙවෙයි, කරන්න බැරි වැඩක්.. — thinking about අම්මගෙ මීටරේ..","අඩිය ගහල අම්මට හොරා ඉන්නව කියන්නෙ කරන්න අමාරු වැඩක් නෙවෙයි, කරන්න බැරි වැඩක්.. — thinking about අම්මගෙ මීටරේ..",Harassment,0.9502
අඩෙ ප්‍රබාගෙ අවජාතක පුතා  -CH4RR1TH @USER  · 2 Aug 2020  @USER වයසද පකෝ කිව්වෙ? එහෙනන් ප්‍රබාකරනුත් තොට කලින් නෙ ආවෙ.,අඩෙ ප්‍රබාගෙ අවජාතක පුතා -CH4RR1TH · 2 ඖග් 2020 වයසද පකෝ කිව්වෙ? එහෙනන් ප්‍රබාකරනුත් තොට කලින් නෙ ආවෙ.,Harassment,0.9019
@USER @USER අඩේ උබලට ලෙලි යන්ඩ වහිනවද බම්.මෙහේ ලෙලි යන්ඩ පායලා කියහන්කෝ රෙද්ද ..,අඩේ උබලට ලෙලි යන්ඩ වහිනවද බම්.මෙහේ ලෙලි යන්ඩ පායලා කියහන්කෝ රෙද්ද ..,Harassment,0.9253
"@USER  අඩො එළදෙන,බැල්ලි,හිවලි happy birthday ඇන්ටො","අඩො එළදෙන,බැල්ලි,හිවලි happy birthday ඇන්ටො",Harassment,0.9243
අඩො තොට කනෙත් එක්ක අරිනව හරිද?? #SriLankanThreats,අඩො තොට කනෙත් එක්ක අරිනව හරිද?? ස්රිලංකංථ්රෙඅත්ස,Harassment,0.9849
"අඩො මම තමා one shot, උබලා වගේ උන්ව ලන්කට් එක පිටින් ටව්මේ වටේ යවන්න ඔනේ   #SriLankanThreats","අඩො මම තමා one shot, උබලා වගේ උන්ව ලන්කට් එක පිටින් ටව්මේ වටේ යවන්න ඔනේ ස්රිලංකංථ්රෙඅත්ස",Harassment,0.9688
"@USER  අඩො හම්බයා  ( උබට ගොඩක් උන් ආදරේට කියන නම) හැපි බර්ත් ඩේ. කොන්ඩෙ ගොතන, පුක ලොකු කෙල්ලෙක් හම්බුවේවා කියලා පතනවා...","අඩො හම්බයා ( උබට ගොඩක් උන් ආදරේට කියන නම) හැපි බර්ත් ඩේ. කොන්ඩෙ ගොතන, පුක ලොකු කෙල්ලෙක් හම්බුවේවා කියලා පතනවා...",Harassment,0.957
අඩො huawei මොක හැදුවත් කමක්නෑ කියවන්න ලේසි නමක් දාගනිල්ලා,අඩො හුඅවෙඉ මොක හැදුවත් කමක්නෑ කියවන්න ලේසි නමක් දාගනිල්ලා,Harassment,0.9102
@USER  @USER අඩෝ අම්මට හුුකන කැරි පොන්න දෙමලා..තෝ දැනගනින්..දැං තියෙන්නේ තනි සිංහල ආණ්ඩුවක් හොඳේ,අඩෝ අම්මට හුුකන කැරි පොන්න දෙමලා..තෝ දැනගනින්..දැං තියෙන්නේ තනි සිංහල ආණ්ඩුවක් හොඳේ,Harassment,0.9805
"@USER අඩෝ උඹ අලුත්ද, මම විස්වාස කරා. පලයන් බන් පොයි නොකියා. උඹ ගොඩාක් ආදරේ වගේ ඌට  @USER  he really loves you bung","අඩෝ උඹ අලුත්ද, මම විස්වාස කරා. පලයන් බන් පොයි නොකියා. උඹ ගොඩාක් ආදරේ වගේ ඌට හේ really ලොවෙස් you bung",Harassment,0.9292
"අඩෝ ඔමික්රෝන්, තෝ ලංකාවට ආවොත්, තෝව මරනවා..","අඩෝ ඔමික්රෝන්, තෝ ලංකාවට ආවොත්, තෝව මරනවා..",Harassment,0.9858
අඩෝ කීර්ති සර් අපිට කියන්නේ බැල්ලිගේ පුතාලා කියලා කේසිරි සර් කියන්නේ අවජාතක බල්ලෝ කියලා එතකොට අපි අවජාතක බැල්ලිගේ පුතාලාද ඕයි? #TutionConvos,අඩෝ කීර්ති සර් අපිට කියන්නේ බැල්ලිගේ පුතාලා කියලා කේසිරි සර් කියන්නේ අවජාතක බල්ලෝ කියලා එතකොට අපි අවජාතක බැල්ලිගේ පුතාලාද ඕයි? තුතිඔන්කොන්වොස්,Harassment,0.9712
@USER අඩෝ ගොත පකයා.මෙක ඉවරයි කියලා පඩුවෙ ඉන්න හැදුවේ ගොං අපතයා. කවුද පකයෝ    උඹ.උබට පුලුවන්ද කෙලින් හීටගේන ඔලුව පහාත් කරලා උබේ පයිය දීහා බලන්න බඩ විකුනන් කන පේරේත හූත්තා..ස්ටූ හදා ගෙන කාපන් ඉම්‍ර්රාස් ගේ කොන,අඩෝ ගොත පකයා.මෙක ඉවරයි කියලා පඩුවෙ ඉන්න හැදුවේ ගොං අපතයා. කවුද පකයෝ උඹ.උබට පුලුවන්ද කෙලින් හීටගේන ඔලුව පහාත් කරලා උබේ පයිය දීහා බලන්න බඩ විකුනන් කන පේරේත හූත්තා..ස්ටූ හදා ගෙන කාපන් ඉම්‍ර්රාස් ගේ කොන,Harassment,0.9722
අඩෝ ජිම් පොඩ්ඩක් පලයන්.. බලපන් උඹේ හැටි...  යකඩ ඇගවල් වලට තමා හුත්තෝ මලකඩ අල්ලන්නෙත්....   #අමිත්ගේරුවන්වැකි,අඩෝ ජිම් පොඩ්ඩක් පලයන්.. බලපන් උඹේ හැටි... යකඩ ඇගවල් වලට තමා හුත්තෝ මලකඩ අල්ලන්නෙත්.... #අමිත්ගේරුවන්වැකි,Harassment,0.9819
අඩෝ  @USER   තෝ හැංගිලා ඉන්න තැනකින් වරෙන් කේක් අරන්. හැපි හෙලුකුට්ටන් ඩේ,අඩෝ තෝ හැංගිලා ඉන්න තැනකින් වරෙන් කේක් අරන්. හැපි හෙලුකුට්ටන් ඩේ,Harassment,0.9033
"අඩෝ නාකියා පතෝල කරල කඩනවා වගේ තෝ කඩනවා දෙකට,","අඩෝ නාකියා පතෝල කරල කඩනවා වගේ තෝ කඩනවා දෙකට,",Harassment,0.9824
අඩෝ පපුව පිච්චුනා වගේ. අැස් දෙකට කදුලු ඉනුවා ඔ්යි. ඉදකින් කැ* වේසි ලග හිටියනම් බස්සනවා හු*තට කඩුවක්.පව් බන්... URL,අඩෝ පපුව පිච්චුනා වගේ. අැස් දෙකට කදුලු ඉනුවා ඔ්යි. ඉදකින් කැ* වේසි ලග හිටියනම් බස්සනවා හු*තට කඩුවක්.පව් බන්... උර්ල්,Harassment,0.9443
"@USER අඩෝ මම හිතුවෙ උබලගෙ අම්ම උබට seen එක කියලා කියලා, අවුලක් නෑ මචන් අම්මගෙන් අහ ගනින්, අම්මගෙන් අහ ගෙන් උබේ ඇත්ත අම්මා අපි හොයා ගමු","අඩෝ මම හිතුවෙ උබලගෙ අම්ම උබට seen එක කියලා කියලා, අවුලක් නෑ මචන් අම්මගෙන් අහ ගනින්, අම්මගෙන් අහ ගෙන් උබේ ඇත්ත අම්මා අපි හොයා ගමු",Harassment,0.9131
අඩෝ මියා තෝව කනවා යකෝ ...පරාය,අඩෝ මියා තෝව කනවා යකෝ ...පරාය,Harassment,0.915
@USER  @USER    අඩෝ වසන්ත ගොං වස්සෝ  තෝ ඔය කොල්ලාව මරං කලා ආතල් ගන්නද හුත්තෝ බලං ඉන්නේ ? කැරියා  තොගේ බයි කැහිල්ලටද fake news පතුරුවන්නේ ? අවජාතක හැත්ත,අඩෝ වසන්ත ගොං වස්සෝ තෝ ඔය කොල්ලාව මරං කලා ආතල් ගන්නද හුත්තෝ බලං ඉන්නේ ? කැරියා තොගේ බයි කැහිල්ලටද fake news පතුරුවන්නේ ? අවජාතක හැත්ත,Harassment,0.9839
අඩෝ හසීම් අම්මට හු*** වේ*ගෙ පුතා උඹ නේද හු** වල්ඩ් ට්‍රේඩ් සෙන්ටර් එකේ කාමර නොදී මගෙ දිවුරුං දීමට කෙලින්න හැදුවේ හිටං උඹට කොරන වැඩේ බලාගං,අඩෝ හසීම් අම්මට හු*** වේ*ගෙ පුතා උඹ නේද හු** වල්ඩ් ට්‍රේඩ් සෙන්ටර් එකේ කාමර නොදී මගෙ දිවුරුං දීමට කෙලින්න හැදුවේ හිටං උඹට කොරන වැඩේ බලාගං,Harassment,0.9849
"@USER  @USER අඩෝ හැකරයො තෝ ගාල්ලෙ නේද, තෝ ටෝක්ස් දැම්මට නුවර මිනිස්සු තෝව පඩේකට ගනං ගන්නෙ නෑ ඕයි #DifferentYetEqual","අඩෝ හැකරයො තෝ ගාල්ලෙ නේද, තෝ ටෝක්ස් දැම්මට නුවර මිනිස්සු තෝව පඩේකට ගනං ගන්නෙ නෑ ඕයි දිෆ්ෆෙරෙන්ත්යෙතෙකුඅල්",Harassment,0.9844
"@USER අඩෝ, උඹ ඇපලක් use කරන්වා.. අම්මට huawei යක් අරන් දුන්නා නෙහ්.. කැත වැඩ කරන්න එපා යකෝ..","අඩෝ, උඹ ඇපලක් use කරන්වා.. අම්මට හුඅවෙඉ යක් අරන් දුන්නා නෙහ්.. කැත වැඩ කරන්න එපා යකෝ..",Harassment,0.9824
අතට එහාපැත්‍තෙන් පේන්නෙ ඇත්ත පුක නෙමෙ කියලාමයි මට හිතෙන්නේ...ඒ අර ඇඳුමෙම අනික් පස පලුව..,අතට එහාපැත්‍තෙන් පේන්නෙ ඇත්ත පුක නෙමෙ කියලාමයි මට හිතෙන්නේ...ඒ අර ඇඳුමෙම අනික් පස පලුව..,Harassment,0.9297
අතට කීයක් හරි එනකොට සෙරෙපුවෙ පටිය හරි කැඩෙනව යකෝ,අතට කීයක් හරි එනකොට සෙරෙපුවෙ පටිය හරි කැඩෙනව යකෝ,Harassment,0.9697
අතට ගත්ත එක කටට දාගන්න පින නැහැ කියල පිරුළුක් හැදිල තියෙන්නේ නිකං නෙවේ කියල අද තෙරුනා අායිබොං..!,අතට ගත්ත එක කටට දාගන්න පින නැහැ කියල පිරුළුක් හැදිල තියෙන්නේ නිකං නෙවේ කියල අද තෙරුනා අායිබොං..!,Harassment,0.9048
අතට ගත්ත දේ කටට දා ගන්න බැරි උන් දැකල තිබ්බට කටට දා ගත්ත දේ දිරවගන්න බැරි උන් දැක්කමයි #IND v #BAN #WT20,අතට ගත්ත දේ කටට දා ගන්න බැරි උන් දැකල තිබ්බට කටට දා ගත්ත දේ දිරවගන්න බැරි උන් දැක්කමයි ඉන්ද් ව #BAN #WT20,Harassment,0.9604
අතට ගත්ත දේ කටට දාගන්න ඇයි බැරි #ban #BANvsIND #chokedout,අතට ගත්ත දේ කටට දාගන්න ඇයි බැරි #ban බන්ව්සින්ඩ් චොකෙදෞත්,Harassment,0.9448
අතට දුන්න catch එක කටට දාගන්න බෑනේ මුන්ට  #NZvSL,අතට දුන්න catch එක කටට දාගන්න බෑනේ මුන්ට න්ළ්ව්ස්ල,Harassment,0.9204
අතුල්ලනකොට ලෙලි යන්න අතුල්ලපන්.. එතකොටයි රසවත්  මිරිස් ගල Lahiru | @USER  · 9 Jan 2021 මාව රත් කරලා අතුල්ලපන්   අයන් එක  twitter.com/baniskolla/sta…,අතුල්ලනකොට ලෙලි යන්න අතුල්ලපන්.. එතකොටයි රසවත් මිරිස් ගල ලහිරු | · 9 ජන 2021 මාව රත් කරලා අතුල්ලපන් අයන් එක ට්විට්ටේර්චොම්බනිස්කොල්ලස්ට,Harassment,0.9346
අතේ තියන දේ කටට දා ගන්න බැ බංගලදේශ්කාරයොන්ට  #IndvsBan,අතේ තියන දේ කටට දා ගන්න බැ බංගලදේශ්කාරයොන්ට ඉන්ද්ව්ස්බන්,Harassment,0.9424
"අද අපේ අසික්කිත ඩබලක් ගණිකාවක් බලන්න ගිහිං, ඒකි call කරල කියල bank acc. එකට සල්ලි දාන්න කියල, උන් 6000ක් දාල, ඒකි උන්ට පොල්ල තියල සාදු...","අද අපේ අසික්කිත ඩබලක් ගණිකාවක් බලන්න ගිහිං, ඒකි call කරල කියල bank අක්ක එකට සල්ලි දාන්න කියල, උන් 6000ක් දාල, ඒකි උන්ට පොල්ල තියල සාදු...",Harassment,0.9844
"අද එකෙක් මට කියනවා ලංකාවේ මෙච්චර ප්‍රශ්ණ තියනවා අපේ උන් මේ ඇතෙක් අල්ලන් දගලනවා, ඇයි යකෝ ඇතා ""ලොකුද?"" කියලා.   ඇතා ලොකුයි තමයි හු&@). පොඩිම ඇතත් අපිට වඩා ලොකුයි යකෝ... රෙද්ද!","අද එකෙක් මට කියනවා ලංකාවේ මෙච්චර ප්‍රශ්ණ තියනවා අපේ උන් මේ ඇතෙක් අල්ලන් දගලනවා, ඇයි යකෝ ඇතා ""ලොකුද?"" කියලා. ඇතා ලොකුයි තමයි හු&@). පොඩිම ඇතත් අපිට වඩා ලොකුයි යකෝ... රෙද්ද!",Harassment,0.9316
අද ජප්පෙක්ගෙන් අහුව සැරට කන්නෙ නැත්තෙ රෙනකොට පුක දන හින්දලු,අද ජප්පෙක්ගෙන් අහුව සැරට කන්නෙ නැත්තෙ රෙනකොට පුක දන හින්දලු,Harassment,0.98
අද දවල්ට සුප්  කෝකියෝ තොට හීන් නූලට බඩ පලයන් පරයා,අද දවල්ට සුප් කෝකියෝ තොට හීන් නූලට බඩ පලයන් පරයා,Harassment,0.9468
අද Portugal පරදින හැටි බලන්න හිටියේ.. විදුලිබල වේසිගේ පුතාලා කරන්ට් එක විසන්ධි කලා නේ  ශික් හුත්ත ඉඳලා ඉඳාලා කොන් නොවී ඉන්න මැච් එකක් බලන්න ගත්තම තමයි මේ පොන්න වේසිගේ පුතාලත් අපිට කෙලින්නේ  හෙන ගහන්න ඕනේ ඕකුන්ට පර හැත්ත,අද පොර්ටුගල් පරදින හැටි බලන්න හිටියේ.. විදුලිබල වේසිගේ පුතාලා කරන්ට් එක විසන්ධි කලා නේ ශික් හුත්ත ඉඳලා ඉඳාලා කොන් නොවී ඉන්න මැච් එකක් බලන්න ගත්තම තමයි මේ පොන්න වේසිගේ පුතාලත් අපිට කෙලින්නේ හෙන ගහන්න ඕනේ ඕකුන්ට පර හැත්ත,Harassment,0.9658
අද මං නැතුව රූම් කියපු උන්ට බඩේ අමාරු හැදියන් ඒස්වාහ් පුක්,අද මං නැතුව රූම් කියපු උන්ට බඩේ අමාරු හැදියන් ඒස්වාහ් පුක්,Harassment,0.9199
"@USER අද වැස්ස නැවතුන හින්ද අම්ම පුකට පයින් ගහල කියන්න ඇති ""ඉස්කෝලෙ පල"" කියල","අද වැස්ස නැවතුන හින්ද අම්ම පුකට පයින් ගහල කියන්න ඇති ""ඉස්කෝලෙ පල"" කියල",Harassment,0.9102
අද හුකන් නැති පයිය අතේ ගහන්නද. #WalProverbs,අද හුකන් නැති පයිය අතේ ගහන්නද. වල්ප්රෝවෙර්බ්ස්,Harassment,0.9829
අදනම් වහිනවා පුතේ පුක නැති වෙන්නම බොලටත් වහිනවන්ම් ඉන්න පැත්ත කොටාගෙන පලයන් මචන් :3,අදනම් වහිනවා පුතේ පුක නැති වෙන්නම බොලටත් වහිනවන්ම් ඉන්න පැත්ත කොටාගෙන පලයන් මචන් :3,Harassment,0.9307
"අදෝ මෝමද් .. තෝ එන් නැද්ද අරහෙ අටකොරොස්දූවේ තන්බිට ගහනවා. පට්ට හැපනින් ලු. වරෙන්..එල්ලියන් පස්සෙන් .. බයික්කේ ටික දුරක් යද්දි තමයි මෝමද් ට මතක් වෙන්නේ උත්තෝ මමත් තන්බිනේ කියලා.. ඇත්තටම ගමේ ස්කෝල වලමුස්ලිම්, දෙමල සිංහල ඔක්කොම එකට ඉගෙන ගත්ත නම් ඕමත් වෙන්න ඉඩ තිබුනා.","අදෝ මෝමද් .. තෝ එන් නැද්ද අරහෙ අටකොරොස්දූවේ තන්බිට ගහනවා. පට්ට හැපනින් ලු. වරෙන්..එල්ලියන් පස්සෙන් .. බයික්කේ ටික දුරක් යද්දි තමයි මෝමද් ට මතක් වෙන්නේ උත්තෝ මමත් තන්බිනේ කියලා.. ඇත්තටම ගමේ ස්කෝල වලමුස්ලිම්, දෙමල සිංහල ඔක්කොම එකට ඉගෙන ගත්ත නම් ඕමත් වෙන්න ඉඩ තිබුනා.",Harassment,0.9692
අන්තරේට ඇස්වහගෙන පුක දෙන උන් විශ්වගෙ tweet එක කියවපන්!,අන්තරේට ඇස්වහගෙන පුක දෙන උන් විශ්වගෙ tweet එක කියවපන්!,Harassment,0.9526
අන්තිමට ත්‍රිකෝණයේ උලට පුක තියලා වාඩි වෙන්න තමයි තියෙන්නෙ,අන්තිමට ත්‍රිකෝණයේ උලට පුක තියලා වාඩි වෙන්න තමයි තියෙන්නෙ,Harassment,0.9355
"Andre Russell ලා පුක ඉරාගෙන බෝල් කරන්නේ, ගහන්නේ IPL වල විතරයි","අන්දරේ රුස්සෙල්ල් ලා පුක ඉරාගෙන බෝල් කරන්නේ, ගහන්නේ ඉපල් වල විතරයි",Harassment,0.9111
"අන්න අක්කේ. අක්කේ. බබා හරකා ලඟට ගිහිල්ලා. දැන් ඕකා පයීන් ගහයී. බුදු අම්මෝ. මෙහෙ වරෙන්. කීව නේද යන්න එපා කියලා (පටාස්, පටාස්, පුකට පහර දෙකයී) ඈ ඈ.. හ්.. ඈ. ඈ..  නවත්තහං ඇඩිල්ල. කියන දේ අහන්නේ. ආච්චි කෙනෙක් වගේ. යනව මෙතන.. Vickie Schneider @USER  · 20 Jan I wish you all a wonderful weekend ahead. I'll be back next week. Enjoy the best of life    Love you all","අන්න අක්කේ. අක්කේ. බබා හරකා ලඟට ගිහිල්ලා. දැන් ඕකා පයීන් ගහයී. බුදු අම්මෝ. මෙහෙ වරෙන්. කීව නේද යන්න එපා කියලා (පටාස්, පටාස්, පුකට පහර දෙකයී) ඈ ඈ.. හ්.. ඈ. ඈ.. නවත්තහං ඇඩිල්ල. කියන දේ අහන්නේ. ආච්චි කෙනෙක් වගේ. යනව මෙතන.. වික්කිඑ Schneider · 20 ජන ඉ wish you all අ wonderful weekend ahead. I'll බේ back next week. Enjoy the best ඔෆ් life Love you all",Harassment,0.958
අන්න අපේ ඉස්කෝලෙ එකෙක් කෙල්ලෙක් උස්සනවා..අන්න අපේ එකෙක් හොරකං කරනවා.අන්න අපේ ඉස්කෝලෙ එකෙක් බීල පුක පෙන්න පෙන්න වැනි වැනි පාරෙ යනවා..,අන්න අපේ ඉස්කෝලෙ එකෙක් කෙල්ලෙක් උස්සනවා..අන්න අපේ එකෙක් හොරකං කරනවා.අන්න අපේ ඉස්කෝලෙ එකෙක් බීල පුක පෙන්න පෙන්න වැනි වැනි පාරෙ යනවා..,Harassment,0.9556
අන්න අරුන් LPL එකටත් දේශපාලනේ ගාවගන්නව.ඔයි වේසිගෙ පුතාල කැමතියි මොනවහරි වෙල ඒකත් කැන්සල් වෙනවනම්.නොදකින් ඕකුන්නම්...,අන්න අරුන් ල්ප්ල් එකටත් දේශපාලනේ ගාවගන්නව.ඔයි වේසිගෙ පුතාල කැමතියි මොනවහරි වෙල ඒකත් කැන්සල් වෙනවනම්.නොදකින් ඕකුන්නම්...,Harassment,0.9131
අන්න දොස්තරලට කඩ වල බඩු විකුනන්නෙ නෑ කියලා රිදිලා  යකෝ උන් යන්නෙ Supermarket. උබලගෙ ලමයෙක් ලෙඩ උනාම තේරෙයි..,අන්න දොස්තරලට කඩ වල බඩු විකුනන්නෙ නෑ කියලා රිදිලා යකෝ උන් යන්නෙ Supermarket. උබලගෙ ලමයෙක් ලෙඩ උනාම තේරෙයි..,Harassment,0.9512
"අන්න පාතාලේ ""කබරයත්"" අල්ලලූ! තලගොයා මීළඟට උඹ තමා!! හිකනලත් පරිස්සමින්","අන්න පාතාලේ ""කබරයත්"" අල්ලලූ! තලගොයා මීළඟට උඹ තමා!! හිකනලත් පරිස්සමින්",Harassment,0.9727
අන්න මුරලිගේ කථාවට. අර  (සු)නක දේශ අප්‍රිය.  කට ඇරලා. ගෙරි ගොන් ප*යා මෙච්චර දවස් මැරිලද හිටියේ.  තෝ මැරුනම වලටත් එක්ක හෙන හදලා හරි ගහන්න ඔනේ.,අන්න මුරලිගේ කථාවට. අර (සු)නක දේශ අප්‍රිය. කට ඇරලා. ගෙරි ගොන් ප*යා මෙච්චර දවස් මැරිලද හිටියේ. තෝ මැරුනම වලටත් එක්ක හෙන හදලා හරි ගහන්න ඔනේ.,Harassment,0.9531
අන්න රනිල් ලොක්ක කියනව test match තුන දිනුවේ අන්න පොර හින්දලු... දූ හු@#$ පොන්න ආතල් දෙන්නෙ  නැතුව.. — feeling angry,අන්න රනිල් ලොක්ක කියනව test match තුන දිනුවේ අන්න පොර හින්දලු... දූ හු@#$ පොන්න ආතල් දෙන්නෙ නැතුව.. — feeling angry,Harassment,0.9497
@USER අනික ඔයානෙ නේ පුක ඉර්‍රගෙන ආවෙ දෙසන්න මගෙ tweet එකට. ඔයාට ගෝචර නැත්තම් දාන ඒව පාඩුවෙ ඉන්න.  @USER,අනික ඔයානෙ නේ පුක ඉර්‍රගෙන ආවෙ දෙසන්න මගෙ tweet එකට. ඔයාට ගෝචර නැත්තම් දාන ඒව පාඩුවෙ ඉන්න.,Harassment,0.9121
@USER අනික් උන්ගේ ෆොටෝ අරං විකෘති වැඩ වලට යොදාගන්න අවජාතක වේසිගේ පුත්තු නම් වැහි වැහැලා. උන්ට බයේ තමන්ගේ දරුවෙක්ගේ ෆොටෝ නොදා ඉන්නවා නම් දරුවොත් නොහදහම ඉන්න ඕනේ බය වෙලා. එහෙම බැලුවොත් තරුණ කෙල්ලෙක්ට සමාජ මාධ්‍යවල ෆොටෝ දාන්නම වෙන්නේ නෑ.,අනික් උන්ගේ ෆොටෝ අරං විකෘති වැඩ වලට යොදාගන්න අවජාතක වේසිගේ පුත්තු නම් වැහි වැහැලා. උන්ට බයේ තමන්ගේ දරුවෙක්ගේ ෆොටෝ නොදා ඉන්නවා නම් දරුවොත් නොහදහම ඉන්න ඕනේ බය වෙලා. එහෙම බැලුවොත් තරුණ කෙල්ලෙක්ට සමාජ මාධ්‍යවල ෆොටෝ දාන්නම වෙන්නේ නෑ.,Harassment,0.9551
අනිච්චේ දුඛ්ඛේ සංසරෙ බොලාගෙ කටට අසූජි වක්කොරේ නද්ද අපි මේ  බලා ඉන්නෙ ඒ ටිකත් කොරනකල් මහින්දට වඩා හොද අතු අල්ලන්න... URL,අනිච්චේ දුඛ්ඛේ සංසරෙ බොලාගෙ කටට අසූජි වක්කොරේ නද්ද අපි මේ බලා ඉන්නෙ ඒ ටිකත් කොරනකල් මහින්දට වඩා හොද අතු අල්ලන්න... උර්ල්,Harassment,0.9717
@USER අනිත් එවුන් යන්න ඉන්නේ කියල කෑගහන්න ඉස්සරවෙලා උඹ කොහෙද ඉන්නේ බලපන් අවජාතක නාකි කෙලතොල්ල.,අනිත් එවුන් යන්න ඉන්නේ කියල කෑගහන්න ඉස්සරවෙලා උඹ කොහෙද ඉන්නේ බලපන් අවජාතක නාකි කෙලතොල්ල.,Harassment,0.9346
අනුන් හුකන එක හොරෙන් හොරෙන් බල බල ඉන්නවට වඩා... තමුන්ගෙ ගෑනිට දැනෙන්න හුකපන් බොල කැරි කෑ දැත්තා...  ඕයේ..!!,අනුන් හුකන එක හොරෙන් හොරෙන් බල බල ඉන්නවට වඩා... තමුන්ගෙ ගෑනිට දැනෙන්න හුකපන් බොල කැරි කෑ දැත්තා... ඕයේ..!!,Harassment,0.9546
අනුන්ගෙ ජෝක් වලට වටෙන් පුක දෙන්න ගිහින් කතා අහගෙන වරෙන්කො  පුකෙන් හිනාවෙන්නෙ පුකෙන්,අනුන්ගෙ ජෝක් වලට වටෙන් පුක දෙන්න ගිහින් කතා අහගෙන වරෙන්කො පුකෙන් හිනාවෙන්නෙ පුකෙන්,Harassment,0.9419
@USER @USER   අනුන්ගෙ ලමයි නැලෙව්ව ඇති ඕයි. දැන්වත් තමන්ගෙ එකෙක් හදන් නලවනව. නාකි ලොම්බ.  @USER,අනුන්ගෙ ලමයි නැලෙව්ව ඇති ඕයි. දැන්වත් තමන්ගෙ එකෙක් හදන් නලවනව. නාකි ලොම්බ.,Harassment,0.9824
@USER  @USER අනුන්ගේ tweet අස්සේ අප්පට හැමනෙන්නේ කොහෙ යන වේස පුතෙක්ද මේ. මං දාන්නේ මට ඕන එක. හැමනෙන්නේ නැතුව පලයන් තොලොංචි වෙලා,අනුන්ගේ tweet අස්සේ අප්පට හැමනෙන්නේ කොහෙ යන වේස පුතෙක්ද මේ. මං දාන්නේ මට ඕන එක. හැමනෙන්නේ නැතුව පලයන් තොලොංචි වෙලා,Harassment,0.9888
අනුන්ගේ පුක ලෙව කාලා කාලම සමහර සත්තු මැරිල යයි. Slash - සිසිර @USER  · 28 Nov 2020 අහවල් කට්ටියටනම් අවු 12 අයත් බඳින්න අවසර තියෙනවා ලු.,අනුන්ගේ පුක ලෙව කාලා කාලම සමහර සත්තු මැරිල යයි. Slash - සිසිර · 28 නොව 2020 අහවල් කට්ටියටනම් අවු 12 අයත් බඳින්න අවසර තියෙනවා ලු.,Harassment,0.9604
අනුන්ට කියනවා උබට කොරෝනා කියලා අැත්තතම තොට හැදුන දවසට තේරෙයි බොල එ්කෙ පල විපාක පන්ඩිතයෙක් නොවී රටට වැඩදායි පුද්ගලයෙකු වෙය,අනුන්ට කියනවා උබට කොරෝනා කියලා අැත්තතම තොට හැදුන දවසට තේරෙයි බොල එ්කෙ පල විපාක පන්ඩිතයෙක් නොවී රටට වැඩදායි පුද්ගලයෙකු වෙය,Harassment,0.957
"@USER අනුන්ට කෙලෙව්වොත් තමන්ටත් කෙලවෙනව. හැමෝටම එකයි, මොන කැටයන් දැම්මත්.   මොණර නටනකොට ඌ දන්නෙ නෑ උගෙ පුක එළියෙ කියල.","අනුන්ට කෙලෙව්වොත් තමන්ටත් කෙලවෙනව. හැමෝටම එකයි, මොන කැටයන් දැම්මත්. මොණර නටනකොට ඌ දන්නෙ නෑ උගෙ පුක එළියෙ කියල.",Harassment,0.9111
"අනුර! දැන් උඹල යහපලනේට දත නියවල නියවල ඇරගත්තම, රෝසි මැඩම් පස්ස තියන කක්කුසියේ ගාන  හොයපන්. කැගහපන්. ඇත්තටම තොපි අඩුකුලේ සක්කිලි බන්. නොදකින් නැන්දට කෙලින එකාගේ පක්සේ.  @USER  #JVP #lka.  @USER DailyMirror @USER  · 17 May 2018 Rs.5.7m to refurbish toilets at Mayor's house: JVP URL","අනුර! දැන් උඹල යහපලනේට දත නියවල නියවල ඇරගත්තම, රෝසි මැඩම් පස්ස තියන කක්කුසියේ ගාන හොයපන්. කැගහපන්. ඇත්තටම තොපි අඩුකුලේ සක්කිලි බන්. නොදකින් නැන්දට කෙලින එකාගේ පක්සේ. ජ්ව්ප් ලක දෛල්ය්මිර්රෝර් · 17 May 2018 Rs.5.7m ටො refurbish තොඉලෙත්ස ඇත මයෝර්ස් house: ජ්ව්ප් උර්ල්",Harassment,0.9067
අනුරාධපුර උන් කටට විතරක් නෙවෙයි අහසට කියන්නෙත් මැද වච්චිය කියලා...  URL This Tweet is unavailable.,අනුරාධපුර උන් කටට විතරක් නෙවෙයි අහසට කියන්නෙත් මැද වච්චිය කියලා... උර්ල් This Tweet ඉස unavailable.,Harassment,0.9189
@USER අනෙ හුකාං ලැවරිය පුතානො උබල පට්ට කාලකණ්ණි අවජතක පකයි මෙ රටට හෙනයක් වගෙම අකුල් හෙලල පරහැත්ත එක්කරටට වින කටින්න අව  සක්කිලි unp එකම පොන්න පකයි ටිකක් ඉන්නෙ වගෙම මෙලො හසරක් නැතුව හිටපු උබට දැන් මාද්‍ය නිවෙදන නිකුත් කරන්න තරම් ඇම්ම කොහෙන්ද ආවෙ උබලයි යකො වල පල්ලට යන්න ඔන උන් රටට කෙලවන,අනෙ හුකාං ලැවරිය පුතානො උබල පට්ට කාලකණ්ණි අවජතක පකයි මෙ රටට හෙනයක් වගෙම අකුල් හෙලල පරහැත්ත එක්කරටට වින කටින්න අව සක්කිලි උන්ප් එකම පොන්න පකයි ටිකක් ඉන්නෙ වගෙම මෙලො හසරක් නැතුව හිටපු උබට දැන් මාද්‍ය නිවෙදන නිකුත් කරන්න තරම් ඇම්ම කොහෙන්ද ආවෙ උබලයි යකො වල පල්ලට යන්න ඔන උන් රටට කෙලවන,Harassment,0.9468
@USER @USER  අනේ අම්ම්ප මෙ ගෑනු ගහන පච වල මහත.යකෝ HP ට සරම අන්දවන්න බැරි නන් එක්කො ඌ ගෑනියෙක්. නැත්තං  ____ ක් .  @USER,අනේ අම්ම්ප මෙ ගෑනු ගහන පච වල මහත.යකෝ හප් ට සරම අන්දවන්න බැරි නන් එක්කො ඌ ගෑනියෙක්. නැත්තං ____ ක් .,Harassment,0.9819
"අනේ අම්මේ උඹ නපුරුද කියාපන්  =======================  අම්මේ උඹ අඩන්නේ ඇයි කියාපන්,  මහමෙර තරම් උහුලනව කියුවා නේද... URL","අනේ අම්මේ උඹ නපුරුද කියාපන් ======================= අම්මේ උඹ අඩන්නේ ඇයි කියාපන්, මහමෙර තරම් උහුලනව කියුවා නේද... උර්ල්",Harassment,0.9121
@USER අනේ අම්මේ තියා ගන්න ඔයාගේ මහ ලොකු බ්‍රසීල බඩුව......,අනේ අම්මේ තියා ගන්න ඔයාගේ මහ ලොකු බ්‍රසීල බඩුව......,Harassment,0.9844
@USER අනේ උට්ටෝ උබ පකේ අනිත් උන්ගේ Rt කර ගෙන හිටපිය. අනුන්ගේ tl එකේ කරන උට්ටවල් හොයන්නේ නැතිව. තොගේ...... පයියේ දේවල් දාන්න නෙමයි මම ඉන්නේ. පක මම දාන ට්වීට් වල ඔවා නෙමයි හායි කියලා දැම්මත් ඇතී තෝ වගේ ලයික් හිකනලේක් නෙමයි මම. එහෙම නම් මීට වඩා වීඩියෝ තියෙනවා දාන්න,අනේ උට්ටෝ උබ පකේ අනිත් උන්ගේ රට් කර ගෙන හිටපිය. අනුන්ගේ තල් එකේ කරන උට්ටවල් හොයන්නේ නැතිව. තොගේ...... පයියේ දේවල් දාන්න නෙමයි මම ඉන්නේ. පක මම දාන ට්වීට් වල ඔවා නෙමයි හායි කියලා දැම්මත් ඇතී තෝ වගේ ලයික් හිකනලේක් නෙමයි මම. එහෙම නම් මීට වඩා වීඩියෝ තියෙනවා දාන්න,Harassment,0.9404
@USER  @USER    අනේ උම්බ වගේ මෝඩ මුසලයෙක් ඉරාජ්  @USER  තෝ අසරණ ළමයි ගේ මොළ කීයක් විනාස කරාද ! උඹ ඉතින් ගණිකාවනේ අපේ online කරලියේ ! දාර පොන්නයා,අනේ උම්බ වගේ මෝඩ මුසලයෙක් ඉරාජ් තෝ අසරණ ළමයි ගේ මොළ කීයක් විනාස කරාද ! උඹ ඉතින් ගණිකාවනේ අපේ online කරලියේ ! දාර පොන්නයා,Harassment,0.9526
@USER අනේ උඹෙ අම්මට හුකාපං පොන්න වේසිගේ පුතා. තෝ කිව්වෙ කරේ ඒ වගේ දේවල්ද පොන්න වේසිගෙ පුතෝ. රට පාවලා දීපු කැරි බල්ලා. තෝ මාතර වෙච්ච එකයි පකෝ අපිට දුක.,අනේ උඹෙ අම්මට හුකාපං පොන්න වේසිගේ පුතා. තෝ කිව්වෙ කරේ ඒ වගේ දේවල්ද පොන්න වේසිගෙ පුතෝ. රට පාවලා දීපු කැරි බල්ලා. තෝ මාතර වෙච්ච එකයි පකෝ අපිට දුක.,Harassment,0.9897
@USER අනේ උඹේ අම්මට හුකාපං පොන්න වේසිගෙ පුතා. යස්මින් සූකා කියන්නෙ කව්ද කියලා තෝ අපිට කියන්න එපා පකෝ. ගොන් කැරියො තොපි මොන මඩ ප්‍රචාර ඇරියත් තොපිට ආයෙත් මේ රට කාබාසිනියා කරන්න දෙන්නෙ නෑ පකෝ. සක්කිලි වහල් වේසිගේ පුතා,අනේ උඹේ අම්මට හුකාපං පොන්න වේසිගෙ පුතා. යස්මින් සූකා කියන්නෙ කව්ද කියලා තෝ අපිට කියන්න එපා පකෝ. ගොන් කැරියො තොපි මොන මඩ ප්‍රචාර ඇරියත් තොපිට ආයෙත් මේ රට කාබාසිනියා කරන්න දෙන්නෙ නෑ පකෝ. සක්කිලි වහල් වේසිගේ පුතා,Harassment,0.9834
අනේ ඒක ආයිම කියන්න. . . . . . . . . . . . . . . . . . . . . . . . . . . . . . . . . . . . . . . . . . . . .උඹ වගේ එකෙක් හදාගත්තට වඩා හොඳයි ගොන් වැස්සෙක් හදාගත්ත නම් ටෝකා®  @USER  · 26 Sep 2019 අනේ ඒක ආයිම කියන්න. . . . . . . . . . . . නෑ මොකුත් නෑ,අනේ ඒක ආයිම කියන්න. . . . . . . . . . . . . . . . . . . . . . . . . . . . . . . . . . . . . . . . . . . . .උඹ වගේ එකෙක් හදාගත්තට වඩා හොඳයි ගොන් වැස්සෙක් හදාගත්ත නම් ටෝකා®  · 26 සේප 2019 අනේ ඒක ආයිම කියන්න. . . . . . . . . . . . නෑ මොකුත් නෑ,Harassment,0.9644
@USER අනේ ඔය පොන්න අසහනකරු block කරහන්.එක්කො report කරන්න,අනේ ඔය පොන්න අසහනකරු block කරහන්.එක්කො report කරන්න,Harassment,0.9727
@USER අනේ කොලු කාරයෙක් වෙයන් උඹේ පුප පලලා පලයන්.,අනේ කොලු කාරයෙක් වෙයන් උඹේ පුප පලලා පලයන්.,Harassment,0.9409
"@USER  @USER අනේ ගොන් වස්සෝ තොගේ කොන කපලා නේද තියෙන්නේ, උඹ මේ ගෙරි තම්බි ගොඩේ හැන්ගිලා කෑගහන්න එන්නේ, මොකද තොගෙත් බ්‍රේන් වොෂ්ද, නැත්ත බ්‍රේන් ෂෝර්ට් ද? උඹ ගැන මාත් මේ බලන් හිටියේ, උබෙත් ධාතුවේ අවුලක් තියෙනවා, පොඩ්ඩක් හොයල බලපන් මොන ධාතුවද කවලන් කියල, අපේ  @USER  බ්‍රෝ සද්ද එපා නානා","අනේ ගොන් වස්සෝ තොගේ කොන කපලා නේද තියෙන්නේ, උඹ මේ ගෙරි තම්බි ගොඩේ හැන්ගිලා කෑගහන්න එන්නේ, මොකද තොගෙත් බ්‍රේන් වොෂ්ද, නැත්ත බ්‍රේන් ෂෝර්ට් ද? උඹ ගැන මාත් මේ බලන් හිටියේ, උබෙත් ධාතුවේ අවුලක් තියෙනවා, පොඩ්ඩක් හොයල බලපන් මොන ධාතුවද කවලන් කියල, අපේ බ්‍රෝ සද්ද එපා නානා",Harassment,0.9697
අනේ ජූඩ්.. උඹේ ආනමාලු නැට්ට ට කිරි එරෙනකම් වත් කට පියන් හිටු. ඕවා කෑවම සෙම වැඩිවෙනවා. වැටකොලු පට්ට ගුණයි. ඒවගේම හරිම කලාත්මකයි. දාරවල ලස්සන බලපම්.උඹලගේ අවසානවට අපට දොස් කියන්නෙපා බං. #TeamWetakolu Dr. John H. Watson @USER  · 12 Apr 2020  @USER සීයේ ඔයාගෙ වයසට වැටකොලු වුනාට තාම ම⁣⁣ගෙ ආනමාලු...  #TeamAanamalu,අනේ ජූඩ්.. උඹේ ආනමාලු නැට්ට ට කිරි එරෙනකම් වත් කට පියන් හිටු. ඕවා කෑවම සෙම වැඩිවෙනවා. වැටකොලු පට්ට ගුණයි. ඒවගේම හරිම කලාත්මකයි. දාරවල ලස්සන බලපම්.උඹලගේ අවසානවට අපට දොස් කියන්නෙපා බං. ටෙඅම්වෙටකොලු ද්‍ර ජොහන් හ වට්සෝන් · 12 අප‍ 2020 සීයේ ඔයාගෙ වයසට වැටකොලු වුනාට තාම ම⁣⁣ගෙ ආනමාලු... ටෙඅමානමලු,Harassment,0.9097
අනේ තියා ගනින් උබේ බඩුව...,අනේ තියා ගනින් උබේ බඩුව...,Harassment,0.9839
@USER  @USER අනේ තොගෙ කට. තෝව මං ඉතුරු කරන්නැ වේසි. ඩිපෙන්ඩර් දාලා උස්සන්නෙ,අනේ තොගෙ කට. තෝව මං ඉතුරු කරන්නැ වේසි. ඩිපෙන්ඩර් දාලා උස්සන්නෙ,Harassment,0.9829
@USER  @USER අනේ නිකන් පලයන් නපුන්සකයා ලන්කාවේ ජාතියට ආගමට රට ගෑන හෑගීමක් නෑති තොපි වගේ උන් ඉපදුනේ ජාතියේම පවට. අවජාතක බල්ලා පොන්නයා තෝ ගිහින් රනිල්ගේ පය්ය උරපන්.,අනේ නිකන් පලයන් නපුන්සකයා ලන්කාවේ ජාතියට ආගමට රට ගෑන හෑගීමක් නෑති තොපි වගේ උන් ඉපදුනේ ජාතියේම පවට. අවජාතක බල්ලා පොන්නයා තෝ ගිහින් රනිල්ගේ පය්ය උරපන්.,Harassment,0.981
@USER අනේ පකයෝ..... අම්මට හිකුවේ බල්ලෙක්ද??  ජාතිවාදය අවුස්සන්නේ උබ හුත්තෝ..... කැරි පොන්නයා......  තොගේ පයිය කපල සොසේජස් හදලා ඌරන්ට කන්න දානවා.... දැනගනින් වේසිගෙ පුතා.... තොට ගාඩ් එක නැතුව එළියට බැස්සොත් වෙන දේ....  කැරි පකයා..... වේස බල්ලා..... අම්මා ගණිකාවක් තාත්ත සල්ලාලයෙක් ද??,අනේ පකයෝ..... අම්මට හිකුවේ බල්ලෙක්ද?? ජාතිවාදය අවුස්සන්නේ උබ හුත්තෝ..... කැරි පොන්නයා...... තොගේ පයිය කපල සොසේජස් හදලා ඌරන්ට කන්න දානවා.... දැනගනින් වේසිගෙ පුතා.... තොට ගාඩ් එක නැතුව එළියට බැස්සොත් වෙන දේ.... කැරි පකයා..... වේස බල්ලා..... අම්මා ගණිකාවක් තාත්ත සල්ලාලයෙක් ද??,Harassment,0.9893
@USER අනේ පල හුට්ටි තෝ එපාර මැරෙන්නද යන්නේ,අනේ පල හුට්ටි තෝ එපාර මැරෙන්නද යන්නේ,Harassment,0.915
@USER  @USER අනේ පලයං පොන්න වෙිසි තොගේ හැටි බලපං කො..ගොබ්බ වෙිසියො හින්දා තමයි කෙල විලා තියේන්නේ මෙි රටට කැරි කන වෙිසි,අනේ පලයං පොන්න වෙිසි තොගේ හැටි බලපං කො..ගොබ්බ වෙිසියො හින්දා තමයි කෙල විලා තියේන්නේ මෙි රටට කැරි කන වෙිසි,Harassment,0.9829
@USER අනේ පලයං බං යන්න. සිරාට කඩේ ගිහිං ඌ තෝපේ රෙදි ඔක්කොම ගලවලා තියෙද්දී තෝ එනවද හාමු වෙන්න. දැන් තොට යට කලිසමත් නෑ..  @USER,අනේ පලයං බං යන්න. සිරාට කඩේ ගිහිං ඌ තෝපේ රෙදි ඔක්කොම ගලවලා තියෙද්දී තෝ එනවද හාමු වෙන්න. දැන් තොට යට කලිසමත් නෑ..,Harassment,0.9526
@USER අනේ පලයං බඩා යන්න අවු. 75ක විතර බඩක් තියන් අපිට එනවා නාකි කියන්න  @USER  @USER  @USER,අනේ පලයං බඩා යන්න අවු. 75ක විතර බඩක් තියන් අපිට එනවා නාකි කියන්න,Harassment,0.9487
@USER @USER  අනේ පලයන් කොටෝ යන්න. තෝව කාටවත් පේන්නෙ නෑ,අනේ පලයන් කොටෝ යන්න. තෝව කාටවත් පේන්නෙ නෑ,Harassment,0.9761
"@USER අනේ පලයන් පොන්නයා යන්න, ගිහින් අම්මගෙන් අහගෙන වරෙන් කොයි බල්ලත් එක්ක හැමිනිලාද උඹවගේ පොන්නයෙක් ජාතක කලේ කියලා. හිතුවා කුනුහරප කියාගෙන ආවම උඹවගේ පොන්නයෙක්ට බයේ කට වහගනියි කියලා. මම තොට වැඩිය කුණුහරුපත් දන්නවා භාෂාවත් දන්නවා, තෝ වගේ පොන්නයොන්ට කතා කරන්නත් දන්නවා.","අනේ පලයන් පොන්නයා යන්න, ගිහින් අම්මගෙන් අහගෙන වරෙන් කොයි බල්ලත් එක්ක හැමිනිලාද උඹවගේ පොන්නයෙක් ජාතක කලේ කියලා. හිතුවා කුනුහරප කියාගෙන ආවම උඹවගේ පොන්නයෙක්ට බයේ කට වහගනියි කියලා. මම තොට වැඩිය කුණුහරුපත් දන්නවා භාෂාවත් දන්නවා, තෝ වගේ පොන්නයොන්ට කතා කරන්නත් දන්නවා.",Harassment,0.9766
@USER අනේ පලයන් බඩු කාලා හැදිච්ච එකා  පුක දෙන්න එනවා මල් පොන්නයා  @USER  @USER  @USER,අනේ පලයන් බඩු කාලා හැදිච්ච එකා පුක දෙන්න එනවා මල් පොන්නයා,Harassment,0.9805
@USER අනේ පලයන් වසන්ත. ගිහින් ලෙවකාපන් රාජපක්ෂලාගේ ගදගහන පුකවල්.  පුළුවන්නම් උනෙගේ පුකවල්වලට දිවත් දාන්න කැමති පොන්නයෙක් තෝ. ඉතාලියටම වෙලා සුද්දන්ගේ කකුස්සිය හෝදගෙන ඉදපියව්. ගස් නැගපු වැද්දන් ඉතාලියට ගියාම මෙහෙම වෙනවා.,අනේ පලයන් වසන්ත. ගිහින් ලෙවකාපන් රාජපක්ෂලාගේ ගදගහන පුකවල්. පුළුවන්නම් උනෙගේ පුකවල්වලට දිවත් දාන්න කැමති පොන්නයෙක් තෝ. ඉතාලියටම වෙලා සුද්දන්ගේ කකුස්සිය හෝදගෙන ඉදපියව්. ගස් නැගපු වැද්දන් ඉතාලියට ගියාම මෙහෙම වෙනවා.,Harassment,0.9692
@USER @USER අනේ පලයන් හරකො‌ නිකන්..පරයා අම්මට නො‌සලකන වසලයා. සිංහලයිනි මුන්ව පිලිකුල් කරපල්ලා. #GenElecSl,අනේ පලයන් හරකො‌ නිකන්..පරයා අම්මට නො‌සලකන වසලයා. සිංහලයිනි මුන්ව පිලිකුල් කරපල්ලා. ගෙනෙලේච්ස්ල්,Harassment,0.9102
@USER @USER  අනේ පලයන් හු** යන්න,අනේ පලයන් හු** යන්න,Harassment,0.918
@USER අනේ පොන්න පකෝ මට කොහෙවත් නැති එකියක්ට හුකන්න ඕන නෑ.... තොට මුනට කිව්වා වගේ තාමා මේම දැම්මාම... එක පුක ඉරාගෙන දගලන්නේ ගෝතයා...,අනේ පොන්න පකෝ මට කොහෙවත් නැති එකියක්ට හුකන්න ඕන නෑ.... තොට මුනට කිව්වා වගේ තාමා මේම දැම්මාම... එක පුක ඉරාගෙන දගලන්නේ ගෝතයා...,Harassment,0.9883
@USER අනේ පොන්නයො..තොගෙ අම්මා ජොලියට හුකලා වැරදිලා හිටලා උඹව ජාතක උනාට මේ ලංකාවේ අහිංසක මිනිස්සු පලි නෑ ඕයි. තෝ වගේ ජාතියක් ජන්මයක් නැති අවජාතක බල්ලො නිසා තමා මේ රටට කෙල වෙන්නෙ.. තො කොලුකාරයා කියලා අපි මොනවා කරන්නද. මේකෙන් වෙන සෙතේ මොකද්ද රටට කියලා ප්‍රසිද්ධ වේදිකාවෙ කියපං..,අනේ පොන්නයො..තොගෙ අම්මා ජොලියට හුකලා වැරදිලා හිටලා උඹව ජාතක උනාට මේ ලංකාවේ අහිංසක මිනිස්සු පලි නෑ ඕයි. තෝ වගේ ජාතියක් ජන්මයක් නැති අවජාතක බල්ලො නිසා තමා මේ රටට කෙල වෙන්නෙ.. තො කොලුකාරයා කියලා අපි මොනවා කරන්නද. මේකෙන් වෙන සෙතේ මොකද්ද රටට කියලා ප්‍රසිද්ධ වේදිකාවෙ කියපං..,Harassment,0.9829
@USER  @USER අනේ ඵුක නොදී යන්න මිත්‍රයා.. කන්නැත්තං නොකා ඉඳපිය.. තොපේ අවජාතක මතවාද අපේ ඇඟේ උලන්න එන්නැතුව..,අනේ ඵුක නොදී යන්න මිත්‍රයා.. කන්නැත්තං නොකා ඉඳපිය.. තොපේ අවජාතක මතවාද අපේ ඇඟේ උලන්න එන්නැතුව..,Harassment,0.979
අනේ බං රෙද්ද කරේ තියන් ගොන්නු වගේ කෑගහන්න කලින් ඉස්සෙල්ලා බලපං ඔය උබලා හෝදන ජංගිය ඇදපු ගෑනිගෙ ජංගියෙ හිල් නේද කියලා  එයාගෙ ජංගිය හිල් උන ගමන් උබලව මතක් වෙනවා උබලට කියලා ජංගිය මහගන්න  ගූ කාපන් ඕයි ඔයිට හොදයි,අනේ බං රෙද්ද කරේ තියන් ගොන්නු වගේ කෑගහන්න කලින් ඉස්සෙල්ලා බලපං ඔය උබලා හෝදන ජංගිය ඇදපු ගෑනිගෙ ජංගියෙ හිල් නේද කියලා එයාගෙ ජංගිය හිල් උන ගමන් උබලව මතක් වෙනවා උබලට කියලා ජංගිය මහගන්න ගූ කාපන් ඕයි ඔයිට හොදයි,Harassment,0.9604
@USER අනේ බං..මිනිස්සු ජන්දය දුන්නේ මුංගේ මේ කෝලං  බලන්න ද...රටට වැඩක් කරන්න ...කාලකණ්ණි වේසිගේ පුතාලා අපූ ගමං රඟන්න පටං ඇරං..,අනේ බං..මිනිස්සු ජන්දය දුන්නේ මුංගේ මේ කෝලං බලන්න ද...රටට වැඩක් කරන්න ...කාලකණ්ණි වේසිගේ පුතාලා අපූ ගමං රඟන්න පටං ඇරං..,Harassment,0.915
@USER  @USER අනේ බොල කටුස්සියෙ. ටිං බෙලෙක්කෙකට ගල් දානව වගේ උඹේ ටකරං කට,අනේ බොල කටුස්සියෙ. ටිං බෙලෙක්කෙකට ගල් දානව වගේ උඹේ ටකරං කට,Harassment,0.9448
@USER  @USER    අනේ බොල ගොං බල්ලො තොගෙ මොලේ පුකේද? තෝ වගේ මෝඩ වාහෙ කෙනෙක් මේ රටේ තවත් නැතුව ඇති. රටක් මහ ව්‍යසනයක් තියාගෙන තෝ කියන කතා තොගේ මොලේ තරම කියාදෙනවා ගොං නාම්බෝ.  තෝ සංචාරක මණ්ඩලයේ අධ්‍යක්ෂ කෙනෙක් නේද.. තෝ රජයේ සේවකයෙක් නේද .. මේ ආතල් දෙන්නෙ කාටද.. ආතල් ගන්න වෙලාවක්ද භල්ලෝ,අනේ බොල ගොං බල්ලො තොගෙ මොලේ පුකේද? තෝ වගේ මෝඩ වාහෙ කෙනෙක් මේ රටේ තවත් නැතුව ඇති. රටක් මහ ව්‍යසනයක් තියාගෙන තෝ කියන කතා තොගේ මොලේ තරම කියාදෙනවා ගොං නාම්බෝ. තෝ සංචාරක මණ්ඩලයේ අධ්‍යක්ෂ කෙනෙක් නේද.. තෝ රජයේ සේවකයෙක් නේද .. මේ ආතල් දෙන්නෙ කාටද.. ආතල් ගන්න වෙලාවක්ද භල්ලෝ,Harassment,0.939
අනේ බොල ලොන්ත පසික්කාඩු වඳ සිප්පියො. තෝ ෆේක් හදාගෙන ඇමිනෙන්න ආවට තොපිට ඇටෙන්ශන් දෙන්නෑ තවත්. තෝ බලාපිය ගිහින් තොගෙ ජාතකේ කොහෙද කියලා සිංහල ටිකවත් හරියට කතාකරගන්න බැරි ගොත සක්කිලි එනවා අනුන්ගෙ හක්කවල ඇද හොයන්ඩ. පඳුරු අස්සෙ ජාතක උනු උන්ට තමා ජාතියක් ජන්මයක් නැතුව ෆේක් වල හැංගෙන්නෙ රාක්ෂයා @USER  · 25 Dec 2020 වැඩක් කරන්න ඉස්සේල්ලා ත‌ෝ ප‌ොඩ්ඩක් ත්රීප‌ෝෂ පැකට් දෙකතුනක් අරගනෙ කාපන්....උඹ කිරෙන් බාලවෙලා තොගේ අම්මා හරියට කිරිදීලා නෑ.....ඒ්කයි.....ඇගේ හැටි විතරක් මූසල ගෙවල පෙරේතයා twitter.com/DulajOnline/st…,අනේ බොල ලොන්ත පසික්කාඩු වඳ සිප්පියො. තෝ ෆේක් හදාගෙන ඇමිනෙන්න ආවට තොපිට ඇටෙන්ශන් දෙන්නෑ තවත්. තෝ බලාපිය ගිහින් තොගෙ ජාතකේ කොහෙද කියලා සිංහල ටිකවත් හරියට කතාකරගන්න බැරි ගොත සක්කිලි එනවා අනුන්ගෙ හක්කවල ඇද හොයන්ඩ. පඳුරු අස්සෙ ජාතක උනු උන්ට තමා ජාතියක් ජන්මයක් නැතුව ෆේක් වල හැංගෙන්නෙ රාක්ෂයා · 25 දෙක් 2020 වැඩක් කරන්න ඉස්සේල්ලා ත‌ෝ ප‌ොඩ්ඩක් ත්රීප‌ෝෂ පැකට් දෙකතුනක් අරගනෙ කාපන්....උඹ කිරෙන් බාලවෙලා තොගේ අම්මා හරියට කිරිදීලා නෑ.....ඒ්කයි.....ඇගේ හැටි විතරක් මූසල ගෙවල පෙරේතයා ට්විට්ටේර්චොම්දුලජෝන්ලිනෙස්ට්,Harassment,0.9731
@USER  @USER අනේ මකබෑවියන් සුං-ගොනන්ද... අවජාතක P_K_දෙන්නා...!!,අනේ මකබෑවියන් සුං-ගොනන්ද... අවජාතක P_K_දෙන්නා...!!,Harassment,0.9863
අනේ මගේ notification ටික පිරිලා.. කොහෙද යන වල් බල්ලෙක් මගෙ පුක ලෙවකන්න හදනවා    #කන්දෙමල්ලි,අනේ මගේ notification ටික පිරිලා.. කොහෙද යන වල් බල්ලෙක් මගෙ පුක ලෙවකන්න හදනවා #කන්දෙමල්ලි,Harassment,0.9839
@USER අනේ මට අනම් අමනම් කියන උන්ගේ බඩ වල් මේම මේම මේං සයිස් ටොබ වෙලා ඉදගන්නකොට බඩ මූනේ වැදියන්,අනේ මට අනම් අමනම් කියන උන්ගේ බඩ වල් මේම මේම මේං සයිස් ටොබ වෙලා ඉදගන්නකොට බඩ මූනේ වැදියන්,Harassment,0.938
අනේ මට බෑ.. හිමින් පලයම් හු***  හිමින් පලයන්,අනේ මට බෑ.. හිමින් පලයම් හු*** හිමින් පලයන්,Harassment,0.9648
අනේ මාව දාල වෙන එකෙක් අල්ලගන්නකො කියල කොච්චර කීවත් මාවම අල්ලගෙන කන්න එනවා.. හුකල තියා අතින්වත් අල්ලලා නැති හින්ද වෙන්න ඇති මෙහෙම පරාල ඇණයක් වෙන්නේ. අපි මේ කැත ඩෑල් වෙල..ලස්සන කොල්ලොන්ට කොහොම වදයක් ඇතිද ඝෑනු සතුන්ගෙන්..  ඒ කෞද මොකද උනේ ආදී ගයාන් තාරක මොඩල් පස්න ඇසීමෙන් වලකින්න..,අනේ මාව දාල වෙන එකෙක් අල්ලගන්නකො කියල කොච්චර කීවත් මාවම අල්ලගෙන කන්න එනවා.. හුකල තියා අතින්වත් අල්ලලා නැති හින්ද වෙන්න ඇති මෙහෙම පරාල ඇණයක් වෙන්නේ. අපි මේ කැත ඩෑල් වෙල..ලස්සන කොල්ලොන්ට කොහොම වදයක් ඇතිද ඝෑනු සතුන්ගෙන්.. ඒ කෞද මොකද උනේ ආදී ගයාන් තාරක මොඩල් පස්න ඇසීමෙන් වලකින්න..,Harassment,0.9561
@USER  @USER අනේ යකෝ උඹ subsidies දන්නෙ නැතුව මෙතන තප්පුලලා දැන් typo typo ගාන්න එපා. ඇයි USA විතරද subsidies දෙන්නෙ?  උඹ හිතුවෙ මම වෙන රටකින්  කිරි subsidiary අරන් මෙහෙ විකුණන්න කිව්වා කියලද,අනේ යකෝ උඹ සුබ්සිදිඑස් දන්නෙ නැතුව මෙතන තප්පුලලා දැන් typo typo ගාන්න එපා. ඇයි උස විතරද සුබ්සිදිඑස් දෙන්නෙ? උඹ හිතුවෙ මම වෙන රටකින් කිරි subsidiary අරන් මෙහෙ විකුණන්න කිව්වා කියලද,Harassment,0.9673
@USER  @USER අනේ රීෂාඩ් බදුර්දීන් උබ හුකාහන් වේසිගේ බල්ලා,අනේ රීෂාඩ් බදුර්දීන් උබ හුකාහන් වේසිගේ බල්ලා,Harassment,0.9375
අනේ ලිස්සල පලයන් ලිෂාන් යන්න  අපේ childhood මුසික් හොටු සේමෂම්මියා  අවා මෙතන නහයයි කටයි මැද්දේ තිරුවාණ හොයන්න  ගිහිං අහපන් උබේ ටකරන් බෙලෙක්ක ඉන්ස්ටන් නංගිලාගේ කටහඬවල සෝ ගොර්ගූස් කියා කියා,අනේ ලිස්සල පලයන් ලිෂාන් යන්න අපේ childhood මුසික් හොටු සේමෂම්මියා අවා මෙතන නහයයි කටයි මැද්දේ තිරුවාණ හොයන්න ගිහිං අහපන් උබේ ටකරන් බෙලෙක්ක ඉන්ස්ටන් නංගිලාගේ කටහඬවල සෝ ගොර්ගූස් කියා කියා,Harassment,0.9209
"@USER අනේ සිංහල කොටියෝ, උඹ මේ රටට මහා බරක්. හෙනයක් වත් ගහල පලයන්. නැත්තන් පය ලිස්සා වැටිල මැරියන්. රට වනසන වේසිගේ පුතා","අනේ සිංහල කොටියෝ, උඹ මේ රටට මහා බරක්. හෙනයක් වත් ගහල පලයන්. නැත්තන් පය ලිස්සා වැටිල මැරියන්. රට වනසන වේසිගේ පුතා",Harassment,0.9878
අනේ හුකන්නෝ!!! ක්‍රිකට් ගහනව නම් ක්‍රිකට් ගහන් හිටපල්ලා පුක දීගෙන හැමිනෙන්නේ නැතුව...  තොපේ අම්මගේ රෙද්ද... කලු සල්ලි කිව්ව ගමන් ට්‍රිගර් වෙන ගොන් පකයො ටිකක් දාගෙන  ගහන මොන ක්‍රිකට් ද මේවා !,අනේ හුකන්නෝ!!! ක්‍රිකට් ගහනව නම් ක්‍රිකට් ගහන් හිටපල්ලා පුක දීගෙන හැමිනෙන්නේ නැතුව... තොපේ අම්මගේ රෙද්ද... කලු සල්ලි කිව්ව ගමන් ට්‍රිගර් වෙන ගොන් පකයො ටිකක් දාගෙන ගහන මොන ක්‍රිකට් ද මේවා !,Harassment,0.958
අනේ හුකේ   මම Tweet දැම්මාම තමා රෙද්ද උස්සන් එන්නෙ  මේ තියෙන්නෙ පුක හැදිල!,අනේ හුකේ මම Tweet දැම්මාම තමා රෙද්ද උස්සන් එන්නෙ මේ තියෙන්නෙ පුක හැදිල!,Harassment,0.9722
"@USER අනේ හුත්තිගේ පුතෝ, තෝ වගේ ගොං හුකන්නලා එක්ක මට ගනුදෙනුවක් නෑ. දන්න දේ කිව්වේ. තෝ දැකලා තියෙනවද Russell's viper bite තියෙන patients ලා ?","අනේ හුත්තිගේ පුතෝ, තෝ වගේ ගොං හුකන්නලා එක්ක මට ගනුදෙනුවක් නෑ. දන්න දේ කිව්වේ. තෝ දැකලා තියෙනවද රුස්සෙල්ල්ස් viper bite තියෙන පටිඑන්ට්ස් ලා ?",Harassment,0.9463
@USER අනේ හුත්තො ...තෝ වගේ කැරි පොන්නයො පර ජාතීන්ගේ පුක ලෙව කෑවට තාමත් කොන්ද පණ ඇති මිනිස්සු මේ රටේ ජීවත් වෙනව කැරියො..,අනේ හුත්තො ...තෝ වගේ කැරි පොන්නයො පර ජාතීන්ගේ පුක ලෙව කෑවට තාමත් කොන්ද පණ ඇති මිනිස්සු මේ රටේ ජීවත් වෙනව කැරියො..,Harassment,0.9502
අනේ හෙලවන්නැතුව ඉන්නවකෝ මේ ටික කටට දානකන්..... . . . . . . . . . . . . . . . . අන්ධයාට කිරි කවන්ඩ හෙන අමාරුයි ෆ්‍රෙන්ස්,අනේ හෙලවන්නැතුව ඉන්නවකෝ මේ ටික කටට දානකන්..... . . . . . . . . . . . . . . . . අන්ධයාට කිරි කවන්ඩ හෙන අමාරුයි ෆ්‍රෙන්ස්,Harassment,0.9023
@USER අනේද කියන්නේ. මුංගේ පකේ ජාති(ක)වාදේ. එක්තරා ලෙවල් එකකින් උඩට ඔය ආගම් ජාති බේද නෑ. ඒ සෙල්ලං ඔක්කොම අපිට තමා. ඕවට ඇන්දිලා පුක දීගෙන යන ගොං හැත්තගෙ පුක පලන්න ඕන මුලිං!,අනේද කියන්නේ. මුංගේ පකේ ජාති(ක)වාදේ. එක්තරා ලෙවල් එකකින් උඩට ඔය ආගම් ජාති බේද නෑ. ඒ සෙල්ලං ඔක්කොම අපිට තමා. ඕවට ඇන්දිලා පුක දීගෙන යන ගොං හැත්තගෙ පුක පලන්න ඕන මුලිං!,Harassment,0.9478
"@USER අනෝජ් සිල්වා.   මං පොර⁣ට හොඳවගෙන් කියල දුන්නා. ඌ මට කියනවා ""ඉන්ද්‍රජිත්"" කියන්නේ ඉන්දියාවේ නමක්ලු.   මම:- ""අම්මට හැමනෙන්න ⁣හුත්තිගේ පුතෝ තෝ ඔළුවේ තියාගෙන ඉන්න රාවණාගේ පුතා 'ඉන්ද්‍රජිත්' නෙවෙයිද?"" කියල reply කරා.  ඌ මට call කරල අනේ බුදු මල්ලියේ අර comment එක delete කරපන් කිව්වා.","අනෝජ් සිල්වා. මං පොර⁣ට හොඳවගෙන් කියල දුන්නා. ඌ මට කියනවා ""ඉන්ද්‍රජිත්"" කියන්නේ ඉන්දියාවේ නමක්ලු. මම:- ""අම්මට හැමනෙන්න ⁣හුත්තිගේ පුතෝ තෝ ඔළුවේ තියාගෙන ඉන්න රාවණාගේ පුතා 'ඉන්ද්‍රජිත්' නෙවෙයිද?"" කියල reply කරා. ඌ මට call කරල අනේ බුදු මල්ලියේ අර comment එක delete කරපන් කිව්වා.",Harassment,0.9233
අපරාදේ බං උඹ ලොකු උනේ. මලක්කරදරේ.  URL This Tweet is unavailable.,අපරාදේ බං උඹ ලොකු උනේ. මලක්කරදරේ. උර්ල් This Tweet ඉස unavailable.,Harassment,0.957
@USER @USER  අපස්මාරෙ හැදිච්ච එකෙක්ගේ පස්ස මහල බඩ යන්න බෙහෙත් දුන්නම ඔහොම සද්ද දානවා,අපස්මාරෙ හැදිච්ච එකෙක්ගේ පස්ස මහල බඩ යන්න බෙහෙත් දුන්නම ඔහොම සද්ද දානවා,Harassment,0.9028
@USER  @USER අප්පට හුකලා තියෙන්නෙ. ඇයි තෝ RT කරාට පස්සෙ බලා ගන්නම් කියන්නෙ බලාගෙන අතේ ගහන්ඩද පොන්න පකයා. ලැජ්ජයි හුත්තො. ඔච්චරම අමාරු නම් ගස් ලබු ගෙඩියක ඇස්ස කපල ගහ ගනින් පයිය එකේ. ඒත් එක්කම වැටකොළුවක් ගහගනින් පුකේ.  #TeamWatakolu,අප්පට හුකලා තියෙන්නෙ. ඇයි තෝ රට් කරාට පස්සෙ බලා ගන්නම් කියන්නෙ බලාගෙන අතේ ගහන්ඩද පොන්න පකයා. ලැජ්ජයි හුත්තො. ඔච්චරම අමාරු නම් ගස් ලබු ගෙඩියක ඇස්ස කපල ගහ ගනින් පයිය එකේ. ඒත් එක්කම වැටකොළුවක් ගහගනින් පුකේ. ටෙඅම්වටකොලු,Harassment,0.9858
අප්පිරිකාවෙන් star fren-zy උඩුකය  වහගන්න කියලා යටකය වැහෙන්න  තිබ්බ රෙද්ද ඇදල ගලවලා ගත්තම  ඔහොම වෙනවා,අප්පිරිකාවෙන් star fren-zy උඩුකය වහගන්න කියලා යටකය වැහෙන්න තිබ්බ රෙද්ද ඇදල ගලවලා ගත්තම ඔහොම වෙනවා,Harassment,0.9443
@USER අප්පො 2000 ප&කු මට පේන්න බෑ  මං දන්නව ඔයාට ඌට ගහන්න අමාරු කරනව,අප්පො 2000 ප&කු මට පේන්න බෑ මං දන්නව ඔයාට ඌට ගහන්න අමාරු කරනව,Harassment,0.9756
අපි Petrol ගහන්න ගියාම තමයි කොළඹ ඉන්න ඔක්කොටොම Petrol ගහන්න මතක් වෙන්නේ රෙද්ද!!!!,අපි Petrol ගහන්න ගියාම තමයි කොළඹ ඉන්න ඔක්කොටොම Petrol ගහන්න මතක් වෙන්නේ රෙද්ද!!!!,Harassment,0.9058
අපි කිරි බීල තමයි හැදුනෙ වැඩුනෙ. උඹ වගේ ගොන් කිරි බීල නෙමෙයි.  අපි කිරි බොන්නං උඹ කරුණාවතී එක්ක හුකපං URL,අපි කිරි බීල තමයි හැදුනෙ වැඩුනෙ. උඹ වගේ ගොන් කිරි බීල නෙමෙයි. අපි කිරි බොන්නං උඹ කරුණාවතී එක්ක හුකපං උර්ල්,Harassment,0.9761
අපි තමා හු#තෝ හොදටම කලේ,අපි තමා හු#තෝ හොදටම කලේ,Harassment,0.9453
"අපි නම් ඔය පුක පිහ දාන්නඑකබ්පැත්තයි මූනටඑකයි අතට එකයි කකුලට එකයි ... කියල සාලුව බෙදල නෑ.. කොටින්ම් කියුවොත් මට සාලුවක් නෑ..බිකෝස් මම නාන්නෙ නෑ නෙ.. මම ඉන්නෙ සහරා  . ... අපිට ඕවට වතුර නෑනෙ. Vidula @USER  · 11 Mar 2019 ටවල් එකෙන් පුක පිසදැමෙන පැත්තෙන්ම මූනත් පිසදැමීම පිළිබඳව ඔබ තැවෙනවාද,  නැත්නම් ඔහේ පිහදානවද?   #ජාතිකප්‍රශ්ණ twitter.com/isuru9696/stat…","අපි නම් ඔය පුක පිහ දාන්නඑකබ්පැත්තයි මූනටඑකයි අතට එකයි කකුලට එකයි ... කියල සාලුව බෙදල නෑ.. කොටින්ම් කියුවොත් මට සාලුවක් නෑ..බිකෝස් මම නාන්නෙ නෑ නෙ.. මම ඉන්නෙ සහරා . ... අපිට ඕවට වතුර නෑනෙ. විදුල · 11 Mar 2019 ටවල් එකෙන් පුක පිසදැමෙන පැත්තෙන්ම මූනත් පිසදැමීම පිළිබඳව ඔබ තැවෙනවාද, නැත්නම් ඔහේ පිහදානවද? #ජාතිකප්‍රශ්ණ twitter.com/isuru9696/stat…",Harassment,0.9194
අපි පිදුරංගල යනකොට පුක එලියෙ දාන්  photo ගන්න trend තිබ්බෙ නෑ මෙය,අපි පිදුරංගල යනකොට පුක එලියෙ දාන් photo ගන්න trend තිබ්බෙ නෑ මෙය,Harassment,0.9692
@USER  අපි මේ ඉන්නේ මෝඩයෝ සෙට් එකක් එක්කද?? මේවගේ ගොන් ප්‍රශ්න අහන..ඒවාට like කරන.. රටට ජාතියට අවජාතක උන්..අම්මා තාත්තා ගෙන් ගිහින් අහන්න  Wishmitha Lokaya - විශ්මිත ලෝකය @USER  · 18 Nov 2021 විරු දෑතින් නිමවූ -සඳහිරු සෑය අද සසුනට පුදකෙරෙයි,අපි මේ ඉන්නේ මෝඩයෝ සෙට් එකක් එක්කද?? මේවගේ ගොන් ප්‍රශ්න අහන..ඒවාට like කරන.. රටට ජාතියට අවජාතක උන්..අම්මා තාත්තා ගෙන් ගිහින් අහන්න විශ්මිත ලෝකය - විශ්මිත ලෝකය · 18 නොව 2021 විරු දෑතින් නිමවූ -සඳහිරු සෑය අද සසුනට පුදකෙරෙයි,Harassment,0.9229
@USER අපි වියත් මග වගේ සංවිධානයක් හදාගෙන ඒ මල්ලිට වැඩ කරද්දි තෝ වරකො කැම්පේන් ඉල්ලගෙන. පුකට පයිං ගහල පන්නන්නෙ . . .පුකට පුකට!,අපි වියත් මග වගේ සංවිධානයක් හදාගෙන ඒ මල්ලිට වැඩ කරද්දි තෝ වරකො කැම්පේන් ඉල්ලගෙන. පුකට පයිං ගහල පන්නන්නෙ . . .පුකට පුකට!,Harassment,0.9565
@USER අපි සුට්ටක් තොල ගෑවොත් තමා තෝ අපේ කටේ ලෝදිය වක්කොරාන්ඩ අරඅඳින්නෙ ගෙරි යමයා. හිටුකො මම් තොගෙ හාන්නැහැ ලව්වා තොගෙ කටේ ලෝදිය වක්කොරවන්ඩ ගෙරියා.,අපි සුට්ටක් තොල ගෑවොත් තමා තෝ අපේ කටේ ලෝදිය වක්කොරාන්ඩ අරඅඳින්නෙ ගෙරි යමයා. හිටුකො මම් තොගෙ හාන්නැහැ ලව්වා තොගෙ කටේ ලෝදිය වක්කොරවන්ඩ ගෙරියා.,Harassment,0.9873
@USER අපිගාව වැට මාර පොලු තියේ පුක ප්‍රවේසමෙන්,අපිගාව වැට මාර පොලු තියේ පුක ප්‍රවේසමෙන්,Harassment,0.9331
"අපිට දැන් උඹලට පුකෙන් හිනාවෙන්නත් බෑ මොකද උඹලගෙ ලොක්ක අරිනකොට අරින්නෙ wholesale පෝලිම් ගස්සල පැත්තකින් උන්න අපිටත් එක්ක.   දැන් කියන්න එපා ගෙදර ඉන්න උඹලට මොන මිල සූත්‍ර ගෑස්ද කියල. යකෝ අපිත් බිල් ගෙවනව, බඩුත් ගේනව. Chanuka Wijayakoon @USER  · 10 Oct 2021 දැන් ඔය ලෝක ආර්ථිකේ මේ බඩු අච්චර ගණන් මෙච්චර වෙනව කියන්නෙ ඉස්සර මිල සූත්‍ර වලට කිණ්ඩි දාපු අයමයි. ලෝක ආර්ථිකේ වෙනස් වෙද්දි රටේ ගණන් වෙනස් කරනවනම් ආණ්‌ඩුවක් මොකටද අහපු අයමයි.  තමන්ගෙම වදන් තමන්ටම වදිනකොට රිදෙනව නේද? කමක් නෑ එකිනෙකා පිට අත ගා ගන්නකො.","අපිට දැන් උඹලට පුකෙන් හිනාවෙන්නත් බෑ මොකද උඹලගෙ ලොක්ක අරිනකොට අරින්නෙ wholesale පෝලිම් ගස්සල පැත්තකින් උන්න අපිටත් එක්ක. දැන් කියන්න එපා ගෙදර ඉන්න උඹලට මොන මිල සූත්‍ර ගෑස්ද කියල. යකෝ අපිත් බිල් ගෙවනව, බඩුත් ගේනව. චානුක විජයකූන් · 10 ඔච්ට් 2021 දැන් ඔය ලෝක ආර්ථිකේ මේ බඩු අච්චර ගණන් මෙච්චර වෙනව කියන්නෙ ඉස්සර මිල සූත්‍ර වලට කිණ්ඩි දාපු අයමයි. ලෝක ආර්ථිකේ වෙනස් වෙද්දි රටේ ගණන් වෙනස් කරනවනම් ආණ්‌ඩුවක් මොකටද අහපු අයමයි. තමන්ගෙම වදන් තමන්ටම වදිනකොට රිදෙනව නේද? කමක් නෑ එකිනෙකා පිට අත ගා ගන්නකො.",Harassment,0.9116
@USER @USER  අපිට පාඩුවේ ඉන්න දෙනවද ඕයි? තොව බලෙන් ඇදලා ගත්තේ නානේ යකෝ,අපිට පාඩුවේ ඉන්න දෙනවද ඕයි? තොව බලෙන් ඇදලා ගත්තේ නානේ යකෝ,Harassment,0.9146
අපිට හිටිය ලපටි කැකුලු නාඹර වස්සා සැපට පටිය ජංගිය ඇන්දා උස්සා.. කනට රසට කේලම් කිව්වා පිස්සා.. තොලට පහස මදිවද දුන්නේ පස්සා.. #අමුතුමිතුරා,අපිට හිටිය ලපටි කැකුලු නාඹර වස්සා සැපට පටිය ජංගිය ඇන්දා උස්සා.. කනට රසට කේලම් කිව්වා පිස්සා.. තොලට පහස මදිවද දුන්නේ පස්සා.. #අමුතුමිතුරා,Harassment,0.9751
@USER  @USER අපිට හිරිකිත උනාට ගොංජා එක්ක කතාකරන කේප්ප වැස්සීට මාර චූන්. ඒකිත් මූටම ගැලපෙන අවජාතක වේ..... ක්.,අපිට හිරිකිත උනාට ගොංජා එක්ක කතාකරන කේප්ප වැස්සීට මාර චූන්. ඒකිත් මූටම ගැලපෙන අවජාතක වේ..... ක්.,Harassment,0.9653
අපිත් බෙන්තර ගගෙන් එහා ඕයි අපිව ගොනා කරන්න තෝ නාල වරෙන් හු--  @USER  @USER   නැද්ද බන්,අපිත් බෙන්තර ගගෙන් එහා ඕයි අපිව ගොනා කරන්න තෝ නාල වරෙන් හු-- නැද්ද බන්,Harassment,0.9468
@USER  @USER අපෙ අහවල් එක අරන් අපෙ පුක අස්සමටම  ගහනවා,අපෙ අහවල් එක අරන් අපෙ පුක අස්සමටම ගහනවා,Harassment,0.959
අපෙ කොම්පැනියෙ සමාර කෙල්ලොන්ට ඇගිල්ල කහ ගන්න සයිස් වත් පුක නැති උනාට යන්නෙ උඩින්..,අපෙ කොම්පැනියෙ සමාර කෙල්ලොන්ට ඇගිල්ල කහ ගන්න සයිස් වත් පුක නැති උනාට යන්නෙ උඩින්..,Harassment,0.9219
"@USER අපෙත් කොටල ගන්නෙ, නිවුඩ්ඩ හිටින්න. වී තම්බලත් කොටනව ඉතින්. වහින කාලෙට තමා වේල ගන්න අමාරු, ඉතින් තම්බන්නෙ නෑ","අපෙත් කොටල ගන්නෙ, නිවුඩ්ඩ හිටින්න. වී තම්බලත් කොටනව ඉතින්. වහින කාලෙට තමා වේල ගන්න අමාරු, ඉතින් තම්බන්නෙ නෑ",Harassment,0.9365
අපේ අම්ම අහනව මොනාද ඔච්චර කොටන්නෙ කියලා. අම්මට මම කොහොමද explain කරන්නෙ කඹ අද්දින්නෙ කියලා   #TeamAanamalu,අපේ අම්ම අහනව මොනාද ඔච්චර කොටන්නෙ කියලා. අම්මට මම කොහොමද explain කරන්නෙ කඹ අද්දින්නෙ කියලා ටෙඅමානමලු,Harassment,0.9692
"අපේ අම්ම එකම joke එක පට්ට ගහනවා ""කෙදිනද කූඩු හදන්නට එන්නේ"" :D","අපේ අම්ම එකම joke එක පට්ට ගහනවා ""කෙදිනද කූඩු හදන්නට එන්නේ"" ද",Harassment,0.916
"@USER  @USER අපේ අම්ම නම් දන්නව මං නැහැදිච්ච එකා කියල.""බලපං අර අයිය දිහා.බලල වත් හැදියන්""කියලනෙ මට බනින්නෙ   සැ : යු මුරුංගා දල්ලට ඉහලින්...","අපේ අම්ම නම් දන්නව මං නැහැදිච්ච එකා කියල.""බලපං අර අයිය දිහා.බලල වත් හැදියන්""කියලනෙ මට බනින්නෙ සැ : යු මුරුංගා දල්ලට ඉහලින්...",Harassment,0.9653
අපේ අම්ම මම වමනේ දානවත් photo අරන්. අනේ මන්දා අද කාලේ අම්මලත්,අපේ අම්ම මම වමනේ දානවත් photo අරන්. අනේ මන්දා අද කාලේ අම්මලත්,Harassment,0.9517
@USER අපේ අම්මත් කියනවා. තොපිට බැනලා බැනලම මගේ කටත් රිදෙනවා. තොපි හැදෙන්නේ නෑ මේ කපේට කියලා,අපේ අම්මත් කියනවා. තොපිට බැනලා බැනලම මගේ කටත් රිදෙනවා. තොපි හැදෙන්නේ නෑ මේ කපේට කියලා,Harassment,0.9141
අපේ අවුන් match එක කැවත් ඉවසන්න පුලුවන් මේ  @USER  පොන්න indian කාරයගේ පඩ line ඉවසන්න බැහැ #CT17 #SLvPAK,අපේ අවුන් match එක කැවත් ඉවසන්න පුලුවන් මේ පොන්න ඉඳිං කාරයගේ පඩ line ඉවසන්න බැහැ #CT17 ස්ල්ව්පක්,Harassment,0.9624
"අපේ අාච්චි අම්ම අද බෙලි වලින් බීමක් හදල මටත් බොන්නලු. ඉස්සර අපේ සීය කියනවලු ""බඩ යනකොට බෙලි කනවා බෙලි කනකොට බඩ යනවා"" කියල. ඒ දෙකටම බෙලි හොඳයිලු. #ආච්චිඅම්මාගේවැකි","අපේ අාච්චි අම්ම අද බෙලි වලින් බීමක් හදල මටත් බොන්නලු. ඉස්සර අපේ සීය කියනවලු ""බඩ යනකොට බෙලි කනවා බෙලි කනකොට බඩ යනවා"" කියල. ඒ දෙකටම බෙලි හොඳයිලු. #ආච්චිඅම්මාගේවැකි",Harassment,0.9116
අපේ උන් Radikalism වල පුක පැත්ත තමා දැකලා තියෙන්නෙ. ඒකයි උන් over radical වෙලා common sense බිංදුවට බහින්නෙ.,අපේ උන් රදිකලිස්ම් වල පුක පැත්ත තමා දැකලා තියෙන්නෙ. ඒකයි උන් over radical වෙලා common sense බිංදුවට බහින්නෙ.,Harassment,0.9351
@USER  @USER අපේ උන් සුදු හමට පුක දුන්නට කලු හමට තලනවා උඩ දාගෙන,අපේ උන් සුදු හමට පුක දුන්නට කලු හමට තලනවා උඩ දාගෙන,Harassment,0.9316
අපේ උන්ගේ කඩේකට පරාට කපල හොදි දාල ගන්න යද්දි පිහියකුත් අරගෙන යන්න ඕනෙ. යකෝ උන් කපන රොටි කෑලි කන්න කට මරියාන අගාදෙ වගේ සයිස් වෙන්න ඕනෙ,අපේ උන්ගේ කඩේකට පරාට කපල හොදි දාල ගන්න යද්දි පිහියකුත් අරගෙන යන්න ඕනෙ. යකෝ උන් කපන රොටි කෑලි කන්න කට මරියාන අගාදෙ වගේ සයිස් වෙන්න ඕනෙ,Harassment,0.9453
"අපේ එක හොඳම එක කියලා පයිය උනත් හැම එකාගෙන උලන්න ගියාම ප්‍රශ්නයක් , ආගමෙන් ඔළුව උදුම්වා ගත්ත වේස  මිනිස්සු ඒක තේරුම් ගත්තොත් හොඳයි ආර්. බැද්දගේ @USER  · 3 Dec 2021  @USER ආගම කියන්නෙ පයියක් වගේ. අපේ එකතමා හොඳම එක. අපිටහෙන ආඩම්බරයි ඒක ගැන. අවුලකට තියෙන්නෙ අපි ඒක ප්‍රසිද්දියේ වනන්නයි, අනිත් එවුංගෙ උලන්නයි තියාගත්තම හෙන අප්‍රසන්න වෙන එක.","අපේ එක හොඳම එක කියලා පයිය උනත් හැම එකාගෙන උලන්න ගියාම ප්‍රශ්නයක් , ආගමෙන් ඔළුව උදුම්වා ගත්ත වේස මිනිස්සු ඒක තේරුම් ගත්තොත් හොඳයි ආර්. බැද්දගේ · 3 දෙක් 2021 ආගම කියන්නෙ පයියක් වගේ. අපේ එකතමා හොඳම එක. අපිටහෙන ආඩම්බරයි ඒක ගැන. අවුලකට තියෙන්නෙ අපි ඒක ප්‍රසිද්දියේ වනන්නයි, අනිත් එවුංගෙ උලන්නයි තියාගත්තම හෙන අප්‍රසන්න වෙන එක.",Harassment,0.9492
අපේ එවුන් heart  attack දෙන්න හෙන දක්ෂයි!! #AUSvSL,අපේ එවුන් heart attack දෙන්න හෙන දක්ෂයි!! ඖස්ව්ස්ල්,Harassment,0.9165
අපේ ගං වල බීගෙන ගෑනිට තඩිගහන කසිප්පු කාර රිලා හැත්තට ඉනිමං බැන්ද වගෙ.. අර බලහං ඒසි තෝ වගෙද ඇර හාන්සිමාලිත් මිනිහගෙන් ගුටිකන්නෙ. තොට දෙකක් ගැහුවම තමයි මෙතන එකේක එව්ව රගපාන්න ගන්නෙ..  බලහං එ මිනිහ කියල තියෙන දේ. කියල අර උගේ උදාන වාක්‍ය ස්ක්‍රීන්සොට් එක පෙන්නයි,අපේ ගං වල බීගෙන ගෑනිට තඩිගහන කසිප්පු කාර රිලා හැත්තට ඉනිමං බැන්ද වගෙ.. අර බලහං ඒසි තෝ වගෙද ඇර හාන්සිමාලිත් මිනිහගෙන් ගුටිකන්නෙ. තොට දෙකක් ගැහුවම තමයි මෙතන එකේක එව්ව රගපාන්න ගන්නෙ.. බලහං එ මිනිහ කියල තියෙන දේ. කියල අර උගේ උදාන වාක්‍ය ස්ක්‍රීන්සොට් එක පෙන්නයි,Harassment,0.9204
@USER අපේ ගෑණි හදනවා තක්කාලී හු***ක්,අපේ ගෑණි හදනවා තක්කාලී හු***ක්,Harassment,0.9795
අපේ ගෑනිට නැති උනු නටාසාට පිම්බිලා පිහිටපු සෝ එකේ සුදුවට පෙන්නපු ලොකු පුක වේ ඉතා ගරු  සංස්කෘතියට ඕනිනම් බුර්ක අන්දගෙන බලපන් ඒකි පෙන්වනවානම් අපි ඉතුරුවත් නරබන්නම්  #තූ #කවි,අපේ ගෑනිට නැති උනු නටාසාට පිම්බිලා පිහිටපු සෝ එකේ සුදුවට පෙන්නපු ලොකු පුක වේ ඉතා ගරු සංස්කෘතියට ඕනිනම් බුර්ක අන්දගෙන බලපන් ඒකි පෙන්වනවානම් අපි ඉතුරුවත් නරබන්නම් #තූ #කවි,Harassment,0.9756
@USER  @USER අපේ ගෙදර -බලු කෙල්ල -සුදු මැණික -මැණික් කැටේ - සුදු මණික -දෙයි කෙල්ල -පිංකි  -කුකී -බලු බැල්ලි (කේන්ති ගියාම),අපේ ගෙදර -බලු කෙල්ල -සුදු මැණික -මැණික් කැටේ - සුදු මණික -දෙයි කෙල්ල -පිංකි -කුකී -බලු බැල්ලි (කේන්ති ගියාම),Harassment,0.918
"අපේ ගෙදර බල්ලෙක් හිටිය කලින් ඌ සාලේ චූ කරල, අම්ම උස්සන් ඇවිල්ල උගෙ හොම්බ ඉලුවා බලු හුජ්ජ ගොඩේ    ඌට පාඩමක් උගන්වන්න කියල කරේ  Yoooo @USER  · 4 Dec 2021 හිතුනොත් බැල්ලිව මකලා හදනවා ,ගෙයි බෙටි ගහන එක නතර වෙන්නෙම නෑ","අපේ ගෙදර බල්ලෙක් හිටිය කලින් ඌ සාලේ චූ කරල, අම්ම උස්සන් ඇවිල්ල උගෙ හොම්බ ඉලුවා බලු හුජ්ජ ගොඩේ ඌට පාඩමක් උගන්වන්න කියල කරේ යූඌ · 4 දෙක් 2021 හිතුනොත් බැල්ලිව මකලා හදනවා ,ගෙයි බෙටි ගහන එක නතර වෙන්නෙම නෑ",Harassment,0.9385
අපේ දේයක් ගැන කතා කලාම ඉන්න බැරි වේස පැටව් ඉන්නවානම් වරෙව් ත‌ොපිගේ මහ උන්ගේත් ඒක්ක රෙදි ගලවන්න‌ෙ මීට පස්ස‌ෙ.... තොපිව මේ TWITTER එකෙන් එලවල දාන්න ඔ්න....ආගම ජාතියට ආදරය කරන මිනිස්සු විතරක් මේකේ ඉතිරි වෙන්න ඔ්න මීට පස්ස‌ෙ.... පරහැත්ත එලවල දානකන් මම නවත්වන්න‌ෙ නෑ මේක,අපේ දේයක් ගැන කතා කලාම ඉන්න බැරි වේස පැටව් ඉන්නවානම් වරෙව් ත‌ොපිගේ මහ උන්ගේත් ඒක්ක රෙදි ගලවන්න‌ෙ මීට පස්ස‌ෙ.... තොපිව මේ TWITTER එකෙන් එලවල දාන්න ඔ්න....ආගම ජාතියට ආදරය කරන මිනිස්සු විතරක් මේකේ ඉතිරි වෙන්න ඔ්න මීට පස්ස‌ෙ.... පරහැත්ත එලවල දානකන් මම නවත්වන්න‌ෙ නෑ මේක,Harassment,0.9712
"අපේ නටන එකෙක් යාලුවෙක්ගෙ ගෙදරදි තේ එකක් ඉල්ලුව. ගෙදර එකා කියපි ""තොගෙ කටට සීනි, තේකොල පිටි දාන්නම්. වන්නමක් නටල බඩෙන් තේ එක හදාගනින්"" කියල","අපේ නටන එකෙක් යාලුවෙක්ගෙ ගෙදරදි තේ එකක් ඉල්ලුව. ගෙදර එකා කියපි ""තොගෙ කටට සීනි, තේකොල පිටි දාන්නම්. වන්නමක් නටල බඩෙන් තේ එක හදාගනින්"" කියල",Harassment,0.9092
අපේ නන්ගි ඇවිත් දැන් කිව්වේ එකි black label උගුරක් බිව්වා කියලා WTf යකෝ,අපේ නන්ගි ඇවිත් දැන් කිව්වේ එකි black label උගුරක් බිව්වා කියලා ව්ට්ෆ් යකෝ,Harassment,0.9385
"@USER අපේ බැචියෙක් හිටිය ඒකි රීප්ප පටිය වගේ තුනී කෙල්ල. සෝශල් එකට සාරිය ඇඳල ආව දෙයියනේ, දකින එවුංට හිතෙන්නෙම ආපිකෝ බේසමක් අස්සෙ ගහං සාරිය ඇන්දා කියල. අන්තිමේ ***ගේ පුක වෙරිෆයි කිරීමේ ඉන්ස්ටන්ට් කොමිසමේ සාමාජිකයින්ට පුක මිරිකන්න දීල තමයි ඒකි ඔප්පුකරගත්තෙ ඒක රබර් නෙමේ කියල.","අපේ බැචියෙක් හිටිය ඒකි රීප්ප පටිය වගේ තුනී කෙල්ල. සෝශල් එකට සාරිය ඇඳල ආව දෙයියනේ, දකින එවුංට හිතෙන්නෙම ආපිකෝ බේසමක් අස්සෙ ගහං සාරිය ඇන්දා කියල. අන්තිමේ ***ගේ පුක වෙරිෆයි කිරීමේ ඉන්ස්ටන්ට් කොමිසමේ සාමාජිකයින්ට පුක මිරිකන්න දීල තමයි ඒකි ඔප්පුකරගත්තෙ ඒක රබර් නෙමේ කියල.",Harassment,0.9194
"අපේ සමහරු තමාගේ තර්කය ඔසවන්නේ, ""අඩෝ තෝ දන්නවාද මම කවුද කියලා?""ය. අනිකාගේ තර්කයට පහර දෙන්නේ, ""තෝ වසලයා, අවජාතකයා, සතා"" යනාදී ලෙසය. කාරණයක් ගැන සිතා බලා, කාරණයට පහර දිය හැකි ආකාරයේ විනයක් නම් නැත. මෙය අහේනියකී.","අපේ සමහරු තමාගේ තර්කය ඔසවන්නේ, ""අඩෝ තෝ දන්නවාද මම කවුද කියලා?""ය. අනිකාගේ තර්කයට පහර දෙන්නේ, ""තෝ වසලයා, අවජාතකයා, සතා"" යනාදී ලෙසය. කාරණයක් ගැන සිතා බලා, කාරණයට පහර දිය හැකි ආකාරයේ විනයක් නම් නැත. මෙය අහේනියකී.",Harassment,0.9097
අපේ සිංහලයන්‍ට..ජාන වලින් එන නිදන්ගත රෝගය නම්.. නයි රෙද්ද අස්සේ දාගෙන කනවෝ කනවෝ කියලා බෙරිහන් දෙන එක. දැන් විදෝපල්ලා,අපේ සිංහලයන්‍ට..ජාන වලින් එන නිදන්ගත රෝගය නම්.. නයි රෙද්ද අස්සේ දාගෙන කනවෝ කනවෝ කියලා බෙරිහන් දෙන එක. දැන් විදෝපල්ලා,Harassment,0.957
අපේ හාමුදුරුවන්ට අපහාස කරන අවජාතක බල්ලන්ගේ පව්ල් පිටින් හැදිගෑවිල අකුලොලම පල URL,අපේ හාමුදුරුවන්ට අපහාස කරන අවජාතක බල්ලන්ගේ පව්ල් පිටින් හැදිගෑවිල අකුලොලම පල උර්ල්,Harassment,0.9399
අපේ හාමුදුරුවන්ට අපහාස කරන අවජාතක බල්ලන්ගේ පව්ල් පිටින් හැදිගෑවිල අකුලොලම පල.... URL,අපේ හාමුදුරුවන්ට අපහාස කරන අවජාතක බල්ලන්ගේ පව්ල් පිටින් හැදිගෑවිල අකුලොලම පල.... උර්ල්,Harassment,0.9346
"@USER අපේ හිටියා එකෙක් ර යන්න කියන්න අමාරු, ර වෙනුවට වයන්න කියන්නේ. දවසක් ඌ එකෙකුට බනිනවා මේම.  කැවියා මම තෝව මවනවා ...   වලිය පැත්තකින් තියලා සෙට් එකම හිනා උනා ...","අපේ හිටියා එකෙක් ර යන්න කියන්න අමාරු, ර වෙනුවට වයන්න කියන්නේ. දවසක් ඌ එකෙකුට බනිනවා මේම. කැවියා මම තෝව මවනවා ... වලිය පැත්තකින් තියලා සෙට් එකම හිනා උනා ...",Harassment,0.9575
@USER  @USER අපේම නයි අපිවම කයි වගේ වගේ අපිටම කැරි වැඩ කලාම නම් ඉතින් කට පුක වහන් ඉන්නද..,අපේම නයි අපිවම කයි වගේ වගේ අපිටම කැරි වැඩ කලාම නම් ඉතින් කට පුක වහන් ඉන්නද..,Harassment,0.9092
@USER අපොයි තොපි තව account හාදාගෙන ඇවිත් මගේ tweet බලන්න,අපොයි තොපි තව account හාදාගෙන ඇවිත් මගේ tweet බලන්න,Harassment,0.918
අපෝ හුත්ත අර වඳුරට දැලි පිහිය අහු උනා වගේ නේ යකෝ මේ හුකන්නලට Calls ගන්න Feature එක දීලා. මල වදේ දැන් Calls එනවා... URL,අපෝ හුත්ත අර වඳුරට දැලි පිහිය අහු උනා වගේ නේ යකෝ මේ හුකන්නලට චාල්ල්ස් ගන්න Feature එක දීලා. මල වදේ දැන් චාල්ල්ස් එනවා... උර්ල්,Harassment,0.958
අපෝයි... Border ඇරලා කෙලවා ගත්තට පස්සේ ජාතියන්තර ආධාර ඉල්ලලා අහක ඉන්න වයිත් රෙද්ද අස්සේ දාගනියි වගේ,අපෝයි... Border ඇරලා කෙලවා ගත්තට පස්සේ ජාතියන්තර ආධාර ඉල්ලලා අහක ඉන්න වයිත් රෙද්ද අස්සේ දාගනියි වගේ,Harassment,0.9199
"අම්ම උනත් කරන්න දෙයක් නෑ බන් තාත්තට පිහියෙන් ඇනල බාප්ප එක්ක ගියානම්.  උන් අම්මට හූ කිවුවා විතරයි, හැබැයි ආප්පයත්... URL","අම්ම උනත් කරන්න දෙයක් නෑ බන් තාත්තට පිහියෙන් ඇනල බාප්ප එක්ක ගියානම්. උන් අම්මට හූ කිවුවා විතරයි, හැබැයි ආප්පයත්... උර්ල්",Harassment,0.9399
@USER අම්ම ඔයැයිව හමගහල කොට්ට උර හදයි,අම්ම ඔයැයිව හමගහල කොට්ට උර හදයි,Harassment,0.9028
@USER අම්ම ඕව කනකොට ළමය අඩයි ඕක ඉල්ලල.,අම්ම ඕව කනකොට ළමය අඩයි ඕක ඉල්ලල.,Harassment,0.9668
@USER අම්ම තාත්ත කියලවත් හැදුන්නැති එකා උඹ කියල හැදෙයිද බං?,අම්ම තාත්ත කියලවත් හැදුන්නැති එකා උඹ කියල හැදෙයිද බං?,Harassment,0.9365
අම්ම තාත්ත ලමයින්ට බැණ බැණ A/L කරවනවා. A/L fail කට්ටිය පාස් උන උන්ට වඩා පඩි ගන්නවා.  Expectation vs Reality,අම්ම තාත්ත ලමයින්ට බැණ බැණ අල කරවනවා. අල fail කට්ටිය පාස් උන උන්ට වඩා පඩි ගන්නවා. Expectation වස් Reality,Harassment,0.9268
"අම්ම තාත්තගෙ වර්ගෙ ,හැඩේ හඳුනගන්න පහසුයි...ආදරය කරුණාව නොදන්නා මේ වගේ ලමයි තව කොච්චර ඇතිද? රන් පුතා @USER  · 29 May 2020 බලහන්කො මුං දෙන්නා මෙ අහිංසක සතාට කරන..සක්කිලි වැඩේ...","අම්ම තාත්තගෙ වර්ගෙ ,හැඩේ හඳුනගන්න පහසුයි...ආදරය කරුණාව නොදන්නා මේ වගේ ලමයි තව කොච්චර ඇතිද? රන් පුතා · 29 May 2020 බලහන්කො මුං දෙන්නා මෙ අහිංසක සතාට කරන..සක්කිලි වැඩේ...",Harassment,0.9214
@USER අම්ම දන්නව හොදට පුතාගෙ හැටි. මම හැදුවෙ පොන්නයෙක් නෙමෙයි කියල අම්ම දන්නව,අම්ම දන්නව හොදට පුතාගෙ හැටි. මම හැදුවෙ පොන්නයෙක් නෙමෙයි කියල අම්ම දන්නව,Harassment,0.9619
අම්ම දන්නවනම් බෙල්ල ගලවල අතට දීලා,අම්ම දන්නවනම් බෙල්ල ගලවල අතට දීලා,Harassment,0.9399
අම්ම දන්නවා මම weekend එකේ ගෙදර එන්නේ අම්ම හදන රොටි කන්න කියල  #HomeMadeRoti #LoveUMom,අම්ම දන්නවා මම weekend එකේ ගෙදර එන්නේ අම්ම හදන රොටි කන්න කියල හොමෙමදෙරෝටි ලොවෙඋමොම්,Harassment,0.9185
අම්ම නටනවා! ලමය අම්ම හොයාගෙන ඇවිල්ල අඩනවා. අම්මට නටන 1නතර කරන්න අමාරුයි. ඉතින් ලමයවත් නටවන්න ට්‍රයි කරනවා. ඌට නටන්න ඕනි නෑ ඌ අඩනවා.,අම්ම නටනවා! ලමය අම්ම හොයාගෙන ඇවිල්ල අඩනවා. අම්මට නටන 1නතර කරන්න අමාරුයි. ඉතින් ලමයවත් නටවන්න ට්‍රයි කරනවා. ඌට නටන්න ඕනි නෑ ඌ අඩනවා.,Harassment,0.9585
"අම්ම ලස්සනයිනම්, බබාව වඩාගන්න තාත්තලා ගොඩායි... :v","අම්ම ලස්සනයිනම්, බබාව වඩාගන්න තාත්තලා ගොඩායි... ව",Harassment,0.96
අම්ම වේසකම් කලාම  පාරට බැහැල අම්මට වෙX කියන්න ගියාම  ඌ දන්නෙ නෑ ඌ නිකම්ම වේXගෙ පුතා වෙන බව — feeling sad,අම්ම වේසකම් කලාම පාරට බැහැල අම්මට වෙX කියන්න ගියාම ඌ දන්නෙ නෑ ඌ නිකම්ම වේXගෙ පුතා වෙන බව — feeling sad,Harassment,0.9834
@USER  @USER අම්මඅටඅ හිකඑඉ කිව්වලු  වැටත් නියරත් ගොයම් කයි නං කාට පවසං ඒ අමාරුව කියල අපේ පැරැන්නො කියලා තියෙන්නෙ කට පුක කහනවට නොවෙයි කියල තේරෙන්නෙ මේ වෙලාවට තමා,අම්මඅටඅ හිකඑඉ කිව්වලු වැටත් නියරත් ගොයම් කයි නං කාට පවසං ඒ අමාරුව කියල අපේ පැරැන්නො කියලා තියෙන්නෙ කට පුක කහනවට නොවෙයි කියල තේරෙන්නෙ මේ වෙලාවට තමා,Harassment,0.9678
අම්මගෙ තාත්තගේ නියම අගේ තේරෙන්න ලඟ ඉන්න වේස බල්ලා / බැල්ලි ජීවිතෙන් යන්නම ඕන!,අම්මගෙ තාත්තගේ නියම අගේ තේරෙන්න ලඟ ඉන්න වේස බල්ලා / බැල්ලි ජීවිතෙන් යන්නම ඕන!,Harassment,0.9531
අම්මට ආදරෙයි කියලා ප්‍රොෆයිල් එක මාරු නොකරාට අම්ම උයපු රසම රස බත් කටක් කන්න මම ලගම එනවා අම්මේ — feeling hopeful,අම්මට ආදරෙයි කියලා ප්‍රොෆයිල් එක මාරු නොකරාට අම්ම උයපු රසම රස බත් කටක් කන්න මම ලගම එනවා අම්මේ — feeling hopeful,Harassment,0.9351
@USER අම්මට උණද..ඒ කියන්නේ හෙට උණ හොදයි අද රෙස්ට් කලාම හෙට බඩේ අමාරුව...පවු අම්ම,අම්මට උණද..ඒ කියන්නේ හෙට උණ හොදයි අද රෙස්ට් කලාම හෙට බඩේ අමාරුව...පවු අම්ම,Harassment,0.9072
@USER අම්මට ඕක පෙන්නන්න දෙයක්ද  අම්ම පොඩිකාලේ හෝදපු පුකම තමා,අම්මට ඕක පෙන්නන්න දෙයක්ද අම්ම පොඩිකාලේ හෝදපු පුකම තමා,Harassment,0.9507
@USER අම්මට කියනව තොට බිමදාං තඩිබාන්න කියල...,අම්මට කියනව තොට බිමදාං තඩිබාන්න කියල...,Harassment,0.9658
@USER අම්මට කියල හදවන් යන්න. මේ අමාරු අස්සෙ ඒ මනුස්සයට බඩේ අමාරුවක් ඔරොත්තු දෙන එකක් නෑ. හුම්ම්ම්..,අම්මට කියල හදවන් යන්න. මේ අමාරු අස්සෙ ඒ මනුස්සයට බඩේ අමාරුවක් ඔරොත්තු දෙන එකක් නෑ. හුම්ම්ම්..,Harassment,0.917
"@USER  @USER අම්මට හුක*, කැ* පොන්න ආණ්ඩුවේ කොන්ද පන නැති නාකි හපුටා ඇතුලු ආණ්ඩුවේ අනෙකුත් වේ*ගේ පුතාලා. සහරාන්ලට පඩි ගෙවුවෙ කවුද ?","අම්මට හුක*, කැ* පොන්න ආණ්ඩුවේ කොන්ද පන නැති නාකි හපුටා ඇතුලු ආණ්ඩුවේ අනෙකුත් වේ*ගේ පුතාලා. සහරාන්ලට පඩි ගෙවුවෙ කවුද ?",Harassment,0.9688
"අම්මට හුකන පොල්ටික් සිසිටම් හුක්තෝ ලංකාවෙ තියෙන්නේ, රටක් වටින ක්‍රීඩකයන්ව දේශපාලන දඩමීමක් කරගන්නවා, එ්කට හීන් සැරේ පොන්න රැලක් සාධාරණීය කරනවා, පොන්න වේසිගෙ පුත්තු","අම්මට හුකන පොල්ටික් සිසිටම් හුක්තෝ ලංකාවෙ තියෙන්නේ, රටක් වටින ක්‍රීඩකයන්ව දේශපාලන දඩමීමක් කරගන්නවා, එ්කට හීන් සැරේ පොන්න රැලක් සාධාරණීය කරනවා, පොන්න වේසිගෙ පුත්තු",Harassment,0.9844
අම්මට හුකන්න කැරියෝ රගන්න එපා හරිද අපි කව්ද කියලා දන්නා උන් දන්නවා බලාගෙන හිටපන් පොන්න කාරියා අපිට එක කැරික්වත්... URL,අම්මට හුකන්න කැරියෝ රගන්න එපා හරිද අපි කව්ද කියලා දන්නා උන් දන්නවා බලාගෙන හිටපන් පොන්න කාරියා අපිට එක කැරික්වත්... උර්ල්,Harassment,0.9844
අම්මට හුඩු මෙතන තිබ්බ මගේ ලෑලි ගෙදර කෝ ?*%$! #ලෑලි #ගෙදර #කෝ — feeling පිස්සු හැදෙනවා ඕයි !,අම්මට හුඩු මෙතන තිබ්බ මගේ ලෑලි ගෙදර කෝ ?*%$! #ලෑලි #ගෙදර #කෝ — feeling පිස්සු හැදෙනවා ඕයි !,Harassment,0.938
අම්මට හුඩු යකෝ like කොරාම මල් වෙඩි පත්තු වෙනෝ...  බොරුනම් like කරලා බලන්න,අම්මට හුඩු යකෝ like කොරාම මල් වෙඩි පත්තු වෙනෝ... බොරුනම් like කරලා බලන්න,Harassment,0.9512
"අම්මටසිරි, පොල්කට්ටක් පිරෙන්න හුජ්ජ කරන්න බැරි සුටි ඩයල් බලපන්කො. යන්න කොනට කොනට.","අම්මටසිරි, පොල්කට්ටක් පිරෙන්න හුජ්ජ කරන්න බැරි සුටි ඩයල් බලපන්කො. යන්න කොනට කොනට.",Harassment,0.9331
@USER @USER අම්මපා දැන් උඹ වලන්ද හෝදන්නේ පින්ගන්ද? මටනම් පෙන්නේ උඹේ ජාතකේ පොඩ්ඩක් අප්සට් වගේ. පොඩ්ඩක් හොයලා බලපන්.  @USER  @USER,අම්මපා දැන් උඹ වලන්ද හෝදන්නේ පින්ගන්ද? මටනම් පෙන්නේ උඹේ ජාතකේ පොඩ්ඩක් අප්සට් වගේ. පොඩ්ඩක් හොයලා බලපන්.,Harassment,0.9688
"අම්මපා, ඉන්දියන් වේස බල්ලෝ එන එකට කටක් අරින්නේ නෑ, මෙතන එන්වා NSBM වහන්න, ගොං යක්කු #lka URL This Tweet is unavailable.","අම්මපා, ඉන්දියන් වේස බල්ලෝ එන එකට කටක් අරින්නේ නෑ, මෙතන එන්වා න්ස්බ්ම් වහන්න, ගොං යක්කු ලක උර්ල් This Tweet ඉස unavailable.",Harassment,0.9634
අම්මයි අප්පයි නම් මක බවිලාම ගියා. දැන් අවජාතක ළමයිනුත් උන්ගේ එකම තමයි කොරන්නේ #TamilNadu #TAMILNADUPOLITICS #Palanisamy  @USER  #srianka,අම්මයි අප්පයි නම් මක බවිලාම ගියා. දැන් අවජාතක ළමයිනුත් උන්ගේ එකම තමයි කොරන්නේ ටමිල්නාඩු ටමිල්නාදුපොලිටිච්ස් පලනිසම්ය් ස්රිංකා,Harassment,0.9023
අම්මලට බොරු කියල රූම් ගිහිං පත්තිනි අම්ම කස්සාදෙ දවසට අම්මව බදං අඩන ජාතියේ වෙන්නෙ නෑ #IfiAmAGirl,අම්මලට බොරු කියල රූම් ගිහිං පත්තිනි අම්ම කස්සාදෙ දවසට අම්මව බදං අඩන ජාතියේ වෙන්නෙ නෑ ඉෆිඅමගිර්ල්,Harassment,0.9424
අම්මලට ලමයි හැමදාමත් පොඩී බං...  මේ අපේ ඔෆිස් එකේ යාලුවෙක්ට අම්ම හදලා දෙන බත් එක.,අම්මලට ලමයි හැමදාමත් පොඩී බං... මේ අපේ ඔෆිස් එකේ යාලුවෙක්ට අම්ම හදලා දෙන බත් එක.,Harassment,0.9609
අම්මා උදේ හදපු කැඳ එක නොබී හිටියම අම්මා + කටට හෙන ගහනවද බීපං ඕක + තොපිට ගීණ දේවල් බොන්න බෑ + Sprite නම් බොයි වීදුරැ ගනන් + අරක්කු තිත්ත නැද්ද බොලට + කොල හොයාගෙන මම වින්ද දුක,අම්මා උදේ හදපු කැඳ එක නොබී හිටියම අම්මා + කටට හෙන ගහනවද බීපං ඕක + තොපිට ගීණ දේවල් බොන්න බෑ + Sprite නම් බොයි වීදුරැ ගනන් + අරක්කු තිත්ත නැද්ද බොලට + කොල හොයාගෙන මම වින්ද දුක,Harassment,0.9258
@USER @USER අම්මා කියන කෙල්ල බඳින්න කියලද උඹ කියන්නෙ. #GoodIdea මචං.,අම්මා කියන කෙල්ල බඳින්න කියලද උඹ කියන්නෙ. ගූදිදෙඅ මචං.,Harassment,0.916
අම්මා තොසේ පිටි අනද්දි බක පණ්ඩිතයා වගෙ ඉල්ලගෙන අැනුවා  යකො කොන්ක්‍රිට් අනලවත් මෙච්චර අමාරු නෑ  කඩෙ උන් කකුලෙන් අනන එක සාධාරණයි  හතර දෙනෙක්ට අවශ්‍ය පිටි අනලත් මට එපා වුණා,අම්මා තොසේ පිටි අනද්දි බක පණ්ඩිතයා වගෙ ඉල්ලගෙන අැනුවා යකො කොන්ක්‍රිට් අනලවත් මෙච්චර අමාරු නෑ කඩෙ උන් කකුලෙන් අනන එක සාධාරණයි හතර දෙනෙක්ට අවශ්‍ය පිටි අනලත් මට එපා වුණා,Harassment,0.9033
"අම්මා පොඩි කාලේ නංගිව මට බලා ගන්න දෙනවා. හරිම අමාරුයී. අම්මාගෙන් බැනුන් අහන මොනවා හරි වැඩක් කරනවා. අම්ම කියනව මම මුන්ව හදාගත්තට වඩා හොඳයී හරකෙක් හදා ගත්තානම් කියලා. ලමයී හැදීම අපේ අම්මට කොච්චර අමාරුද, ලොකු හාමුදුරුවරුන්ට ඊටත් වඩා අමාරුයී.","අම්මා පොඩි කාලේ නංගිව මට බලා ගන්න දෙනවා. හරිම අමාරුයී. අම්මාගෙන් බැනුන් අහන මොනවා හරි වැඩක් කරනවා. අම්ම කියනව මම මුන්ව හදාගත්තට වඩා හොඳයී හරකෙක් හදා ගත්තානම් කියලා. ලමයී හැදීම අපේ අම්මට කොච්චර අමාරුද, ලොකු හාමුදුරුවරුන්ට ඊටත් වඩා අමාරුයී.",Harassment,0.9517
අම්මා බෙදන තඩි බත් එක කන්ඩත් ඕනී බඩ අඩුකර ගන්නත් ඕනී #දැවෙනප්‍රශ්න,අම්මා බෙදන තඩි බත් එක කන්ඩත් ඕනී බඩ අඩුකර ගන්නත් ඕනී #දැවෙනප්‍රශ්න,Harassment,0.9224
අම්මා: තෝ බීලාද ඉන්නේ?  මම:  නෑ අම්මේ   අම්මා:  උබ බීලා ආවට කමක් නෑ.. එන ගමන් පේර ගහේ කොල කන එක නවත්තපන්.. උබ හැදෙන්නේ නැත්තන් ඒ ගහට හරි හැදෙන්න දීපන්.   මම:  හා අම්මේ,අම්මා: තෝ බීලාද ඉන්නේ? මම: නෑ අම්මේ අම්මා: උබ බීලා ආවට කමක් නෑ.. එන ගමන් පේර ගහේ කොල කන එක නවත්තපන්.. උබ හැදෙන්නේ නැත්තන් ඒ ගහට හරි හැදෙන්න දීපන්. මම: හා අම්මේ,Harassment,0.9531
අම්මාගේ රෙද්ද මේ Vpn දාදා online එන එක දැන් නම් එපා වෙලා ඕයි තියෙන්නේ,අම්මාගේ රෙද්ද මේ ව්පං දාදා online එන එක දැන් නම් එපා වෙලා ඕයි තියෙන්නේ,Harassment,0.9033
අම්මෝ මට බෑ.. ආව් අම්මෝ ආහ්.. බෑ බෑ මට නම් බෑ අනේ අම්මියෝ.....ව් දෙයියනේ.. ලේ කකියනවා යකෝව්.. පොන්න හුටං සිංහලෙන්... URL,අම්මෝ මට බෑ.. ආව් අම්මෝ ආහ්.. බෑ බෑ මට නම් බෑ අනේ අම්මියෝ.....ව් දෙයියනේ.. ලේ කකියනවා යකෝව්.. පොන්න හුටං සිංහලෙන්... උර්ල්,Harassment,0.9736
"@USER  @USER අම්මෝ යකෝ    අපේ එකෙක් තව එකෙක්ට හදලා තිබ්බ වැටකෙයියා කොළ, සුද්දෙක්ට රම්පේ කොළ කියලා විකුණපු එකෙක් මූ කියලා පෝස්ට් එකක්. ඒකත් ඔහොම 10k ෂෙයා උනා","අම්මෝ යකෝ අපේ එකෙක් තව එකෙක්ට හදලා තිබ්බ වැටකෙයියා කොළ, සුද්දෙක්ට රම්පේ කොළ කියලා විකුණපු එකෙක් මූ කියලා පෝස්ට් එකක්. ඒකත් ඔහොම 10k ෂෙයා උනා",Harassment,0.9307
අම්මෝ සීයෙ රයිස් කඩේ ඇන්ටිගේ පුක.. දුවලට එච්චර නෑනේ..දූල නල බබාලද දන් නෑ..,අම්මෝ සීයෙ රයිස් කඩේ ඇන්ටිගේ පුක.. දුවලට එච්චර නෑනේ..දූල නල බබාලද දන් නෑ..,Harassment,0.9604
@USER  @USER අමාරුව වැඩිම උනොත් දවස් දෙකයි. ඒකත් දරාගන්න බැරි අවුලක් නෙවී. Covid හැදිලා අමාරු උනොත් ඒ වගේ නෙවී හැබැයි.  Sorry මැද්දෙන් පැන්නට,අමාරුව වැඩිම උනොත් දවස් දෙකයි. ඒකත් දරාගන්න බැරි අවුලක් නෙවී. Covid හැදිලා අමාරු උනොත් ඒ වගේ නෙවී හැබැයි. Sorry මැද්දෙන් පැන්නට,Harassment,0.9009
අමීර් Wicket ගද්දි වහාබ් කාරයාට හෙන ඊරිසියා ඇති  #CWC19 #AUSvPAK,අමීර් Wicket ගද්දි වහාබ් කාරයාට හෙන ඊරිසියා ඇති #CWC19 ඖස්ව්පක්,Harassment,0.9087
අඹකදවිල ඔරු තොටුපොළ මේ මම උන් කල දැල් එල එල උබ දුන් බල කැද ගොටුකොළ් පිනවයි බොල මගෙ මන දොළ  නෙරියට හැට්ටේ ඇදන් තියලා සුරුක්කු සෙව්වට උබ යනකොට දමලා මුරුක්කු උබ දනිය වහල සුළං සාය උඩට උරුක්කු  මරියසිලෝ මගෙ මරියසිලෝ වැදී රැල්ල උබ තෙමේවි මරියසිලෝ  #Sajje,අඹකදවිල ඔරු තොටුපොළ මේ මම උන් කල දැල් එල එල උබ දුන් බල කැද ගොටුකොළ් පිනවයි බොල මගෙ මන දොළ නෙරියට හැට්ටේ ඇදන් තියලා සුරුක්කු සෙව්වට උබ යනකොට දමලා මුරුක්කු උබ දනිය වහල සුළං සාය උඩට උරුක්කු මරියසිලෝ මගෙ මරියසිලෝ වැදී රැල්ල උබ තෙමේවි මරියසිලෝ සාජ්ජේ,Harassment,0.9634
අඹුව වැන්දඹුව බඩුව....  උඹ ඇයව ගෙනාවෙ උඹෙ ආදර අඹුව කරලා......  උඹ ඇයව දලා කොහෙටද යන්න ගියේ වැන්දඹුව කරලා......  තනියෙන් ජිවිතේ ගැට ගහන්න  දගලද්දි ගමෙ වුන් කිවා ඇයට බඩුව කියලා....  උඹලා හැමොම නම් ගම්  ගොඩක් දිලා දැන් ඇයම දන්නේ නැ ඇය කවුද කියලා.....,අඹුව වැන්දඹුව බඩුව.... උඹ ඇයව ගෙනාවෙ උඹෙ ආදර අඹුව කරලා...... උඹ ඇයව දලා කොහෙටද යන්න ගියේ වැන්දඹුව කරලා...... තනියෙන් ජිවිතේ ගැට ගහන්න දගලද්දි ගමෙ වුන් කිවා ඇයට බඩුව කියලා.... උඹලා හැමොම නම් ගම් ගොඩක් දිලා දැන් ඇයම දන්නේ නැ ඇය කවුද කියලා.....,Harassment,0.9429
@USER අයි පිහද ගන්න මන් තොගෙ පුකෙන්ද රෙන්නෙ . හුකා ගන්නෙ නැතුව පලයන් නිමෙස් . මන් දෙන ටෝක් ඉවසන්න බැරිනම් අන්ෆලො කරලා දාපන්.,අයි පිහද ගන්න මන් තොගෙ පුකෙන්ද රෙන්නෙ . හුකා ගන්නෙ නැතුව පලයන් නිමෙස් . මන් දෙන ටෝක් ඉවසන්න බැරිනම් අන්ෆලො කරලා දාපන්.,Harassment,0.9844
@USER අයියලා එක්ක හැප්පිලා හම්බ කරන් කන්න තියෙන පුක නිකන් පලා ගන්නේ මොකටද ??  අයින් වෙලා ඉන්නම්,අයියලා එක්ක හැප්පිලා හම්බ කරන් කන්න තියෙන පුක නිකන් පලා ගන්නේ මොකටද ?? අයින් වෙලා ඉන්නම්,Harassment,0.9204
@USER  අයියා අද Commentary එකේ  හිටියුත්  IND කාරයන්ට දේන්ඩ තිබ්බා අරුන්ගේ කටට,අයියා අද Commentary එකේ හිටියුත් ඉන්ද් කාරයන්ට දේන්ඩ තිබ්බා අරුන්ගේ කටට,Harassment,0.9575
"@USER අයිසෙ තවුසෙ බීල ද? සුද්දො ටිකට බෝම්බ ගහල එලවලා, තම්බි ටිකක් මේක අස්සෙ දාගෙන tourism ගොඩ ගිහින් කියල කියන්නෙ ?","අයිසෙ තවුසෙ බීල ද? සුද්දො ටිකට බෝම්බ ගහල එලවලා, තම්බි ටිකක් මේක අස්සෙ දාගෙන tourism ගොඩ ගිහින් කියල කියන්නෙ ?",Harassment,0.9653
අයේ ......සුවමින්වහන්සේ නොකන්ට අන්කල ගහේ ගෙඩි තෝ අල්ලාවත් තිබුනොත් එහෙම මන් තෝව මරනවා එදාට ...........................වෙලස්සන කිඋව්වද එහෙම .....ආදම් ...ඒවට ....,අයේ ......සුවමින්වහන්සේ නොකන්ට අන්කල ගහේ ගෙඩි තෝ අල්ලාවත් තිබුනොත් එහෙම මන් තෝව මරනවා එදාට ...........................වෙලස්සන කිඋව්වද එහෙම .....ආදම් ...ඒවට ....,Harassment,0.9829
@USER අර apple ගෙඩියෙ part එකෙන් පස්සෙ මට දරාගන්න අමාරු උනා,අර apple ගෙඩියෙ part එකෙන් පස්සෙ මට දරාගන්න අමාරු උනා,Harassment,0.9595
අර ඉයේ සින්දුවක් දලා තිබ්බෙ එක බැලුවා කියලා පෙන්නන්න අපෙ පුකයලා ගන්න උත්සහය පව් ඔයී  මගේ වෝල් එකෙ පොන්න පකයලා ගොඩයි :v :v :v,අර ඉයේ සින්දුවක් දලා තිබ්බෙ එක බැලුවා කියලා පෙන්නන්න අපෙ පුකයලා ගන්න උත්සහය පව් ඔයී මගේ වෝල් එකෙ පොන්න පකයලා ගොඩයි ව ව ව,Harassment,0.9712
අර එහා ගෙදර කොල්ල හරී අහිංසක ළමය අපේ එකා තමා ඌවත් නරක් කරන්නෙ -අපෙ අම්ම- URL This Tweet is unavailable.,අර එහා ගෙදර කොල්ල හරී අහිංසක ළමය අපේ එකා තමා ඌවත් නරක් කරන්නෙ -අපෙ අම්ම- උර්ල් This Tweet ඉස unavailable.,Harassment,0.978
@USER  @USER අර තට්ට මොට්ටයා ඩුප් ගහල   @USER  මේ තෝ ලබන ආත්මේ  #හැලගිරවා  GIF,අර තට්ට මොට්ටයා ඩුප් ගහල මේ තෝ ලබන ආත්මේ #හැලගිරවා GIF,Harassment,0.9609
අර තත්තඩි නඩයේ 41 - වැනියා වෙන්නද හදන්නේ. පිස්සු පූස නාෙවී ඔය හිටිය විදියටම සිංහයෙක් වගේ තව දුරටත් ඉන්න බලනවා... URL,අර තත්තඩි නඩයේ 41 - වැනියා වෙන්නද හදන්නේ. පිස්සු පූස නාෙවී ඔය හිටිය විදියටම සිංහයෙක් වගේ තව දුරටත් ඉන්න බලනවා... උර්ල්,Harassment,0.9326
@USER අර නල්ලූර් කෝවිල ගාවදි හම්බුනු කලිසම් කෑල්ලගෙ පුක කෝමද?  අම්බෝ දෙයියොන්ට දීලම් හදාගෙන වගෙ,අර නල්ලූර් කෝවිල ගාවදි හම්බුනු කලිසම් කෑල්ලගෙ පුක කෝමද? අම්බෝ දෙයියොන්ට දීලම් හදාගෙන වගෙ,Harassment,0.9644
අර පට්ට පදුරු වේස වේසාවියන්ට රීච් නොදී හිටියොත් නරකද,අර පට්ට පදුරු වේස වේසාවියන්ට රීච් නොදී හිටියොත් නරකද,Harassment,0.9399
@USER  @USER අර ප්‍රේමදාස කියන ගොන් කැරියාට කුඩු පැකට් එකට අරක්කු බෝතලයට කඩේ ගිය උන් ගේ අවජාතක ළමයි තමා මේ රටේ තාමත් ඉන්නේ බාගයක් උන් තමයි  උගේ පුතාගේ ගු කකා  රටම ගද ගස්සන්නේ,අර ප්‍රේමදාස කියන ගොන් කැරියාට කුඩු පැකට් එකට අරක්කු බෝතලයට කඩේ ගිය උන් ගේ අවජාතක ළමයි තමා මේ රටේ තාමත් ඉන්නේ බාගයක් උන් තමයි උගේ පුතාගේ ගු කකා රටම ගද ගස්සන්නේ,Harassment,0.9556
අර පුක කියලා අකවුන්ට් එකක් තිබ්බ නේ. ඒ වාහේ වෙන වෙලාවට පු කියලා ටයිප් කරත් මෙතන ඇවිත්. වෙනදට මම පුකක් ශෙයා කලොත් එහෙමයි. අද ඒ පුක පේන්න නෑ. ගහන්න ඕනා ඕකගේ පුක පොලේ.,අර පුක කියලා අකවුන්ට් එකක් තිබ්බ නේ. ඒ වාහේ වෙන වෙලාවට පු කියලා ටයිප් කරත් මෙතන ඇවිත්. වෙනදට මම පුකක් ශෙයා කලොත් එහෙමයි. අද ඒ පුක පේන්න නෑ. ගහන්න ඕනා ඕකගේ පුක පොලේ.,Harassment,0.9629
අර පොඩි කෙල්ල මරපු එකාගේ අම්මට..... එවන් වේසිගෙ පුතෙක් වැදු අම්මාට.....එක්කෝ වැඩක් නෑ නොදකින් ඕකගේ පරම්පරාවම හැදී ගෑවිලා යන්න ඕනි #SriLanka,අර පොඩි කෙල්ල මරපු එකාගේ අම්මට..... එවන් වේසිගෙ පුතෙක් වැදු අම්මාට.....එක්කෝ වැඩක් නෑ නොදකින් ඕකගේ පරම්පරාවම හැදී ගෑවිලා යන්න ඕනි ශ්‍රීලංකා,Harassment,0.9829
අර පොන්න හුකන්න මාව බ්ලොක් කරලා හූ ලතෝනි දෙනවා නේ නොදකින් පොන්නයා  මරු ඕයි තවුසේ කතාව සිංහ සීන් නොෆ්හකින් පොන්නය අනේ පල පොන්න අසිත් බ්ලොක් කරලා හූ කියන්න එපා පොන්නයො,අර පොන්න හුකන්න මාව බ්ලොක් කරලා හූ ලතෝනි දෙනවා නේ නොදකින් පොන්නයා මරු ඕයි තවුසේ කතාව සිංහ සීන් නොෆ්හකින් පොන්නය අනේ පල පොන්න අසිත් බ්ලොක් කරලා හූ කියන්න එපා පොන්නයො,Harassment,0.9766
@USER අර බඩුව ආවට පස්සේ ද order කරපු,අර බඩුව ආවට පස්සේ ද order කරපු,Harassment,0.979
"@USER අර මංගල වගේ හොඳ මනුස්සයෙක් අපරාදේ මැරුණේ...මෙන්න මේ දේශපාලන අවජාතකයා මැරෙන්න තිබේ..එස්,බී පොන්න හුත්තිගේ පුතා","අර මංගල වගේ හොඳ මනුස්සයෙක් අපරාදේ මැරුණේ...මෙන්න මේ දේශපාලන අවජාතකයා මැරෙන්න තිබේ..එස්,බී පොන්න හුත්තිගේ පුතා",Harassment,0.9858
අර මනුස්සයා මැරුණ එක විකුණන් කන page කාරයොත් ඒ මරපු සක්කිලි වගේ තමා. අරක හෙලිවේ මේක හෙලිවේ කියලා බොරුවට headlines වගේ ගහලා reach ගන්නවා ඉදකින්,අර මනුස්සයා මැරුණ එක විකුණන් කන page කාරයොත් ඒ මරපු සක්කිලි වගේ තමා. අරක හෙලිවේ මේක හෙලිවේ කියලා බොරුවට හෙඅද්ලිනෙස් වගේ ගහලා reach ගන්නවා ඉදකින්,Harassment,0.9663
අර මුස්ලිම් හුත්තිගෙ පුතා එක්ක reply කරගෙන දෙයක් තේරුම් ගත්තා.  මුගෙ මොලේ තියෙන්නෙ පුකේ නෙවෙයි ඊටත් යටින්. ඒ වගේ උන් එක්ක වාද කරල වැඩක් නෑ. ඉක්මනට මැරිලා පලයන් කියල ප්‍රාර්ථනා කලා.  මැරිලම පලයන් තෝ වගේ උන්. තොගෙ blood line එකම නැතිවෙලා පල!,අර මුස්ලිම් හුත්තිගෙ පුතා එක්ක reply කරගෙන දෙයක් තේරුම් ගත්තා. මුගෙ මොලේ තියෙන්නෙ පුකේ නෙවෙයි ඊටත් යටින්. ඒ වගේ උන් එක්ක වාද කරල වැඩක් නෑ. ඉක්මනට මැරිලා පලයන් කියල ප්‍රාර්ථනා කලා. මැරිලම පලයන් තෝ වගේ උන්. තොගෙ blood line එකම නැතිවෙලා පල!,Harassment,0.9287
අර ලසා කියන පොන්න වේසිගේ පුතා ඇයි බන් මං ඌ ව අන්ෆලෝ කරලා තියෙද්දුත් උගේ ෆේක් වලින් මට මඩ ගහන්නේ ?  රනිල්ගේ අහවල් එක කාලයක් කටේ දාන් හිටියා ඌ. දැන් මේ වෙන ගොට්ටක් සෙට් වෙලා වගේ. හොඳ අම්මෙක් අප්පෙක් ට ජාතක වුනා නම් කියන එකක් මුහුණටම කියපංකෝ  පිරිමි අපිටත් ලැජ්ජයි,අර ලසා කියන පොන්න වේසිගේ පුතා ඇයි බන් මං ඌ ව අන්ෆලෝ කරලා තියෙද්දුත් උගේ ෆේක් වලින් මට මඩ ගහන්නේ ? රනිල්ගේ අහවල් එක කාලයක් කටේ දාන් හිටියා ඌ. දැන් මේ වෙන ගොට්ටක් සෙට් වෙලා වගේ. හොඳ අම්මෙක් අප්පෙක් ට ජාතක වුනා නම් කියන එකක් මුහුණටම කියපංකෝ පිරිමි අපිටත් ලැජ්ජයි,Harassment,0.9702
අර ලැම්බෝගිනියක් ඉල්ලපු පොන්න පකයා කෝ බන්   තාත්තා උගේ බෙල්ල මිරිකලා උව කානුවකට විසිකරලද.?,අර ලැම්බෝගිනියක් ඉල්ලපු පොන්න පකයා කෝ බන් තාත්තා උගේ බෙල්ල මිරිකලා උව කානුවකට විසිකරලද.?,Harassment,0.918
අර වේසා ගෑනු feminist කියාගෙන උන්නට අරින්නෙම ගෑනුන්ටනේ.නදකින් ඔයිට හොදයි රීටා අක්කා අඩුම තරමෙ උස්සපු රෙද්දට හරි ගරු කලා feminist ආච්ච්ගෙ රෙද්ද.ගූ හතයි උන් කරන්නෙත් නෑ කරන එකියෙට රැඳිලා ඉන්න දෙන්නෙත් නෑ අපරාදෙ ඕකුන්ව සරමෙ පිහදගන්න තිබ්බෙ උන්ගෙ දෙමාපියන්ට.ගනිකාවන්ටත් අවනම්බුවක්,අර වේසා ගෑනු feminist කියාගෙන උන්නට අරින්නෙම ගෑනුන්ටනේ.නදකින් ඔයිට හොදයි රීටා අක්කා අඩුම තරමෙ උස්සපු රෙද්දට හරි ගරු කලා feminist ආච්ච්ගෙ රෙද්ද.ගූ හතයි උන් කරන්නෙත් නෑ කරන එකියෙට රැඳිලා ඉන්න දෙන්නෙත් නෑ අපරාදෙ ඕකුන්ව සරමෙ පිහදගන්න තිබ්බෙ උන්ගෙ දෙමාපියන්ට.ගනිකාවන්ටත් අවනම්බුවක්,Harassment,0.9639
අර වේසාවිගෙ පුක බලල මාට්ටු උන අය ඉන්නවද...,අර වේසාවිගෙ පුක බලල මාට්ටු උන අය ඉන්නවද...,Harassment,0.9639
අර සක්කිලි වෙසිගෙ පුතාලට හෙනම ගහපිය. දෙය්යනේ අර වයස අවුරුදු 5 ලමය :'(,අර සක්කිලි වෙසිගෙ පුතාලට හෙනම ගහපිය. දෙය්යනේ අර වයස අවුරුදු 5 ලමය :'(,Harassment,0.9849
අර හය හතර පොඩි ගෑණු ළමයගේ ෆොටෝස් දාගෙන ඇඩ්මින්ලයි අනිත් පරයොයි කියන මහ පොළව උහුලන්නැති කතා බලපන්.අම්ම කෙනෙක්ගේ බඩින් නෙවේ රවුටර් වලට ජාතක වෙච්ච එවුන් විදියටයි හැසිරෙන්නේ. තාත්තා කසිප්පු පෙරන අම්මා කුඩු විකුණන හෝ... URL,අර හය හතර පොඩි ගෑණු ළමයගේ ෆොටෝස් දාගෙන ඇඩ්මින්ලයි අනිත් පරයොයි කියන මහ පොළව උහුලන්නැති කතා බලපන්.අම්ම කෙනෙක්ගේ බඩින් නෙවේ රවුටර් වලට ජාතක වෙච්ච එවුන් විදියටයි හැසිරෙන්නේ. තාත්තා කසිප්පු පෙරන අම්මා කුඩු විකුණන හෝ... උර්ල්,Harassment,0.9175
@USER  @USER අර හොදට ඉන්න ගයා අයියට ඒඩ්ස් බෝ කරන්න එපා බඩුව.,අර හොදට ඉන්න ගයා අයියට ඒඩ්ස් බෝ කරන්න එපා බඩුව.,Harassment,0.9224
"අර හොරි හැදිච්ච බල්ලෙක් ඉන්නේ. එයාගෙ නම ""හොරිබ"" ( හොරි බල්ලා)   #thingsIhearathostel","අර හොරි හැදිච්ච බල්ලෙක් ඉන්නේ. එයාගෙ නම ""හොරිබ"" ( හොරි බල්ලා) ථිඞ්සිහෙඅරථොස්තෙල්",Harassment,0.978
"අරහෙන් අරුං වෙඩි තියනවා. උඹ එනවා මෙතන වීරයා වෙන්න. තව කියවන්න ආවොත් තොගේ ඔළුකට්ට හිල්වෙන්න මම තියන්නෙ."" සරෝන්ද්‍රගෝබි ට යක්සාවේස වෙලා. ඒ මදිවට වෙඩි වරුසා හැම පැත්තෙන්ම.  ""තෝ පලයං ඕන නම්. මම කෙල්ල අරං මිසක් අගලට යන්නෑ."" I just published ගුහා සටන:19 link.medium.com ගුහා සටන:19 Every idea needs a Medium","අරහෙන් අරුං වෙඩි තියනවා. උඹ එනවා මෙතන වීරයා වෙන්න. තව කියවන්න ආවොත් තොගේ ඔළුකට්ට හිල්වෙන්න මම තියන්නෙ."" සරෝන්ද්‍රගෝබි ට යක්සාවේස වෙලා. ඒ මදිවට වෙඩි වරුසා හැම පැත්තෙන්ම. ""තෝ පලයං ඕන නම්. මම කෙල්ල අරං මිසක් අගලට යන්නෑ."" ඉ just පුබ්ලිශේඩ් ගුහා සටන:19 ලින්ක්මෙදිඋම්කොම් ගුහා සටන:19 Every idea needs අ Medium",Harassment,0.9814
අරිනෝ පඩයක බොල දෙන්නගෙ ඇට මුං ඇට වෙන්න,අරිනෝ පඩයක බොල දෙන්නගෙ ඇට මුං ඇට වෙන්න,Harassment,0.9116
"@USER අරිෂ්ටේමද ඕනේ, නැත්තම් කාලක්  ගාලා තඩි බාන්නත් පුළුවන්   #justkidding හා","අරිෂ්ටේමද ඕනේ, නැත්තම් කාලක් ගාලා තඩි බාන්නත් පුළුවන් ජුස්ට්කිද්දීන්ග් හා",Harassment,0.9028
@USER a/l class යන්නේ නැතුව බොල දැන් අම්මට හොරා spa එකක්වත් කරනවද??? #LadiesOnly  @USER,අල class යන්නේ නැතුව බොල දැන් අම්මට හොරා spa එකක්වත් කරනවද??? ලදිඑසොන්ල්ය,Harassment,0.9844
Al-salaman restaurant ...තිරප්පනේටත් තම්බියෝ කේලියා...තවම තවම  තම්බින්ට  පුක දෙන එවුනුත් ඉන්නවනේ...දුකයි සිංහල අපිට...,අල්සලමන් restaurant ...තිරප්පනේටත් තම්බියෝ කේලියා...තවම තවම තම්බින්ට පුක දෙන එවුනුත් ඉන්නවනේ...දුකයි සිංහල අපිට...,Harassment,0.9551
අලි රංචුවක්ම මරන්න තරම් මිනිස්සු කොහොමද හිත හදාගන්නෙ?  ඒ දේ කරපු වල් වේස බැල්ලියොන්ගෙ දූලා පුතාලා ඔක්කෝම නැති වෙලාම පල!,අලි රංචුවක්ම මරන්න තරම් මිනිස්සු කොහොමද හිත හදාගන්නෙ? ඒ දේ කරපු වල් වේස බැල්ලියොන්ගෙ දූලා පුතාලා ඔක්කෝම නැති වෙලාම පල!,Harassment,0.9448
අලි හරක් ගොන් තඩි ඌරු පැටි හිම වලස් දෙන #හුරතලේටකියනනම්,අලි හරක් ගොන් තඩි ඌරු පැටි හිම වලස් දෙන #හුරතලේටකියනනම්,Harassment,0.957
අලි – හක් – සීනු – ගිනිසිළු අවජාතක තොරණ | Lanka News Web Today - URL via  @USER,අලි – හක් – සීනු – ගිනිසිළු අවජාතක තොරණ | ලංකා News Web Today - උර්ල් via,Harassment,0.9028
"අලියගේ වල්ගේ එකෙක් එල්ලුනාම හැත්ත බුරුත්තම ඇවිත් ඒකේ එල්ලෙනවා..  යකුනේ, බර වැඩියි","අලියගේ වල්ගේ එකෙක් එල්ලුනාම හැත්ත බුරුත්තම ඇවිත් ඒකේ එල්ලෙනවා.. යකුනේ, බර වැඩියි",Harassment,0.9414
@USER අලුගුත්තේරු යමයෝ... මේ හුදී නර පණුවන්ගෙ අත් දෙක කඩන්ට පැලෑන් කොරනවට තොට වද දෙන්ට වෙනම අපායක් හදන්ට වෙනවා... අසමජ්ජාතියා...,අලුගුත්තේරු යමයෝ... මේ හුදී නර පණුවන්ගෙ අත් දෙක කඩන්ට පැලෑන් කොරනවට තොට වද දෙන්ට වෙනම අපායක් හදන්ට වෙනවා... අසමජ්ජාතියා...,Harassment,0.9609
අලුත් කලිසමක් මහන්න මම දුන්නා.. පරණ කලිසමක් හදලා උබ දුන්නා.. වංක කමින් උබ උබටම ඇර ගත්තා.. ඔයිට හොදයි එලදෙනෙකුට පුක දුන්නා.,අලුත් කලිසමක් මහන්න මම දුන්නා.. පරණ කලිසමක් හදලා උබ දුන්නා.. වංක කමින් උබ උබටම ඇර ගත්තා.. ඔයිට හොදයි එලදෙනෙකුට පුක දුන්නා.,Harassment,0.9146
@USER අව ජාතක දෙමාපියනගේ අවජාතක ලමයි,අව ජාතක දෙමාපියනගේ අවජාතක ලමයි,Harassment,0.9761
අව ජාතකයට සැබෑ සිංහලය පේන්නේ වැරදියට.එක උගේ වරද නෙමෙයි.අත්ත මුත්ත අම්ම අම්ම කරපු වැරදි කියලා අහක දාන්නත් බෑ.සොලී... URL,අව ජාතකයට සැබෑ සිංහලය පේන්නේ වැරදියට.එක උගේ වරද නෙමෙයි.අත්ත මුත්ත අම්ම අම්ම කරපු වැරදි කියලා අහක දාන්නත් බෑ.සොලී... උර්ල්,Harassment,0.9702
අවජාතක අඩු කුලේ පර හැත්ත. URL,අවජාතක අඩු කුලේ පර හැත්ත. උර්ල්,Harassment,0.9644
අවජාතක අලුත් පරපුරට ජාතකය මතක් කර දෙන රජිතගේ පට්ට කතාව!'ලැජ්ජාව උබලට නොව උබලගේ **** ' URL,අවජාතක අලුත් පරපුරට ජාතකය මතක් කර දෙන රජිතගේ පට්ට කතාව!'ලැජ්ජාව උබලට නොව උබලගේ **** ' උර්ල්,Harassment,0.9238
අවජාතක උගත් කමක් නැති ගොන් හැත්‍ත කවුද කියලා කතාවෙනම පේනවා..unp da පොහොට්ටුවද කියල වැඩක් නෑ..ගොන් කම තිබ්බට ප්‍රදර්ශනය කරන්න එපා..අපි එකෙක්ටවත් නෑ..දෙගොල්ලොම සක්කිලි හැත්ත .. උන්ට කඩේ යන තොපිල ගැන අමුතුවෙන් දෙයක් හිතන්න ඕනා නෑ..,අවජාතක උගත් කමක් නැති ගොන් හැත්‍ත කවුද කියලා කතාවෙනම පේනවා..unp ද පොහොට්ටුවද කියල වැඩක් නෑ..ගොන් කම තිබ්බට ප්‍රදර්ශනය කරන්න එපා..අපි එකෙක්ටවත් නෑ..දෙගොල්ලොම සක්කිලි හැත්ත .. උන්ට කඩේ යන තොපිල ගැන අමුතුවෙන් දෙයක් හිතන්න ඕනා නෑ..,Harassment,0.9126
අවජාතක උබෙ ගැනිගෙ ලෙඩ කිම්බට පන්න පන්න හුකපි උබෙ අප්පට ඔමද කතා කරන්නෙ කැරි වේසිගෙ පුතෝ ඇදලඅරන් උබෙ හුත්ත අස්සෙ ඔබලා මරන්නෙ ලෙඩ බැල්ලිගෙ එකාව,අවජාතක උබෙ ගැනිගෙ ලෙඩ කිම්බට පන්න පන්න හුකපි උබෙ අප්පට ඔමද කතා කරන්නෙ කැරි වේසිගෙ පුතෝ ඇදලඅරන් උබෙ හුත්ත අස්සෙ ඔබලා මරන්නෙ ලෙඩ බැල්ලිගෙ එකාව,Harassment,0.9893
අවජාතක කෛයිචාණ්ඩු පිම්පි හැතිකරේ බං,අවජාතක කෛයිචාණ්ඩු පිම්පි හැතිකරේ බං,Harassment,0.9663
@USER අවජාතක ගොබ්බ රැලක් ජාතක⁣ වෙලා මේ ලක් දෙරණට,අවජාතක ගොබ්බ රැලක් ජාතක⁣ වෙලා මේ ලක් දෙරණට,Harassment,0.98
අවජාතක ටොයියන් වෙතයි. උඹලට අම්මෙක් අප්පෙක් සහෝදරයෙක් නැති අවජාතකයො නිසා සතුටු වෙන්න පුළුවන් ඇති. හැබැයි උඹලපවගේ... URL,අවජාතක ටොයියන් වෙතයි. උඹලට අම්මෙක් අප්පෙක් සහෝදරයෙක් නැති අවජාතකයො නිසා සතුටු වෙන්න පුළුවන් ඇති. හැබැයි උඹලපවගේ... උර්ල්,Harassment,0.9854
@USER අවජාතක ප*යෙක් බන් අයියේ ඕකා. අම්මෙක්ට දාව උපන් එකෙක් නෙමේ.,අවජාතක ප*යෙක් බන් අයියේ ඕකා. අම්මෙක්ට දාව උපන් එකෙක් නෙමේ.,Harassment,0.9771
අවජාතක බැල්ලිගේ පුතෙක් මට reach හදලා දෙනවා...මේ වන විට. Twitter එකේ.. උඹට රතඹලා පුකක්ම ලැබේවා,අවජාතක බැල්ලිගේ පුතෙක් මට reach හදලා දෙනවා...මේ වන විට. Twitter එකේ.. උඹට රතඹලා පුකක්ම ලැබේවා,Harassment,0.9844
අවජාතක රනිල් සිරිසේන අපේ නියම සිංහල ජාතියට කල,අවජාතක රනිල් සිරිසේන අපේ නියම සිංහල ජාතියට කල,Harassment,0.9312
අවජාතක වී ඉපදුනාට මං මහ පොලවට මම ජාතක කල මවු පියන්ට බනින්නේනැ මම නැති බැරි හින්දම කාහල ගොඩට මාව දැම්ම පව පිංවේවා... URL,අවජාතක වී ඉපදුනාට මං මහ පොලවට මම ජාතක කල මවු පියන්ට බනින්නේනැ මම නැති බැරි හින්දම කාහල ගොඩට මාව දැම්ම පව පිංවේවා... උර්ල්,Harassment,0.9121
@USER අවජාතක සමනල වේසිගෙ පුතා බල්ලෙකුට ජාතක වෙච්චි පලියට ලෝකෙ පුරා පුක දෙන්න හදන්න එපා. ලෙමන් පෆ් ගබඩා කරන්නේ තොගේ අප්පට කන්න දෙන්න ද හාල්පාරුවෝ,අවජාතක සමනල වේසිගෙ පුතා බල්ලෙකුට ජාතක වෙච්චි පලියට ලෝකෙ පුරා පුක දෙන්න හදන්න එපා. ලෙමන් පෆ් ගබඩා කරන්නේ තොගේ අප්පට කන්න දෙන්න ද හාල්පාරුවෝ,Harassment,0.9839
අවජාතක හැත්තට එරෙහිව දන්න සිංහලෙන්... URL,අවජාතක හැත්තට එරෙහිව දන්න සිංහලෙන්... උර්ල්,Harassment,0.9077
@USER අවජාතකයකු විසින් කල අමන ප්‍රකාශය. මම බලාපොරොත්තු වෙනවා තෝ ලබා අවුරුද්දේ මැරිලා යනකන්.,අවජාතකයකු විසින් කල අමන ප්‍රකාශය. මම බලාපොරොත්තු වෙනවා තෝ ලබා අවුරුද්දේ මැරිලා යනකන්.,Harassment,0.9028
"අවුරුද්දට අම්මා හදන හදන කොකිස උනු උනුවෙම හොරාට කන්න ගිහින්, අම්ම දුන්නා පාරක්, උනු තෙල් කොකිස් අච්චුවෙන්ම,  තව පොඩ්ඩෙන් අතේ සමනලයම හිටිනවා.  amma on  #Avurudu #AvuruduLK #TeamKokis","අවුරුද්දට අම්මා හදන හදන කොකිස උනු උනුවෙම හොරාට කන්න ගිහින්, අම්ම දුන්නා පාරක්, උනු තෙල් කොකිස් අච්චුවෙන්ම, තව පොඩ්ඩෙන් අතේ සමනලයම හිටිනවා. amma ඕන අවුරුදු අවුරුදුල්ක් ටෙඅම්කොකිස්",Harassment,0.9077
"අවුරුදු ගානක් කට්ටකාලා අමාරුවෙන් campus ගියාම ඒකේ ඉන්න වේස කොල්ලො පාඩුවෙ ඉන්න දෙන්නැතුව පුක දෙන්න ආවොත්,අම්මපා කුළියට මිනිස්සු දම්මලා උන්ගේ graduation එක දවසට දෙනවා දීමනාවක් කරපු දේවල් මතක් වෙන්න. . . . . ඊට කලින් වලි ඇදගත්තොත් නේ හැමිනෙන්න එන්නේ.","අවුරුදු ගානක් කට්ටකාලා අමාරුවෙන් campus ගියාම ඒකේ ඉන්න වේස කොල්ලො පාඩුවෙ ඉන්න දෙන්නැතුව පුක දෙන්න ආවොත්,අම්මපා කුළියට මිනිස්සු දම්මලා උන්ගේ graduation එක දවසට දෙනවා දීමනාවක් කරපු දේවල් මතක් වෙන්න. . . . . ඊට කලින් වලි ඇදගත්තොත් නේ හැමිනෙන්න එන්නේ.",Harassment,0.9805
@USER අශ්ව පඩ බැටලු පඩ අලි පඩ ඔටු පඩ ඩොල්ෆින් පඩ වඳුරු පඩ බැල්ලි පඩ පූස් පඩ කොටි පඩ කුකුල් පඩ බලු බඩ ඌරු පඩ මී පඩ මී හරක් පඩ පඩ පඩ,අශ්ව පඩ බැටලු පඩ අලි පඩ ඔටු පඩ ඩොල්ෆින් පඩ වඳුරු පඩ බැල්ලි පඩ පූස් පඩ කොටි පඩ කුකුල් පඩ බලු බඩ ඌරු පඩ මී පඩ මී හරක් පඩ පඩ පඩ,Harassment,0.9741
@USER  @USER අහක ඉන්න අම්ම අප්පව මතක් කරගන්නෙ නැතුව ඉඳින් වේසිගෙ පුතා.. අඩුමාසෙන් වදපු එකෙක් කියල පෙන්නන්න එපා!,අහක ඉන්න අම්ම අප්පව මතක් කරගන්නෙ නැතුව ඉඳින් වේසිගෙ පුතා.. අඩුමාසෙන් වදපු එකෙක් කියල පෙන්නන්න එපා!,Harassment,0.9253
අහක ඉන්න අම්ම පලි නෑ ඕවට.. එයාව මරන්න එපා poddak toxic ngl ❥ @USER  · 28 Sep 2019 ඔබ නිසාවක් නිසා වැස්සකටත් අහුවුනා අද අම්මා මරනවා,අහක ඉන්න අම්ම පලි නෑ ඕවට.. එයාව මරන්න එපා පොඩ්ඩක් toxic න්ගල් ❥ · 28 සේප 2019 ඔබ නිසාවක් නිසා වැස්සකටත් අහුවුනා අද අම්මා මරනවා,Harassment,0.9121
අහක යන නයි එපා එපා කියද්දි රෙද්ද අස්සේ දාගෙන පස්සේ රෙද්ද උස්සලා පුකෙත් ඇරලා ගියාම කනවො කනවෝ කියන්න එපා හුත්ත,අහක යන නයි එපා එපා කියද්දි රෙද්ද අස්සේ දාගෙන පස්සේ රෙද්ද උස්සලා පුකෙත් ඇරලා ගියාම කනවො කනවෝ කියන්න එපා හුත්ත,Harassment,0.9697
අහක යන නයි රෙද්ද අස්සෙ දාගන්නෙ නෑ මල්ලෙහ් තියෙන එකා පරිස්සම් කරනව සමහරු වගේ අහක යන නයා කියලා කපාගන්නෙ නෑ අපි,අහක යන නයි රෙද්ද අස්සෙ දාගන්නෙ නෑ මල්ලෙහ් තියෙන එකා පරිස්සම් කරනව සමහරු වගේ අහක යන නයා කියලා කපාගන්නෙ නෑ අපි,Harassment,0.9541
@USER  @USER අහක යන පෝස්ට් වලට පුක දෙන්න හදන මේ ගං හිවලා මොකාද ?     පරිස්සමින් බොල ඔය පුක ගෙවිලා යයි අනුන්ට දීලම ..,අහක යන පෝස්ට් වලට පුක දෙන්න හදන මේ ගං හිවලා මොකාද ? පරිස්සමින් බොල ඔය පුක ගෙවිලා යයි අනුන්ට දීලම ..,Harassment,0.9258
"අහපල්ලා මේක, කුණුහරප අහගෙන ඉන්න පුලුවන්නම් විතරක්.. නොදකින් විතරක් බල්ලෙක් ගේ ස්පර්ම් වලින් ජාතක වෙච්ච බැල්ලියෙක්ගේ පුතෙක් අපේ ආගම ධර්මයට, ඉතිහාසයට නිගා කරන හැටි.. ලැජ්ජයි රන්ජන් තෝ නම්.. උඹ වගේ වනචරයෙක්, බල්ලෙක් ගාවවත් ජාතක වෙන්න හොද නෑ..  youtube.com රන්ජන්,ජානකි විජේරත්න සමග කල දුරකථන සංවාදය Ranjan ramanayake | Janaki... රන්ජන්,ජානකි විජේරත්න සමග කල දුරකථන සංවාදය Ranjan ramanayake Phone Calls Record | Janaki Wjierathnaරන්ජන්ගේ රෙදි ගැලවෙන බුදු දහමට අපහස කරන අලුත්ම වීඩියෝ එක ....","අහපල්ලා මේක, කුණුහරප අහගෙන ඉන්න පුලුවන්නම් විතරක්.. නොදකින් විතරක් බල්ලෙක් ගේ ස්පර්ම් වලින් ජාතක වෙච්ච බැල්ලියෙක්ගේ පුතෙක් අපේ ආගම ධර්මයට, ඉතිහාසයට නිගා කරන හැටි.. ලැජ්ජයි රන්ජන් තෝ නම්.. උඹ වගේ වනචරයෙක්, බල්ලෙක් ගාවවත් ජාතක වෙන්න හොද නෑ.. යෝඋටුබෙචොම් රන්ජන්,ජානකි විජේරත්න සමග කල දුරකථන සංවාදය රන්ජන් රමනයකේ | ජානකි රන්ජන්,ජානකි විජේරත්න සමග කල දුරකථන සංවාදය රන්ජන් රමනයකේ Phone චාල්ල්ස් Record | ජානකි Wjierathnaරන්ජන්ගේ රෙදි ගැලවෙන බුදු දහමට අපහස කරන අලුත්ම වීඩියෝ එක ....",Harassment,0.9497
අහම්බෙන් Bra එකෙ පටිය ඇදුමෙන් එලියට පැනලා තිබ්බා දැක්කොත් !  අම්මො ඕකි බඩුව බං මන් ඕකිට ගැහුවා....,අහම්බෙන් Bra එකෙ පටිය ඇදුමෙන් එලියට පැනලා තිබ්බා දැක්කොත් ! අම්මො ඕකි බඩුව බං මන් ඕකිට ගැහුවා....,Harassment,0.9326
අහිංසක වන සත්තු මරපු කාල යක්ශයා අල්ලලා දෙකට ඉරලා ලුනු දාලා සත්තු පුච්ච්න් කෑවා වගෙ පුච්චන්න ඔනෙ සක්කිලි කොහොම තියෙයිද රට ගියොත් ඔකුන්ට පරයා,අහිංසක වන සත්තු මරපු කාල යක්ශයා අල්ලලා දෙකට ඉරලා ලුනු දාලා සත්තු පුච්ච්න් කෑවා වගෙ පුච්චන්න ඔනෙ සක්කිලි කොහොම තියෙයිද රට ගියොත් ඔකුන්ට පරයා,Harassment,0.937
@USER අහිංසකම සත්තු. කන්න දෙන්න ගියහම හාවොන්ගේ අම්ම මෝ මතක් වෙනවා.. දෙන තරමක් කනවා ඕකුන්.. එකම දේ බිත්ති අයිනේ කුඩු හදන්න එපා... පැටව් දාන කාලෙට පොලොව හාරනවා සෑහෙන්න.,අහිංසකම සත්තු. කන්න දෙන්න ගියහම හාවොන්ගේ අම්ම මෝ මතක් වෙනවා.. දෙන තරමක් කනවා ඕකුන්.. එකම දේ බිත්ති අයිනේ කුඩු හදන්න එපා... පැටව් දාන කාලෙට පොලොව හාරනවා සෑහෙන්න.,Harassment,0.9155
@USER @USER @USER  @USER  අහිංසක…dp එක මාරු කරහං නැත්තම් මං තෝව පට්ට ගහනවා!,අහිංසක…dp එක මාරු කරහං නැත්තම් මං තෝව පට්ට ගහනවා!,Harassment,0.981
@USER අහුවුනොත් තොට සවුකොළ අලවලා බල්බ් දායි,අහුවුනොත් තොට සවුකොළ අලවලා බල්බ් දායි,Harassment,0.9175
"අා අම්ම අාවද, මං අද හොඳ වැඩක් කලා  අර මොකද්දැ? අම්මට හෝදන්න ලේසි වෙන්න අද උයපු වළං ඔක්කොම දොලට දාල තිබ්බ මං  දොල ගැලුවෙ නැද්ද අර මහ වැස්සයට ගැලුව ගැලුව  ඉතිං වලං ටික හුටා  තොට මං, ඔහොම හිටපං, හිටහං මට දුවන්න බෑ","අා අම්ම අාවද, මං අද හොඳ වැඩක් කලා අර මොකද්දැ? අම්මට හෝදන්න ලේසි වෙන්න අද උයපු වළං ඔක්කොම දොලට දාල තිබ්බ මං දොල ගැලුවෙ නැද්ද අර මහ වැස්සයට ගැලුව ගැලුව ඉතිං වලං ටික හුටා තොට මං, ඔහොම හිටපං, හිටහං මට දුවන්න බෑ",Harassment,0.9712
@USER  @USER @USER  අැම්ඩෝ තෝ හැදෙනව කියල පොරොන්දු උනා නේද.තවත් මේ අක්කි පැටියට කරදර කරන්නෑ කියල කියාම් .,අැම්ඩෝ තෝ හැදෙනව කියල පොරොන්දු උනා නේද.තවත් මේ අක්කි පැටියට කරදර කරන්නෑ කියල කියාම් .,Harassment,0.9302
@USER අැයි බඩට අාව ළමයට human rights කියල අටමගලයක් නැද්ද? මේකෙ ඉන්න උන් හිතන් ඉන්නෙ සුද්දගෙ රටේ හැම පු#ටම අාවඩන එකා පොස් කියල. යකුනේ තොපි දන්නවද ලමයි නැති කී දාහක් clinic ගානෙ දුක් විඳිනවද දරු පැටියෙක් හදාගන්න බැරුව කියල? මොන විදියකින් හරි දරුවෙක් බඩට අාවොත් එ්කව අාරක්ෂිව ගබිසා නොකර,අැයි බඩට අාව ළමයට human රිඝ්ට්ස් කියල අටමගලයක් නැද්ද? මේකෙ ඉන්න උන් හිතන් ඉන්නෙ සුද්දගෙ රටේ හැම පු#ටම අාවඩන එකා පොස් කියල. යකුනේ තොපි දන්නවද ලමයි නැති කී දාහක් clinic ගානෙ දුක් විඳිනවද දරු පැටියෙක් හදාගන්න බැරුව කියල? මොන විදියකින් හරි දරුවෙක් බඩට අාවොත් එ්කව අාරක්ෂිව ගබිසා නොකර,Harassment,0.9746
@USER ආ ඔව් ඔව්.. ඒකි සුදු කපුටී.. තෝ වේලිච්ච තැඹිලි ගෙඩිය.. දැම් හරිද..   එනව මෙතන මගෙ ටෝක්ස් මටම ඉසූ කරන්ඩ ගොන්ටා..,ආ ඔව් ඔව්.. ඒකි සුදු කපුටී.. තෝ වේලිච්ච තැඹිලි ගෙඩිය.. දැම් හරිද.. එනව මෙතන මගෙ ටෝක්ස් මටම ඉසූ කරන්ඩ ගොන්ටා..,Harassment,0.9092
ආ මේ උං ඉන්දියං කාරයො  ඕකුං එක්ක වලියකට යන්ඩවත ඕකුත් සුදුසු නෑ... මේ මෙහෙට්ට වෙලා හිටපල්ල විකාර නැතුව ... පාරෙ රීල අඬු කෝප්පෙන් පුක හෝදන උන් එක්ක මොන වලිද බං!   #IndVsSLවලිය,ආ මේ උං ඉන්දියං කාරයො ඕකුං එක්ක වලියකට යන්ඩවත ඕකුත් සුදුසු නෑ... මේ මෙහෙට්ට වෙලා හිටපල්ල විකාර නැතුව ... පාරෙ රීල අඬු කෝප්පෙන් පුක හෝදන උන් එක්ක මොන වලිද බං! #IndVsSLවලිය,Harassment,0.9268
"ආ හරි, කඩු ගන්නෙ වල් කොටන්න, පිහි ගන්නෙ කැඳ හදන්නයි හරක් මරන්නයි.  එල.","ආ හරි, කඩු ගන්නෙ වල් කොටන්න, පිහි ගන්නෙ කැඳ හදන්නයි හරක් මරන්නයි. එල.",Harassment,0.9209
@USER  @USER ආ හුත්තිගේ පුතා ආවද... කැරියා....අඩු කුලේ පද්දා....තොපි වගේ අඩු කුලේ නූගත් හැත්තගේ අවජාතක කම තොගෙන් පේනවා...තොගෙ මහ වේසි තරමත් හිතා ගන්න පුළුවන්.. අඩු කුලේ කැරි පද්දා....ඈක්කා.   තෝ පද්දෙක් නැත්නම් කරාවෙක් තමයි අනිවාර්යයෙන්..,ආ හුත්තිගේ පුතා ආවද... කැරියා....අඩු කුලේ පද්දා....තොපි වගේ අඩු කුලේ නූගත් හැත්තගේ අවජාතක කම තොගෙන් පේනවා...තොගෙ මහ වේසි තරමත් හිතා ගන්න පුළුවන්.. අඩු කුලේ කැරි පද්දා....ඈක්කා. තෝ පද්දෙක් නැත්නම් කරාවෙක් තමයි අනිවාර්යයෙන්..,Harassment,0.9888
ආං අරකි බැල්ලි එක්ක නිදියල ඇග පුරාම ලොම්ලු බැල්ලිගෙ ල්ප්ම් එකිගෙ ඇගෙ,ආං අරකි බැල්ලි එක්ක නිදියල ඇග පුරාම ලොම්ලු බැල්ලිගෙ ල්ප්ම් එකිගෙ ඇගෙ,Harassment,0.9624
@USER ආආඅ  උණ කට්ට තියල බැලුවම අහු වෙනවද පිස්සු කියල,ආආඅ උණ කට්ට තියල බැලුවම අහු වෙනවද පිස්සු කියල,Harassment,0.9106
ආගම උඩින් පුක තියන් යන්නෙ ලීටරේට 108km   WAZI @USER  · 7 Feb 2021  @USER@USER CT100 කියන්නෙ ආගමක්,ආගම උඩින් පුක තියන් යන්නෙ ලීටරේට 108km වළි · 7 ෆෙබ් 2021 CT100 කියන්නෙ ආගමක්,Harassment,0.9307
@USER ආගමකට හැරහුවම  හිට් වෙන්න පුළුවන් කියලා හිතන අභිසාරිකවන්ගේ පුතාලා ඕන තරම් ඉන්නවා.. මෝඩ හැත්ත,ආගමකට හැරහුවම හිට් වෙන්න පුළුවන් කියලා හිතන අභිසාරිකවන්ගේ පුතාලා ඕන තරම් ඉන්නවා.. මෝඩ හැත්ත,Harassment,0.9307
ආච්චිට හාල් ගරන්න හින්දියෙන් කතා කරන්නැතුව කඩ්ඩෙන් announce කරපන්කෝ රෙද්ද!! #IPL8,ආච්චිට හාල් ගරන්න හින්දියෙන් කතා කරන්නැතුව කඩ්ඩෙන් announce කරපන්කෝ රෙද්ද!! #IPL8,Harassment,0.9126
@USER ආතල් එකට දාන ඒවටත් පුක රත්කරගන්න උන් ඉන්නවා නේ,ආතල් එකට දාන ඒවටත් පුක රත්කරගන්න උන් ඉන්නවා නේ,Harassment,0.9243
ආදරනීය ජනාධිපති තාත්තා  වෙත.   තොගෙ අම්මට හැමිනෙනවද  අර සක්කිලි මුස්ලිම්  හැත්ත මෙහෙ ගෙනත් දාගෙන ඉන්නෙ?,ආදරනීය ජනාධිපති තාත්තා වෙත. තොගෙ අම්මට හැමිනෙනවද අර සක්කිලි මුස්ලිම් හැත්ත මෙහෙ ගෙනත් දාගෙන ඉන්නෙ?,Harassment,0.9492
@USER  @USER ආදරය නැතුව හැදෙන ළමයිගේ අම්මල තාත්ත කොහේ හරි මහලු මඩමක් කල්තියා ලේස්ති කරගන්න එක මාර වටිනවා .මොකද එයාල දන්නේ අම්ම තාත්ත වගේ රේස්එක දුවන්න විතරයි,ආදරය නැතුව හැදෙන ළමයිගේ අම්මල තාත්ත කොහේ හරි මහලු මඩමක් කල්තියා ලේස්ති කරගන්න එක මාර වටිනවා .මොකද එයාල දන්නේ අම්ම තාත්ත වගේ රේස්එක දුවන්න විතරයි,Harassment,0.9253
"ආදරිය උඹ ගිහින් හතයි තිහේ.. මං බලා ඉඳිමි යන්ට හතලිහේ.. ඔබ එක්ක යනෝ වගෙ එකම රැහේ.. නෑ රහක්,නොදැක තොගෙ බෝල නහේ.  #කවි #කෝච්චි","ආදරිය උඹ ගිහින් හතයි තිහේ.. මං බලා ඉඳිමි යන්ට හතලිහේ.. ඔබ එක්ක යනෝ වගෙ එකම රැහේ.. නෑ රහක්,නොදැක තොගෙ බෝල නහේ. #කවි #කෝච්චි",Harassment,0.9004
ආදරේ තමයි එත් යනවනම් පලයන් ඉන්නනවනම් ඉදපං පුකට වැද වැද පස්ස‍ෙන් එන්න‍ේ  න‍ැ ලොල්ලෙක් වගේ එක‍ේ...  — feeling positive,ආදරේ තමයි එත් යනවනම් පලයන් ඉන්නනවනම් ඉදපං පුකට වැද වැද පස්ස‍ෙන් එන්න‍ේ න‍ැ ලොල්ලෙක් වගේ එක‍ේ... — feeling positive,Harassment,0.9199
"Adithya කියන්නෙත් කෙල්ලෙක් බොලව්.. බැලුවානම් කට පුක පියන් හිටපියව්.. ඒ ඉන්නේ ඒ කෙල්ලම නොවෙන්නත් පුලුවන්.. තොපේ සාගින්න ඒ කෙල්ලට , ඒකෙල්ලගේ ජීවිතයට වදින මකන්න බැරි මඩ පැල්ලමක් වෙන්න පුලුවන්...","ආදිත්‍ය කියන්නෙත් කෙල්ලෙක් බොලව්.. බැලුවානම් කට පුක පියන් හිටපියව්.. ඒ ඉන්නේ ඒ කෙල්ලම නොවෙන්නත් පුලුවන්.. තොපේ සාගින්න ඒ කෙල්ලට , ඒකෙල්ලගේ ජීවිතයට වදින මකන්න බැරි මඩ පැල්ලමක් වෙන්න පුලුවන්...",Harassment,0.9062
"ආප්පයක් කාලා, බ්‍රා එකක් ඇඳගෙන, මඩු වලිගෙන් ගහගෙන, පෑනක් පුකේ ගහගෙන පයිය කපාගනියව්!!","ආප්පයක් කාලා, බ්‍රා එකක් ඇඳගෙන, මඩු වලිගෙන් ගහගෙන, පෑනක් පුකේ ගහගෙන පයිය කපාගනියව්!!",Harassment,0.9321
@USER ආපෝ අද කාලෙ හැදෙන පොඩි උන්. දැං උඹ දන්නවද රෝස මලේ නටුවෙ කටුවත්?,ආපෝ අද කාලෙ හැදෙන පොඩි උන්. දැං උඹ දන්නවද රෝස මලේ නටුවෙ කටුවත්?,Harassment,0.9629
ආපෝ පයිය නැලූ  හම්මේ ආච්චී... ඔයා නම්ම්..:,ආපෝ පයිය නැලූ හම්මේ ආච්චී... ඔයා නම්ම්..:,Harassment,0.9512
ආයෙ ළඟට ආවොත් ගිලිනවා යකෝ!! ගිලිනවා!!! #MoogaterPictures   *ලේනට මේ කියන්නෙ!! ඌ මුගෙ ඇගට උඩින් පැනලා මෙතනින් එහේ-මෙහේ යනවා.,ආයෙ ළඟට ආවොත් ගිලිනවා යකෝ!! ගිලිනවා!!! මූගටෙර්පිච්ටුරෙස් *ලේනට මේ කියන්නෙ!! ඌ මුගෙ ඇගට උඩින් පැනලා මෙතනින් එහේ-මෙහේ යනවා.,Harassment,0.9512
ආලවඩන උඹ ගජමන්  ආරෝවක් මක්කයි  ඇබිත්තක් හිදින් වංහුං දොඩන්නේ නැතේ  ඔහේ වගේ මයේ අහත් මාතරයි හොදේ දන්නවයි ඔහේ  දික්වැල්ලේ පුහුල්වැල්ලේ කුඩාවැල්ලේ   නූපෙ හන්දියෙත් වංහුං දොඩනවා අපේ  පාරෙ ගියත් වමෙන් අපේ දකුණෙ බඩු හරිය....  #සාජ්ජේ #දකුණ #ලංකාවතියෙන්නේදකුණේ,ආලවඩන උඹ ගජමන් ආරෝවක් මක්කයි ඇබිත්තක් හිදින් වංහුං දොඩන්නේ නැතේ ඔහේ වගේ මයේ අහත් මාතරයි හොදේ දන්නවයි ඔහේ දික්වැල්ලේ පුහුල්වැල්ලේ කුඩාවැල්ලේ නූපෙ හන්දියෙත් වංහුං දොඩනවා අපේ පාරෙ ගියත් වමෙන් අපේ දකුණෙ බඩු හරිය.... #සාජ්ජේ #දකුණ #ලංකාවතියෙන්නේදකුණේ,Harassment,0.9595
ආශ්‍රය number 4. කොටින්ම කිව්වොත් විකාර කරන්න යන්න එපා. රෙන පුකට මොන කැටයම්ද? උබේ පලවෙනි ලක්ෂ 100 clear කරනකන් උබට පාටි නැහැ (net profit හොඳේ). උඹ උඹේ හීනෙට වහලෙක්. හම්බ කරන සොච්චමට කෙලින්න එන එවුන් අඳුරගන්න. ගෑණු පිරිමි භේදයක් නැහැ.  උඹට හරි හමන් යාලුවෙක් නැත්තන් තනියම ඉඳපන්.,ආශ්‍රය number 4. කොටින්ම කිව්වොත් විකාර කරන්න යන්න එපා. රෙන පුකට මොන කැටයම්ද? උබේ පලවෙනි ලක්ෂ 100 clear කරනකන් උබට පාටි නැහැ (net profit හොඳේ). උඹ උඹේ හීනෙට වහලෙක්. හම්බ කරන සොච්චමට කෙලින්න එන එවුන් අඳුරගන්න. ගෑණු පිරිමි භේදයක් නැහැ. උඹට හරි හමන් යාලුවෙක් නැත්තන් තනියම ඉඳපන්.,Harassment,0.9712
ආසයි බයයි — thinking about අම්ම බනීද දන්නෑ,ආසයි බයයි — thinking about අම්ම බනීද දන්නෑ,Harassment,0.98
ආසයි මම නං මෙයාගෙ කටට දෙන්න...පුකට අරින්න බඩු යනකං,ආසයි මම නං මෙයාගෙ කටට දෙන්න...පුකට අරින්න බඩු යනකං,Harassment,0.9668
@USER ආහ් ආවද පොන්න පකයා. අල්ලා??? තොගෙ පයිය අල්ලලා වට කරලා ඇදලා ගහ ගනින් තොගෙ පුකේ.. වනචර බල්ලා,ආහ් ආවද පොන්න පකයා. අල්ලා??? තොගෙ පයිය අල්ලලා වට කරලා ඇදලා ගහ ගනින් තොගෙ පුකේ.. වනචර බල්ලා,Harassment,0.9893
ඇඟේ දුවන්නේ මොන ලේ ද කියලා වැඩක් නෑ..මේ රටේ දියුණුවට උඹ උදව් කරනවනම් උන් ලක් අම්මගේ දරුවො ..ආගම ජාතිය මොකක් වුනත්. #මේ රටට මේ පොළවේ මිනිස්සුන්ට වෛර කරනවනම් අයහපතක් කරනවනම් ඇඟේ දුවන්නේ මොන ලේ උනත් ඌ අවජාතකයෙක්..,ඇඟේ දුවන්නේ මොන ලේ ද කියලා වැඩක් නෑ..මේ රටේ දියුණුවට උඹ උදව් කරනවනම් උන් ලක් අම්මගේ දරුවො ..ආගම ජාතිය මොකක් වුනත්. #මේ රටට මේ පොළවේ මිනිස්සුන්ට වෛර කරනවනම් අයහපතක් කරනවනම් ඇඟේ දුවන්නේ මොන ලේ උනත් ඌ අවජාතකයෙක්..,Harassment,0.9385
ඇඟේ හැටියට මොළේ තිබ්බා නම් උඹ තමයි අද මේ වත්තේ ග්‍රාමසේවක....  #TeleDramaDialogs,ඇඟේ හැටියට මොළේ තිබ්බා නම් උඹ තමයි අද මේ වත්තේ ග්‍රාමසේවක.... තෙලෙද්රංඅදිඅලොග්ස,Harassment,0.9341
@USER  @USER    ඇට තලන්න කලින් දුවපන් බැද්දෙ අයියත් ආවනෙ  තලලම පස්ස බලයි,ඇට තලන්න කලින් දුවපන් බැද්දෙ අයියත් ආවනෙ තලලම පස්ස බලයි,Harassment,0.9155
ඇට්ටිම්බෙන් හිටපු සුද්දට සබන් ගාලා පුක හෝදන්න පුරැදු කරපු කොරෝනා.අතට අත නොදි වැඳ පිළිගැනිම කියා දුන්න කොරෝනා.ඉංග්‍රිසි බෙහෙත් එපාකරවපු කොරෝනා.පෘතුවිය පිරිසිදු කල කොරෝනා..සමගිය ඇති කල කොරෝනා.මිනිසුන්ට දරාගැනිම කියා දුන් කොරෝනා.දක්ෂයන් එලියට ගත් කොරෝනා.සුද්දා ලොසා කියා දුන්න කොරෝනා,ඇට්ටිම්බෙන් හිටපු සුද්දට සබන් ගාලා පුක හෝදන්න පුරැදු කරපු කොරෝනා.අතට අත නොදි වැඳ පිළිගැනිම කියා දුන්න කොරෝනා.ඉංග්‍රිසි බෙහෙත් එපාකරවපු කොරෝනා.පෘතුවිය පිරිසිදු කල කොරෝනා..සමගිය ඇති කල කොරෝනා.මිනිසුන්ට දරාගැනිම කියා දුන් කොරෝනා.දක්ෂයන් එලියට ගත් කොරෝනා.සුද්දා ලොසා කියා දුන්න කොරෝනා,Harassment,0.938
Aththa Gossip: වට්ටක්කා ගෙඩියක් එක්ක පිස්සු නටන බලු පැටියෙක් (Video) URL,ඇත්ත Gossip: වට්ටක්කා ගෙඩියක් එක්ක පිස්සු නටන බලු පැටියෙක් (Video) උර්ල්,Harassment,0.9546
@USER ඇත්ත කියල විහිලු කරන සක්කිලි පුරුද්ද හදාගන්න කියල පොඩිකාලෙ අම්ම මට ගහලත් තියනව. සමාවෙයං මල්ලි හිතරිදුන නං. ඒත් බඩුව බඩුවම තමා,ඇත්ත කියල විහිලු කරන සක්කිලි පුරුද්ද හදාගන්න කියල පොඩිකාලෙ අම්ම මට ගහලත් තියනව. සමාවෙයං මල්ලි හිතරිදුන නං. ඒත් බඩුව බඩුවම තමා,Harassment,0.9595
"ඇත්තටම බටුහාවෙක් වෙලා උඹ ලඟට පැනගෙන පැනගෙන ඇවිත් උඹෙ අස්සෙ ගුලිවෙන්න තිබුණ නම්...  ඔය කටින් ""මෝඩයා එනව මෙහාට"" කියනකන් හොම්බෙන් ඇන ඇන වද දෙන්න තිබුණ නම්...  හා දත් වලින් අල්ලලා මේම මේම හපලා "" බටුස් ආදරෙයි අනේ..ඔයා දන්නවනේ "" කියල ආයෙ බෙල්ලෙ එල්ලෙන්න තිබුණ නම්...  #නිකන්_හිතුණා","ඇත්තටම බටුහාවෙක් වෙලා උඹ ලඟට පැනගෙන පැනගෙන ඇවිත් උඹෙ අස්සෙ ගුලිවෙන්න තිබුණ නම්... ඔය කටින් ""මෝඩයා එනව මෙහාට"" කියනකන් හොම්බෙන් ඇන ඇන වද දෙන්න තිබුණ නම්... හා දත් වලින් අල්ලලා මේම මේම හපලා "" බටුස් ආදරෙයි අනේ..ඔයා දන්නවනේ "" කියල ආයෙ බෙල්ලෙ එල්ලෙන්න තිබුණ නම්... #නිකන්_හිතුණා",Harassment,0.9014
"ඇතැම් අය පුකේ කැටයම් කපති, ටැටූ ගසති.. කුමක් කළත් උදේට බොක යනකොට එන ගඳ දැනුන විට ""රෙන පුකට මොන කැටයම්ද"" කියා සිතේ.. කෙල්ලෝ තමන්ගේ පුක අන් කෙල්ලන්ගේ පුකවල් සමඟ සසඳති.. තම පුකට වඩා ලොකු පුකක් නම් ඔවුන් ඉරිසියාවේ පැලෙති.. පොඩි පුකක් නම් පුකෙන් හිනාවෙති.","ඇතැම් අය පුකේ කැටයම් කපති, ටැටූ ගසති.. කුමක් කළත් උදේට බොක යනකොට එන ගඳ දැනුන විට ""රෙන පුකට මොන කැටයම්ද"" කියා සිතේ.. කෙල්ලෝ තමන්ගේ පුක අන් කෙල්ලන්ගේ පුකවල් සමඟ සසඳති.. තම පුකට වඩා ලොකු පුකක් නම් ඔවුන් ඉරිසියාවේ පැලෙති.. පොඩි පුකක් නම් පුකෙන් හිනාවෙති.",Harassment,0.9702
"ඇදගෙන පලයන් ජීවිට්තේ, හිටියත් හාමතේ, දවසක කාටත් හරියනවා","ඇදගෙන පලයන් ජීවිට්තේ, හිටියත් හාමතේ, දවසක කාටත් හරියනවා",Harassment,0.9043
ඇදිරි නීතිය දාලා මදි. නටන එක එකා වෙනවෙනම අල්ලලා රෙද්ද උස්සලා අංගජාතේ තාර ගාන්න ඕනේ. ඔව් නටන උන් කාගේකාගේත් #lka #gintota #dancers,ඇදිරි නීතිය දාලා මදි. නටන එක එකා වෙනවෙනම අල්ලලා රෙද්ද උස්සලා අංගජාතේ තාර ගාන්න ඕනේ. ඔව් නටන උන් කාගේකාගේත් ලක ගින්ටොට දන්චෙර්ස්,Harassment,0.9478
ඇඳ හයිය ඇති වෙයිද දන්නෑ කියලා කිව්වෙ නැද්ද තොපි එකෙක්ගෙවත් ex ලා #Exගේරසකතා,ඇඳ හයිය ඇති වෙයිද දන්නෑ කියලා කිව්වෙ නැද්ද තොපි එකෙක්ගෙවත් එෂ් ලා #Exගේරසකතා,Harassment,0.9053
"ඇපල්, මහා ලොකු පලතුර  මට තෝ පේන්න බෑ අයිසේ, ආදම් ඒවා දෙන්නා තෝව කාලා අපිව ඉපැද්දුවා  නිව්ටනයාගෙ ඔලුවට තෝ පතබෑවිලා මට ඉගනීම එපා කලා අනේ.. මං හිතුවෙ ඉවරයි කියලා,  ඒත්, උඹ ස්ටීව් ජොබාගෙ ඔලුවට වැහිලා, ඇපල් ෆෝන් උපද්දලා සල්ලි ටිකත් හූරගත්තා  පණුවොම කාපිය තෝව.   -විනෝදයටඋපුටා ගැනීමක්","ඇපල්, මහා ලොකු පලතුර මට තෝ පේන්න බෑ අයිසේ, ආදම් ඒවා දෙන්නා තෝව කාලා අපිව ඉපැද්දුවා නිව්ටනයාගෙ ඔලුවට තෝ පතබෑවිලා මට ඉගනීම එපා කලා අනේ.. මං හිතුවෙ ඉවරයි කියලා, ඒත්, උඹ ස්ටීව් ජොබාගෙ ඔලුවට වැහිලා, ඇපල් ෆෝන් උපද්දලා සල්ලි ටිකත් හූරගත්තා පණුවොම කාපිය තෝව. -විනෝදයටඋපුටා ගැනීමක්",Harassment,0.9385
ඇපෙන්ඩිසයිටිස් වලට පුකේ හිලට මොකුත් කරන්නෑ යකෝ  අඩු කතුරු දාගෙන පුකේ හිල ඇතුලෙ යුද්ද කරන්නෙ අර්ශස් හැදුනාම,ඇපෙන්ඩිසයිටිස් වලට පුකේ හිලට මොකුත් කරන්නෑ යකෝ අඩු කතුරු දාගෙන පුකේ හිල ඇතුලෙ යුද්ද කරන්නෙ අර්ශස් හැදුනාම,Harassment,0.9316
ඇය පැදුරෙදී බඩුව වී.... සමාජෙදී බඩුව විය නොහැක :D — feeling hopeful,ඇය පැදුරෙදී බඩුව වී.... සමාජෙදී බඩුව විය නොහැක ද — feeling hopeful,Harassment,0.9595
@USER ඇයි උබේ ලබ්බ බැහලද නික් දෙන් නැතුව කොනට වේලා ඉදහන්,ඇයි උබේ ලබ්බ බැහලද නික් දෙන් නැතුව කොනට වේලා ඉදහන්,Harassment,0.9053
ඇයි උඹ අලි පු*න්ද? #SriLankanThreats,ඇයි උඹ අලි පු*න්ද? ස්රිලංකංථ්රෙඅත්ස,Harassment,0.9463
@USER ඇයි උඹ බයද කුනුහරප කියන්ඩ??  බල්ල කියන්නෙ කොහොමද බං ඌ කොච්චර හොද සතෙක්ද.. මේ වගේ අවජාතක කැරි වේසිගෙ පුතාලට කියන්ඩ නම් අපිම හදන්ඩ ඕන,ඇයි උඹ බයද කුනුහරප කියන්ඩ?? බල්ල කියන්නෙ කොහොමද බං ඌ කොච්චර හොද සතෙක්ද.. මේ වගේ අවජාතක කැරි වේසිගෙ පුතාලට කියන්ඩ නම් අපිම හදන්ඩ ඕන,Harassment,0.9849
@USER ඇයි ඌ ජරා කලා ද? ඊය වේස හැතිකරේ මට පේන්න බෑ පන තියෙන සත්තු  ජරා කරනවා කිසි කැටක් නැතුව,ඇයි ඌ ජරා කලා ද? ඊය වේස හැතිකරේ මට පේන්න බෑ පන තියෙන සත්තු ජරා කරනවා කිසි කැටක් නැතුව,Harassment,0.9692
ඇයි එකිගෙ පුක එච්චර ලොකු,ඇයි එකිගෙ පුක එච්චර ලොකු,Harassment,0.9375
@USER  @USER ඇයි ඔය කියන්නේ උඹ නම් කරුමෙට හැදිච්ච එකෙක් කියල එහෙම,ඇයි ඔය කියන්නේ උඹ නම් කරුමෙට හැදිච්ච එකෙක් කියල එහෙම,Harassment,0.9419
@USER ඇයි ඔය බඩුව පොඩ්ඩක් ගනංද ?   ඔයාට අදාල නෑ හාද,ඇයි ඔය බඩුව පොඩ්ඩක් ගනංද ? ඔයාට අදාල නෑ හාද,Harassment,0.9385
@USER ඇයි තෝ හිතුවද සන්ලයිට් දාලා පුක හෝදලා පඩ ඇරියම සමන්පිච්ච මල් විසිවෙනවා කියලා  ටෞකණ්ඩ jasmine,ඇයි තෝ හිතුවද සන්ලයිට් දාලා පුක හෝදලා පඩ ඇරියම සමන්පිච්ච මල් විසිවෙනවා කියලා ටෞකණ්ඩ jasmine,Harassment,0.9678
@USER  @USER ඇයි පයිය හුරතල් කරන්නද,ඇයි පයිය හුරතල් කරන්නද,Harassment,0.9331
"@USER ඇයි බං 250 ට ඔච්චරම හැංගෙන්නේ නමත්‍ එක්ක වරෙං කෙලකන්නියා එලියට, රක්ෂාවද රටටද කියලා පෙන්නන්න අවජාතක බල්ලා.","ඇයි බං 250 ට ඔච්චරම හැංගෙන්නේ නමත්‍ එක්ක වරෙං කෙලකන්නියා එලියට, රක්ෂාවද රටටද කියලා පෙන්නන්න අවජාතක බල්ලා.",Harassment,0.9102
"ඇයි බන් මේ වේස ගෑනු පුකට හිරට ඩෙනිම්,ලෙජින් ගහන් පන්සල් එන්නේ...? දන්න එකෙක් ඉන්නවනම් ඇයි කියහල්ලා","ඇයි බන් මේ වේස ගෑනු පුකට හිරට ඩෙනිම්,ලෙජින් ගහන් පන්සල් එන්නේ...? දන්න එකෙක් ඉන්නවනම් ඇයි කියහල්ලා",Harassment,0.9058
ඇයි යකෝ Rowdy baby කියපු කෙල්ලට හැරුනෙ නැත්තෙ  #TheVoice #TheVoiceSL,ඇයි යකෝ Rowdy baby කියපු කෙල්ලට හැරුනෙ නැත්තෙ තෙවොඉචේ ථෙවොඉකෙස්ල,Harassment,0.9673
ඇයි හුත්තෝ රනිල්ට පුක දෙන්නේ... උබේ තාත්තද — WHAT THE HELL? URL,ඇයි හුත්තෝ රනිල්ට පුක දෙන්නේ... උබේ තාත්තද — WHAT THE HELL? උර්ල්,Harassment,0.916
@USER  @USER ඇරපු අතක් නෑ මෝඩ කුකුලෙක්..මසටවත් මරන්න හරියන්නෙ නෑ මූව..ජාතකේ වැරදුන එකෙක්. @USER  දැං මටත් බැනපං බයිය බයියා ගාලබයි භීතිකාවෙං පෙලෙන්නෙ මූ පොඩි කාලෙ බයියෙක් අතවර කරලද මන්දා,ඇරපු අතක් නෑ මෝඩ කුකුලෙක්..මසටවත් මරන්න හරියන්නෙ නෑ මූව..ජාතකේ වැරදුන එකෙක්. දැං මටත් බැනපං බයිය බයියා ගාලබයි භීතිකාවෙං පෙලෙන්නෙ මූ පොඩි කාලෙ බයියෙක් අතවර කරලද මන්දා,Harassment,0.9775
ඇවිද්ද පය දහස් වටී කියලා කිව්ව මෝඩයා මොකාද යකෝ ඇවිද්ද පය රිදෙනවනේ,ඇවිද්ද පය දහස් වටී කියලා කිව්ව මෝඩයා මොකාද යකෝ ඇවිද්ද පය රිදෙනවනේ,Harassment,0.9028
@USER @USER  ඇස් නොපෙනන අයත් Enrique අඳුරනව යකෝ. උඹට විසික්කොත් ඉතින් use කරල විසි කරන එකක් තමා..,ඇස් නොපෙනන අයත් එන්රිකුඑ අඳුරනව යකෝ. උඹට විසික්කොත් ඉතින් use කරල විසි කරන එකක් තමා..,Harassment,0.9399
"ඇහුවෙ බැලුවෙ නැති උංට!  ""පිඬු සිඟා වඩින, හිකෙන මානසික රිටක පාටකල පයිත් රන් පුකේ ඉඳම්ම මාකටින්, මං ඉඳම්ම නාස්ති කළේ ඊළඟ මාසෙත් අපි, ආයිත් හම්බෙලා සිඟිති මානසික ස්.ස් පාගගෙන ච්.ච් පාගගෙන ඇයි බං? උඹ පුල පුලා හිටපු ආසම පකයා මං නම්!""... youtube.com Drill Team Presents Jhathika Thotilla (ජාතිඛ තොඨිල්ල) ft. Minol Name - Jhathika Thotilla (ජාතිඛ තොඨිල්ල) ft.Minol (Official Music Video)Lyrics available in description ↓↓↓↓Artist - MinolLyrics - Minol WitharanaProduced by...","ඇහුවෙ බැලුවෙ නැති උංට! ""පිඬු සිඟා වඩින, හිකෙන මානසික රිටක පාටකල පයිත් රන් පුකේ ඉඳම්ම මාකටින්, මං ඉඳම්ම නාස්ති කළේ ඊළඟ මාසෙත් අපි, ආයිත් හම්බෙලා සිඟිති මානසික ස්.ස් පාගගෙන ච්.ච් පාගගෙන ඇයි බං? උඹ පුල පුලා හිටපු ආසම පකයා මං නම්!""... යෝඋටුබෙචොම් Drill Team ප්රෙසේන්ට්ස් ජතික තොටිල්ල (ජාතිඛ තොඨිල්ල) ෆ්ට් මිනොල් Name - ජතික තොටිල්ල (ජාතිඛ තොඨිල්ල) ෆ්ට්මිනොල් (Official Music විදෙඔල්ය්රික්ස available ඉන් description ↓↓↓↓Artist - මිනොල්ල්ය්රිච්ස් - මිනොල් විතරනප්රෝදුචෙඩ් බ්ය්",Harassment,0.9346
@USER  @USER    ඈ ගොං පකයෝ තොගේ ට්වීට් එකක් මෙතන තිබ්බේ ගං කබර වේසාවෝ. දැන් ඒක අපේ එකවුන්ට් එකට දාන්න එනවද නගින්නැති පොන්න හුත්තිගේ පුතෝ. බලාගනින් තොගේ පුකේ තියෙන ඇස් දෙක ඔලුවට අරං. නෙදකින් තෝ වගේ පකුදුරිංලොවන්නෙක්.,ඈ ගොං පකයෝ තොගේ ට්වීට් එකක් මෙතන තිබ්බේ ගං කබර වේසාවෝ. දැන් ඒක අපේ එකවුන්ට් එකට දාන්න එනවද නගින්නැති පොන්න හුත්තිගේ පුතෝ. බලාගනින් තොගේ පුකේ තියෙන ඇස් දෙක ඔලුවට අරං. නෙදකින් තෝ වගේ පකුදුරිංලොවන්නෙක්.,Harassment,0.9883
@USER  @USER ඈ ගොන් කොටෝ. චප්ප කරන්නේ බෙල්ලෙන්ද? එක අතක් ඇති තවුසෙව චප්ප කරන්න,ඈ ගොන් කොටෝ. චප්ප කරන්නේ බෙල්ලෙන්ද? එක අතක් ඇති තවුසෙව චප්ප කරන්න,Harassment,0.9487
@USER ඈ බොල ගොං විජිතයෝ... තෝ හිතුවද තෙල් තියෙන්නෙ තම්බි රටවල් වල විතරයි කියලා. තොගෙ මොලෙත් අල්ලද මැව්වෙ. නෙදකින් කාලකන්නියා,ඈ බොල ගොං විජිතයෝ... තෝ හිතුවද තෙල් තියෙන්නෙ තම්බි රටවල් වල විතරයි කියලා. තොගෙ මොලෙත් අල්ලද මැව්වෙ. නෙදකින් කාලකන්නියා,Harassment,0.9438
ඈ බොල පටං හිකෝ..   යන තැනකට පලකො අහිංසක මිනිස්සුන්ගෙ කාලෙ නොකා... මේ වෙසිගෙ පුතාලව උත්සවවලට ගෙන්නන උන්ට හොයාගෙන ගිහින් ගහන්න ඕනි..අද නුවර ඔෆිස් ගිහින් ලේට් වෙලා නෝපේ දාගන්න අය  @USER  ගෙ අම්මටට පිං අනුමෝදන් කරගෙනම පලයල්ලා..,ඈ බොල පටං හිකෝ.. යන තැනකට පලකො අහිංසක මිනිස්සුන්ගෙ කාලෙ නොකා... මේ වෙසිගෙ පුතාලව උත්සවවලට ගෙන්නන උන්ට හොයාගෙන ගිහින් ගහන්න ඕනි..අද නුවර ඔෆිස් ගිහින් ලේට් වෙලා නෝපේ දාගන්න අය ගෙ අම්මටට පිං අනුමෝදන් කරගෙනම පලයල්ලා..,Harassment,0.9668
@USER  @USER ඈම් නිසංසලා  ( එක එකාගේ ඔලුවට තඩි පොල්ලකිං ගසමිං ),ඈම් නිසංසලා ( එක එකාගේ ඔලුවට තඩි පොල්ලකිං ගසමිං ),Harassment,0.9702
"I came to work with my earringall the නාකි ගොබ්බ සෙට් එක was like,   “මේ මොන රස්තියාදුකාරයෙක්ද?”  “කන විදින්න ලැජ්ජා නැද්ද ලමයො?”  I’m laughing inside thinking “මුන් කොච්චර අනුන්ගෙ ලබ්බවල් හොයලා ප්‍රෙෂර් වැඩි කරගන්නවද කියලා    #ටිපිකල්","ඉ came ටො work with මය් එඅර්රිඞල්ල the නාකි ගොබ්බ සෙට් එක was like, “මේ මොන රස්තියාදුකාරයෙක්ද?” “කන විදින්න ලැජ්ජා නැද්ද ලමයො?” ඉම laughing inside thinking “මුන් කොච්චර අනුන්ගෙ ලබ්බවල් හොයලා ප්‍රෙෂර් වැඩි කරගන්නවද කියලා #ටිපිකල්",Harassment,0.9209
I say අම්මට U say හු×××  කියලා open stage කියපු උන් සමාජයට ආදර්ශ දෙනවලු යකෝ   මම මේ රේල් පාරක් හොයං යන ගමන් ඕකුන් ටික පෙළට දක්කවන්න,ඉ say අම්මට උ say හු××× කියලා open stage කියපු උන් සමාජයට ආදර්ශ දෙනවලු යකෝ මම මේ රේල් පාරක් හොයං යන ගමන් ඕකුන් ටික පෙළට දක්කවන්න,Harassment,0.9844
I liked a  @USER URL ඇම්ඩෝ තෝ..මගේ නංගි නානකොට හිලෙන්,ඉ ලිකෙඩ් අ උර්ල් ඇම්ඩෝ තෝ..මගේ නංගි නානකොට හිලෙන්,Harassment,0.9316
ඉංදියන් එවුන්ගේ අතටම එන බෝලේ අැල්ලුවාමත මුන් කියන්නේ ohhhh.... Brilliant catch..... අම්මගේ රෙද්ද.. 󾌽,ඉංදියන් එවුන්ගේ අතටම එන බෝලේ අැල්ලුවාමත මුන් කියන්නේ ඔහ්හ්හ්හ් Brilliant catch..... අම්මගේ රෙද්ද.. 󾌽,Harassment,0.9082
@USER  @USER ඉක්කන්ට වරෙං අපේ දිශ් නම්කිට පිස්සු කියපු එකාව දණ ගස්සලා බාවන්නේදණ ගස්සලා,ඉක්කන්ට වරෙං අපේ දිශ් නම්කිට පිස්සු කියපු එකාව දණ ගස්සලා බාවන්නේදණ ගස්සලා,Harassment,0.9355
IT'Z MEමෑට්ටා වාගෙ ආදරේ කලේ IT'Z MEඑල හරකා වාගෙSERIOUSඋනෙ IT'Z ME ROMEO වෙන්න දෑගලුවේ IT'Z MEඅද මෝඩයා වෙලනෙ නවතුනේ IT'Z MEඑක තමයි මේක #sajje,ඉත්ළ MEමෑට්ටා වාගෙ ආදරේ කලේ ඉත්ළ MEඑල හරකා වාගෙSERIOUSඋනෙ ඉත්ළ මේ රෝමෙඕ වෙන්න දෑගලුවේ ඉත්ළ MEඅද මෝඩයා වෙලනෙ නවතුනේ ඉත්ළ MEඑක තමයි මේක සාජ්ජේ,Harassment,0.9458
@USER  @USER ඉතාලියේ න් ආව කාලකණ්ණි වේසිගෙ පුතාල නිසා රටම ඉවරයි සක්කිලි බල්ලො ඕකුන්,ඉතාලියේ න් ආව කාලකණ්ණි වේසිගෙ පුතාල නිසා රටම ඉවරයි සක්කිලි බල්ලො ඕකුන්,Harassment,0.9165
@USER ඉතිං සේවයෙන් අස්වෙලා යනවනම් නිකම්ම යවන්න හොද නැහැ.පුකට පයින් ගහලා දාන්න ඕන එලියට...සක්කිලි .,ඉතිං සේවයෙන් අස්වෙලා යනවනම් නිකම්ම යවන්න හොද නැහැ.පුකට පයින් ගහලා දාන්න ඕන එලියට...සක්කිලි .,Harassment,0.9214
@USER  @USER    ඉතිං හුත්තෝ ඒකයි බඩුවක් නිර්වචනය කිරීමයි ගැලපෙන්නෙ කෝමද. නොදකිං විතරක් තෝ වගේ හාල්පාරුවෙක්.,ඉතිං හුත්තෝ ඒකයි බඩුවක් නිර්වචනය කිරීමයි ගැලපෙන්නෙ කෝමද. නොදකිං විතරක් තෝ වගේ හාල්පාරුවෙක්.,Harassment,0.9565
"ඉතින් පරපුරක් ගැන හිතින් අඳ දුන්, බතින් මගෙ රටේ එක එකා හැදුනු, ගතින් හැඩිදැඩි සමහරක් ළදරු, ඉතින් උඹ එලා ගනින් රට පැදුරු..","ඉතින් පරපුරක් ගැන හිතින් අඳ දුන්, බතින් මගෙ රටේ එක එකා හැදුනු, ගතින් හැඩිදැඩි සමහරක් ළදරු, ඉතින් උඹ එලා ගනින් රට පැදුරු..",Harassment,0.9165
"ඉතින් මම බොරුද කියන්නේ , පොහොට්ටුවෙ කිට්ටු උනොත් එක්කෝ කම්බා හොරෙක් නැත්තම් පල් වේස හෙරක්, හිරේ ලගින්න වෙන වැරැදි කරලා හැංගෙන්න ලේසිම තැන රාජපකිස්ලගේ රෙද්ද අස්සට රිංගලා. ඉතින් රාජපකිස්ලා මේ අවලම් බැල්ල හිරේ දායිද? මොන පිස්සුද","ඉතින් මම බොරුද කියන්නේ , පොහොට්ටුවෙ කිට්ටු උනොත් එක්කෝ කම්බා හොරෙක් නැත්තම් පල් වේස හෙරක්, හිරේ ලගින්න වෙන වැරැදි කරලා හැංගෙන්න ලේසිම තැන රාජපකිස්ලගේ රෙද්ද අස්සට රිංගලා. ඉතින් රාජපකිස්ලා මේ අවලම් බැල්ල හිරේ දායිද? මොන පිස්සුද",Harassment,0.9053
@USER ඉතින් මෝඩ හුත්තිගෙ පුතෝ තොපේ මහ එකා Election Call කරාම මූ නාමයෝජනා අත්සන් නොකර තොට කියල කප්පගන්නද කියන්නේ  උබ මෝඩයි කියල හිතන් හිටියා මෙච්චර මරි මෝඩ බයියෙක් කියල දන්නෙ අද,ඉතින් මෝඩ හුත්තිගෙ පුතෝ තොපේ මහ එකා Election Call කරාම මූ නාමයෝජනා අත්සන් නොකර තොට කියල කප්පගන්නද කියන්නේ උබ මෝඩයි කියල හිතන් හිටියා මෙච්චර මරි මෝඩ බයියෙක් කියල දන්නෙ අද,Harassment,0.9375
ඉදලා ඉදලා terrarium එකක් හැදුවා..ලස්සනට කියල ගොලුබෙලි කට්ටකුත් දැම්මා..මෙන්න ඔක්කොම හදලා ලස්සනට තියලා බලන් ඉද්දි ගොලුබෙලි කටුවට පන ඇවිත් අමාරුවෙන් එලියට ගත්තා මෝඩ ගොලුබෙල්ලව :32  views,ඉදලා ඉදලා terrarium එකක් හැදුවා..ලස්සනට කියල ගොලුබෙලි කට්ටකුත් දැම්මා..මෙන්න ඔක්කොම හදලා ලස්සනට තියලා බලන් ඉද්දි ගොලුබෙලි කටුවට පන ඇවිත් අමාරුවෙන් එලියට ගත්තා මෝඩ ගොලුබෙල්ලව :32 විඑව්ස්,Harassment,0.9648
ඉදලා ඉදලා හිත ගියේ එක කෙල්ලටයි..  ඒකි තරම් බඩුවක් මුළු පිටකොටුවෙවත්                      නෑ..Friends...,ඉදලා ඉදලා හිත ගියේ එක කෙල්ලටයි.. ඒකි තරම් බඩුවක් මුළු පිටකොටුවෙවත් නෑ..Friends...,Harassment,0.937
ඉදි ආප්ප් 20ක් 30ක් සමග පොල්සම්බල් පොඩ්ඩක්... කිරි මාලු හොද්දක් සහ කරවල බැදුම් ටිකක්... අපෙ අම්ම හැදුවොත් ඉතින්...මවයි අමුතුම රසක්.. #Cracky,ඉදි ආප්ප් 20ක් 30ක් සමග පොල්සම්බල් පොඩ්ඩක්... කිරි මාලු හොද්දක් සහ කරවල බැදුම් ටිකක්... අපෙ අම්ම හැදුවොත් ඉතින්...මවයි අමුතුම රසක්.. #Cracky,Harassment,0.9712
ඉදිකට්ටත් පුකේ ඇනුනා යකෝ ඒකට  ගෝප්ස් @USER  · 11 Sep 2019 කමක්නෑ හිර වෙන්න වටෙ මහලා වත් ගනු twitter.com/ExcuzeMiii/sta…,ඉදිකට්ටත් පුකේ ඇනුනා යකෝ ඒකට ගෝප්ස් · 11 සේප 2019 කමක්නෑ හිර වෙන්න වටෙ මහලා වත් ගනු ත්විත්තෙර්කොමෙෂ්කුළෙමීඉස්ත,Harassment,0.9775
ඉන්දියන් bike කට්ටක් තියාගෙන පාරෙ රගන පොන්සියෙකුට දුන්නා දුවන්න. ආව මෙතන race පදින්න ගොන් ප*යා,ඉන්දියන් bike කට්ටක් තියාගෙන පාරෙ රගන පොන්සියෙකුට දුන්නා දුවන්න. ආව මෙතන race පදින්න ගොන් ප*යා,Harassment,0.9468
@USER @USER  @USER  ඉන්දියාවට බනිනවා නං උඹ එන්නේ දුවගෙන ලොල්,ඉන්දියාවට බනිනවා නං උඹ එන්නේ දුවගෙන ලොල්,Harassment,0.9331
@USER ඉන්නවා මමාගේ දුවනම් ඒකි අම්මගේ සූටි දෝණියෙක්නේ..උන් බැදගත්තා කියන්නේ ලොක් දාලාවත් නවත්තගන්න බැහැ කියන එක..,ඉන්නවා මමාගේ දුවනම් ඒකි අම්මගේ සූටි දෝණියෙක්නේ..උන් බැදගත්තා කියන්නේ ලොක් දාලාවත් නවත්තගන්න බැහැ කියන එක..,Harassment,0.9331
ඉන්නෙ ගමේ නාන්නෙ දොලේ පුක හෝදන්නෙ ඇලේ අපිට මොන පොශ්ද බන්  #SLPoshTalks,ඉන්නෙ ගමේ නාන්නෙ දොලේ පුක හෝදන්නෙ ඇලේ අපිට මොන පොශ්ද බන් ස්ල්පොෂ්ටල්ක්ස්,Harassment,0.9438
ඉන්ඳකින් විතරක්. තෝ පොට්ටද හුත්තො? කැරපොත්තෙක් අඳුරගන්න බැයිද URL This Tweet is unavailable.,ඉන්ඳකින් විතරක්. තෝ පොට්ටද හුත්තො? කැරපොත්තෙක් අඳුරගන්න බැයිද උර්ල් This Tweet ඉස unavailable.,Harassment,0.9731
@USER  @USER ඉන්බොක්ස් වරෙන් මෝඩ හුකන්නෝ,ඉන්බොක්ස් වරෙන් මෝඩ හුකන්නෝ,Harassment,0.9741
@USER  @USER ඉනේ ගහන් ඉන්න කණ්නාඩියත් දැම්මා නම් මරු බඩුව two fifty,ඉනේ ගහන් ඉන්න කණ්නාඩියත් දැම්මා නම් මරු බඩුව two fifty,Harassment,0.9858
Indian bike කට්ටක් අරගෙනෙ ඒකට 1500 exhaust කෑල්ලක් ගහහත්තම ඌ තමයි ඉතින් පොර. නෙද්දකින් මේ රටේ ඉන්න ගොබ්බ හැත්ත,ඉඳිං bike කට්ටක් අරගෙනෙ ඒකට 1500 exhaust කෑල්ලක් ගහහත්තම ඌ තමයි ඉතින් පොර. නෙද්දකින් මේ රටේ ඉන්න ගොබ්බ හැත්ත,Harassment,0.9492
"@USER iPlate හොට් ප්ලේට් වගේ, පුක රත්කරන්න","ඉප්ලටේ හොට් ප්ලේට් වගේ, පුක රත්කරන්න",Harassment,0.9438
ඉයා පොප් තිසර උබ දැන් බඩුත් ගහනවද?? — feeling කොලු බඩුව at Gurukula URL,ඉයා පොප් තිසර උබ දැන් බඩුත් ගහනවද?? — feeling කොලු බඩුව ඇත ගුරුකුල උර්ල්,Harassment,0.9858
@USER ඉයූව් ඉයූව්  ඒකීට බඩුව කියන්න එපා,ඉයූව් ඉයූව් ඒකීට බඩුව කියන්න එපා,Harassment,0.9414
@USER ඉරාජ් ට පුක දෙන උන් ටික දැකලා නැද්ද මේක ? අර ඉරාජ් දාන හැම පුකටම වෙරි නයිස් කියලා හැමිනෙන ගල් කොල්ලො ? කෝ උන්,ඉරාජ් ට පුක දෙන උන් ටික දැකලා නැද්ද මේක ? අර ඉරාජ් දාන හැම පුකටම වෙරි නයිස් කියලා හැමිනෙන ගල් කොල්ලො ? කෝ උන්,Harassment,0.9243
@USER  @USER ඉවකරත් තෙත හොම්බ හිත හිතා උඹ        ඉම්බ පෙනුම නම් තව  නාම්බ පලාපන් ඇත    කෝම්බ,ඉවකරත් තෙත හොම්බ හිත හිතා උඹ ඉම්බ පෙනුම නම් තව නාම්බ පලාපන් ඇත කෝම්බ,Harassment,0.9702
ඉශි අම්මව අන්තිම දවසෙ වත් බැලුවෙ නැත්තං උඹ මහා තිරිසනෙක් හොඳේ   we miss you ඉශි අම්මා,ඉශි අම්මව අන්තිම දවසෙ වත් බැලුවෙ නැත්තං උඹ මහා තිරිසනෙක් හොඳේ වේ miss you ඉශි අම්මා,Harassment,0.9785
ඉෂිත මැරෙනව ආපහු පණ එනව ඉෂිත මැරෙනව ආපහු පණ එනව ඉෂිත මැරෙනව ආපහු පණ එනව ඉෂිත මැරෙනව ආපහු පණ එනව ඉෂිත මැරෙනව ආපහු පණ එනව මොන ජීවිතද යකෝ,ඉෂිත මැරෙනව ආපහු පණ එනව ඉෂිත මැරෙනව ආපහු පණ එනව ඉෂිත මැරෙනව ආපහු පණ එනව ඉෂිත මැරෙනව ආපහු පණ එනව ඉෂිත මැරෙනව ආපහු පණ එනව මොන ජීවිතද යකෝ,Harassment,0.9502
ඉස්කාරට නිකන්ම ලයික් එකක් විතරක් දාලා ඉන්න උන ඌ හෙන පව් නේද?  වැදියං වැදියං.,ඉස්කාරට නිකන්ම ලයික් එකක් විතරක් දාලා ඉන්න උන ඌ හෙන පව් නේද? වැදියං වැදියං.,Harassment,0.9512
"ඉස්සර අපෙ ගංවල ඉබ්බො, තලගොයි, වඳුරො පවා මරන් කන මස්වැද්දො ඕනිතරන් උන්නා..  ඒත් දැන් ඇගේ හැපෙන,ගාන්‍ට බෝවෙල ඉන්න මොදරෙක් වල් ඌරෙක් දරිගහන්නවත් එකෙක් නෑ..  මස්වැද්දන්ගෙ පුතාලත් පොස්වැද්දො වෙල කොළඹ චිකන්වලට හුරුවෙල..","ඉස්සර අපෙ ගංවල ඉබ්බො, තලගොයි, වඳුරො පවා මරන් කන මස්වැද්දො ඕනිතරන් උන්නා.. ඒත් දැන් ඇගේ හැපෙන,ගාන්‍ට බෝවෙල ඉන්න මොදරෙක් වල් ඌරෙක් දරිගහන්නවත් එකෙක් නෑ.. මස්වැද්දන්ගෙ පුතාලත් පොස්වැද්දො වෙල කොළඹ චිකන්වලට හුරුවෙල..",Harassment,0.9272
ඉස්සර අම්ම ඉස්සො ගෙනාවම ඉස්සො තම්බන වතුර ටික වෙනම වෙන් කරල ඒ ටික තියාගන්නව ඊට පස්සෙ ඉස්සො ටිකේ පොතු අයින් කරල ඒක කතුරු මුරුන්ග කොල එහෙම දාල කිරි හොදි හදනව. බත් තම්බන්නෙ ඉස්සො තම්බපු වතුරෙන්. ඉස්සො තම්බද්දි අයින් වෙන පොශ පදාර්ත ටික ඒ වතුරෙන් ආයෙ එකතු වෙනව වගෙම අමුතු රසකුත් එක්වෙනව Workout With Hiruni @USER  · 24 Jan 2019 කෙට්ටු වෙන්න දගලන අයට හොද කෑමක් තමයි ඉස්සො කියන්නේ. ඒත් ඉතින් උෂ්ණාධික කෑමක්.  කැල්සියම් බහුලව තියෙනවා.මොලය වර්ධනය කරනවා.ඉදිමුම් වේදනා සමනය කරනවා.ඇසේ සුද මතු වීම වලක්වා අස්ථි ශක්තිමත් කිරිමේ හැකියාවක් තියෙනවා. මුරුන්ගා කොල ටිකක් එකතු කිරිමෙන් උෂ්ණ බව ටිකක් අඩු කරගන්න පුලුවන්.,ඉස්සර අම්ම ඉස්සො ගෙනාවම ඉස්සො තම්බන වතුර ටික වෙනම වෙන් කරල ඒ ටික තියාගන්නව ඊට පස්සෙ ඉස්සො ටිකේ පොතු අයින් කරල ඒක කතුරු මුරුන්ග කොල එහෙම දාල කිරි හොදි හදනව. බත් තම්බන්නෙ ඉස්සො තම්බපු වතුරෙන්. ඉස්සො තම්බද්දි අයින් වෙන පොශ පදාර්ත ටික ඒ වතුරෙන් ආයෙ එකතු වෙනව වගෙම අමුතු රසකුත් එක්වෙනව Workout With හිරුනි · 24 ජන 2019 කෙට්ටු වෙන්න දගලන අයට හොද කෑමක් තමයි ඉස්සො කියන්නේ. ඒත් ඉතින් උෂ්ණාධික කෑමක්. කැල්සියම් බහුලව තියෙනවා.මොලය වර්ධනය කරනවා.ඉදිමුම් වේදනා සමනය කරනවා.ඇසේ සුද මතු වීම වලක්වා අස්ථි ශක්තිමත් කිරිමේ හැකියාවක් තියෙනවා. මුරුන්ගා කොල ටිකක් එකතු කිරිමෙන් උෂ්ණ බව ටිකක් අඩු කරගන්න පුලුවන්.,Harassment,0.9146
ඉස්සර කජු ගහක් තිබ්බ පොඩි මහප්පලෑ වත්තෙ. මායි සනුජායි (hereafter සනා) මේවයෙ එන පුහුලම් වලට ඇහැ ගහන් ඉන්නෙ. ඉස්සර මේ කාලෙට ගොරකත් ඉදෙනව. ඉදුණු ගොරක මදේට ලුණුයි මිරිස්කුඩු චුට්ටකුයි දාලා පේර කෝටුවෙන් කද්දි පුදුම රසක්!දවසක් හවස6 වෙද්දී මේ ගොරක ගහේ නැගල ඉදල ලොකු අම්ම අපි2ට ගුටි දුන්න,ඉස්සර කජු ගහක් තිබ්බ පොඩි මහප්පලෑ වත්තෙ. මායි සනුජායි (hereafter සනා) මේවයෙ එන පුහුලම් වලට ඇහැ ගහන් ඉන්නෙ. ඉස්සර මේ කාලෙට ගොරකත් ඉදෙනව. ඉදුණු ගොරක මදේට ලුණුයි මිරිස්කුඩු චුට්ටකුයි දාලා පේර කෝටුවෙන් කද්දි පුදුම රසක්!දවසක් හවස6 වෙද්දී මේ ගොරක ගහේ නැගල ඉදල ලොකු අම්ම අපි2ට ගුටි දුන්න,Harassment,0.9111
ඉස්සර මට හිටපු කෙල්ල ඇරපු නයි කැවනම් අද මටත් කොරෝනා හැදිලා යකෝ,ඉස්සර මට හිටපු කෙල්ල ඇරපු නයි කැවනම් අද මටත් කොරෝනා හැදිලා යකෝ,Harassment,0.9766
"@USER  @USER    ඉස්සර මෙහෙම එකක් දැම්මානම් තොගේ පුකේ කිරි පනුවෝ නටාවි නේද, මාධ්‍ය සංදර්ශණ, බොරු සෝබන, මුන් මොකටද, Nurse ලා ටික හිටියනම් මදිද, ගගා. දැන් පුක විකුණනවා 8 pass නැති අපවිත්‍රට!","ඉස්සර මෙහෙම එකක් දැම්මානම් තොගේ පුකේ කිරි පනුවෝ නටාවි නේද, මාධ්‍ය සංදර්ශණ, බොරු සෝබන, මුන් මොකටද, Nurse ලා ටික හිටියනම් මදිද, ගගා. දැන් පුක විකුණනවා 8 pass නැති අපවිත්‍රට!",Harassment,0.9854
ඉස්සර වත්තේ සුද්දා මොණරු මැරුවා..දැන් සුද්දා මැරිල මොනරු වැහි වැහැල...බෝගයක් ආරක්සා කොරගන්න වෙන්නේ දැල් ගහල.. ඒත් බෑ..පිහාඹිනො නෙ..වේස නලෙ,ඉස්සර වත්තේ සුද්දා මොණරු මැරුවා..දැන් සුද්දා මැරිල මොනරු වැහි වැහැල...බෝගයක් ආරක්සා කොරගන්න වෙන්නේ දැල් ගහල.. ඒත් බෑ..පිහාඹිනො නෙ..වේස නලෙ,Harassment,0.9663
ඉස්සර 'f**k off' කියල කුලප්පු කරගත්ත ගොනා තමයි දැන් එලව එලව අනින්නෙ  #Maxwell,ඉස්සර ෆ්ක් off' කියල කුලප්පු කරගත්ත ගොනා තමයි දැන් එලව එලව අනින්නෙ #Maxwell,Harassment,0.9277
"ඉස්සරනම් මෙහෙම news ගියාම හැමෝටම මතක් උනේ  @USER  ව. පොරගෙ අම්ම මුත්තා නැති කරා ජාතකේම හෙව්ව මඩ ගැහැව්ව. Bbc එක උගෙ වගේ කිව්වෙ. දැන් තාමත් මිනිහ අයින් උනාටත් පස්සෙ  ""ස ""ගෙ කට්ටිය අකමැති news bbc එකේ යනව. මීක් නැ දැන්. උන්ට තිබ්බ එකම අවුල ඊරිසියාව. ඔව් යාලුව නිසා තමා කිව්වෙ","ඉස්සරනම් මෙහෙම news ගියාම හැමෝටම මතක් උනේ ව. පොරගෙ අම්ම මුත්තා නැති කරා ජාතකේම හෙව්ව මඩ ගැහැව්ව. බ්බ්ක එක උගෙ වගේ කිව්වෙ. දැන් තාමත් මිනිහ අයින් උනාටත් පස්සෙ ""ස ""ගෙ කට්ටිය අකමැති news බ්බ්ක එකේ යනව. මීක් නැ දැන්. උන්ට තිබ්බ එකම අවුල ඊරිසියාව. ඔව් යාලුව නිසා තමා කිව්වෙ",Harassment,0.9478
@USER ඉස්සරවෙලා මවු බිසවට කථා  කරලා තත්තා කවුද කියලා හොයා ගනින් හරියටම. තොපි වගේ අවජාතක උන් ලැබිලා තියෙන්න මේ රටේ කරුමෙට.,ඉස්සරවෙලා මවු බිසවට කථා කරලා තත්තා කවුද කියලා හොයා ගනින් හරියටම. තොපි වගේ අවජාතක උන් ලැබිලා තියෙන්න මේ රටේ කරුමෙට.,Harassment,0.9702
@USER ඉස්සරහාට හුක කියලා ආව නම් හරි,ඉස්සරහාට හුක කියලා ආව නම් හරි,Harassment,0.9268
@USER ඉස්සා ඉස්සා පොකිරිස්සා ගල උඩ තියලා වෙඩි තිබ්බා,ඉස්සා ඉස්සා පොකිරිස්සා ගල උඩ තියලා වෙඩි තිබ්බා,Harassment,0.9033
ඉස්සො වල කටු..පොතු  මන් ආස නෑ කන්න මීට ආසාවට පත් ව කටට කෙල ඉනු කෙනෙක්. ♡LILLY ♡ @USER  · 24 Nov 2018 වඩේ වඩේ ඉස්සො වඩේ......,ඉස්සො වල කටු..පොතු මන් ආස නෑ කන්න මීට ආසාවට පත් ව කටට කෙල ඉනු කෙනෙක්. ලිල්ල්ය් ♡ · 24 නොව 2018 වඩේ වඩේ ඉස්සො වඩේ......,Harassment,0.9214
@USER ඊක්ක්ක්ක්කා යකෝ සුද්දේ පුප හෝඩන්නෑ පිහඩානවා. ඒකවත් ඩන්නෑනේ. හුහූඌඌඌ,ඊක්ක්ක්ක්කා යකෝ සුද්දේ පුප හෝඩන්නෑ පිහඩානවා. ඒකවත් ඩන්නෑනේ. හුහූඌඌඌ,Harassment,0.9683
"@USER ඊක්කා ඒකි මහත වැඩි,සුදාම්මිට යටවෙච්චි එකා දිනේසටත් පදිරි ඩෝ,වෙනේකක්","ඊක්කා ඒකි මහත වැඩි,සුදාම්මිට යටවෙච්චි එකා දිනේසටත් පදිරි ඩෝ,වෙනේකක්",Harassment,0.9395
"ඊට පස්සෙ එහෙ ඉන්න වේස බල්ලො කෑගහයි අලි එනව අලි වැටක් ගහපන් කියල .  ඊට පස්සෙ තොපි කෑගහපන් වනජීවි  උන් නිදි පර බල්ලො කියල , බලහන්කො","ඊට පස්සෙ එහෙ ඉන්න වේස බල්ලො කෑගහයි අලි එනව අලි වැටක් ගහපන් කියල . ඊට පස්සෙ තොපි කෑගහපන් වනජීවි උන් නිදි පර බල්ලො කියල , බලහන්කො",Harassment,0.9399
"@USER ඊට වඩා ලේසි නැද්ද ""මාලක්කගෙ හුත්ත එකලාසයක් වෙනකං ටැංකියට මාළු දාන්න වෙන්නෑ අම්මෙ"" කියන එක ? තාත්තා වුනත් තේරුං ගනී","ඊට වඩා ලේසි නැද්ද ""මාලක්කගෙ හුත්ත එකලාසයක් වෙනකං ටැංකියට මාළු දාන්න වෙන්නෑ අම්මෙ"" කියන එක ? තාත්තා වුනත් තේරුං ගනී",Harassment,0.9673
ඊට වැඩිය හොඳ නැත්ද ඕකුන්ට චන්දෙ ඉල්ලන්න කලින් මොකක්ම හරි විශ්වවිද්‍යාලයකින් උපාධික් තියෙන්න ඕනි කියන එක අවශ්‍ය සුදුසුකම් ලිස්ට් එකට දාන එක? ඕකෙ ඉන්න O/L වත් හරියට පාස් නැති උන්ට විශ්ව විද්‍යාල ප්‍රවේශයට අවස්තා දෙන එක මොන මෝඩ කමක්ද? මිනිස්සුන්ගෙ අධ්‍යාපන පසුබිම හෑල්ලු කරන්න එපා. Dulith Kasun (DK) @USER  · 2 Dec 2021 පාර්ලිමේන්තු මන්ත්‍ර්‍රීවරුන්ට  විශ්ව විද්‍යාල ප්‍රවේශයට අවස්ථාව දීම ... #LKA Show this poll,ඊට වැඩිය හොඳ නැත්ද ඕකුන්ට චන්දෙ ඉල්ලන්න කලින් මොකක්ම හරි විශ්වවිද්‍යාලයකින් උපාධික් තියෙන්න ඕනි කියන එක අවශ්‍ය සුදුසුකම් ලිස්ට් එකට දාන එක? ඕකෙ ඉන්න ඔල වත් හරියට පාස් නැති උන්ට විශ්ව විද්‍යාල ප්‍රවේශයට අවස්තා දෙන එක මොන මෝඩ කමක්ද? මිනිස්සුන්ගෙ අධ්‍යාපන පසුබිම හෑල්ලු කරන්න එපා. දුලිත් කසුන් දක් · 2 දෙක් 2021 පාර්ලිමේන්තු මන්ත්‍ර්‍රීවරුන්ට විශ්ව විද්‍යාල ප්‍රවේශයට අවස්ථාව දීම ... ලක Show this poll,Harassment,0.9407
@USER ඊයා බොල බඩේ අමාරුවක් හැදෙන්නම ඕන මට එලියට එන්න,ඊයා බොල බඩේ අමාරුවක් හැදෙන්නම ඕන මට එලියට එන්න,Harassment,0.9414
ඊයා යකෝ ලයිමේ බඩුව වගේ හැම එකටම යන්න එපා,ඊයා යකෝ ලයිමේ බඩුව වගේ හැම එකටම යන්න එපා,Harassment,0.939
@USER ඊශ්‍රායලය අල්ලලා හිටපන් උබේ අර සල්මන් කුමාරයත් එක්ක මුලින්ම ලොල්,ඊශ්‍රායලය අල්ලලා හිටපන් උබේ අර සල්මන් කුමාරයත් එක්ක මුලින්ම ලොල්,Harassment,0.9033
U know itz ol about the culture කියා බස් එකකට පය තිය දෑස වත් යොමු නොකරපු Libshara P’doයුවතියට කථා කරන්න ඉඩදුන්නේ නැහැ දඟරවති අපේ ඇති කචලක් නැහැ පලයන් මිසි යන්න ගිහිං අර කන්කුන්ග්ස්බරියේ යෝධ පුටුවේ ඉඳගෙන සෙල්ෆියක් ගන්න කියා ඇවිත් ලිබ්ශරා පොශ්නන්ඩෝ ගේ අදහස් ප්‍රකාශයට කඩාවැදුන නිසා,උ know ඉත්ළ ඔල about the culture කියා බස් එකකට පය තිය දෑස වත් යොමු නොකරපු ලිබ්ෂර P’doයුවතියට කථා කරන්න ඉඩදුන්නේ නැහැ දඟරවති අපේ ඇති කචලක් නැහැ පලයන් මිසි යන්න ගිහිං අර කන්කුන්ග්ස්බරියේ යෝධ පුටුවේ ඉඳගෙන සෙල්ෆියක් ගන්න කියා ඇවිත් ලිබ්ශරා පොශ්නන්ඩෝ ගේ අදහස් ප්‍රකාශයට කඩාවැදුන නිසා,Harassment,0.938
උගෙ අම්ම ගන්න එපයි වේසිගෙපුතා... යකෝ මූ වදින ගමන් කරන වැඩේනෙ වේදනාව තියෙන්නෙ Janaka @USER  · 19 Nov 2020 What a sick bastard exposing to a little child. Hope they catch this bastard. #helpfindhim Show this thread,උගෙ අම්ම ගන්න එපයි වේසිගෙපුතා... යකෝ මූ වදින ගමන් කරන වැඩේනෙ වේදනාව තියෙන්නෙ ජනක · 19 නොව 2020 What අ sick bastard එෂ්පොසිඞ් ටො අ little child. Hope they catch this bastard. හෙල්ප්ෆින්ධිම් Show this thread,Harassment,0.9194
@USER උගෙ තිබ්බේ හද්ද මෝඩ තර්ක. කුණුකරප වගේ බනින එක ඇරුණාම ගන්න දෙයක් නෑ මල්ලි. සත 5 සෘද්ධි දාන ගොටුකොල පොන්නයෙක්,උගෙ තිබ්බේ හද්ද මෝඩ තර්ක. කුණුකරප වගේ බනින එක ඇරුණාම ගන්න දෙයක් නෑ මල්ලි. සත 5 සෘද්ධි දාන ගොටුකොල පොන්නයෙක්,Harassment,0.9272
@USER @USER  උගෙ පඩේ වෑඩී බන්. ලගදි ඉන්දල හෙන පඩේ උගෙ,උගෙ පඩේ වෑඩී බන්. ලගදි ඉන්දල හෙන පඩේ උගෙ,Harassment,0.9731
@USER  @USER උගෙ මොලෙ ⁣පුකේ හරි ඇති. තොගෙ කොහෙද තියෙන්නෙ. අර නගින්නෙ නැති පයියෙ ඇට දෙකේද??  අඟලක්වත් නෑ නේද පයිය..දුක තමා රංජනී..,උගෙ මොලෙ ⁣පුකේ හරි ඇති. තොගෙ කොහෙද තියෙන්නෙ. අර නගින්නෙ නැති පයියෙ ඇට දෙකේද?? අඟලක්වත් නෑ නේද පයිය..දුක තමා රංජනී..,Harassment,0.9844
@USER උගේ අප්පා ඕකව හදපු වෙලාවේ අතේ ගහලා සරමේ පිහිදගතනම් ඔයිට වඩා හොදයි නොදකින් පාහර වේසිගෙ පුතා #SriLanka,උගේ අප්පා ඕකව හදපු වෙලාවේ අතේ ගහලා සරමේ පිහිදගතනම් ඔයිට වඩා හොදයි නොදකින් පාහර වේසිගෙ පුතා ශ්‍රීලංකා,Harassment,0.9707
උගේ අම්මාගේ හුත්ත පයිය.... ඉන්නේ හද්ද ඩොටේ....බස් එකක යන්න දන්නේ නෑලු.... බෞකාහන් කෙරි කොල්ලා,උගේ අම්මාගේ හුත්ත පයිය.... ඉන්නේ හද්ද ඩොටේ....බස් එකක යන්න දන්නේ නෑලු.... බෞකාහන් කෙරි කොල්ලා,Harassment,0.9771
@USER  @USER    උගේ පරණ කෑල්ල යාපනේලු.. එ්කිගෙ තාත්තා එහෙ මැරයෙක්ලු.. මූ අායේ දැක්කො කපනවා කිව්වාලු..,උගේ පරණ කෑල්ල යාපනේලු.. එ්කිගෙ තාත්තා එහෙ මැරයෙක්ලු.. මූ අායේ දැක්කො කපනවා කිව්වාලු..,Harassment,0.9033
උඩ දාගෙන....‘‘සමහරක්‘‘....බොලා...ල සුද්දන්ටයි...කළු සුද්දන්ටයි කඩේ ගියාට..... තොපි මළ දවසට උන්ගෙන්....තොපිට ගොක් කොළයක් වත්.....නෑැැැ,උඩ දාගෙන....‘‘සමහරක්‘‘....බොලා...ල සුද්දන්ටයි...කළු සුද්දන්ටයි කඩේ ගියාට..... තොපි මළ දවසට උන්ගෙන්....තොපිට ගොක් කොළයක් වත්.....නෑැැැ,Harassment,0.917
උඩුබැලි අතට හරවලා හෙන උඩට විසි කරලා බලපං. උඩදි ඌ හැරිලා ගානට පොලවට ලෑන්ඩ් කරනවා #InternationalCatsDay,උඩුබැලි අතට හරවලා හෙන උඩට විසි කරලා බලපං. උඩදි ඌ හැරිලා ගානට පොලවට ලෑන්ඩ් කරනවා ඉන්තෙර්නතිඔනල්කත්ස්දය්,Harassment,0.9204
උඩුවේ හිමිගේ යකඩ කටට නඩු URL #News #LKA,උඩුවේ හිමිගේ යකඩ කටට නඩු උර්ල් #News ලක,Harassment,0.9634
"උතාවියේත් හොලු ..... !  එක එක ජාතියේ හොලු...කම්බ හොලු,හලක් හොලු,රත් රන් හොලු,පිං කැත හොලු, කෙහෙල් හොලු,ජාල... URL","උතාවියේත් හොලු ..... ! එක එක ජාතියේ හොලු...කම්බ හොලු,හලක් හොලු,රත් රන් හොලු,පිං කැත හොලු, කෙහෙල් හොලු,ජාල... උර්ල්",Harassment,0.9868
උතුම් මවුපදවියටත් නිග්‍රහ කරන උබ වගේ උන්ගේ බඩට අවජාතක ලෙස ලමයි ආවේ #SriLanka අවාසනාවට. ඇග විකුනන් නැතුව ජීවත් වෙන්න මවු කෙනෙක් ලෙස. URL This Tweet is unavailable.,උතුම් මවුපදවියටත් නිග්‍රහ කරන උබ වගේ උන්ගේ බඩට අවජාතක ලෙස ලමයි ආවේ ශ්‍රීලංකා අවාසනාවට. ඇග විකුනන් නැතුව ජීවත් වෙන්න මවු කෙනෙක් ලෙස. උර්ල් This Tweet ඉස unavailable.,Harassment,0.9839
@USER උද්ඝෝෂණ කරන උන්ට covid හැදිලා මැරිලා ගියා දෙන්.. රටටවත් සෙතක් වේවි,උද්ඝෝෂණ කරන උන්ට covid හැදිලා මැරිලා ගියා දෙන්.. රටටවත් සෙතක් වේවි,Harassment,0.936
උදේට බඩ falt.. හවස් වෙද්දි බබෙක් හුම්බෙන්න වගේ බඩ.. කරුම ජීවිත හෆ්ෆා,උදේට බඩ ඵල්ට් හවස් වෙද්දි බබෙක් හුම්බෙන්න වගේ බඩ.. කරුම ජීවිත හෆ්ෆා,Harassment,0.9541
@USER @USER  උන් ඔක්කොම professional බඩු කාරයෝ උනාට උඹ කොලුකාරයා තමයි චාමර!,උන් ඔක්කොම professional බඩු කාරයෝ උනාට උඹ කොලුකාරයා තමයි චාමර!,Harassment,0.9648
"@USER උන් ළමයටත් රණ්ඩු වෙයි නේ ""මූ මගේ එග් එකෙන් ආවේ, උඹේ එග් එකෙන් ආවට මගේ ස්පර්ම් එකත් තිබ්බා යකෝ, තොගේ ස්පර්ම් තිබ්බට හැදුණේ මගේ බඩේනේ"" වගේ","උන් ළමයටත් රණ්ඩු වෙයි නේ ""මූ මගේ එග් එකෙන් ආවේ, උඹේ එග් එකෙන් ආවට මගේ ස්පර්ම් එකත් තිබ්බා යකෝ, තොගේ ස්පර්ම් තිබ්බට හැදුණේ මගේ බඩේනේ"" වගේ",Harassment,0.9194
@USER  @USER උන්ට ගානක් නෑ. කෙලලා අරිනව අම්ම මුත්තා උන්නත්.,උන්ට ගානක් නෑ. කෙලලා අරිනව අම්ම මුත්තා උන්නත්.,Harassment,0.957
@USER උන්ට තමයි සල්ලාලයො කියන්නෙ. එහෙම තමයි ලංකාවෙ කැරි පොන්න වේසිගෙ පුතාල ඉන්න තාක්කල් ඔවගේ ගොඩ යෑමක් නෑ,උන්ට තමයි සල්ලාලයො කියන්නෙ. එහෙම තමයි ලංකාවෙ කැරි පොන්න වේසිගෙ පුතාල ඉන්න තාක්කල් ඔවගේ ගොඩ යෑමක් නෑ,Harassment,0.9482
@USER  @USER    උබ අපේ රටට  මොකක්ද කලේ කලාවත් කෑව සමාජෙත් කෑව පොන්න හිගන්න.අන්තිමට තොගෙ ගෑනිත් ගියා තෝ මානසික අසහන කාරයෙක් කියල. අනුන්ගෙ පුකේ ගද හොයන්න කලින් තමන්ගෙ පුකේ ඇගිල්ල ගහල බලපන් සාඩිං බයිය.,උබ අපේ රටට මොකක්ද කලේ කලාවත් කෑව සමාජෙත් කෑව පොන්න හිගන්න.අන්තිමට තොගෙ ගෑනිත් ගියා තෝ මානසික අසහන කාරයෙක් කියල. අනුන්ගෙ පුකේ ගද හොයන්න කලින් තමන්ගෙ පුකේ ඇගිල්ල ගහල බලපන් සාඩිං බයිය.,Harassment,0.981
@USER උබ ඒකි ගැන හොයනවා හොදටම මදි බන්..එකි වටේ ය්නව,උබ ඒකි ගැන හොයනවා හොදටම මදි බන්..එකි වටේ ය්නව,Harassment,0.9512
@USER උබ කෙලෝ ගනින් පයිය කොට තම්බින්ට කියලා හුත්තියෝ,උබ කෙලෝ ගනින් පයිය කොට තම්බින්ට කියලා හුත්තියෝ,Harassment,0.9868
උබ දන්නවාද මගේ ඉපදුන ගම .. එකවත් දන්නැතුවද තෝ කන්නේ මගේ නම .. දවසක අහුඋනොතින් තෝව අතර මග ... උඩ ඉදං යටටම මම ගහනවා තෝව හම ...,උබ දන්නවාද මගේ ඉපදුන ගම .. එකවත් දන්නැතුවද තෝ කන්නේ මගේ නම .. දවසක අහුඋනොතින් තෝව අතර මග ... උඩ ඉදං යටටම මම ගහනවා තෝව හම ...,Harassment,0.9668
"@USER @USER  උබ නම් මාර  හුරතල් බන්,,පට්ට අතල් එකක් දුන්නේ,,මහින්දවත් ඔය වගේ පොන්න  ආතල්  දුන්නේ නැ  ඔයි ,,දැන් ඇට  දෙක කටේ දා  ගෙන කාපන් ,,","උබ නම් මාර හුරතල් බන්,,පට්ට අතල් එකක් දුන්නේ,,මහින්දවත් ඔය වගේ පොන්න ආතල් දුන්නේ නැ ඔයි ,,දැන් ඇට දෙක කටේ දා ගෙන කාපන් ,,",Harassment,0.9067
උබ පුක දුන්නොත් උබට අරිනවා,උබ පුක දුන්නොත් උබට අරිනවා,Harassment,0.98
@USER උබ මොකෙක්ද බන් .ඇයි බන් මෝඩකම ප්‍රදර්ශනේ කරන්නෙ. උබ මහ ගෝතයෙක් හුත්තො .කොන්දක් පන නැති පොන්නයෙක් වෙන්න එපා .තොව වදපු අම්මටත් තෝ බරක් වෙන්න එප හුත්තො .වේස වැඩ කරන්නෙ නැතුව හිටහන් හුකන්නෙ .උබව දිරව්නනෙ නෑ හුත්ට්ගො .තො පකෝ දැන දැන ගොන් බඩුවක් වෙන්න එපා පකෝ .වේස බල්ල .,උබ මොකෙක්ද බන් .ඇයි බන් මෝඩකම ප්‍රදර්ශනේ කරන්නෙ. උබ මහ ගෝතයෙක් හුත්තො .කොන්දක් පන නැති පොන්නයෙක් වෙන්න එපා .තොව වදපු අම්මටත් තෝ බරක් වෙන්න එප හුත්තො .වේස වැඩ කරන්නෙ නැතුව හිටහන් හුකන්නෙ .උබව දිරව්නනෙ නෑ හුත්ට්ගො .තො පකෝ දැන දැන ගොන් බඩුවක් වෙන්න එපා පකෝ .වේස බල්ල .,Harassment,0.9854
"@USER උබ වගේ අවජාතක නපුංසකයෙක්ට විතරයි ජාතිවාදී තම්බියන් අනුමත කරන්න පුලුවන්. උබේ තාත්තාගේ සමරවීර නම වෙනස් කරගනින්. අපරාදේ, අර මහානාම කියන වැදගත් දෙශපාලකයා සරමේ පිහදා ගත්තානම් මෙහෙම කතාකරන්න වෙන්නේ නැහැ. ලැජ්ජාවක් කියලා  තියෙනවානම් ආයේ මාතර පැත්තේ එහෙම එනවා නෙවෙයි. අවමoගලම් මොහොමඩ්","උබ වගේ අවජාතක නපුංසකයෙක්ට විතරයි ජාතිවාදී තම්බියන් අනුමත කරන්න පුලුවන්. උබේ තාත්තාගේ සමරවීර නම වෙනස් කරගනින්. අපරාදේ, අර මහානාම කියන වැදගත් දෙශපාලකයා සරමේ පිහදා ගත්තානම් මෙහෙම කතාකරන්න වෙන්නේ නැහැ. ලැජ්ජාවක් කියලා තියෙනවානම් ආයේ මාතර පැත්තේ එහෙම එනවා නෙවෙයි. අවමoගලම් මොහොමඩ්",Harassment,0.9399
@USER උබ වගේ පොන්න යක්කුන්ට රිප්ලයි කරන්න වෙලාවක් මට නෑ බන්.. උබේ පුස් කාපු ඇට දෙකේ ගලක් එල්ලන් මූදට පැනපන්.. ඕව තිබුනත් වැඩක් නෑනෙ.. උබල වගේ උන් මේ රටට බරක්.. ඒ නිසා අපිට පව් නොදී මැරියන්..,උබ වගේ පොන්න යක්කුන්ට රිප්ලයි කරන්න වෙලාවක් මට නෑ බන්.. උබේ පුස් කාපු ඇට දෙකේ ගලක් එල්ලන් මූදට පැනපන්.. ඕව තිබුනත් වැඩක් නෑනෙ.. උබල වගේ උන් මේ රටට බරක්.. ඒ නිසා අපිට පව් නොදී මැරියන්..,Harassment,0.9492
උබ හෙන හතම වැදිල මැරිලම පලයන් හිටන්.......,උබ හෙන හතම වැදිල මැරිලම පලයන් හිටන්.......,Harassment,0.9414
@USER උබට තිබුනත් පයිය ඕකෙන් වැඩක් තියෙනවද පකො . බඩුවත් එනවද තොගෙ එකෙන් චූ නම් යනව ඇති,උබට තිබුනත් පයිය ඕකෙන් වැඩක් තියෙනවද පකො . බඩුවත් එනවද තොගෙ එකෙන් චූ නම් යනව ඇති,Harassment,0.981
@USER උබට නම් මන් ගල උඩ තියල අරින්නේ. #hashtagbada,උබට නම් මන් ගල උඩ තියල අරින්නේ. හෂ්ටග්බද,Harassment,0.9678
උබට මොන වාසි තිබ්බ අම්ම නංගි එක්ක shopping යන්න එපා ! මම මේ විඳවන ගමන්,උබට මොන වාසි තිබ්බ අම්ම නංගි එක්ක shopping යන්න එපා ! මම මේ විඳවන ගමන්,Harassment,0.9429
@USER  @USER  උබනම් අවජාතක නෑ මගේ බඩු කාල හැදුනු එකානෙ   @USER,උබනම් අවජාතක නෑ මගේ බඩු කාල හැදුනු එකානෙ,Harassment,0.978
උබල කන ඒවයි රෙන ඒවයි photo ගහල මට tag කරන්න එපා යකෝ..උබ මොන මහත්තය උනත් උබව unfriend කරනව මන්.එච්චරයි...,උබල කන ඒවයි රෙන ඒවයි photo ගහල මට tag කරන්න එපා යකෝ..උබ මොන මහත්තය උනත් උබව unfriend කරනව මන්.එච්චරයි...,Harassment,0.9482
@USER උබලැ අම්මගේ දාර කිම්බෙන් ... අනේ මුස්ලිම් ඌරැ වෙසිය‍ේ තොගේ කිම්බට ඌරැ තේල් දාලා හුකන්නේ කිම්බ කුණුවෙලා යන්න දැනගනින් පට්ට වෙසි තොගේ පුකට ඌරැ තේල් බිංදුවක් දාලා පුකේ අරින්නෙ රෙනකොට ඌරැ පැටව් වැටෙන්න දැනගනින් කැරි වෙසි ඉස්ස‍ේල්ලා කිම්බේ ගඳ යවාගනින් හොදට නාලා කැරි හම්බ වෙසි,උබලැ අම්මගේ දාර කිම්බෙන් ... අනේ මුස්ලිම් ඌරැ වෙසිය‍ේ තොගේ කිම්බට ඌරැ තේල් දාලා හුකන්නේ කිම්බ කුණුවෙලා යන්න දැනගනින් පට්ට වෙසි තොගේ පුකට ඌරැ තේල් බිංදුවක් දාලා පුකේ අරින්නෙ රෙනකොට ඌරැ පැටව් වැටෙන්න දැනගනින් කැරි වෙසි ඉස්ස‍ේල්ලා කිම්බේ ගඳ යවාගනින් හොදට නාලා කැරි හම්බ වෙසි,Harassment,0.9893
උබව හදාගත්තට වඩා හොදයි යකෝ මීහරකෙක් හදාගත්තා නම්.   -අම්මා- — feeling proud,උබව හදාගත්තට වඩා හොදයි යකෝ මීහරකෙක් හදාගත්තා නම්. -අම්මා- — feeling ප්රෝඋඩ්,Harassment,0.9399
උබේ twitter feed එක දැක්කොත් කෙල්ලෙක් කියා බල්ලෙක්වත් තොට බහ දෙන එකක් නෑ,උබේ twitter feed එක දැක්කොත් කෙල්ලෙක් කියා බල්ලෙක්වත් තොට බහ දෙන එකක් නෑ,Harassment,0.9175
@USER උබේ අම්මට බල්ලෝ හුකල තමයි තෝ වගේ කාලකණ්ණියෙක් හදලා තියෙන්නේ..,උබේ අම්මට බල්ලෝ හුකල තමයි තෝ වගේ කාලකණ්ණියෙක් හදලා තියෙන්නේ..,Harassment,0.9883
"@USER  @USER උබේ අම්මා තාත්තා Ambulance එකක යන දවසක, උබේ ගෑනිට විලි රැදාව හැදුනු දවසක, උබේ ලමයෙක් අසනීප උන දවසක උබ මේ තැන හිටිය නම්, කියපු දෙවල් වලට කියවපු හැම එකාම සාප කරයි…","උබේ අම්මා තාත්තා Ambulance එකක යන දවසක, උබේ ගෑනිට විලි රැදාව හැදුනු දවසක, උබේ ලමයෙක් අසනීප උන දවසක උබ මේ තැන හිටිය නම්, කියපු දෙවල් වලට කියවපු හැම එකාම සාප කරයි…",Harassment,0.9048
උබේ අම්මාගේ රස්‍තියාදුව කියල ගහලා පොතක් ලියපන් අවජාතක  පො.$&@ යෝ URL,උබේ අම්මාගේ රස්‍තියාදුව කියල ගහලා පොතක් ලියපන් අවජාතක පො.$&@ යෝ උර්ල්,Harassment,0.9175
@USER @USER  උබේ ඇගේ තියෙන්නේ බල මාළුද.පරිස්සමෙන් පලයන්.බලල්ලු කාවි,උබේ ඇගේ තියෙන්නේ බල මාළුද.පරිස්සමෙන් පලයන්.බලල්ලු කාවි,Harassment,0.9624
@USER උබේ කටට දෙන්න ඕන් මට !,උබේ කටට දෙන්න ඕන් මට !,Harassment,0.939
@USER උබේ කටට මසුරං දාන්න ඕන බම්.මට කියන්න ඕනෙ උනෙත් ඕකම තමා,උබේ කටට මසුරං දාන්න ඕන බම්.මට කියන්න ඕනෙ උනෙත් ඕකම තමා,Harassment,0.9536
@USER උබේ ගල මට දියං බොර ගහලා පුරුරවලා තප්පේ බැද ගන්න.,උබේ ගල මට දියං බොර ගහලා පුරුරවලා තප්පේ බැද ගන්න.,Harassment,0.9116
@USER උබේ පුක තරම් ලොකු නෑ,උබේ පුක තරම් ලොකු නෑ,Harassment,0.9175
@USER  @USER උබේ පුක තියෙන තැනවත් දන්නැතුව අනුන්ගේ පුකවල් හොයන්නැතුව ඉන්න,උබේ පුක තියෙන තැනවත් දන්නැතුව අනුන්ගේ පුකවල් හොයන්නැතුව ඉන්න,Harassment,0.9775
@USER  @USER උබේ පුකේ ඉත්තෑවෙක් ඉන්නවද.. ඉන්නවනම් අටපට්ටමට දාමු පුක..,උබේ පුකේ ඉත්තෑවෙක් ඉන්නවද.. ඉන්නවනම් අටපට්ටමට දාමු පුක..,Harassment,0.9844
@USER  @USER උබේ බඩුව එක්ක වැඩ ඉවර ද,උබේ බඩුව එක්ක වැඩ ඉවර ද,Harassment,0.9834
"@USER  @USER    උබේ මේ ගොබ්බ ආතල් හොදයි ඕලෙවල් පොඩි එවුන්ට.ගෝටට දෙන්න හිතන් ඉන්න vote එක දෙන්නෙත් නෑ තෝ හින්ද.sean kingston,Kurupt,Soulja boy දන්නවනම් මූ මෙච්චර පීචන් එකෙක් කියල පුකට පයින් ගහන්නෙ.",උබේ මේ ගොබ්බ ආතල් හොදයි ඕලෙවල් පොඩි එවුන්ට.ගෝටට දෙන්න හිතන් ඉන්න vote එක දෙන්නෙත් නෑ තෝ හින්ද.sean කිඞ්ස්තොන්කුරුප්ත්සෞල්ජ boy දන්නවනම් මූ මෙච්චර පීචන් එකෙක් කියල පුකට පයින් ගහන්නෙ.,Harassment,0.9429
"@USER  @USER උබේ හොදට කියන්නේ ,නැත්තම් උබට පිස්සු බලු රෝගේ හැදෙයි","උබේ හොදට කියන්නේ ,නැත්තම් උබට පිස්සු බලු රෝගේ හැදෙයි",Harassment,0.9692
"@USER උම්බ ඒකට කියන්නේ පුක දෙනවා කියලාද? අනික මගෙ පුක එකිට දෙන්න ඒකි කොල්ලෝ ගහනවාද?අනික කොහෙවත් යන එවුන් මට පලල් කරන්න ඕනත් නෑ... මේකේ ඉන්න ඔයිට වඩා කෑලි මට පලල් කරලත් තියෙනවා, තෝ වගේ රිලා පැටියෙක්ට පලල් කරේ නැති උනාට..","උම්බ ඒකට කියන්නේ පුක දෙනවා කියලාද? අනික මගෙ පුක එකිට දෙන්න ඒකි කොල්ලෝ ගහනවාද?අනික කොහෙවත් යන එවුන් මට පලල් කරන්න ඕනත් නෑ... මේකේ ඉන්න ඔයිට වඩා කෑලි මට පලල් කරලත් තියෙනවා, තෝ වගේ රිලා පැටියෙක්ට පලල් කරේ නැති උනාට..",Harassment,0.9863
@USER  @USER උමේස් අයියා මේ වහ කුප්පියේ මූඩිය තද වෙලා.මූඩිය ඇරලා දියන් කටට හලාගන්න,උමේස් අයියා මේ වහ කුප්පියේ මූඩිය තද වෙලා.මූඩිය ඇරලා දියන් කටට හලාගන්න,Harassment,0.9321
"උඹ ,  කෝපිඇස් වලින් රවාගෙන කටත් උල්කරගෙන "" බටූඌඌස් මෙහෙ එනව.. අල්ලගන්න හිටියෙ මං "" කියද්දි මරු...  එතකොට මට ""අනේඒඒඒඒ "" කියවුණාම ,  "" ඕක අර හැමදාම කියන මෝඩ අනේ එක නේද මෝඩයො "" කියල උඹ අහල කට කොනෙන් හිනාවෙද්දි...  හෙහේ... මගෙ හිතට දැනෙන ඒ සතුට.. ඒක ඊට වඩා මරු   #නිකන්_හිතුණා","උඹ , කෝපිඇස් වලින් රවාගෙන කටත් උල්කරගෙන "" බටූඌඌස් මෙහෙ එනව.. අල්ලගන්න හිටියෙ මං "" කියද්දි මරු... එතකොට මට ""අනේඒඒඒඒ "" කියවුණාම , "" ඕක අර හැමදාම කියන මෝඩ අනේ එක නේද මෝඩයො "" කියල උඹ අහල කට කොනෙන් හිනාවෙද්දි... හෙහේ... මගෙ හිතට දැනෙන ඒ සතුට.. ඒක ඊට වඩා මරු #නිකන්_හිතුණා",Harassment,0.9189
@USER @USER උඹ lucky නෙවෙයි... unlucky .. කොල තමා උඹට කන්න වෙන්නෙ හැමදාම.  @USER,උඹ lucky නෙවෙයි... unlucky .. කොල තමා උඹට කන්න වෙන්නෙ හැමදාම.,Harassment,0.9795
@USER  @USER @USER  උඹ අනෙකුත් අයට ඇගිල්ල දික්කරගන්න ඉස්සෙල්ලා පොන්නයෙක් වගේ හැසිරෙන එක නවත්වපන්. තෝව වදාපු දෙමව්පියන්ටත් නිගාකරන සක්කිලියෙක් තෝ.,උඹ අනෙකුත් අයට ඇගිල්ල දික්කරගන්න ඉස්සෙල්ලා පොන්නයෙක් වගේ හැසිරෙන එක නවත්වපන්. තෝව වදාපු දෙමව්පියන්ටත් නිගාකරන සක්කිලියෙක් තෝ.,Harassment,0.9819
"උඹ ආදරේ කරපු කෙල්ල වෙන එකෙක් එක්ක පැය ගානක් call කරද්දි, උඹ එක්ක busy උන, ඒකිගේ phone එක අද උඹට busy වෙද්දි, උඹයි ඒකී දැකපු හීන අද ඒකී වෙන එකෙක් එක්ක දකිද්දි , අද උඹ තනියම විදවනවා නේද, ඒකි යන එන තැන් දිහා බලාගෙන,... URL","උඹ ආදරේ කරපු කෙල්ල වෙන එකෙක් එක්ක පැය ගානක් call කරද්දි, උඹ එක්ක busy උන, ඒකිගේ phone එක අද උඹට busy වෙද්දි, උඹයි ඒකී දැකපු හීන අද ඒකී වෙන එකෙක් එක්ක දකිද්දි , අද උඹ තනියම විදවනවා නේද, ඒකි යන එන තැන් දිහා බලාගෙන,... උර්ල්",Harassment,0.9272
@USER  @USER උඹ ඉතින් ගෑණුන්ගේ හුත්තවල් පෙන්නලා ජනප්‍රිය උන පොන්නයා නේද?උඹේ sis ව නාමල්ට විකුණනලා කියක් හරි හොයා ගනින් තව,උඹ ඉතින් ගෑණුන්ගේ හුත්තවල් පෙන්නලා ජනප්‍රිය උන පොන්නයා නේද?උඹේ sis ව නාමල්ට විකුණනලා කියක් හරි හොයා ගනින් තව,Harassment,0.9785
"උඹ ඊණයක් වඝේ... හාඬූ වැත්සක් අරඞ... ෂිළි යාණ අඩ්ඩරඨ වී... වැථි ""රෙන්න"" එඵා ෂයණේ... මම සථ්සාමික්ඛය් ස්‍යාමී...","උඹ ඊණයක් වඝේ... හාඬූ වැත්සක් අරඞ... ෂිළි යාණ අඩ්ඩරඨ වී... වැථි ""රෙන්න"" එඵා ෂයණේ... මම සථ්සාමික්ඛය් ස්‍යාමී...",Harassment,0.9473
උඹ උඹ වගේ වෙන්න එපා සිරිමල් වගේ වියන් මොකද උඹ උඹම වෙලා නප්පෙටම කෙලකරගෙන ඉන්නේ කියලා දන්නා ඒකයි කියන්නේ උඹේ හොදට.. සිරිමල් වගේ වියන් :3,උඹ උඹ වගේ වෙන්න එපා සිරිමල් වගේ වියන් මොකද උඹ උඹම වෙලා නප්පෙටම කෙලකරගෙන ඉන්නේ කියලා දන්නා ඒකයි කියන්නේ උඹේ හොදට.. සිරිමල් වගේ වියන් :3,Harassment,0.9312
උඹ ඒකිට විෂ් කරාද……….ඔව්  ඒකි උඹට විෂ් කරාද………. නෑ  ඒකට තමා යකෝ පු# දෙනවා කියන්නේ,උඹ ඒකිට විෂ් කරාද……….ඔව් ඒකි උඹට විෂ් කරාද………. නෑ ඒකට තමා යකෝ පු# දෙනවා කියන්නේ,Harassment,0.9458
"උඹ ඒකීව හිර කරන් ඇති... වී ගෝනියක් උඩින් හොඳ ගෝනී නූලෙන් මහලා වගේ එළියට නොයෙන්න...  ඒත් උඹට අමතක උනා...  පොඩි කට්ටකින් ඇන්නත්, කිටි කිටියේ හිර උන  වී ඇට ටික එලියට පැනගෙන එනවා වගේ හිර කරන් පරිස්සන් කරන එවුන් පොඩි ආගන්තුක ඉඟියටත් වහ වැටෙන වග..","උඹ ඒකීව හිර කරන් ඇති... වී ගෝනියක් උඩින් හොඳ ගෝනී නූලෙන් මහලා වගේ එළියට නොයෙන්න... ඒත් උඹට අමතක උනා... පොඩි කට්ටකින් ඇන්නත්, කිටි කිටියේ හිර උන වී ඇට ටික එලියට පැනගෙන එනවා වගේ හිර කරන් පරිස්සන් කරන එවුන් පොඩි ආගන්තුක ඉඟියටත් වහ වැටෙන වග..",Harassment,0.9038
@USER උඹ ඔය වාඩිවෙලා ඉන්නේ කරත්තෙකද? ඒකේ ඉන්න ගොනාගේ වල්ගේ උස්සලා පුපට ගහපං,උඹ ඔය වාඩිවෙලා ඉන්නේ කරත්තෙකද? ඒකේ ඉන්න ගොනාගේ වල්ගේ උස්සලා පුපට ගහපං,Harassment,0.9482
"@USER උඹ ඕව juice කරන්නේ , තෝ වගේ එවුන් තමයි ඇවිල්ලා ගෙඩි කොලයි ඔක්කොම කාල ගහත් කඩලා යන්නේ තිරිසන් හැත්ත","උඹ ඕව juice කරන්නේ , තෝ වගේ එවුන් තමයි ඇවිල්ලා ගෙඩි කොලයි ඔක්කොම කාල ගහත් කඩලා යන්නේ තිරිසන් හැත්ත",Harassment,0.9624
@USER @USER  උඹ කන කන ගුලියක් ගානෙ දවස් 7ක්ම බඩ පල. ඒස්වා පොහ්!!,උඹ කන කන ගුලියක් ගානෙ දවස් 7ක්ම බඩ පල. ඒස්වා පොහ්!!,Harassment,0.9517
උඹ කරන එකක් කරන් පලයන් නංගී මූගේ ජාතකේ අවුලක් තියෙනවා,උඹ කරන එකක් කරන් පලයන් නංගී මූගේ ජාතකේ අවුලක් තියෙනවා,Harassment,0.9409
උඹ කවදාහරි බැඳපන්....  බැඳල හුකන්නෙත් .. ඒකි එක්ක ඉන්නෙත් උඹනං...තෝ මට ඕනි එක බඳින්න ඕනිද යකෝ ?,උඹ කවදාහරි බැඳපන්.... බැඳල හුකන්නෙත් .. ඒකි එක්ක ඉන්නෙත් උඹනං...තෝ මට ඕනි එක බඳින්න ඕනිද යකෝ ?,Harassment,0.9873
@USER උඹ කියන විදිහට CWC ඉවරවෙද්දී උගේ පුක නෑ,උඹ කියන විදිහට ක්ව්ක ඉවරවෙද්දී උගේ පුක නෑ,Harassment,0.9438
@USER @USER උඹ කියන්නෙ මට ඌ වටේට පිඹුරෙක් වගෙ වෙලිල එතිල ඉන්ඩ කියලද,උඹ කියන්නෙ මට ඌ වටේට පිඹුරෙක් වගෙ වෙලිල එතිල ඉන්ඩ කියලද,Harassment,0.9429
@USER  @USER උඹ කිව්වටපස්සේ අන්ෆලෝ කොරන්න දෙපාරක් හිතුවේ නෑ පකිස් බූරුවව... නෙදකින් මේ වගේ අවජාතක පොන්න පක්කු,උඹ කිව්වටපස්සේ අන්ෆලෝ කොරන්න දෙපාරක් හිතුවේ නෑ පකිස් බූරුවව... නෙදකින් මේ වගේ අවජාතක පොන්න පක්කු,Harassment,0.9761
@USER @USER  උඹ කොකිසක් අතේ තියන් නහර ටික පේන්න photo එකක් ගහන් හිටහන්  @USER  @USER  @USER  @USER  @USER,උඹ කොකිසක් අතේ තියන් නහර ටික පේන්න photo එකක් ගහන් හිටහන්,Harassment,0.9453
@USER  උඹ තාම මාලුව අල්ල අල්ල ඉන්නවද?,උඹ තාම මාලුව අල්ල අල්ල ඉන්නවද?,Harassment,0.9487
@USER  @USER උඹ දන්න තරම තමා ඌ කැරිම බොරු කාරයෙක්...! ඔතන වෙලාවට උගෙන් බඩු කොච්චර දැම්මද අහපන් ඕකා කියන්නෙ හෙන පොඩ්ඩයි කියලා ඒ උනාට වදින්නෙ දොඹෙන් යන්න  (දැන් උඹ බඩු කියන කෑල්ල අල්ලගන්න එපා),උඹ දන්න තරම තමා ඌ කැරිම බොරු කාරයෙක්...! ඔතන වෙලාවට උගෙන් බඩු කොච්චර දැම්මද අහපන් ඕකා කියන්නෙ හෙන පොඩ්ඩයි කියලා ඒ උනාට වදින්නෙ දොඹෙන් යන්න (දැන් උඹ බඩු කියන කෑල්ල අල්ලගන්න එපා),Harassment,0.9312
"@USER  @USER    උඹ දන්නවද මැට්ටෝ  Sri Lankan citizen කියන එකේ තේරුම? මීහරකෝ නිදහස් අධ්‍යාපනයේ පියා කන්නංගර ගෙදර යවන්න මුල් වුනේ මොන අවජාතක බල්ලොද කියලා ගිහින් අහපිය තොු කඩේ යන සක්කිලියන්ගෙන්! පුරවැසියා කඩේ යනිනේ රටට , තොපි වගේ අශුචි කන බල්ලෝ කඩේ යන්නේ කමිබා හොරුන්ට! පල යන්ට මැට්ටා!","උඹ දන්නවද මැට්ටෝ Sri ලන්කන් citizen කියන එකේ තේරුම? මීහරකෝ නිදහස් අධ්‍යාපනයේ පියා කන්නංගර ගෙදර යවන්න මුල් වුනේ මොන අවජාතක බල්ලොද කියලා ගිහින් අහපිය තොු කඩේ යන සක්කිලියන්ගෙන්! පුරවැසියා කඩේ යනිනේ රටට , තොපි වගේ අශුචි කන බල්ලෝ කඩේ යන්නේ කමිබා හොරුන්ට! පල යන්ට මැට්ටා!",Harassment,0.9536
උඹ දැන් උඹේ බඩුව නැති කරගන්න හදන්නේ,උඹ දැන් උඹේ බඩුව නැති කරගන්න හදන්නේ,Harassment,0.9683
@USER උඹ දැන් ගහගන්න හදන්නේ බටේ@USER,උඹ දැන් ගහගන්න හදන්නේ බටේ,Harassment,0.9434
උඹ නම් T-Bagගෙ කපාපු පළුවක්ම තමා Whip :) උගේ පුතා කියලා පෙන්නන්න කලින් ඉදන්ම උඹ කරපු කියපු ඒවාගෙන් උඹේ Action... URL,උඹ නම් T-Bagගෙ කපාපු පළුවක්ම තමා Whip :) උගේ පුතා කියලා පෙන්නන්න කලින් ඉදන්ම උඹ කරපු කියපු ඒවාගෙන් උඹේ Action... උර්ල්,Harassment,0.9717
උඹ නයාට ගහලා පොල්ල වරද්දගන්න හදන්නේ..,උඹ නයාට ගහලා පොල්ල වරද්දගන්න හදන්නේ..,Harassment,0.9556
උඹ පුක ඉරාගෙන කරන එකම තාම උ උඹට වඩා සාර්ථකව කලේ . work smart - දැන්වත් ඉගෙනගනින් ලමිස්සියේ...,උඹ පුක ඉරාගෙන කරන එකම තාම උ උඹට වඩා සාර්ථකව කලේ . work smart - දැන්වත් ඉගෙනගනින් ලමිස්සියේ...,Harassment,0.981
"උඹ බීලද අදත්..?   නෑ අම්මෙ.   තෝ බීල අවට කමක් නෑ, අර ඉස්සරහ ගහේ තියන පේර කොළ එහෙම කඩන් කාල අහු වෙන්න එපා.       තෝ හැදෙන්නැත්තන් එ් ගහටවත් හැදෙන්න දීපන්. ගොං හරකා. කොළ කාල විනාස කරන්නැතුව.   හා අම්මෙ...","උඹ බීලද අදත්..? නෑ අම්මෙ. තෝ බීල අවට කමක් නෑ, අර ඉස්සරහ ගහේ තියන පේර කොළ එහෙම කඩන් කාල අහු වෙන්න එපා. තෝ හැදෙන්නැත්තන් එ් ගහටවත් හැදෙන්න දීපන්. ගොං හරකා. කොළ කාල විනාස කරන්නැතුව. හා අම්මෙ...",Harassment,0.9775
උඹ මට ඇරපු ආදරේ නයා අන්තිමට මට 'ප' පෙන්නලා පෙනේ පුප්පලා මට ම දශ්ට කලා,උඹ මට ඇරපු ආදරේ නයා අන්තිමට මට 'ප' පෙන්නලා පෙනේ පුප්පලා මට ම දශ්ට කලා,Harassment,0.9634
@USER උඹ මැරෙන්නෙ නැතුව හැමදාම බඩ යන්න ඕනේ උඹට  @USER @USER,උඹ මැරෙන්නෙ නැතුව හැමදාම බඩ යන්න ඕනේ උඹට,Harassment,0.9375
@USER  උඹ මොකද කියන්නේ මේ ගැන...??? ඈ ගෙරි හම්බයෝ...??? උත්තර දීපන්... දැන් උඹ කියනවා ද BBC එකේ එහෙම News එකක් ගියේ නෑ කියලා...???  උඹ බබා ද බං...??? තමන්ගේ ජාතියයි කියලා අවජාතක වැඩ කරන්න එපා මෝඩ මූසලයා...,උඹ මොකද කියන්නේ මේ ගැන...??? ඈ ගෙරි හම්බයෝ...??? උත්තර දීපන්... දැන් උඹ කියනවා ද බ්බ්ක එකේ එහෙම News එකක් ගියේ නෑ කියලා...??? උඹ බබා ද බං...??? තමන්ගේ ජාතියයි කියලා අවජාතක වැඩ කරන්න එපා මෝඩ මූසලයා...,Harassment,0.9673
@USER @USER  උඹ රැගුවට හු*තෝ මට පාං නෑ හැබැයි ගේමට ආවොත් පුතා අතඅරින්නෙත් නෑ,උඹ රැගුවට හු*තෝ මට පාං නෑ හැබැයි ගේමට ආවොත් පුතා අතඅරින්නෙත් නෑ,Harassment,0.9761
@USER @USER  උඹ ලේ දුන්නොත් එතන දීපූ ලේ උඹට දෙන්න වෙනවා..,උඹ ලේ දුන්නොත් එතන දීපූ ලේ උඹට දෙන්න වෙනවා..,Harassment,0.937
උඹ වගෙ හැලපයෙක් තවත් නෑ   #LankanReactions,උඹ වගෙ හැලපයෙක් තවත් නෑ ලංකංරෙඅක්තිඔන්ස,Harassment,0.9458
@USER උඹ වගේ බොරු නම්වලින් ඇවිත් ජීවිතේට නොදන්නා උන්ගේ ට්වීට් වලට කුණුහරුප කමෙන්ට් කරන්නේ උඹලා වගේ උන්ගේ අම්මලා තාත්තලා උඹලවගේ පොන්න පැටවු හදලා තියෙන විදියෙන්. තොට හරි හමන් ජාතකයක් තියෙනවා නම් හැදියාවක් තියෙන අම්මෙක් තාත්තෙක් ලඟ හැදීලා තියෙනවා නම් තෝ ඔහොම හැසීරෙන්නේ නෑ.,උඹ වගේ බොරු නම්වලින් ඇවිත් ජීවිතේට නොදන්නා උන්ගේ ට්වීට් වලට කුණුහරුප කමෙන්ට් කරන්නේ උඹලා වගේ උන්ගේ අම්මලා තාත්තලා උඹලවගේ පොන්න පැටවු හදලා තියෙන විදියෙන්. තොට හරි හමන් ජාතකයක් තියෙනවා නම් හැදියාවක් තියෙන අම්මෙක් තාත්තෙක් ලඟ හැදීලා තියෙනවා නම් තෝ ඔහොම හැසීරෙන්නේ නෑ.,Harassment,0.9429
"@USER උඹ ශෘංගාරි නෙවෙයි සුන්‍යාගරයක්, උඹේ තොම්පලේ ලෙව කාපු උන්ට කියපන් පොන්නයා කියලා. කතා කරන්න දැනගනින් ලොන්තපෝල් ගොන් වේසි. උඹට ටිකක් සද්ද නැතිව ඉන්නකොට එනවද කටේ උලන්න පඳුරු ගොනා","උඹ ශෘංගාරි නෙවෙයි සුන්‍යාගරයක්, උඹේ තොම්පලේ ලෙව කාපු උන්ට කියපන් පොන්නයා කියලා. කතා කරන්න දැනගනින් ලොන්තපෝල් ගොන් වේසි. උඹට ටිකක් සද්ද නැතිව ඉන්නකොට එනවද කටේ උලන්න පඳුරු ගොනා",Harassment,0.9839
"@USER  @USER    @USER  උඹ සින්දු හදපු කාලෙ උඹට අපි හරි ආදරෙයි. ඒත්, උඹ ඒ build upකරගත්තු fameඑකෙන්, සල්ලි පෙරේතකමට රාජපක්ෂ පවුලෙ පුක ලෙවකන්න ගත්තාට පස්සෙ තෝ ව පෙන්නන්න බෑ. Build upකරගත්ත චරිතය සල්ලි පෙරේතවෙලා නැතිකරගත්තු අමු ම අමු පොන්නයෙක් තෝ දැන්! කපලා දාපන් තොගෙ පයිය!","උඹ සින්දු හදපු කාලෙ උඹට අපි හරි ආදරෙයි. ඒත්, උඹ ඒ build upකරගත්තු fameඑකෙන්, සල්ලි පෙරේතකමට රාජපක්ෂ පවුලෙ පුක ලෙවකන්න ගත්තාට පස්සෙ තෝ ව පෙන්නන්න බෑ. Build upකරගත්ත චරිතය සල්ලි පෙරේතවෙලා නැතිකරගත්තු අමු ම අමු පොන්නයෙක් තෝ දැන්! කපලා දාපන් තොගෙ පයිය!",Harassment,0.9639
@USER  @USER උඹ හැදියන් විතරයි. එතකොටවත් මන් හැදෙන්නම් නෑ,උඹ හැදියන් විතරයි. එතකොටවත් මන් හැදෙන්නම් නෑ,Harassment,0.9404
@USER  උඹ “ද වෙත්තෙ“ ද? “තේ වත්තෙ“ ද?,උඹ “ද වෙත්තෙ“ ද? “තේ වත්තෙ“ ද?,Harassment,0.9561
@USER උඹගේ අම්මට නම් කීප දෙනෙක්ම ශුකලා තමයි ලොක්කා උඹ ජාතක වෙලා තියෙන්නේ,උඹගේ අම්මට නම් කීප දෙනෙක්ම ශුකලා තමයි ලොක්කා උඹ ජාතක වෙලා තියෙන්නේ,Harassment,0.958
@USER  @USER උඹට කවුරුත් නැකැත් සීට්ටු දෙන්න ආවෙ නෑනෙ පඳුරු වේසිගෙ බඩ පිස්සෝ.......   උඹ හිතන් ඉන්නෙ නැකැත් සීට්ටුව කියන්නෙත් උඹට රෑට රෑට පුපේ අරින නාට්ටාමිගෙ ගෝ පයිය වගේ එකක් කියලද?,උඹට කවුරුත් නැකැත් සීට්ටු දෙන්න ආවෙ නෑනෙ පඳුරු වේසිගෙ බඩ පිස්සෝ....... උඹ හිතන් ඉන්නෙ නැකැත් සීට්ටුව කියන්නෙත් උඹට රෑට රෑට පුපේ අරින නාට්ටාමිගෙ ගෝ පයිය වගේ එකක් කියලද?,Harassment,0.9229
@USER  @USER උඹට පිස්සුද යකෝ මේ වගේ ගොන පකයල එක්ක argue කරන්න.. පැත්තක් බලාගෙන හිටහන්    ගෑනියෙක්ට කතා කරන්න දන්නෙ නැති අවජාතක බල්ලන් එක්ක මොන කතාද බං,උඹට පිස්සුද යකෝ මේ වගේ ගොන පකයල එක්ක argue කරන්න.. පැත්තක් බලාගෙන හිටහන් ගෑනියෙක්ට කතා කරන්න දන්නෙ නැති අවජාතක බල්ලන් එක්ක මොන කතාද බං,Harassment,0.9526
උඹට පුළුවන් ඒත් උඹ නොකරන්නෙ ඇයි?  උඹ කම්මැලී...  උඹට ඕනෙකමක් නෑ... උඹ අවදානය දීල තියෙන අරමුණ වෙන එකක්... උඹ අරමුණ වෙනුවෙන් කැපවෙන්නෙ නෑ... වටේ උන්ගෙ කටට බයයි... උඹ ඉන්නෙ හීන ලෝකෙක. (29/35),උඹට පුළුවන් ඒත් උඹ නොකරන්නෙ ඇයි? උඹ කම්මැලී... උඹට ඕනෙකමක් නෑ... උඹ අවදානය දීල තියෙන අරමුණ වෙන එකක්... උඹ අරමුණ වෙනුවෙන් කැපවෙන්නෙ නෑ... වටේ උන්ගෙ කටට බයයි... උඹ ඉන්නෙ හීන ලෝකෙක. (29/35),Harassment,0.9146
@USER උඹට මරා ගැන ඔයතරම් අමාරු ඌ උඹේ අම්මට වත්  ඇරියද කැරි බල්ලෝ,උඹට මරා ගැන ඔයතරම් අමාරු ඌ උඹේ අම්මට වත් ඇරියද කැරි බල්ලෝ,Harassment,0.9658
"උඹට හොදම යාලුවෙක් ඉන්නවනම්, ඌ තමා හොදම එකා කියලා හිතනවනම්."" එහෙනම් උඹ ඌ එක්ක කැල්ලව කාබරයක තියලා බලපන්""  උඹ අවංක නම් උඹ වගේ එකෙක් තවත් බලාපොරොත්තු වෙන්න එපා !  ඒක නිකං මාරයාගේ ලෙනේ මැණික් හොයනවා වගේ වැඩක්","උඹට හොදම යාලුවෙක් ඉන්නවනම්, ඌ තමා හොදම එකා කියලා හිතනවනම්."" එහෙනම් උඹ ඌ එක්ක කැල්ලව කාබරයක තියලා බලපන්"" උඹ අවංක නම් උඹ වගේ එකෙක් තවත් බලාපොරොත්තු වෙන්න එපා ! ඒක නිකං මාරයාගේ ලෙනේ මැණික් හොයනවා වගේ වැඩක්",Harassment,0.9087
උඹටත් තියෙන්නේ සිංහ-ලේ ද?  යකෝ තොගේ තාත්ත සිංහයෙක් ද එක්කෝ අම්ම කැලේට ගියාද සිංහයා හම්බවෙන්න O_o  #SinhaLe #Pisso #SriLanka,උඹටත් තියෙන්නේ සිංහ-ලේ ද? යකෝ තොගේ තාත්ත සිංහයෙක් ද එක්කෝ අම්ම කැලේට ගියාද සිංහයා හම්බවෙන්න O_o සිංහලේ පිස්සෝ ශ්‍රීලංකා,Harassment,0.9272
@USER උඹනෙ යකෝ මහින්දානන්දට පුක දිදී වටේ යන්නේ. එතකොට යකෝ තෝ නේ ගොන් බඩුව. අනේ හැලපයෝ මොළේ කල්පනා කරලා උත්තර දීපන්. නැත්නම් මෙතන චා වෙනවා නේ  #මහින්දානන්දගේපුකදෙනගොන්බඩුව,උඹනෙ යකෝ මහින්දානන්දට පුක දිදී වටේ යන්නේ. එතකොට යකෝ තෝ නේ ගොන් බඩුව. අනේ හැලපයෝ මොළේ කල්පනා කරලා උත්තර දීපන්. නැත්නම් මෙතන චා වෙනවා නේ #මහින්දානන්දගේපුකදෙනගොන්බඩුව,Harassment,0.9761
උඹනේ ඉතිං මගේ ට්වීට් එකේ පුක දීගෙන හැමිණෙන්න ආවේ. උඹට ඕන නං උඹ සිරිකොතේ බැරි නං විජේරාමෙට ගිහින් පුක දීපං. මං කාටවත් පුක දෙන්නෑ. උඹ කරන ඒවා මට කරන්න බල කරන්න එපා.,උඹනේ ඉතිං මගේ ට්වීට් එකේ පුක දීගෙන හැමිණෙන්න ආවේ. උඹට ඕන නං උඹ සිරිකොතේ බැරි නං විජේරාමෙට ගිහින් පුක දීපං. මං කාටවත් පුක දෙන්නෑ. උඹ කරන ඒවා මට කරන්න බල කරන්න එපා.,Harassment,0.9624
"උඹල මෙහේ social media day, චාලි ඔස්ටින් අල්ලං දගලද්දි අරහේ කාපිරියො දෙන්නෙක් අපේ විර හෙළ පුතුන්ට නෙළනවා යකෝ යමව් එහෙට...! #SLvZIM","උඹල මෙහේ social media day, චාලි ඔස්ටින් අල්ලං දගලද්දි අරහේ කාපිරියො දෙන්නෙක් අපේ විර හෙළ පුතුන්ට නෙළනවා යකෝ යමව් එහෙට...! ස්ල්ව්ළිම්",Harassment,0.9136
උඹලගේ අ#@&ට හැ#@# වේ## පුතා..... හු#$%නේ නැතිව පලයන් කෙල්ලන්ට කතා කරන පොලීසියේ වියත් බස් වහර URL,උඹලගේ අ#@&ට හැ#@# වේ## පුතා..... හු#$%නේ නැතිව පලයන් කෙල්ලන්ට කතා කරන පොලීසියේ වියත් බස් වහර උර්ල්,Harassment,0.9692
"උඹලට මහන්සියෙන් උගන්නලා ඔතනට යැව්ව තොපින්ගෙ අම්මලා ඕවා දැනගත්ත දාට ඒ මිනිස්සුන්ට හිතෙයි මොකට උඹලා වගේ අවජාතක කාළකන්නි වැදුවද කියලා, වැදූ ගෙයි මරලා දාන්නෙ නැතුව.. මේ දේවල් වලට ගන්න ඕන ක්‍රියාමාර්ග ගනීද නැද්ද දන්නෑ. හැබැයි ඒ කොහොම වුනත් උන්ට සාප වෙනවා මේ කරන අපරාධ වලට..","උඹලට මහන්සියෙන් උගන්නලා ඔතනට යැව්ව තොපින්ගෙ අම්මලා ඕවා දැනගත්ත දාට ඒ මිනිස්සුන්ට හිතෙයි මොකට උඹලා වගේ අවජාතක කාළකන්නි වැදුවද කියලා, වැදූ ගෙයි මරලා දාන්නෙ නැතුව.. මේ දේවල් වලට ගන්න ඕන ක්‍රියාමාර්ග ගනීද නැද්ද දන්නෑ. හැබැයි ඒ කොහොම වුනත් උන්ට සාප වෙනවා මේ කරන අපරාධ වලට..",Harassment,0.9375
උඹලද යකෝ බඩු... අපි නේ බඩූ.. ගහනවා තොට කුඩෙන්   දුවන්න ඉඩ දීපල්ල්ල්ලලා.......  ට්විටර් පරුමක @USER  · 11 Oct 2019 මේකට හොඳ caption එකක් දෙන්න බලන්න...,උඹලද යකෝ බඩු... අපි නේ බඩූ.. ගහනවා තොට කුඩෙන් දුවන්න ඉඩ දීපල්ල්ල්ලලා....... ට්විටර් පරුමක · 11 ඔච්ට් 2019 මේකට හොඳ caption එකක් දෙන්න බලන්න...,Harassment,0.9697
@USER උඹලා කඩේ යන පිස්සන් කොටුවේ එවුං ඇදිරි නීතිය හිස් බෝතලයක් අරන් යන්න කියලා uniform ඇදපු DIG කෙනෙක් කීවම කවුද බං නොයන්නේ? උඹලගේ සක්කිලි මහඑවුංට දැන්ඕනැ ජොනියලාගේ සාක්කු පුරවලා ඒකෙන් කොටසක් ගහගන්න! ඇයි බාර් ඇදිරි නීතිය අස්සේ ඇරියේ කියලා අහන්න උඹලට කොන්දක් නැ නේ?,උඹලා කඩේ යන පිස්සන් කොටුවේ එවුං ඇදිරි නීතිය හිස් බෝතලයක් අරන් යන්න කියලා uniform ඇදපු DIG කෙනෙක් කීවම කවුද බං නොයන්නේ? උඹලගේ සක්කිලි මහඑවුංට දැන්ඕනැ ජොනියලාගේ සාක්කු පුරවලා ඒකෙන් කොටසක් ගහගන්න! ඇයි බාර් ඇදිරි නීතිය අස්සේ ඇරියේ කියලා අහන්න උඹලට කොන්දක් නැ නේ?,Harassment,0.9185
උඹලා පුකට අපහාස කරනවා.. ඒ උනාට වෙන එකෙක් චූ කරාට පස්සේ කොමඩ් එකේ වටේ ටිශූ එකකින් පිහිදලා තමා එතන්න්ට පුක තියන්නෙත්..  පුකට ආදරෙයි නේ පැලෙන්න.. නේ...නේ,උඹලා පුකට අපහාස කරනවා.. ඒ උනාට වෙන එකෙක් චූ කරාට පස්සේ කොමඩ් එකේ වටේ ටිශූ එකකින් පිහිදලා තමා එතන්න්ට පුක තියන්නෙත්.. පුකට ආදරෙයි නේ පැලෙන්න.. නේ...නේ,Harassment,0.9805
"උඹලා මෙහේ එකෙක් ගැන විදව විදව love කරද්දි , ඒකා/ ඒකි වෙන එකෙක් එක්ක හුරතල් වෙනවා ඇති","උඹලා මෙහේ එකෙක් ගැන විදව විදව love කරද්දි , ඒකා/ ඒකි වෙන එකෙක් එක්ක හුරතල් වෙනවා ඇති",Harassment,0.9424
උඹෙ ටකරන් කටට තියාගනින් තිත ................................................. අපේ රියලටි වැඩ නෑ පකේ පඩ #යන්කේ — අදාල නැති උන් අදාලම නෑ,උඹෙ ටකරන් කටට තියාගනින් තිත ................................................. අපේ රියලටි වැඩ නෑ පකේ පඩ #යන්කේ — අදාල නැති උන් අදාලම නෑ,Harassment,0.9668
"උඹේ අම්මයි තාත්තයි  උඹට ඉල්ලන ඉල්ලන  හැමදේම අරන් දෙනවනම්, අනිවා උඹ අරන් හදාගත්ත ලමයෙක්","උඹේ අම්මයි තාත්තයි උඹට ඉල්ලන ඉල්ලන හැමදේම අරන් දෙනවනම්, අනිවා උඹ අරන් හදාගත්ත ලමයෙක්",Harassment,0.9292
@USER උඹේ අවජාතක අම්ම එක්ක හිනාවෙයන්..නැත්නම් අම්ම දීපන් තම්බියකුට..මම හිතුවෙ උඹ Point එකට Argue  කරන එකෙක් කියල..බැලින්නං උඹ හද්ද මෝඩ ගොන්ජෙක්,උඹේ අවජාතක අම්ම එක්ක හිනාවෙයන්..නැත්නම් අම්ම දීපන් තම්බියකුට..මම හිතුවෙ උඹ Point එකට Argue කරන එකෙක් කියල..බැලින්නං උඹ හද්ද මෝඩ ගොන්ජෙක්,Harassment,0.9849
@USER උඹේ එක ගන්නවට වඩා සැපයි යකෝ පාරෙ යන බැල්ලියෙක්ගෙ ගන්නවා බලු #ත්තකින් ජාතක වෙලා කියල ප්‍රදර්ශනය කරන්නෙපා. තොට කුණුහරප කියන්න ඕනි නම් තොගෙ TL එකේ කියාගනිම්. අහක ඉම්න කෙල්ලොගෙ ට්වීට් Qt කර කර පොන්නකම් ප්‍රදර්ශනය කරන් නැතුව,උඹේ එක ගන්නවට වඩා සැපයි යකෝ පාරෙ යන බැල්ලියෙක්ගෙ ගන්නවා බලු #ත්තකින් ජාතක වෙලා කියල ප්‍රදර්ශනය කරන්නෙපා. තොට කුණුහරප කියන්න ඕනි නම් තොගෙ තල් එකේ කියාගනිම්. අහක ඉම්න කෙල්ලොගෙ ට්වීට් ක්ත කර කර පොන්නකම් ප්‍රදර්ශනය කරන් නැතුව,Harassment,0.9751
@USER උඹේ කටට කැවුමක් දාන්න වටිනවා..  #AvuruduLK #TeamKevum,උඹේ කටට කැවුමක් දාන්න වටිනවා.. අවුරුදුල්ක් ටෙඅම්කෙවුම්,Harassment,0.9189
උයන වලිය දැකලා මතක් උනේ.  මම  බෝඩිමේදී  තේ හැදුවා. roommates ලා කිව්වා ආයේ උඹ තේ හදන්න එපා අපිම හදලා උඹටත් දෙන්නම්. උඹට තියෙන්නේ බොන්න විතරයි කියලා.,උයන වලිය දැකලා මතක් උනේ. මම බෝඩිමේදී තේ හැදුවා. රූම්මටෙස් ලා කිව්වා ආයේ උඹ තේ හදන්න එපා අපිම හදලා උඹටත් දෙන්නම්. උඹට තියෙන්නේ බොන්න විතරයි කියලා.,Harassment,0.9014
@USER උරහිසේ සැප වැඩිකමටද කොහෙද ඒකි හොඳට නිදි බං.කෝම හරි බහින තැනත් පාස් වෙලා බැහැගත්තේ.මරක්කල ගුරුකං අපි දෙන්නේ,උරහිසේ සැප වැඩිකමටද කොහෙද ඒකි හොඳට නිදි බං.කෝම හරි බහින තැනත් පාස් වෙලා බැහැගත්තේ.මරක්කල ගුරුකං අපි දෙන්නේ,Harassment,0.9375
URL අම්මෙක්‌ තාත්තෙක්‌ නැති අවජාතක පක්‌ෂයක්‌,උර්ල් අම්මෙක්‌ තාත්තෙක්‌ නැති අවජාතක පක්‌ෂයක්‌,Harassment,0.9546
@USER URL තෝ වගේ මෝඩ හරකෙක් polburuwa @USER  · 5 Dec 2018  @USER ඕක දාද්දී ඕන බූරුවෙක්ට පේනවා හිල් වෙලා තියෙන්නේ කියලා,උර්ල් තෝ වගේ මෝඩ හරකෙක් පොල්බුරුව · 5 දෙක් 2018 ඕක දාද්දී ඕන බූරුවෙක්ට පේනවා හිල් වෙලා තියෙන්නේ කියලා,Harassment,0.9258
@USER  @USER    URL මේ තියන්නෙඑක. අමන වේස බල්ලො,උර්ල් මේ තියන්නෙඑක. අමන වේස බල්ලො,Harassment,0.9771
"@USER උස වගේද පුක.. ""සොරි සර පුක කිව්වට පුකට පුක නොකිය දේවාලෙ කියන්ඩ ඇයි ""","උස වගේද පුක.. ""සොරි සර පුක කිව්වට පුකට පුක නොකිය දේවාලෙ කියන්ඩ ඇයි """,Harassment,0.979
උස්සලා ගහන්න දුන්නද වටේ බඩුව බඩුව කිය කිය යන්නේ,උස්සලා ගහන්න දුන්නද වටේ බඩුව බඩුව කිය කිය යන්නේ,Harassment,0.9644
"@USER  @USER උසි උසි උසි අම්මම්මියෝ ඒක,  තොගෙ අම්ම තො අරන් හදාගෙන ඇත්තේ   මුව ජාතක කරලා තියෙන්නෙ පාරේ යන පිස්සු   බල්ලන් .","උසි උසි උසි අම්මම්මියෝ ඒක, තොගෙ අම්ම තො අරන් හදාගෙන ඇත්තේ මුව ජාතක කරලා තියෙන්නෙ පාරේ යන පිස්සු බල්ලන් .",Harassment,0.9819
@USER ඌ කියල තියෙන්නේ එයාගේ පයිය දෙනව කියලයි,ඌ කියල තියෙන්නේ එයාගේ පයිය දෙනව කියලයි,Harassment,0.9243
@USER ඌ නමට ලොකු පුතා උනාට ගෑණිට බයේ තමන් දස මසක් කුසේ දරාගෙන මේ ලෝකෙට බිහි කරපු අම්මට තාත්‍තාට සලකන්නෙ නැත්‍නම් ඌ ඇත්තට පොන්නයෙක් ... ඒ වගේම ඌ බැදලා ඉන්න ගෑණිත් දැන ගන්න ඕනේ ඒකිත් ගෑණියෙක් ඒකිත් අම්ම කෙනෙක් වෙනව කියනව එක ...,ඌ නමට ලොකු පුතා උනාට ගෑණිට බයේ තමන් දස මසක් කුසේ දරාගෙන මේ ලෝකෙට බිහි කරපු අම්මට තාත්‍තාට සලකන්නෙ නැත්‍නම් ඌ ඇත්තට පොන්නයෙක් ... ඒ වගේම ඌ බැදලා ඉන්න ගෑණිත් දැන ගන්න ඕනේ ඒකිත් ගෑණියෙක් ඒකිත් අම්ම කෙනෙක් වෙනව කියනව එක ...,Harassment,0.9741
"@USER ඌ පතලක් බැහැගන්න බැරිව ලතවෙන අස්සේ උඹ, ගල් වලට කුරුමානම් අල්ලනවා ද ??","ඌ පතලක් බැහැගන්න බැරිව ලතවෙන අස්සේ උඹ, ගල් වලට කුරුමානම් අල්ලනවා ද ??",Harassment,0.9316
"ඌ පුකේ ජනාවාස හදාගත්තොත් කට පුක ලඟට කරලා කියන්න මේ තෝ ඔතනිං ආවෙ නැත්තං අම්මපා මං හිරේ යනවා  කියලා.... ..   ඌ අනිවා එලියට එයි, කවුද කැමති එක එක සයිස් මෝල්ගස් වලිං තැලිලා මැරෙන්න Jerry  @USER  · 20 Nov 2018 තේකේ කඩියෙක් ඉදලා ඌව පෙව්නොත් ඌ බඩ දිගේ පුකට ගිහින් ජනාවාස හදාගත්තොත් පුකේ කඩි ගුලක් හැදෙයිද..?","ඌ පුකේ ජනාවාස හදාගත්තොත් කට පුක ලඟට කරලා කියන්න මේ තෝ ඔතනිං ආවෙ නැත්තං අම්මපා මං හිරේ යනවා කියලා.... .. ඌ අනිවා එලියට එයි, කවුද කැමති එක එක සයිස් මෝල්ගස් වලිං තැලිලා මැරෙන්න Jerry  · 20 නොව 2018 තේකේ කඩියෙක් ඉදලා ඌව පෙව්නොත් ඌ බඩ දිගේ පුකට ගිහින් ජනාවාස හදාගත්තොත් පුකේ කඩි ගුලක් හැදෙයිද..?",Harassment,0.9844
ඌ බඩුව කියල තියන්නෙ උගෙ wife ට ද එතකොට ? අනෙ අම්මේඒඒඒඑ...,ඌ බඩුව කියල තියන්නෙ උගෙ wife ට ද එතකොට ? අනෙ අම්මේඒඒඒඑ...,Harassment,0.9863
@USER  @USER ඌ බෙල්ල කපල මැරුණා  තෝ තැලිල මැරෙන්නෙ මේ වගේ ට්වීට් දාලා,ඌ බෙල්ල කපල මැරුණා තෝ තැලිල මැරෙන්නෙ මේ වගේ ට්වීට් දාලා,Harassment,0.9634
@USER ඌ මාව blocked. රාජපක්ෂලාගේ පුක හොදන වහලෙක් වගේ,ඌ මාව blocked. රාජපක්ෂලාගේ පුක හොදන වහලෙක් වගේ,Harassment,0.9707
@USER ඌ ලග කොහෙන්ද බන් උක්..  බර පල්ල තෝ...,ඌ ලග කොහෙන්ද බන් උක්.. බර පල්ල තෝ...,Harassment,0.9463
ඌ: බඩුවට බඩුව කියන්නැතුව පුටුව කියන්නයෑ . මා: ඔව් පුටුවත් බඩුවක් තමයි . ඌ: පලයං මැරුං නොකා . මා: සිරිමත් රොක්ස්,ඌ: බඩුවට බඩුව කියන්නැතුව පුටුව කියන්නයෑ . මා: ඔව් පුටුවත් බඩුවක් තමයි . ඌ: පලයං මැරුං නොකා . මා: සිරිමත් රොක්ස්,Harassment,0.9536
ඌට ඉතිම් ඕන උගේ අම්ම වගේ කෙල්ලෙක්.. බදිනකම් විතරක් අම්ම වගේ වෙලා බැන්දට පස්සෙ පත්තිනි අම්ම වැටෙන් පැනල යන එකියක් නෙමි බං උගේ අම්ම වගේම උගේ අම්මටත් සලකගෙන මැරෙනම් වෙනස් නොවී ඉන්න එකියක්..  කොල්ලෙක් ආසයි ඌ උඹේ තාත්ත වගේ කියල අහගන්න..,ඌට ඉතිම් ඕන උගේ අම්ම වගේ කෙල්ලෙක්.. බදිනකම් විතරක් අම්ම වගේ වෙලා බැන්දට පස්සෙ පත්තිනි අම්ම වැටෙන් පැනල යන එකියක් නෙමි බං උගේ අම්ම වගේම උගේ අම්මටත් සලකගෙන මැරෙනම් වෙනස් නොවී ඉන්න එකියක්.. කොල්ලෙක් ආසයි ඌ උඹේ තාත්ත වගේ කියල අහගන්න..,Harassment,0.9414
"ඌට ඕනි ලෙසටම කටට ගන්න දත් නොවද්දන තොලහෙම හොඳට දාන පුරෝල අල්ලන්න දෙන හරෝල ගහන්න හැකි ..පට්ට බැල්ලියෙක්..  ඈට ඕනි.. කුචුකවන්න  කොනිත්තන්න, ඇස්වහන්න හිනාවෙන්න. දුවන්න.. උම්ම දෙන්න   සෙල්ලං බල්ලෙක්..","ඌට ඕනි ලෙසටම කටට ගන්න දත් නොවද්දන තොලහෙම හොඳට දාන පුරෝල අල්ලන්න දෙන හරෝල ගහන්න හැකි ..පට්ට බැල්ලියෙක්.. ඈට ඕනි.. කුචුකවන්න කොනිත්තන්න, ඇස්වහන්න හිනාවෙන්න. දුවන්න.. උම්ම දෙන්න සෙල්ලං බල්ලෙක්..",Harassment,0.9795
@USER ඌව එළියේ තියන්න තිබ්බේ wicket keep කරන්නත් බෑ රෙද්ද.,ඌව එළියේ තියන්න තිබ්බේ wicket keep කරන්නත් බෑ රෙද්ද.,Harassment,0.915
@USER එ කියන අයත් පර්ලිමේන්තුවට ගියම පේනවා.හැදියව,එ කියන අයත් පර්ලිමේන්තුවට ගියම පේනවා.හැදියව,Harassment,0.9521
එ බං අරු යනවා වරෙං කො යන්න උට ගහන්න ඔන බං අනේ අනේ අනේ යමන් කො   එයි ඔබ මොකක්ද කියලා තියෙන්නෙ ඇ බොල කැරි€   හුක«» ගන්න හදන්නෙපා එපා පොන₹€¥  ඇයි යාළුවො එම ගහගන්න බැරිනම් මං වගේ පාඩුවෙ ඉන්න එපැයි   හැමිනෙන්න යන්නෙ නැතිව  #18+චණ්ඩි,එ බං අරු යනවා වරෙං කො යන්න උට ගහන්න ඔන බං අනේ අනේ අනේ යමන් කො එයි ඔබ මොකක්ද කියලා තියෙන්නෙ ඇ බොල කැරි€ හුක«» ගන්න හදන්නෙපා එපා පොන₹€¥ ඇයි යාළුවො එම ගහගන්න බැරිනම් මං වගේ පාඩුවෙ ඉන්න එපැයි හැමිනෙන්න යන්නෙ නැතිව #18+චණ්ඩි,Harassment,0.9751
@USER  එක Match එකක් ගැහුවම මුන් හිතන් ඉන්නේ උන් හරි පකයෝ කියලා පයිය. #Sl_vs_Ban,එක Match එකක් ගැහුවම මුන් හිතන් ඉන්නේ උන් හරි පකයෝ කියලා පයිය. #Sl_vs_Ban,Harassment,0.9434
එක එකා කඩපු හෙඩ්ෆෝන් අපි පුක දීල හදන්න ඕනෙ. හැදුවට පස්සෙ අයේ එනව පුකදීගෙන ඉල්ලගෙන,එක එකා කඩපු හෙඩ්ෆෝන් අපි පුක දීල හදන්න ඕනෙ. හැදුවට පස්සෙ අයේ එනව පුකදීගෙන ඉල්ලගෙන,Harassment,0.9873
@USER එක එකා ට ගොනා කියන්න ඉස්සෙල්ලා තෝ ගොනා හැදිලා හිටියනම් ! දුප් යන්න   හෙන අප්පිරියයි බෝගේ tweet,එක එකා ට ගොනා කියන්න ඉස්සෙල්ලා තෝ ගොනා හැදිලා හිටියනම් ! දුප් යන්න හෙන අප්පිරියයි බෝගේ tweet,Harassment,0.9014
එක ගලක් තියාගෙන Vision පිස්සු නටපු හැටි එක්ක බලද්දි ගල් පහම තිබිලත් Thanos පුදුම හැදියාවකින් ඉඳලනේ...   #WhatIf,එක ගලක් තියාගෙන Vision පිස්සු නටපු හැටි එක්ක බලද්දි ගල් පහම තිබිලත් තනොස් පුදුම හැදියාවකින් ඉඳලනේ... ව්හටිෆ්,Harassment,0.9502
එක ගොන් බඩුවයි මේකට ඉන්නෙ    @USER  1,එක ගොන් බඩුවයි මේකට ඉන්නෙ 1,Harassment,0.9297
එක තං තං දෙක තං තං තන් දෙක තන් මොන විරිඳුද යකෝ ඒ patta,එක තං තං දෙක තං තං තන් දෙක තන් මොන විරිඳුද යකෝ ඒ patta,Harassment,0.979
"@USER එක දිගටම කොස් මේ ටිකේ. මං කට වරද්ද ගත්තේ අම්ම එක්ක කියවං ගිහිං. කොස් කිරට, මැල්ලුමට, තම්බල. තව ගියා නම් කොස් ඩෙවල්, කොස් තෙලට, කොස් බැදලත් දෙනවා. පුළුවන්නම් කොස් කට්ටත් කවල.  කොස් ගහක් දිහාවත් දැන් හැරිලා බලන්නෑ.","එක දිගටම කොස් මේ ටිකේ. මං කට වරද්ද ගත්තේ අම්ම එක්ක කියවං ගිහිං. කොස් කිරට, මැල්ලුමට, තම්බල. තව ගියා නම් කොස් ඩෙවල්, කොස් තෙලට, කොස් බැදලත් දෙනවා. පුළුවන්නම් කොස් කට්ටත් කවල. කොස් ගහක් දිහාවත් දැන් හැරිලා බලන්නෑ.",Harassment,0.9316
"එක දුවෙක් බඩගින්නේ මැරෙන්න ඇරල, තව දුවෙක් අල්ලන් අපේ දුව කියල පොටෝ දාන අවජාතකයෝ ඉන්න රටක් ⁣මේක..නොදකින්..","එක දුවෙක් බඩගින්නේ මැරෙන්න ඇරල, තව දුවෙක් අල්ලන් අපේ දුව කියල පොටෝ දාන අවජාතකයෝ ඉන්න රටක් ⁣මේක..නොදකින්..",Harassment,0.9351
එක පිරිමි ලමයෙක්ට වව්චර් දෙකයි. අපේ ඉස්කෝලේ ලමයි 3800ක් වගේ ඉන්නවා. පිනා sign එක ගහනවා ඇතී හම්මේ 7200ක් පුක ඉරෙනවනේ,එක පිරිමි ලමයෙක්ට වව්චර් දෙකයි. අපේ ඉස්කෝලේ ලමයි 3800ක් වගේ ඉන්නවා. පිනා sign එක ගහනවා ඇතී හම්මේ 7200ක් පුක ඉරෙනවනේ,Harassment,0.9878
"එක බත්පත අනාගෙන කාපු, එකාටත් කොලේ වසා... මනුස්ස කමට රෙද්ද පොඩ්ඩක් ඉස්සූකල පුකෙත් ඇර... බෝපැල මෙන් හැසිරෙනු දෙවුදත්ලා සමාජය ඉදිරියේ පොර විය","එක බත්පත අනාගෙන කාපු, එකාටත් කොලේ වසා... මනුස්ස කමට රෙද්ද පොඩ්ඩක් ඉස්සූකල පුකෙත් ඇර... බෝපැල මෙන් හැසිරෙනු දෙවුදත්ලා සමාජය ඉදිරියේ පොර විය",Harassment,0.9702
"එක බුවෙක්: ""පකද බලන්නේ කැරි පොන්නයා?""  අනිත් බුවා: ""බලන්නම පක තොගේ""  මුල් බුවා: ""මේ තියෙන්නේ, මේ, බලාගනිං පක""","එක බුවෙක්: ""පකද බලන්නේ කැරි පොන්නයා?"" අනිත් බුවා: ""බලන්නම පක තොගේ"" මුල් බුවා: ""මේ තියෙන්නේ, මේ, බලාගනිං පක""",Harassment,0.9077
@USER එක ලමයෙක් විතරක් හැදුවාම ඌට මොකෙක්වත් නෑ අම්ම තාත්ත මැරුණාම.,එක ලමයෙක් විතරක් හැදුවාම ඌට මොකෙක්වත් නෑ අම්ම තාත්ත මැරුණාම.,Harassment,0.9009
එකම එක වතාවක් ආයෙමත් උඹ මගෙ වුණොතින් දන්නවද මයෙ රත්තරන්..  පයිං ගහලා එළවන්නෙ පයිං...!   #උස්සපුඑකක් #LKA,එකම එක වතාවක් ආයෙමත් උඹ මගෙ වුණොතින් දන්නවද මයෙ රත්තරන්.. පයිං ගහලා එළවන්නෙ පයිං...! #උස්සපුඑකක් ලක,Harassment,0.9019
@USER එකමත් එක රටක හිටියලු හාවෙක්. දවසක් මේ හාවට සෙට්වුනාලු නරියෙක්. ඒ නරිය ඌරු පැටවු තුන්දෙනාගෙ ගේ කඩල හෙන මහන්සියෙන්ලු හිටයෙ. හාවට පවු කියල හිතුන නිසා නරියට කිවුවලු මම ඔයාට ලබුකිරිබත් හදල දෙන්නං කියල. නරියත් කැමති වුනාලු. ඒත් වැඩේට බැස්සමලු හාවට තරු පෙනුනෙ. ලබුකිරිබත් හදන්නෙ කොහොමද?,එකමත් එක රටක හිටියලු හාවෙක්. දවසක් මේ හාවට සෙට්වුනාලු නරියෙක්. ඒ නරිය ඌරු පැටවු තුන්දෙනාගෙ ගේ කඩල හෙන මහන්සියෙන්ලු හිටයෙ. හාවට පවු කියල හිතුන නිසා නරියට කිවුවලු මම ඔයාට ලබුකිරිබත් හදල දෙන්නං කියල. නරියත් කැමති වුනාලු. ඒත් වැඩේට බැස්සමලු හාවට තරු පෙනුනෙ. ලබුකිරිබත් හදන්නෙ කොහොමද?,Harassment,0.9253
එක්කො මෙකිට සුද්දෙක් පුකේ ඇරල. නැත්තං මේකි ඩිල්ඩො එකක් දාල සුද්දෙක්ට ඇරල.... යකෝ මෙච්චර වෙලා අපූරුවට සිංහල කතා කරනේ මාත් එක්ක,එක්කො මෙකිට සුද්දෙක් පුකේ ඇරල. නැත්තං මේකි ඩිල්ඩො එකක් දාල සුද්දෙක්ට ඇරල.... යකෝ මෙච්චර වෙලා අපූරුවට සිංහල කතා කරනේ මාත් එක්ක,Harassment,0.9644
"එකා එකා Avakin Life එකට බඩ ගානව පිඹුරො වගේ. පට්ට අහ්, ලංකාවේ community එකක් හැදෙනව කියන්නෙ.   #AvakinsSl #avakinlife","එකා එකා අවකින් Life එකට බඩ ගානව පිඹුරො වගේ. පට්ට අහ්, ලංකාවේ community එකක් හැදෙනව කියන්නෙ. අවකින්ස්ස්ල් අවකින්ලිෆේ",Harassment,0.9463
@USER එකා එකාට පුක දෙන්න යනවට වඩා තමන්ගේම කියලා දේකට නිකන් තියෙන පුක දිලා කරගන්නවා ඉතින්,එකා එකාට පුක දෙන්න යනවට වඩා තමන්ගේම කියලා දේකට නිකන් තියෙන පුක දිලා කරගන්නවා ඉතින්,Harassment,0.9844
@USER එකාද ගොන් බදින ගහක්..,එකාද ගොන් බදින ගහක්..,Harassment,0.9639
@USER  @USER එකි හරි ඒක හරි කතෝලික/ක්‍රිස්තියානි උන පලියට එහෙම දාන්ඩ බෑනෙ. දැන් එයි පැත්තෙන් දෙන වෙසිගෙ පුතාල රෙද්ද උස්සගෙන. එක පකෙක්වත් මට අදාලත් නෑ.,එකි හරි ඒක හරි කතෝලික/ක්‍රිස්තියානි උන පලියට එහෙම දාන්ඩ බෑනෙ. දැන් එයි පැත්තෙන් දෙන වෙසිගෙ පුතාල රෙද්ද උස්සගෙන. එක පකෙක්වත් මට අදාලත් නෑ.,Harassment,0.9668
එකියක් ඉන්නවා මං තමයි මේකෙ බඩුව කියල කියාගන්න උඩපනින,එකියක් ඉන්නවා මං තමයි මේකෙ බඩුව කියල කියාගන්න උඩපනින,Harassment,0.9194
එකෙක් ඉන්නවා ඌ අනුන්ගේ ඒව හොය හොය ගිහින් ඒවා ඌට කියපුවා වගේ නලියනවා.. කඩි ගුලේ පුක තිව්වා වගේ එහෙට දුවනවා මෙහෙට දුවනවා.. මේවා සෝශල් මීඩියා ඒයි...   #වැදුනද #වද්දගෙනනටහන් #මයේමොකො,එකෙක් ඉන්නවා ඌ අනුන්ගේ ඒව හොය හොය ගිහින් ඒවා ඌට කියපුවා වගේ නලියනවා.. කඩි ගුලේ පුක තිව්වා වගේ එහෙට දුවනවා මෙහෙට දුවනවා.. මේවා සෝශල් මීඩියා ඒයි... #වැදුනද #වද්දගෙනනටහන් #මයේමොකො,Harassment,0.981
@USER @USER  එකෙක් ඉස්සරහ හිටං ඉන්නවනෙ ඕයි..හෙනහුරා වගේ..ඌට පොල්ලකුත් දීල තියෙනව පොලු තුනට එන ඒවට තඩි බාන්න,එකෙක් ඉස්සරහ හිටං ඉන්නවනෙ ඕයි..හෙනහුරා වගේ..ඌට පොල්ලකුත් දීල තියෙනව පොලු තුනට එන ඒවට තඩි බාන්න,Harassment,0.9258
එකෙක්ට වටවෙලා ඔක්කොම ගහන එකට අපි කියන්නෙ වීරකම නෙවෙයි......පොන්න කම කියලා.....  බායි,එකෙක්ට වටවෙලා ඔක්කොම ගහන එකට අපි කියන්නෙ වීරකම නෙවෙයි......පොන්න කම කියලා..... බායි,Harassment,0.9316
@USER  එකේ ට්වීට් දාන්නේ බඩේ අමාරැ කාරයෙක් ද කොහෙද.බාගෙට දානවා දුවනවා.අපි මෙතන පුක ඉරාගෙන දඟලන්න ඕනේ,එකේ ට්වීට් දාන්නේ බඩේ අමාරැ කාරයෙක් ද කොහෙද.බාගෙට දානවා දුවනවා.අපි මෙතන පුක ඉරාගෙන දඟලන්න ඕනේ,Harassment,0.9224
@USER එච්චර ඔන්නැ කටට සියියයි. පුකට දෙසියයි කියලා බෝඩ් එකක් එල්ලන් ඉන්නවා .,එච්චර ඔන්නැ කටට සියියයි. පුකට දෙසියයි කියලා බෝඩ් එකක් එල්ලන් ඉන්නවා .,Harassment,0.9233
@USER  @USER එඩිරස් එක දාපන් සනුහරයක්ම ගෙදරට එවන් උඹ මොනවද පකෝ මම ගැන දන්නේ කටවහන් හිටපන් නැත්නම් ඇට දෙකත් එක්ක කටේ ඔබන්නේ පයිය,එඩිරස් එක දාපන් සනුහරයක්ම ගෙදරට එවන් උඹ මොනවද පකෝ මම ගැන දන්නේ කටවහන් හිටපන් නැත්නම් ඇට දෙකත් එක්ක කටේ ඔබන්නේ පයිය,Harassment,0.9663
@USER එතකොට 89 march උබලා මරපු මාගෙ අයියට වග කියන්නේ තෝගේ අම්ම ද?,එතකොට 89 march උබලා මරපු මාගෙ අයියට වග කියන්නේ තෝගේ අම්ම ද?,Harassment,0.9868
@USER එතකොට තෝව බ්ලොක් කරල තියන එවුන් පොන්නයෝ.. මෝඩ චූන් දෙන් නැතුව පලයන් යකෝ යන්න.,එතකොට තෝව බ්ලොක් කරල තියන එවුන් පොන්නයෝ.. මෝඩ චූන් දෙන් නැතුව පලයන් යකෝ යන්න.,Harassment,0.9683
එතකොට රෑට අරූට පුක පෙන්න පෙන්න තමෛ ඉන්න වෙන්නෙ   #dulajweddedsenuvi,එතකොට රෑට අරූට පුක පෙන්න පෙන්න තමෛ ඉන්න වෙන්නෙ දුලජ්වෙද්දෙද්සේනුවී,Harassment,0.9463
එදා චුල්ල පදුම රජතුමාගෙ බිසවට පිපාසෙ උන කාන්තාරෙ යන කොට රජා උරේ පලල ලේ දුන්නනෙ වැද්දට නමුත් අම්ම එහෙම කරයිද තම පුතාට #UpsetSongs #sajje,එදා චුල්ල පදුම රජතුමාගෙ බිසවට පිපාසෙ උන කාන්තාරෙ යන කොට රජා උරේ පලල ලේ දුන්නනෙ වැද්දට නමුත් අම්ම එහෙම කරයිද තම පුතාට උප්සේට්සොන්ග්ස් සාජ්ජේ,Harassment,0.9038
@USER එන්න එන්නම බඩුව වෙලා,එන්න එන්නම බඩුව වෙලා,Harassment,0.9287
එන්න බබා... ඔයාගේ කිම්බට හුකන්නම් හොඳට... පයිය උඩට කෙල දාලා ගන්න..,එන්න බබා... ඔයාගේ කිම්බට හුකන්නම් හොඳට... පයිය උඩට කෙල දාලා ගන්න..,Harassment,0.9854
@USER එන්න ෆ්‍රෙන් පුක හෝදගන්න,එන්න ෆ්‍රෙන් පුක හෝදගන්න,Harassment,0.9512
@USER එපා .. බඩේ අමාරු හැදුනොත් ඒම ..,එපා .. බඩේ අමාරු හැදුනොත් ඒම ..,Harassment,0.9067
"එපා එපා ලෙවකන්නට තම්ම්බි  පුක, ,,,යපලුවො ජයටම තම්ම්බින්ගෙ දෙකම මිරිකනවලු  නෙද බොලව්????","එපා එපා ලෙවකන්නට තම්ම්බි පුක, ,,,යපලුවො ජයටම තම්ම්බින්ගෙ දෙකම මිරිකනවලු නෙද බොලව්????",Harassment,0.9775
එයා අපේ අම්ම වගේ #LankanReasonsToLikeSomeone,එයා අපේ අම්ම වගේ ලංකංරෙඅසොන්ස්තොලිකෙසොමෙඔනෙ,Harassment,0.981
@USER  @USER එයා උඹට වඩා වැඩිමල්. දැන් කටවහම් පලයන්,එයා උඹට වඩා වැඩිමල්. දැන් කටවහම් පලයන්,Harassment,0.9395
එයා දැන් ලොකු ළමයෙක් පෙනුමෙන් ලොකු ළමයෙක් කරඳඩු උස දරුවෙක් එයා බැන්දා තඩි පඹයෙක් ලොකු ළමයෙක්....,එයා දැන් ලොකු ළමයෙක් පෙනුමෙන් ලොකු ළමයෙක් කරඳඩු උස දරුවෙක් එයා බැන්දා තඩි පඹයෙක් ලොකු ළමයෙක්....,Harassment,0.939
@USER එයා දැන් ලෝකෙම ලොකු තරුවක්. මෙහෙ හිටියනන් මෙලහටත් ගොන් බඩුවක්,එයා දැන් ලෝකෙම ලොකු තරුවක්. මෙහෙ හිටියනන් මෙලහටත් ගොන් බඩුවක්,Harassment,0.9634
@USER  එයා හරි සෙස්සී ගෙදරට නාකි වෙච්වී Love එක කෙල වෙච්චී ආඩම්බර නැති ඩේසී #keepthechaingoing,එයා හරි සෙස්සී ගෙදරට නාකි වෙච්වී Love එක කෙල වෙච්චී ආඩම්බර නැති ඩේසී කෙඑප්ථෙචෛඞොඉඞ්,Harassment,0.9292
එයි මේ සද්දයක් අහුනාද? නෑ බන්  හා අහෙනම් තව ටිකකින් ගඳක් එයි පලයන් හු%#$@,එයි මේ සද්දයක් අහුනාද? නෑ බන් හා අහෙනම් තව ටිකකින් ගඳක් එයි පලයන් හු%#$@,Harassment,0.9326
@USER  එල එල ඉකමනට බැඳලා ළමයි 10ක් විතර හදාල හොඳ අම්ම කෙනෙක් වෙන්ටකෝ,එල එල ඉකමනට බැඳලා ළමයි 10ක් විතර හදාල හොඳ අම්ම කෙනෙක් වෙන්ටකෝ,Harassment,0.9277
"එවිටම ඒකනායක මහතා ලමයාට මෙසේ කිවේය,  ""අඩේ පරයා තොපේ මහ එකා සිදාදියෙන් පිටි බෝල 3ක් ඇන්න එනවා. තොපේ පොඩි එකී ඔක්කොම කොටාබානවා, දැන් තොට කීයක් ඉතුරුද?""   ඒ ඇසු ලමයා ""පොඩි එකී 3ම කොටා බෑවා නම් මට පුකද ඉතුරු වෙන්නේ "" කිව්වලු.","එවිටම ඒකනායක මහතා ලමයාට මෙසේ කිවේය, ""අඩේ පරයා තොපේ මහ එකා සිදාදියෙන් පිටි බෝල 3ක් ඇන්න එනවා. තොපේ පොඩි එකී ඔක්කොම කොටාබානවා, දැන් තොට කීයක් ඉතුරුද?"" ඒ ඇසු ලමයා ""පොඩි එකී 3ම කොටා බෑවා නම් මට පුකද ඉතුරු වෙන්නේ "" කිව්වලු.",Harassment,0.9448
"@USER @USER  එහෙනං මෝඩි තමයි නියම බඩුව මේ වැඩේට. පත්තු කරල තියල, හොරා වගේ ඉඳියි ;-)  @USER","එහෙනං මෝඩි තමයි නියම බඩුව මේ වැඩේට. පත්තු කරල තියල, හොරා වගේ ඉඳියි ;-)",Harassment,0.9702
එහෙනන් පුක ඕන නෑ. කටට ගනින් එහෙනම්. දැන් කියපන් කට කරන එකා කියල. කකුල් දෙක ගාව බිම බලපන්. නුවර ගොබ්බ කම බේරෙනව ඔන්න.,එහෙනන් පුක ඕන නෑ. කටට ගනින් එහෙනම්. දැන් කියපන් කට කරන එකා කියල. කකුල් දෙක ගාව බිම බලපන්. නුවර ගොබ්බ කම බේරෙනව ඔන්න.,Harassment,0.9595
@USER එහෙනම් ආයේ ලෙසියෙන් හැදෙන්නෙ නෑ. හැදුනොත් සෑහෙන්න අමාරු වෙයි,එහෙනම් ආයේ ලෙසියෙන් හැදෙන්නෙ නෑ. හැදුනොත් සෑහෙන්න අමාරු වෙයි,Harassment,0.9136
"@USER එහෙනම් පන ඉද්දී, තව පන වල් හොයනවා කියලා twitter දාන්නේ ගුලි කාලාද","එහෙනම් පන ඉද්දී, තව පන වල් හොයනවා කියලා twitter දාන්නේ ගුලි කාලාද",Harassment,0.9644
@USER එහෙනම් පොල් මුඩ්ඩක් අරං පුක  පොඩ්ඩක්ක් හෝද ගනින්..,එහෙනම් පොල් මුඩ්ඩක් අරං පුක පොඩ්ඩක්ක් හෝද ගනින්..,Harassment,0.9434
@USER  @USER එහෙනම් හරි ඕකි තමා මේකෙ ඉන්න ගෑනු බාගෙට බාගයක්ම ඒකිගෙ ඔලුවෙ තියෙන වේස කුණු පුරවලා විනාස කලේ විසබීජයක් ඒකි නම්,එහෙනම් හරි ඕකි තමා මේකෙ ඉන්න ගෑනු බාගෙට බාගයක්ම ඒකිගෙ ඔලුවෙ තියෙන වේස කුණු පුරවලා විනාස කලේ විසබීජයක් ඒකි නම්,Harassment,0.9565
@USER  @USER එහෙම උනා කියල සුදු ගෑවම හරිද? ඕවා ඔය විදියට පාට කරල තිබ්බෙ පුක කහනවට නෙවෙයි.  ඇඳපු උන්ටත් ඉන්න නැති කරනව මේ වගේ ගොන් වැඩ කරලා,එහෙම උනා කියල සුදු ගෑවම හරිද? ඕවා ඔය විදියට පාට කරල තිබ්බෙ පුක කහනවට නෙවෙයි. ඇඳපු උන්ටත් ඉන්න නැති කරනව මේ වගේ ගොන් වැඩ කරලා,Harassment,0.9609
@USER එහෙම උනොත් අපෙ ගෑණි කනවා මට තියන් නැතුව,එහෙම උනොත් අපෙ ගෑණි කනවා මට තියන් නැතුව,Harassment,0.9214
@USER @USER  එහෙම කරන්න එපා උඹ හදලා ගනිං! හදලා උඹම බැඳහන්.  @USER,එහෙම කරන්න එපා උඹ හදලා ගනිං! හදලා උඹම බැඳහන්.,Harassment,0.9087
"@USER එහෙම කියන උබලා, වැල්ලෙ රීලා අමාරුවෙන් රැල්ලෙන් ඉස්සි ඉස්සි පුප හෝදගනිපු එක්කාගේ අම්ම මුත්ත මතක් කරනවා. දැක්කම.","එහෙම කියන උබලා, වැල්ලෙ රීලා අමාරුවෙන් රැල්ලෙන් ඉස්සි ඉස්සි පුප හෝදගනිපු එක්කාගේ අම්ම මුත්ත මතක් කරනවා. දැක්කම.",Harassment,0.9487
@USER එහෙම තමයි අවජාතක පෝතකයින්,එහෙම තමයි අවජාතක පෝතකයින්,Harassment,0.9341
@USER එහෙම බෑ..නැත්තම් ඕකුන් හැදෙන් නෑ  තෝ පල වැඩට උදේම මේකේ රිංගන් ඉන්නේ බතල හපුට්ට,එහෙම බෑ..නැත්තම් ඕකුන් හැදෙන් නෑ තෝ පල වැඩට උදේම මේකේ රිංගන් ඉන්නේ බතල හපුට්ට,Harassment,0.9653
එහෙම වෙන්නෙ මට විතරද? එහෙම පේන්නෙ මට විතරද?  එහෙම හිතෙන්නෙ මට විතරද?   කියලා අහන උන්ට කියන්නම හිතෙනවා ඔව් ඔව් තොට විතරයි කියලා,එහෙම වෙන්නෙ මට විතරද? එහෙම පේන්නෙ මට විතරද? එහෙම හිතෙන්නෙ මට විතරද? කියලා අහන උන්ට කියන්නම හිතෙනවා ඔව් ඔව් තොට විතරයි කියලා,Harassment,0.9333
@USER එහෙම හුකන්න බෑනේ මේකේ. ලඟින් ගියොත් අපි දාගන්නවා. අපි එහෙමයි. තෝ පුක නොදී පලයං,එහෙම හුකන්න බෑනේ මේකේ. ලඟින් ගියොත් අපි දාගන්නවා. අපි එහෙමයි. තෝ පුක නොදී පලයං,Harassment,0.98
@USER එහෙමද? ගොඩක් අයට පලවෙනි එක අමාරු උනේම නෑ සමහරුන්ට දෙවෙනි එක අමාරු උනා.,එහෙමද? ගොඩක් අයට පලවෙනි එක අමාරු උනේම නෑ සමහරුන්ට දෙවෙනි එක අමාරු උනා.,Harassment,0.9686
@USER එහෙම් බෑ. අමාරු උනත් කටට දාගත්ත ගමන්. ම්ම්ම්.... රසයි චෙෆ්.. මාරම රහයි.  කියලා ඇඩ් එක දාන අක්කි බබෙකුත් ඉන්න ඕනෙ,එහෙම් බෑ. අමාරු උනත් කටට දාගත්ත ගමන්. ම්ම්ම්.... රසයි චෙෆ්.. මාරම රහයි. කියලා ඇඩ් එක දාන අක්කි බබෙකුත් ඉන්න ඕනෙ,Harassment,0.9019
@USER එ් රජාගෙ කූරු පයිය වීර ගහක එල්ලලා පොල් කෙක්කෙන් දා අදින්න මේ රජීදා අණ කලා,එ් රජාගෙ කූරු පයිය වීර ගහක එල්ලලා පොල් කෙක්කෙන් දා අදින්න මේ රජීදා අණ කලා,Harassment,0.9233
@USER  @USER    එ්වා හදේ පුතෝ අපි ඉන්නකම්... තෝ බාලාපචාර කාරයෙක් කියලා පොලීසියට මාට්ටු කරනවා දැන ගනින් හොදේ...  @USER  @USER  මේ බලපන්..,එ්වා හදේ පුතෝ අපි ඉන්නකම්... තෝ බාලාපචාර කාරයෙක් කියලා පොලීසියට මාට්ටු කරනවා දැන ගනින් හොදේ... මේ බලපන්..,Harassment,0.9307
ඒ  @USER  @USER  අර චූටි කියලා ගෑනියෙක්ට අපි මොනවද කිවුවා කියලා නේ මේ නාමමාත්‍රික කී බෝඩ් ගණිකාව හැමිනෙන්න හැදුවෙ පොලොවෙ පස් කකා ඇයි බන් දැන් මේ වේසි වේසි කියන්නෙ ගැනුන්ට පෞ ඌ Dm කරාම රිප්ලයි කරලා ටෝක් වෙන ගෑනු විතරක් වෙන්න ඇති හරි..මුන්ට වඩා බෝගහ යට බඩු හොදයි  нαмєѕн @USER  · 27 Jul 2018 ගෙදර බුදුන් අම්මා  බිව්වට කමක් නැතිලු .. අනේ ඔය පට්ට වේසියෝ ගැන කතා කරලා නිකන් පව් පුරෝ ගන්න වැඩක් නෑ බන් . මේකේ හොද මිනිස්සු ටිකකුත් ඉන්නවා වුන් එක්ක ඉදපන්  අම්මා තියා තාත්තවත් බොන එක අනුමත කරන්නෙ නෑ මම නම්,ඒ අර චූටි කියලා ගෑනියෙක්ට අපි මොනවද කිවුවා කියලා නේ මේ නාමමාත්‍රික කී බෝඩ් ගණිකාව හැමිනෙන්න හැදුවෙ පොලොවෙ පස් කකා ඇයි බන් දැන් මේ වේසි වේසි කියන්නෙ ගැනුන්ට පෞ ඌ දම් කරාම රිප්ලයි කරලා ටෝක් වෙන ගෑනු විතරක් වෙන්න ඇති හරි..මුන්ට වඩා බෝගහ යට බඩු හොදයි нαмєѕн · 27 ජුල 2018 ගෙදර බුදුන් අම්මා බිව්වට කමක් නැතිලු .. අනේ ඔය පට්ට වේසියෝ ගැන කතා කරලා නිකන් පව් පුරෝ ගන්න වැඩක් නෑ බන් . මේකේ හොද මිනිස්සු ටිකකුත් ඉන්නවා වුන් එක්ක ඉදපන් අම්මා තියා තාත්තවත් බොන එක අනුමත කරන්නෙ නෑ මම නම්,Harassment,0.9326
@USER ඒ ඇඟට ඒ පුක නිකං හරියට ජම්බු ගහේ පොල් හැදුන වගේ නැද්ද ?,ඒ ඇඟට ඒ පුක නිකං හරියට ජම්බු ගහේ පොල් හැදුන වගේ නැද්ද ?,Harassment,0.9805
ඒ ඇයි බං හෙන ලොකු එකෝ ගැරඩියට භූමිතෙල් ගැහුව වගේද.   තොපි වගේ එක පැත්තකට විතරක් කඩේ යන අන්තවාදී වහල්ලු ඉන්නකල් රටට කොහොමත් හොදක් නෑ.  මම සීනි ගේන්නම්. තෝ ජනලේන් පුක දිදී හිටපං.,ඒ ඇයි බං හෙන ලොකු එකෝ ගැරඩියට භූමිතෙල් ගැහුව වගේද. තොපි වගේ එක පැත්තකට විතරක් කඩේ යන අන්තවාදී වහල්ලු ඉන්නකල් රටට කොහොමත් හොදක් නෑ. මම සීනි ගේන්නම්. තෝ ජනලේන් පුක දිදී හිටපං.,Harassment,0.9224
"ඒ ඇරෙන්න ආමන්ත්‍රණය කරන්නෙත් ""ගේ"" කියාය. තො""ගේ"", අරූ""ගේ"", මූ""ගේ"", තමුසෙ""ගේ"", ඌ""ගේ"", උ""ගේ"" ආච්චි""ගේ"", අම්ම""ගේ"" ඒ විදියට බැලුවාම ඔක්කෝම වාගේ ""ගේ""ය.  දැන් ඉතින් දුකක් නැත්තේය. මොකෝ ජාතියම ""ගේ""ය","ඒ ඇරෙන්න ආමන්ත්‍රණය කරන්නෙත් ""ගේ"" කියාය. තො""ගේ"", අරූ""ගේ"", මූ""ගේ"", තමුසෙ""ගේ"", ඌ""ගේ"", උ""ගේ"" ආච්චි""ගේ"", අම්ම""ගේ"" ඒ විදියට බැලුවාම ඔක්කෝම වාගේ ""ගේ""ය. දැන් ඉතින් දුකක් නැත්තේය. මොකෝ ජාතියම ""ගේ""ය",Harassment,0.9551
ඒ උගෙ පුක තියෙන්නේ ඔලුවෙ නිසා  රත්තා @USER  · 12 Apr 2017 කිඩ්ස් රෙන්නෙත් පුකෙන් මෙන්ස් රෙන්නෙත් පුකෙන් ලෙජන්ඩ්ස් රෙන්නෙත් පුකෙන්  හැබැයි ඉස්සා රෙන්නේ ඔලුවෙන්!!!,ඒ උගෙ පුක තියෙන්නේ ඔලුවෙ නිසා රත්තා · 12 අප‍ 2017 කිඩ්ස් රෙන්නෙත් පුකෙන් මෙන්ස් රෙන්නෙත් පුකෙන් ලෙජන්ඩ්ස් රෙන්නෙත් පුකෙන් හැබැයි ඉස්සා රෙන්නේ ඔලුවෙන්!!!,Harassment,0.9771
@USER  @USER ඒ උනාට Voice chat නේ ඕයි  අපෙ අම්මත් ඇහුවා තෝ මල් කඩනවද කියල,ඒ උනාට Voice chat නේ ඕයි අපෙ අම්මත් ඇහුවා තෝ මල් කඩනවද කියල,Harassment,0.9136
@USER ඒ උනාට අකුණ එවන්නෙ මංනෙ. බොගෙ පුක පැලුනොත් මගෙ පුක දෙන්නද කියන්නෙ.,ඒ උනාට අකුණ එවන්නෙ මංනෙ. බොගෙ පුක පැලුනොත් මගෙ පුක දෙන්නද කියන්නෙ.,Harassment,0.9058
ඒ උනාට බඩේ අමාරු නොහැදෙන විදියට හදාගන්න බෑලු උට් තාම   @USER  @USER,ඒ උනාට බඩේ අමාරු නොහැදෙන විදියට හදාගන්න බෑලු උට් තාම,Harassment,0.9668
@USER  @USER ඒ උබේ පයිය තියෙනවද බං. චූටී නේහ් තියෙන එකත්. ඔව් එතකොට ඔය වගේ මාර ඖල් වෙන්නෙ බං. ඒකනෙ ඔය වේදනාවෙන් කෑ ගහනෙ උබ.,ඒ උබේ පයිය තියෙනවද බං. චූටී නේහ් තියෙන එකත්. ඔව් එතකොට ඔය වගේ මාර ඖල් වෙන්නෙ බං. ඒකනෙ ඔය වේදනාවෙන් කෑ ගහනෙ උබ.,Harassment,0.9004
@USER ඒ උඹ වටේ හිටපු කෙල්ලන්ට ඇස් ගහලා තමා eyes aren't good වෙලා තියෙන්නේ   @USER,ඒ උඹ වටේ හිටපු කෙල්ලන්ට ඇස් ගහලා තමා එයෙස් aren't good වෙලා තියෙන්නේ,Harassment,0.9434
@USER  @USER ඒ ගැන නම් මොකට කියනවද වැල්ලෙ රීලා කරිජ්ජෙන් පුක හෝදලා ආව මිනිස්සුනෙ,ඒ ගැන නම් මොකට කියනවද වැල්ලෙ රීලා කරිජ්ජෙන් පුක හෝදලා ආව මිනිස්සුනෙ,Harassment,0.9116
@USER ඒ තෝ වලා නිසා නොවැ. හිටුකො මම් තොගේ අඹුවට කේලම කියලා තෝව කෝටුමස් කොරවන්ඩ.,ඒ තෝ වලා නිසා නොවැ. හිටුකො මම් තොගේ අඹුවට කේලම කියලා තෝව කෝටුමස් කොරවන්ඩ.,Harassment,0.9839
@USER  @USER ඒ දීගේ හරියන්නෑ උඹට සිහිය නැතිවෙනවනේ.ඒකි අනි උනුත් මත්කරනවා උඹට කරාවගේ,ඒ දීගේ හරියන්නෑ උඹට සිහිය නැතිවෙනවනේ.ඒකි අනි උනුත් මත්කරනවා උඹට කරාවගේ,Harassment,0.978
ඒ දුෂිතයින්ගේ කොටස්කාරයන් ද? උබලත් උබලගේ ගෑනිගේ නිරුවත් photo ගහන උන්ද නැත්තං බස් එකේ කොච්ච්යේ ගෑණියෙක්ගේ ඇගට හේත්තු වෙන උන්ද.  යකෝ නැත්තං නොදරුවන්ට මෙහෙම වෙන්නෙ කොහොමද.  මේ මොන පොලව නූහූරන අපරාධද?  තවත් මේවා ඉවසූමූද? නැත්තං කරන උන් පාරට ගෙනත් දඩූවම් දෙමූද?,ඒ දුෂිතයින්ගේ කොටස්කාරයන් ද? උබලත් උබලගේ ගෑනිගේ නිරුවත් photo ගහන උන්ද නැත්තං බස් එකේ කොච්ච්යේ ගෑණියෙක්ගේ ඇගට හේත්තු වෙන උන්ද. යකෝ නැත්තං නොදරුවන්ට මෙහෙම වෙන්නෙ කොහොමද. මේ මොන පොලව නූහූරන අපරාධද? තවත් මේවා ඉවසූමූද? නැත්තං කරන උන් පාරට ගෙනත් දඩූවම් දෙමූද?,Harassment,0.9189
@USER ඒ නංඟිට අනුව පුලාන් මල්ලිහ්.. ඒකට කියන්නෙ නලල් පයිය,ඒ නංඟිට අනුව පුලාන් මල්ලිහ්.. ඒකට කියන්නෙ නලල් පයිය,Harassment,0.9326
@USER ඒ පැත්තේ පෝලිමේ ඔයා ඉන්නවනේ පුක දික් කරන් ඇරලා යනකන් නෙද,ඒ පැත්තේ පෝලිමේ ඔයා ඉන්නවනේ පුක දික් කරන් ඇරලා යනකන් නෙද,Harassment,0.9399
@USER  @USER    ඒ මේ හරි වේදනයි නේද බං වටේටම පුක දිලා බෝකුව වගේ උනාම රෙන්ඩ ඉදගන්න කලින් බෙට්ට වැටෙනකොට. හරි හරි කමක් නෑ තව මොනා හරි කියව කියව දුක කියල යමන්.,ඒ මේ හරි වේදනයි නේද බං වටේටම පුක දිලා බෝකුව වගේ උනාම රෙන්ඩ ඉදගන්න කලින් බෙට්ට වැටෙනකොට. හරි හරි කමක් නෑ තව මොනා හරි කියව කියව දුක කියල යමන්.,Harassment,0.9375
@USER ඒ වගේද DM අස්සෙ හැමිනිලා අපි හැමිනෙන්න ආවෙ නැතුව ම පුක කඩි කෑව වගේ TL එකේ සුජාත වෙන්න හදන වේස පොන්නයො,ඒ වගේද දම් අස්සෙ හැමිනිලා අපි හැමිනෙන්න ආවෙ නැතුව ම පුක කඩි කෑව වගේ තල් එකේ සුජාත වෙන්න හදන වේස පොන්නයො,Harassment,0.9839
@USER ඒ වුණාට ඒකිට මාර fansලා තොගයක් ඉන්නවනෙ   අරයගෙ මෙයාගෙ රෙදි ගැලෙව්වා කියන්නෙ. මම දැක්කෙ ඒකි තිබ්බ රෙදි ටිකත් ගලෝගත්තා.,ඒ වුණාට ඒකිට මාර fansලා තොගයක් ඉන්නවනෙ අරයගෙ මෙයාගෙ රෙදි ගැලෙව්වා කියන්නෙ. මම දැක්කෙ ඒකි තිබ්බ රෙදි ටිකත් ගලෝගත්තා.,Harassment,0.9395
ඒ සාටකය වගේ නෙමෙයි පුතේ මේ සාටකය..ඌ අළු නෑ බං කට්ටම කට්ට කළුයි..Laka Darmarathna උඹ අපිව මරන්නද බොල හදන්නේ.පපුව තාම ගැහෙනවා ඒ වෙඩි සද්දෙට.. #koombiyo #turningUpSideDown,ඒ සාටකය වගේ නෙමෙයි පුතේ මේ සාටකය..ඌ අළු නෑ බං කට්ටම කට්ට කළුයි..Laka දර්මරත්න උඹ අපිව මරන්නද බොල හදන්නේ.පපුව තාම ගැහෙනවා ඒ වෙඩි සද්දෙට.. කූම්බියෝ ටුර්නින්ගුප්සිදෙදොව්න්,Harassment,0.9521
ඒඑක බලන්නකෝ පුක දෙන්න ගිහින් අත කපන්නේ   ඕකා හදන රට,ඒඑක බලන්නකෝ පුක දෙන්න ගිහින් අත කපන්නේ ඕකා හදන රට,Harassment,0.9614
@USER ඒක ඉතින් හැකියාව තමයි මල්ලි. වේලිලානම් ඉතින් වෙන වස්සෙක් උඹ නැති වෙලාවට ලෙව කනවා පැලේ.,ඒක ඉතින් හැකියාව තමයි මල්ලි. වේලිලානම් ඉතින් වෙන වස්සෙක් උඹ නැති වෙලාවට ලෙව කනවා පැලේ.,Harassment,0.9185
@USER ඒක කියවද්දි මතක් වුනේ  අම්ම දුන්න කනකර බඩු අප්ප දුන්න සුදු අස්සය පේලි දෙක,ඒක කියවද්දි මතක් වුනේ අම්ම දුන්න කනකර බඩු අප්ප දුන්න සුදු අස්සය පේලි දෙක,Harassment,0.957
"@USER ඒක තමයි සම්බන්ධයක් නවත්වන්න හදද්දි, ""මන් තෝව අතරින්නේ නෑ, තොට ලැජ්ජ කරනවා, තොව මරාගෙන මැරෙනවා"" කියලා බෙල්ලේ එල්ලිලා ඉන්න අයටත් හොඳ පාඩම්. මේකෙ නැතිවෙච්ච ගෑණු කෙනා නම් දැනන් ඉඳලා නෑලු මෙයා විවාහක පිරිමියෙක් කියලා","ඒක තමයි සම්බන්ධයක් නවත්වන්න හදද්දි, ""මන් තෝව අතරින්නේ නෑ, තොට ලැජ්ජ කරනවා, තොව මරාගෙන මැරෙනවා"" කියලා බෙල්ලේ එල්ලිලා ඉන්න අයටත් හොඳ පාඩම්. මේකෙ නැතිවෙච්ච ගෑණු කෙනා නම් දැනන් ඉඳලා නෑලු මෙයා විවාහක පිරිමියෙක් කියලා",Harassment,0.9517
"ඒක නම් දරාගන්න අමාරු වෙයි බම් උට... රස්තියාදුකාරයා @USER  · 18 Jan 2020  @USER, @USER@USER රටේ නීතිය ගැන තෝ දන්නවද වඳ වේසිගේ පුතෝ ?  දන්නැත්තං ඉගෙනගං!  ජාතික වනසත්ත්ව හා තුරුලතා ආරක්ෂණ ආඥාපනත කියලා එකක් තියෙනවා. ඒකට අනුව ලංකාවේ හමුවන සර්ප විශේෂ 103න්, 98ක්ම ආරක්ෂිත සතුන්. (උග්‍ර විශ පහ හැර).  එහෙම තොට ඕන ඕන විදිහට මරන්න කොටන්න බෑ. නීතය ගැන කියන්න කලින් ඉගෙනගනිං බූරුවා!","ඒක නම් දරාගන්න අමාරු වෙයි බම් උට... රස්තියාදුකාරයා · 18 ජන 2020 , රටේ නීතිය ගැන තෝ දන්නවද වඳ වේසිගේ පුතෝ ? දන්නැත්තං ඉගෙනගං! ජාතික වනසත්ත්ව හා තුරුලතා ආරක්ෂණ ආඥාපනත කියලා එකක් තියෙනවා. ඒකට අනුව ලංකාවේ හමුවන සර්ප විශේෂ 103න්, 98ක්ම ආරක්ෂිත සතුන්. (උග්‍ර විශ පහ හැර). එහෙම තොට ඕන ඕන විදිහට මරන්න කොටන්න බෑ. නීතය ගැන කියන්න කලින් ඉගෙනගනිං බූරුවා!",Harassment,0.9268
"@USER ඒක නම් හරි අපේ අම්මගෙ මල්ලි කියන එකා ඉස්සර කන්නාඩි දාන කෙල්ලන්ට (ඊරිසියාවක් ආවම) බනින්නෙ පොට්ටි කියලා. පස්සේ උගේ දුවලා දෙන්නටම කන්නාඩි දාන්න උනා. තව ගම වටේම කෙල්ලන්ට වේසි, වේස ගෑනු කියලා බැන බැන හිටිය ගෑනුකෙනෙක්ගේ දුව අත්තටම ඒ වැඩේ කරනවා. හොදම වැඩේ ඇත්තටම එහෙම වෙන්න ඕන","ඒක නම් හරි අපේ අම්මගෙ මල්ලි කියන එකා ඉස්සර කන්නාඩි දාන කෙල්ලන්ට (ඊරිසියාවක් ආවම) බනින්නෙ පොට්ටි කියලා. පස්සේ උගේ දුවලා දෙන්නටම කන්නාඩි දාන්න උනා. තව ගම වටේම කෙල්ලන්ට වේසි, වේස ගෑනු කියලා බැන බැන හිටිය ගෑනුකෙනෙක්ගේ දුව අත්තටම ඒ වැඩේ කරනවා. හොදම වැඩේ ඇත්තටම එහෙම වෙන්න ඕන",Harassment,0.9097
@USER ඒක පුක අනුව තමයි තීරණය වෙන්නේ. රෙන පුකකට ඇයි බං උඹට ඔච්චර ඔරොප්පු,ඒක පුක අනුව තමයි තීරණය වෙන්නේ. රෙන පුකකට ඇයි බං උඹට ඔච්චර ඔරොප්පු,Harassment,0.9629
ඒක මගෙ වැරැද්ද.... කොහෙද යන ගොන් බඩුවකටනි sexy කියල තියෙන්නේ නොදකින්....,ඒක මගෙ වැරැද්ද.... කොහෙද යන ගොන් බඩුවකටනි sexy කියල තියෙන්නේ නොදකින්....,Harassment,0.9697
@USER  @USER ඒක රෝල් කරල පුකේ ගහගෙන පුක පොලොවෙ ගහගනින්. පවු යකෝ මූට නිකන් බලාපොරොත්තු දෙන්න එපා,ඒක රෝල් කරල පුකේ ගහගෙන පුක පොලොවෙ ගහගනින්. පවු යකෝ මූට නිකන් බලාපොරොත්තු දෙන්න එපා,Harassment,0.9634
@USER ඒක වෙනම කථාවක්. මට ඔය ගොං බඩුව කියන එක define කරල ඕනෙ..,ඒක වෙනම කථාවක්. මට ඔය ගොං බඩුව කියන එක define කරල ඕනෙ..,Harassment,0.9009
@USER ඒක හරි. උදේ ඉදන් මම බලාගෙන බල්ලො බැල්ලියෝ ටිකක් හෝ ගාල බුරනවා....  අවජාතක හැත්ත බොරු කර කර ඇත්ත හොරු රකිනවා  @USER  @USER,ඒක හරි. උදේ ඉදන් මම බලාගෙන බල්ලො බැල්ලියෝ ටිකක් හෝ ගාල බුරනවා.... අවජාතක හැත්ත බොරු කර කර ඇත්ත හොරු රකිනවා,Harassment,0.9429
"@USER ඒක හොඳයි.   එතකොට තමයි කියන්නේ, ""අපරාදේ ඌ අයින් වුණේ. උගෙන් තව වැඩ ගන්න තිබ්බා මේ ආයතනයට, ඌ සුපිරි වැඩ්ඩෙක්. පට්ටම අපරාදයක්"" කියල.  දිගටම පුක දෙන්න ගියොත්, ""මේ හුත්තිගේ පුතා නාකි වෙනකල් මේකට වෙල ඉන්නව. ⁣වැඩක් කරන්නත් බෑ. කාලකන්නි හුත්තෙක්."" කියල කියන්නේ.  දැන් මහින්දට කියන්නේ.","ඒක හොඳයි. එතකොට තමයි කියන්නේ, ""අපරාදේ ඌ අයින් වුණේ. උගෙන් තව වැඩ ගන්න තිබ්බා මේ ආයතනයට, ඌ සුපිරි වැඩ්ඩෙක්. පට්ටම අපරාදයක්"" කියල. දිගටම පුක දෙන්න ගියොත්, ""මේ හුත්තිගේ පුතා නාකි වෙනකල් මේකට වෙල ඉන්නව. ⁣වැඩක් කරන්නත් බෑ. කාලකන්නි හුත්තෙක්."" කියල කියන්නේ. දැන් මහින්දට කියන්නේ.",Harassment,0.9497
@USER ඒකගෙ අම්ම හිටියනන් ඕක අනල කවල,ඒකගෙ අම්ම හිටියනන් ඕක අනල කවල,Harassment,0.9692
@USER  @USER ඒකට කියන්නෙ හැදියාව කියල බං.. උබට තේරුන් කරන්ඩ බෑ ඕව.. අනික කොහොමත් තෝ වගේ වාචාල නෑ ..මම නිස්සබ්ද අහිංසක කොලුවෙක්.. හැදිය බොල මාව බලාගෙනහරි.,ඒකට කියන්නෙ හැදියාව කියල බං.. උබට තේරුන් කරන්ඩ බෑ ඕව.. අනික කොහොමත් තෝ වගේ වාචාල නෑ ..මම නිස්සබ්ද අහිංසක කොලුවෙක්.. හැදිය බොල මාව බලාගෙනහරි.,Harassment,0.9292
@USER @USER  ඒකත් රටේ ඉන්න සුපිරිම බඩුව දාලා,ඒකත් රටේ ඉන්න සුපිරිම බඩුව දාලා,Harassment,0.9067
@USER  @USER ඒකනන් ගල්කෙප්ප .ලංසි බඩුවක් වගෙ කොන්ඩෙත් තඹවෙල හෙන මාන්දමික ලුක් එකක් තියෙන්නේ ..,ඒකනන් ගල්කෙප්ප .ලංසි බඩුවක් වගෙ කොන්ඩෙත් තඹවෙල හෙන මාන්දමික ලුක් එකක් තියෙන්නේ ..,Harassment,0.9717
@USER ඒකනම් ඇත්ත අක්කේ අම්ම අනලා කවද්දි නොකන ඒවත් කනව,ඒකනම් ඇත්ත අක්කේ අම්ම අනලා කවද්දි නොකන ඒවත් කනව,Harassment,0.9292
"@USER ඒකයි මේකයි සම්බන්ධ කරගන්න එපා. අන්තිමට මෙතන වටෙන් ඇවිත් පුක දෙන, හැංගි හොරා ඇවිත් පුක දෙන උන් වෙන වෙන කතා හදාගන්නවා ට්වීටි.   මේ මට ඇදෙද්දී හිතුන දෙයක්. සුරලොව පෙන්වලා තමයි දෙකම. ඔයා කියපු විදිහට ආකාර දෙකක්. අරුන්ටත් ඇති ඔය වගේම ලස්සන පැහැදිලි කිරීමක්","ඒකයි මේකයි සම්බන්ධ කරගන්න එපා. අන්තිමට මෙතන වටෙන් ඇවිත් පුක දෙන, හැංගි හොරා ඇවිත් පුක දෙන උන් වෙන වෙන කතා හදාගන්නවා ට්වීටි. මේ මට ඇදෙද්දී හිතුන දෙයක්. සුරලොව පෙන්වලා තමයි දෙකම. ඔයා කියපු විදිහට ආකාර දෙකක්. අරුන්ටත් ඇති ඔය වගේම ලස්සන පැහැදිලි කිරීමක්",Harassment,0.9746
ඒකා මොකා වුණත් ඕක ෆේක් නං චීවරේ ඉස්සරහට තියං ආතල් ගන්නෙක මහ පොන්න කමක් ගින්නා @USER  · 13 Oct 2019 අර එකෞන්ටෙක කරන ඇත්ත එකා ඡන්දේ ඉල්ලුවොත් අම්මපා මම ඡන්දේ දෙනවා  t.co/QuaVAXLdOq,ඒකා මොකා වුණත් ඕක ෆේක් නං චීවරේ ඉස්සරහට තියං ආතල් ගන්නෙක මහ පොන්න කමක් ගින්නා · 13 ඔච්ට් 2019 අර එකෞන්ටෙක කරන ඇත්ත එකා ඡන්දේ ඉල්ලුවොත් අම්මපා මම ඡන්දේ දෙනවා ත්කොකුඅවෂ්ල්දොක්,Harassment,0.9316
ඒකි - හායි ^_^ මම - ඉට්ස් ඕකේ බේබි දැන් පලයන් -_-   සල ලල ලා ^_^,ඒකි - හායි ^_^ මම - ඉට්ස් ඕකේ බේබි දැන් පලයන් -_- සල ලල ලා ^_^,Harassment,0.9038
ඒකි ඉතිං බඩුවක් වගෙ නෙ හැසිරුණේ,ඒකි ඉතිං බඩුවක් වගෙ නෙ හැසිරුණේ,Harassment,0.9351
@USER ඒකි ඉන්නෙ ඒකිගේ සුරඟනා        ලොවේ ළිදේ ඉන්න ගෙම්බා වගේ යකෝ      මේකි ගමට පහණ ⁣වෙන්නැති මේ රියන්      යකි කෝකනැතත් ඒකි තැරි දාර        බයි  යෙකි,ඒකි ඉන්නෙ ඒකිගේ සුරඟනා ලොවේ ළිදේ ඉන්න ගෙම්බා වගේ යකෝ මේකි ගමට පහණ ⁣වෙන්නැති මේ රියන් යකි කෝකනැතත් ඒකි තැරි දාර බයි යෙකි,Harassment,0.9785
@USER ඒකි ඒකිගේ ලෝකේ ආතල් එකේ ඉන්නවා තෝ මොන ලබ්බටද ඩේටා කපාගෙන ඒකිගේ ජංගියේ දිග පළල මනින්න යන්නේ,ඒකි ඒකිගේ ලෝකේ ආතල් එකේ ඉන්නවා තෝ මොන ලබ්බටද ඩේටා කපාගෙන ඒකිගේ ජංගියේ දිග පළල මනින්න යන්නේ,Harassment,0.9194
@USER ඒකි තනමල්විල කෙල්ලෙක්ලු. බස් එකේ එනකොට හුලඟට වැදිලා තියෙන්නේ.,ඒකි තනමල්විල කෙල්ලෙක්ලු. බස් එකේ එනකොට හුලඟට වැදිලා තියෙන්නේ.,Harassment,0.9355
@USER ඒකි තෝව බදිනවා ගස්...ු,ඒකි තෝව බදිනවා ගස්...ු,Harassment,0.9834
@USER ඒකි දන්නෑ නොවැ අල්ලලා වෙල්ලා ගලේ හොඳ හැටි අපුල්ලලා ගන්ඩ,ඒකි දන්නෑ නොවැ අල්ලලා වෙල්ලා ගලේ හොඳ හැටි අපුල්ලලා ගන්ඩ,Harassment,0.9761
ඒකි පෙරි තම්බිල දැකල තිබ්බොත් තමා අවුල  Chamath @USER  · 7 Mar 2019  @USER අඩි අන්නා අඩී. ඊයා අයියා ඔයාගේ සින්න තම්බියෙක් ඉන්නේ කියද්දී ආසද?,ඒකි පෙරි තම්බිල දැකල තිබ්බොත් තමා අවුල චමත් · 7 Mar 2019 අඩි අන්නා අඩී. ඊයා අයියා ඔයාගේ සින්න තම්බියෙක් ඉන්නේ කියද්දී ආසද?,Harassment,0.9604
ඒකි මට ලයික්ස් එක දීලා තියෙන්නේ උබට හොරෙන්  @USER  #gappiyaqyotes,ඒකි මට ලයික්ස් එක දීලා තියෙන්නේ උබට හොරෙන් ගප්පියක්යොතෙස්,Harassment,0.9009
ඒකි මට වේසි වේසි කිය කිය බැන්න බං.. පිස්සුනෙ. එක මිනිහෙක් එක්ක නිදාගත්තත්. මිනිස්සු 10ක් එක්ක නිදා ගත්තත් වේසකම එකයි. අඩන් නැතුව ඉදින්.. #යහපත්සමාජාශ්‍රය,ඒකි මට වේසි වේසි කිය කිය බැන්න බං.. පිස්සුනෙ. එක මිනිහෙක් එක්ක නිදාගත්තත්. මිනිස්සු 10ක් එක්ක නිදා ගත්තත් වේසකම එකයි. අඩන් නැතුව ඉදින්.. #යහපත්සමාජාශ්‍රය,Harassment,0.9443
@USER ඒකි මේකි ගාන්න මන් ඔයාගෙ close friend කෙනෙක් නෙවෙයිනෙ මෙයා.. මන් කැමති නෑ අදුරන්නෙ නැති උන් එහෙම කතා කරනවට,ඒකි මේකි ගාන්න මන් ඔයාගෙ close friend කෙනෙක් නෙවෙයිනෙ මෙයා.. මන් කැමති නෑ අදුරන්නෙ නැති උන් එහෙම කතා කරනවට,Harassment,0.9048
"@USER ඒකි වෙන එකෙක් එක්ක පැනල ගිහිල්ල බොල, ඉර උන්දැව අතඇරල දාල","ඒකි වෙන එකෙක් එක්ක පැනල ගිහිල්ල බොල, ඉර උන්දැව අතඇරල දාල",Harassment,0.9131
@USER  @USER ඒකි හෙන කටු අත්ත නේද,ඒකි හෙන කටු අත්ත නේද,Harassment,0.9009
ඒකි හොදටම  බිසී..  ඒකිට තරහ ගිහින්..  ඒකි හොදටම  බිසී..  ඒකිට තරහ ගිහින්..  ඒකි හොදටම  බිසී..  ඒකිට තරහ ගිහින්..  ඒකි හොදටම  බිසී..  ඒකිට තරහ ගිහින්..  ඒකි හොදටම  බිසී..  ඒකිට තරහ ගිහින්..  ඒකි හොදටම  බිසී..  ඒකිට තරහ ගිහින්..  හිතාගන්න බෑ..,ඒකි හොදටම බිසී.. ඒකිට තරහ ගිහින්.. ඒකි හොදටම බිසී.. ඒකිට තරහ ගිහින්.. ඒකි හොදටම බිසී.. ඒකිට තරහ ගිහින්.. ඒකි හොදටම බිසී.. ඒකිට තරහ ගිහින්.. ඒකි හොදටම බිසී.. ඒකිට තරහ ගිහින්.. ඒකි හොදටම බිසී.. ඒකිට තරහ ගිහින්.. හිතාගන්න බෑ..,Harassment,0.9106
@USER  @USER ඒකිගෙ එක තොට දෙනවට වඩා හොඳයි කිතිකවා ගන්න එක ඒකිම..,ඒකිගෙ එක තොට දෙනවට වඩා හොඳයි කිතිකවා ගන්න එක ඒකිම..,Harassment,0.9526
@USER ඒකිගේ කටට පලස්තරය ගහපිය  උබට විසුමක් වෙන්නේ නෑ,ඒකිගේ කටට පලස්තරය ගහපිය උබට විසුමක් වෙන්නේ නෑ,Harassment,0.9146
ඒකිට මගෙ හදවත අම්බලම දැන් ඇදපං ගොනෝ ගොන් කරත්තේ හපුතලේම ඉන්න ගමන් පොඩ්ඩක් ඇරලා බලපං ඇස්දෙක මචං  මේ මම දිරවපු කෑම යකෝ උඹ කන්නේ ලෙව #SLRap,ඒකිට මගෙ හදවත අම්බලම දැන් ඇදපං ගොනෝ ගොන් කරත්තේ හපුතලේම ඉන්න ගමන් පොඩ්ඩක් ඇරලා බලපං ඇස්දෙක මචං මේ මම දිරවපු කෑම යකෝ උඹ කන්නේ ලෙව ස්ල්රප්,Harassment,0.9395
ඒකිත් අරන් ආවයි පොල්ලක් දාර ඈ බොල තොටත් ඕනද බෝතල පාර එන්නට එපා මේවට මං කරකාර ආවේ තොගේ අම්මගෙ හොඳටයි මාර  කියලා මේකි ගස්සාගෙන යන්ට ගිහින් කාමරයටම වී සිටියා නැතුව වදන් බොන්නට ඕන නම් තෝ බෝතලේ බැඳන් හිටියේ නැතුව මං කැන්දන් ආවද දැන්?,ඒකිත් අරන් ආවයි පොල්ලක් දාර ඈ බොල තොටත් ඕනද බෝතල පාර එන්නට එපා මේවට මං කරකාර ආවේ තොගේ අම්මගෙ හොඳටයි මාර කියලා මේකි ගස්සාගෙන යන්ට ගිහින් කාමරයටම වී සිටියා නැතුව වදන් බොන්නට ඕන නම් තෝ බෝතලේ බැඳන් හිටියේ නැතුව මං කැන්දන් ආවද දැන්?,Harassment,0.9556
@USER ඒනම් මැස්සොම යන්න ඕනි කටට,ඒනම් මැස්සොම යන්න ඕනි කටට,Harassment,0.9263
"ඒනිසා උඹ වැටෙන්න එපා. ඇයි උඹ උන්ට ඕන දේ කරන්නෙ? කාගෙන සද්ද නැතුව උඹ උඹේ ගමන පලයන්.   හුකහන් කියල කනට ගහනවට වඩා, Success කියන එක උන්ට රිදෙනව කියල මතක තියාගනින්.!","ඒනිසා උඹ වැටෙන්න එපා. ඇයි උඹ උන්ට ඕන දේ කරන්නෙ? කාගෙන සද්ද නැතුව උඹ උඹේ ගමන පලයන්. හුකහන් කියල කනට ගහනවට වඩා, Success කියන එක උන්ට රිදෙනව කියල මතක තියාගනින්.!",Harassment,0.9565
@USER ඒම එකෙක්නම් උබ අරම කියනකොට මන් පුක විකාගෙන මෙතන කෑ ගහනෝනෙ..,ඒම එකෙක්නම් උබ අරම කියනකොට මන් පුක විකාගෙන මෙතන කෑ ගහනෝනෙ..,Harassment,0.9399
"@USER ඒයි උනහපුලු බැල්ලි, ගූ කන හරකි what is this මලමගුල?? පලයන්න තෝ දන්න ඇටිකෙහෙලක් නෑ","ඒයි උනහපුලු බැල්ලි, ගූ කන හරකි what ඉස this මලමගුල?? පලයන්න තෝ දන්න ඇටිකෙහෙලක් නෑ",Harassment,0.9834
ඒයි බල්ලා vz Hey dog  මොකක් උනත් බල්ලෙක් න්හෙ,ඒයි බල්ලා ව්ළ Hey dog මොකක් උනත් බල්ලෙක් න්හෙ,Harassment,0.9165
@USER @USER  AIDS හැදෙයි යකෝ හෑ,ඓඩ්ස් හැදෙයි යකෝ හෑ,Harassment,0.9653
ඔක රසයි මං දන්නවා හැබැයි උඔට බඩ පලයන්   මට නැතිව කනවාට,ඔක රසයි මං දන්නවා හැබැයි උඔට බඩ පලයන් මට නැතිව කනවාට,Harassment,0.9268
ඔක්කොම හිර වුනොත් සරම කඩන් වැටෙය් යකෝ පස්සට පලයන් #GenElecSL,ඔක්කොම හිර වුනොත් සරම කඩන් වැටෙය් යකෝ පස්සට පලයන් ගෙනෙලේච්ස්ල්,Harassment,0.9365
@USER ඔකිට හෙන හැත්ත හතක් ගහල මැරෙන්න ඔනා.,ඔකිට හෙන හැත්ත හතක් ගහල මැරෙන්න ඔනා.,Harassment,0.9766
@USER ඔකෙන් කියන්නෙ තෝ බඩුවක් වෙයන් කියල නෙහ්.,ඔකෙන් කියන්නෙ තෝ බඩුවක් වෙයන් කියල නෙහ්.,Harassment,0.9541
ඔච්චර කඩු තියාන අර Tamil Film වල වගේ රොත්ත පිටින් පැනලා කොටාගෙන කොටාගෙන යන්න හිතාන ඉන්න ඇත්තේ නෙහ්   නොදකින් කාලකණ්ණි හිතක් පපුවක් නැති ලේ පිපාසිත  තම්බි හැත්ත   ඊටත් වඩා ලොකුම ත්‍රස්තවාදීන් උන්ව රකින්න හදන උන්ගෙම උන්   #lka,ඔච්චර කඩු තියාන අර ටැමිල් Film වල වගේ රොත්ත පිටින් පැනලා කොටාගෙන කොටාගෙන යන්න හිතාන ඉන්න ඇත්තේ නෙහ් නොදකින් කාලකණ්ණි හිතක් පපුවක් නැති ලේ පිපාසිත තම්බි හැත්ත ඊටත් වඩා ලොකුම ත්‍රස්තවාදීන් උන්ව රකින්න හදන උන්ගෙම උන් ලක,Harassment,0.9248
"@USER ඔතන ඉන්න සමහර උන්ගේ accounts වලට නිකමට හරි ගිහින් බලපන් උන්ගේ creativity, කන කට්ට. කැලේ ගිහින් මදුරුවෝ කන්ඩම ඕනේ නෑ influencer කෙනෙක් වෙන්ඩ. එකෙක්වත් follow කරන්නේත් නැල්ලූ. හැබැයි ගල එලියෙද ඇතුලෙද කියලනන් දන්නවා.","ඔතන ඉන්න සමහර උන්ගේ අච්චොඋන්ට්ස් වලට නිකමට හරි ගිහින් බලපන් උන්ගේ creativity, කන කට්ට. කැලේ ගිහින් මදුරුවෝ කන්ඩම ඕනේ නෑ influencer කෙනෙක් වෙන්ඩ. එකෙක්වත් follow කරන්නේත් නැල්ලූ. හැබැයි ගල එලියෙද ඇතුලෙද කියලනන් දන්නවා.",Harassment,0.9316
ඔන්න ආයෙත් සෞදියෙ වෙසිගෙ පුතාල ලන්කාවෙ ගෑණියෙක්ව ගල් ගහල මරන්න නියම කරලා.. :( හැබැයි ඒක නම් ඒ ගෑණි ඉල්ලගෙන කාපු... URL,ඔන්න ආයෙත් සෞදියෙ වෙසිගෙ පුතාල ලන්කාවෙ ගෑණියෙක්ව ගල් ගහල මරන්න නියම කරලා.. :( හැබැයි ඒක නම් ඒ ගෑණි ඉල්ලගෙන කාපු... උර්ල්,Harassment,0.9673
ඔන්න එකමත් එක රටක අම්ම කෙනෙකුට බබෙක් හම්බ උනා.  @USER to continue #OldSriLankanTVC,ඔන්න එකමත් එක රටක අම්ම කෙනෙකුට බබෙක් හම්බ උනා. ටො continue ඔල්ද්ස්රිලංකංත්ව්ක,Harassment,0.9712
ඔන්න ඔය වේසිගෙ පුතාව byte කරපන්..පොන්න බල්ල ඕකව එක්කො රිපෝට් කරල දාන්න,ඔන්න ඔය වේසිගෙ පුතාව බ්ය්ටේ කරපන්..පොන්න බල්ල ඕකව එක්කො රිපෝට් කරල දාන්න,Harassment,0.9868
ඔන්න බලපියව් පොන්න තම්බි හොරක්ම් කරන විදිය පලයව් තව nolimit එකට කෙලොගෙන එන්න පුලුවන් URL,ඔන්න බලපියව් පොන්න තම්බි හොරක්ම් කරන විදිය පලයව් තව නොලිමිට් එකට කෙලොගෙන එන්න පුලුවන් උර්ල්,Harassment,0.9624
"ඔය boot සිංදු හදන උන්ට බැරිද දන්නේ නෑ දාලා ගියපු එකාට බඩ පලයන්, පොළගා කාපන්, හෙන ගහපං වගේ සින්දු හදන්න","ඔය boot සිංදු හදන උන්ට බැරිද දන්නේ නෑ දාලා ගියපු එකාට බඩ පලයන්, පොළගා කාපන්, හෙන ගහපං වගේ සින්දු හදන්න",Harassment,0.9517
ඔය අරෝස කියන එකා මහිංදගෙ පුක ලෙවකකා හිටපු එකා. ඔටුන්නෙං වතුර බේරෙන සීන් දමන්නෙ වැරදිලා හෝ නොදැක වෙන්න බෑ.,ඔය අරෝස කියන එකා මහිංදගෙ පුක ලෙවකකා හිටපු එකා. ඔටුන්නෙං වතුර බේරෙන සීන් දමන්නෙ වැරදිලා හෝ නොදැක වෙන්න බෑ.,Harassment,0.9512
ඔය උසට උසේ.....හිටං.....ඉන්න කෙනා හරි දක්ෂයෙක් එයැයිට රෙද්ද විතරයි දෙන්න ඔිනේ එයාම මැනලා..කපලා..මහලා..අැද ගන්නවා හරිම හරි...අපූරැවට,ඔය උසට උසේ.....හිටං.....ඉන්න කෙනා හරි දක්ෂයෙක් එයැයිට රෙද්ද විතරයි දෙන්න ඔිනේ එයාම මැනලා..කපලා..මහලා..අැද ගන්නවා හරිම හරි...අපූරැවට,Harassment,0.9399
ඔය කඩේ යන අවජාතක බල්ලොන්ට සල්ලි ටිකක් දෙනවා නම් උන්ගේ අම්මා උනත් වේසකමේ යවයි. උන්ට රට බේරගත්ත මිනිස්සු ගැන හැගීමක් තියා මතකයක්වත් නෑ. URL This Tweet is unavailable.,ඔය කඩේ යන අවජාතක බල්ලොන්ට සල්ලි ටිකක් දෙනවා නම් උන්ගේ අම්මා උනත් වේසකමේ යවයි. උන්ට රට බේරගත්ත මිනිස්සු ගැන හැගීමක් තියා මතකයක්වත් නෑ. උර්ල් This Tweet ඉස unavailable.,Harassment,0.9521
ඔය කළු පටි ටික එකට එකට ගැටගහලා කඹයක් අඹරවාගෙන එකා එකා මැරියල්ලකො ඇටකර හැත්ත,ඔය කළු පටි ටික එකට එකට ගැටගහලා කඹයක් අඹරවාගෙන එකා එකා මැරියල්ලකො ඇටකර හැත්ත,Harassment,0.9604
@USER  @USER ඔය කාලකන්නි හුත්තලා ඔක්කොම මැරෙන්න ඔනෙ පයිය,ඔය කාලකන්නි හුත්තලා ඔක්කොම මැරෙන්න ඔනෙ පයිය,Harassment,0.98
"@USER  @USER    ඔය කැරි වෙසිගෙ පුතාගෙ අම්මට හුකාගන්නෙ නැතිව ,අනුන්ගෙරටවල් ගැන පකවල් හොයන්න්‍ර් නැට්ජිව තමුන්ගෙ රටෙ තියෙන කොරොනා පයිය හොද කොරගන්නකීලා තෙරෙන පයියකින් කියාන් මල්ලෙහ්","ඔය කැරි වෙසිගෙ පුතාගෙ අම්මට හුකාගන්නෙ නැතිව ,අනුන්ගෙරටවල් ගැන පකවල් හොයන්න්‍ර් නැට්ජිව තමුන්ගෙ රටෙ තියෙන කොරොනා පයිය හොද කොරගන්නකීලා තෙරෙන පයියකින් කියාන් මල්ලෙහ්",Harassment,0.9883
@USER  @USER ඔය කිම්බ පතුරු යන්න හුකන්න ඔනි ඈ,ඔය කිම්බ පතුරු යන්න හුකන්න ඔනි ඈ,Harassment,0.9844
"@USER ඔය කියන එකාලා එනවද එහෙම ළමයෙක් බාරගන්න ? අම්මට බඩුව කියලා, උටත් අවජාතකයා කියලා ලේබල් ගහයි. බොරු හිල","ඔය කියන එකාලා එනවද එහෙම ළමයෙක් බාරගන්න ? අම්මට බඩුව කියලා, උටත් අවජාතකයා කියලා ලේබල් ගහයි. බොරු හිල",Harassment,0.9849
"ඔය කෙල්ලො කොච්චර උබලා එක්ක යාලු උනත් හැමදාම.රෑට හිතින් අඩනවා මු මාව දාල යාවිද යාවිද කිලා . කෙල්ලො කියන්නෙ සෙල්ලම් බඩු නෙවෙයි ඔයි,ඔය කෙල්ලොමයි කවදාහරි දවසක අම්ම කෙනෙක් වෙන්නෙ.ජාතකෙ වැරැද්ද මෙකෙ පෙන්වන්නෙපා පීස් . ගෑල්ලමයිනුත් පිරිමිලමයින්ගෙ ගව්රවයට පාත්‍රවෙන්න පුලාන් විදියට ඉන්න.","ඔය කෙල්ලො කොච්චර උබලා එක්ක යාලු උනත් හැමදාම.රෑට හිතින් අඩනවා මු මාව දාල යාවිද යාවිද කිලා . කෙල්ලො කියන්නෙ සෙල්ලම් බඩු නෙවෙයි ඔයි,ඔය කෙල්ලොමයි කවදාහරි දවසක අම්ම කෙනෙක් වෙන්නෙ.ජාතකෙ වැරැද්ද මෙකෙ පෙන්වන්නෙපා පීස් . ගෑල්ලමයිනුත් පිරිමිලමයින්ගෙ ගව්රවයට පාත්‍රවෙන්න පුලාන් විදියට ඉන්න.",Harassment,0.9141
ඔය තියෙන්නෙ ලංකාවේ බල්ලනට ජාතක උන කාගේ කාරයින්ගෙ වැඩ.කස්ටම් එකේ බල්ලොත් ඉන්නවා ඕවා බලන්න.උන්ගෙ ඇස් පුකේ වෙන්න ඇති.මේවා අරගෙන ගිහින් කන්න දෙන උන්ගෙ පවුල්වල උන්ටත් ලේ බඩ ගිහින් මැරෙන්න ඕනේ සක්කිලි හැත්ත URL,ඔය තියෙන්නෙ ලංකාවේ බල්ලනට ජාතක උන කාගේ කාරයින්ගෙ වැඩ.කස්ටම් එකේ බල්ලොත් ඉන්නවා ඕවා බලන්න.උන්ගෙ ඇස් පුකේ වෙන්න ඇති.මේවා අරගෙන ගිහින් කන්න දෙන උන්ගෙ පවුල්වල උන්ටත් ලේ බඩ ගිහින් මැරෙන්න ඕනේ සක්කිලි හැත්ත උර්ල්,Harassment,0.9419
ඔය පුක තියනවා නේද?  ඒක තියලා ඉදගනින්.,ඔය පුක තියනවා නේද? ඒක තියලා ඉදගනින්.,Harassment,0.9019
ඔය පුකට හෙන ගහනවද මාව follow කරානම්,ඔය පුකට හෙන ගහනවද මාව follow කරානම්,Harassment,0.9712
@USER ඔය මලදානෙම ඔබ ඔබ ඉඳල තෝ පොට්ටවෙයන්..තාත්තට කියල කණ මිනිහෙක් හොයල දෙන්න පුළුවන්නෙ..,ඔය මලදානෙම ඔබ ඔබ ඉඳල තෝ පොට්ටවෙයන්..තාත්තට කියල කණ මිනිහෙක් හොයල දෙන්න පුළුවන්නෙ..,Harassment,0.918
@USER ඔය මහලොකුවට නලලෙ තියන් ගියාට කැම්පස් කියල අපිනම් පුකකට ගනන් ගන්නෙ නෑ.. හොද උනුත් ඉන්නව ඒත් වැඩි හරියක් ඉන්නෙ අවජාතක හුත්තල. ලොකු නෑ එක පකෙක්,ඔය මහලොකුවට නලලෙ තියන් ගියාට කැම්පස් කියල අපිනම් පුකකට ගනන් ගන්නෙ නෑ.. හොද උනුත් ඉන්නව ඒත් වැඩි හරියක් ඉන්නෙ අවජාතක හුත්තල. ලොකු නෑ එක පකෙක්,Harassment,0.9766
ඔය මිටි කටකාර නාකි අම්මණ්ඩිල ඉන්නව නේද ඕකුන් ඇවිල්ල මහම මහ අමාරුකාර කට්ට කෛයිරාටික වෙට්ට පිත්තල බඩු.,ඔය මිටි කටකාර නාකි අම්මණ්ඩිල ඉන්නව නේද ඕකුන් ඇවිල්ල මහම මහ අමාරුකාර කට්ට කෛයිරාටික වෙට්ට පිත්තල බඩු.,Harassment,0.9771
@USER ඔය වගෙ මුලු ඇගම පොරවන් පට්ට වේස කමේ යන ගෑනු ඉන්නවා බං මේ ඔන තරම් වරේන් පෙන්නන්න එතකොට තෙරුම් යයි බඩුව කියන එක ...මොන විදියටර එනවද කියලා හොයාගන්න බෑ කියලා.,ඔය වගෙ මුලු ඇගම පොරවන් පට්ට වේස කමේ යන ගෑනු ඉන්නවා බං මේ ඔන තරම් වරේන් පෙන්නන්න එතකොට තෙරුම් යයි බඩුව කියන එක ...මොන විදියටර එනවද කියලා හොයාගන්න බෑ කියලා.,Harassment,0.9624
@USER  @USER ඔය වගේ ගොන් හුචක්කු පෝම් කරන එවුන්ට මුලුන් මඩුවලිගෙකින් තලන්න ඕන,ඔය වගේ ගොන් හුචක්කු පෝම් කරන එවුන්ට මුලුන් මඩුවලිගෙකින් තලන්න ඕන,Harassment,0.9126
@USER ඔය වගේ බඩක් එනකන් ඒකි හංගන් ඉදියා කියන්නේ ශුවර් එකටම ඒකි බඩ වෙන්න හේතුව උබ නෙමේ...,ඔය වගේ බඩක් එනකන් ඒකි හංගන් ඉදියා කියන්නේ ශුවර් එකටම ඒකි බඩ වෙන්න හේතුව උබ නෙමේ...,Harassment,0.9463
@USER ඔය වෙසිගේ තන් දෙක නටවපන්කො,ඔය වෙසිගේ තන් දෙක නටවපන්කො,Harassment,0.9746
@USER ඔය වේසිගේ පුතාලා දන්න මාධ්‍ය. මුන්ට සල්ලි දෙනවා කිවුවොත් අම්මලා උනත් වේස කමේ යවනවා..  හරිය ඉගෙන ගෙන වත් නැති ගොං කලා උපාධි ධාරියෝ ටිකක් රට විකුණං කන්න අටවපු එකක් ඕක.,ඔය වේසිගේ පුතාලා දන්න මාධ්‍ය. මුන්ට සල්ලි දෙනවා කිවුවොත් අම්මලා උනත් වේස කමේ යවනවා.. හරිය ඉගෙන ගෙන වත් නැති ගොං කලා උපාධි ධාරියෝ ටිකක් රට විකුණං කන්න අටවපු එකක් ඕක.,Harassment,0.9775
@USER ඔය ‌පොඩි එක පුක හපාගෙව මැරෙයි ‌‌බොල ඉස්කෝලෙ යන කාලෙක යාලුවො #චුල්බුලියා ගාන්න ගත්තාම,ඔය ‌පොඩි එක පුක හපාගෙව මැරෙයි ‌‌බොල ඉස්කෝලෙ යන කාලෙක යාලුවො #චුල්බුලියා ගාන්න ගත්තාම,Harassment,0.9653
@USER ඔයවගේ දෙකයිපනහේ පොන්න යක්කූ උඩ යවන්න එපා  ආපහූ කාගේ හරි පස්සේ වැටිලා ලෙවකකා යාවි,ඔයවගේ දෙකයිපනහේ පොන්න යක්කූ උඩ යවන්න එපා ආපහූ කාගේ හරි පස්සේ වැටිලා ලෙවකකා යාවි,Harassment,0.9414
ඔයා දන්නවද... ඔයාගේ ඇස් තමයි...  සංස්කෘතිය හු#තෝ.  ඔයාට මගේම වෙ....  පේජ් දම්මල ගස්සන්නේ හු#තෝ.  දන්නවද ආදරේ....  තොපි ජංගි ඉබින පොන්නයෝ හු#තෝ.   ඔයාගේ සැනසීම....  තොගේ අහවල් එක අතුල්ල ගනින් බිත්තියේ හු#තෝ.  . . .  ටෞ#ඩ ලව් කරන්ඩවත් නෑ ඕයි.,ඔයා දන්නවද... ඔයාගේ ඇස් තමයි... සංස්කෘතිය හු#තෝ. ඔයාට මගේම වෙ.... පේජ් දම්මල ගස්සන්නේ හු#තෝ. දන්නවද ආදරේ.... තොපි ජංගි ඉබින පොන්නයෝ හු#තෝ. ඔයාගේ සැනසීම.... තොගේ අහවල් එක අතුල්ල ගනින් බිත්තියේ හු#තෝ. . . . ටෞ#ඩ ලව් කරන්ඩවත් නෑ ඕයි.,Harassment,0.9619
@USER  @USER ඔයා දන්නෙම නැද්ද  පිටේ අන්තරේ ගහගෙන ඉන්න හිච්චී නොහොඹිනා අවජාතක පැටව්ගේ පජාත අප්පා Jvp කියලා....,ඔයා දන්නෙම නැද්ද පිටේ අන්තරේ ගහගෙන ඉන්න හිච්චී නොහොඹිනා අවජාතක පැටව්ගේ පජාත අප්පා ජ්ව්ප් කියලා....,Harassment,0.9683
@USER ඔයා නේද් පහන්තුඩාවෙ ගිහින් වැටිලා පුක ලෙලි ගහගත්තෙ,ඔයා නේද් පහන්තුඩාවෙ ගිහින් වැටිලා පුක ලෙලි ගහගත්තෙ,Harassment,0.9556
@USER ඔයා පුක නෙමේ පක පෙන්නුවත් මට අදාල නෑ හුත්තෝ  පයි කොටො කොටො හුකන කතා නොකියා ඉදහන් ..  පුකක් බැයිනන් ඕනා හුත්තන් ප්‍ර්න්න ගන්කෝ පිරිමියෙක් විදිහට   නැත්තන් තමුන්ගේ ලිංගිකත්වය රහසක් විදිහට තියා ගන්න ඕනේ මේක මේ රටේම උන්ට මම කොල්ලොකාරයෙක් කියන්නෙ නැතුව,ඔයා පුක නෙමේ පක පෙන්නුවත් මට අදාල නෑ හුත්තෝ පයි කොටො කොටො හුකන කතා නොකියා ඉදහන් .. පුකක් බැයිනන් ඕනා හුත්තන් ප්‍ර්න්න ගන්කෝ පිරිමියෙක් විදිහට නැත්තන් තමුන්ගේ ලිංගිකත්වය රහසක් විදිහට තියා ගන්න ඕනේ මේක මේ රටේම උන්ට මම කොල්ලොකාරයෙක් කියන්නෙ නැතුව,Harassment,0.9756
@USER  @USER ඔයාගෙ 'වර්ගෙ' අය කියන්නෙ එකම දේනෙ. 1. එන්න නම්කි මගෙ චූව පෙන්නන්න. . එන්න නම්කි මම උයාට කරල පෙන්නන්න . උයාගෙ අම්ම වේසියක්ද නම්කි? . උයාගෙ තාත්තා හම්බයෙක්ද නම්කි? . ගිහින් හම්බයන්ට පුක දෙන්න නම්කි ඔය ටිකෙන් පිට දෙයක් ඔයාගෙ වර්ගෙ අයට කියන්න නෑනෙ. ඕවට බය වෙන්න මට විකාරැයි.,ඔයාගෙ 'වර්ගෙ' අය කියන්නෙ එකම දේනෙ. 1. එන්න නම්කි මගෙ චූව පෙන්නන්න. . එන්න නම්කි මම උයාට කරල පෙන්නන්න . උයාගෙ අම්ම වේසියක්ද නම්කි? . උයාගෙ තාත්තා හම්බයෙක්ද නම්කි? . ගිහින් හම්බයන්ට පුක දෙන්න නම්කි ඔය ටිකෙන් පිට දෙයක් ඔයාගෙ වර්ගෙ අයට කියන්න නෑනෙ. ඕවට බය වෙන්න මට විකාරැයි.,Harassment,0.9756
"@USER ඔයාගෙ අම්මට කියන්න ගිහින් ලමයො, පොඩි කාලේ නෑව්වේ ලොකු හිල් එහෙකින් ද පොඩි හිල් එහෙකින් ද කියලා ,අම්ම තමා ඔයාගෙ දන්නේ ඒක","ඔයාගෙ අම්මට කියන්න ගිහින් ලමයො, පොඩි කාලේ නෑව්වේ ලොකු හිල් එහෙකින් ද පොඩි හිල් එහෙකින් ද කියලා ,අම්ම තමා ඔයාගෙ දන්නේ ඒක",Harassment,0.918
@USER ඔයාගෙ හස්බන් පට්ට ලකී අනේ මේ කදට ගහන එයා අකමැති වේවිද මාවත් එකතු කරගෙන ඔයාට 3සම් සැපක් දෙන්න අගල් 8 දිගයි මගේ පයිය හුත්තෙ අඩියටම බහින්න දෙන්න පුළුවන් ඔයාල කැමති නම්,ඔයාගෙ හස්බන් පට්ට ලකී අනේ මේ කදට ගහන එයා අකමැති වේවිද මාවත් එකතු කරගෙන ඔයාට 3සම් සැපක් දෙන්න අගල් 8 දිගයි මගේ පයිය හුත්තෙ අඩියටම බහින්න දෙන්න පුළුවන් ඔයාල කැමති නම්,Harassment,0.9351
ඔයාගේ අම්මගේ රෙද්ද තමා අසන්තද මෙල්...පු*වැල්ලව අත ඇරලා ඌව දාපන් ටීම් එකට..කු.ජනිත් ඌට වඩා දාහකින් සම්පතක්..පු*ක් වැල්ල අත අරින්න බෑ තමා..ඌගේ තාත්තා කුට්ටිය පිටින් දෙනවා නේ ඔයාට Azzam Ameen @USER  · 15 Jan 2020 Why selectors dropped Kusal Janith Perera from the Test squad ? Cheif Selector Asantha de Mel explains. FullURL,ඔයාගේ අම්මගේ රෙද්ද තමා අසන්තද මෙල්...පු*වැල්ලව අත ඇරලා ඌව දාපන් ටීම් එකට..කු.ජනිත් ඌට වඩා දාහකින් සම්පතක්..පු*ක් වැල්ල අත අරින්න බෑ තමා..ඌගේ තාත්තා කුට්ටිය පිටින් දෙනවා නේ ඔයාට අළ්ළං Ameen · 15 ජන 2020 Why සෙලෙච්ටෝර්ස් ද්රෝප්පෙඩ් කුසල් ජනිත් පෙරේරා from the Test squad ? චෙඉෆ් Selector අසන්ත දේ Mel එෂ්ප්ලෛන්ස ෆුල්ලුර්ල්,Harassment,0.9438
"ඔයාගේ පුකට කවුරුත් හානි කරන්නේ නෑ අනේ, බය වෙන්න එපා ඔයාගේ පුක අයිති ඔයාගේ partner/partners ලාට විතරයි  Ram Dulip @USER  · 28 Nov 2021 අපිනං ට්වීට් දාලා ඩිලීට් කරන්නේ නෑ.. මගේ පුක ලෙෆ්ට් කරන්න ඉන්න සෙට් එකව මේකට  මෙන්ශන් කරානං මේ ට්වීට් එක මීට වඩා වටිනවා..  #ට්විටර්_එකේ_පුක_ලෙෆ්ට්_කරන_සෙට්_එක","ඔයාගේ පුකට කවුරුත් හානි කරන්නේ නෑ අනේ, බය වෙන්න එපා ඔයාගේ පුක අයිති ඔයාගේ පර්ට්නේර්පර්ට්නේර්ස් ලාට විතරයි Ram දුලිප් · 28 නොව 2021 අපිනං ට්වීට් දාලා ඩිලීට් කරන්නේ නෑ.. මගේ පුක ලෙෆ්ට් කරන්න ඉන්න සෙට් එකව මේකට මෙන්ශන් කරානං මේ ට්වීට් එක මීට වඩා වටිනවා.. #ට්විටර්_එකේ_පුක_ලෙෆ්ට්_කරන_සෙට්_එක",Harassment,0.96
@USER  @USER    ඔයි සොනියේ තු මෙරි පාසතු ආජා සොනියේ තු මෙරි ආ පකෝ ;_; ආජා,ඔයි සොනියේ තු මෙරි පාසතු ආජා සොනියේ තු මෙරි ආ පකෝ ;_; ආජා,Harassment,0.9688
ඔයිට වඩා හොඳයි හු@#තෝ කුරුන්දේ  රතුවා ඇසුරු කරානම්.. — feeling හි@#රු_ලා,ඔයිට වඩා හොඳයි හු@#තෝ කුරුන්දේ රතුවා ඇසුරු කරානම්.. — feeling හි@#රු_ලා,Harassment,0.9639
@USER  @USER ඔයිටවඩඩා හොඳයි උඹ මට පොන්නයො දෙන්නෙක් දම්මල කුඩවලින් ගැස්සුවනං ගේ ඉස්සරහ,ඔයිටවඩඩා හොඳයි උඹ මට පොන්නයො දෙන්නෙක් දම්මල කුඩවලින් ගැස්සුවනං ගේ ඉස්සරහ,Harassment,0.9277
"ඔයී කාලකන්නි කෝලි කූට්ටුවෝ , අපරාදේ AB වත් OUT කරා ඔයි තෝ ! — feeling angry","ඔයී කාලකන්නි කෝලි කූට්ටුවෝ , අපරාදේ අබ වත් OUT කරා ඔයි තෝ ! — feeling angry",Harassment,0.979
@USER O/L පාස් වෙච්චි සන්තෝසෙට පැනල යන්න ඇත්තේ .  ඒකි ළමයි හදලා ඒ ළමයි පහ වසරේ සිස්සත්වේ ලියනකනුත් උඹල ඉගෙනගනී.බලහන් නැද්ද කියල.,ඔල පාස් වෙච්චි සන්තෝසෙට පැනල යන්න ඇත්තේ . ඒකි ළමයි හදලා ඒ ළමයි පහ වසරේ සිස්සත්වේ ලියනකනුත් උඹල ඉගෙනගනී.බලහන් නැද්ද කියල.,Harassment,0.915
@USER ඔව් ... හෙන පොල්ලක් අරන් තඩිබාන්න ඕනේ හරියටම කොන්දට,ඔව් ... හෙන පොල්ලක් අරන් තඩිබාන්න ඕනේ හරියටම කොන්දට,Harassment,0.9404
ඔව් අපි මේ ප්‍රශ්නෙන් ගොඩ එමු. හැබැයි තොපි තවත් රෙදි ඇඳගෙන උන්ට කඩේ යනව නං උන්ව defend කරනවා නං එය ඔබේ ජාතකේ වැරැද්දකි.  මගේ රටේ කරුමෙට ඉපදිච්ච පර බල්ලො.,ඔව් අපි මේ ප්‍රශ්නෙන් ගොඩ එමු. හැබැයි තොපි තවත් රෙදි ඇඳගෙන උන්ට කඩේ යනව නං උන්ව defend කරනවා නං එය ඔබේ ජාතකේ වැරැද්දකි. මගේ රටේ කරුමෙට ඉපදිච්ච පර බල්ලො.,Harassment,0.915
@USER  @USER ඔව් අර ලොකු ලොකු හෝටල් වලට ගිහින් ෆොටෝ ගහල දාන උන්ගේ ඒවා බලාගෙන කට පුක වහන් ඉන්ඩ පුලුවන් උබලටත්. අපි මේ අහිංසක විදියට ගෙදර හදපු එකක් දැම්මොත් තමා පුක ගිණි ගන්නෙ.,ඔව් අර ලොකු ලොකු හෝටල් වලට ගිහින් ෆොටෝ ගහල දාන උන්ගේ ඒවා බලාගෙන කට පුක වහන් ඉන්ඩ පුලුවන් උබලටත්. අපි මේ අහිංසක විදියට ගෙදර හදපු එකක් දැම්මොත් තමා පුක ගිණි ගන්නෙ.,Harassment,0.9331
"@USER ඔව් ඉතින්. මන් අර එක පාරක් කිව්වා වගේ කොත්තු ගහන එකාගෙ හොටු, කෙල, කබ, සෙම, ඉස්සොරි, තඩි, දාඩිය ඔක්කොම ඕකට වැටෙනවනේ","ඔව් ඉතින්. මන් අර එක පාරක් කිව්වා වගේ කොත්තු ගහන එකාගෙ හොටු, කෙල, කබ, සෙම, ඉස්සොරි, තඩි, දාඩිය ඔක්කොම ඕකට වැටෙනවනේ",Harassment,0.9546
@USER @USER  ඔව් උට්ටගේ බිජ්ජ දෙක තලන්න ඕනි.. මේකෙත් ඉන්නවනේ උන්ට පුක දෙන උට්ටලා .. නරියෝ,ඔව් උට්ටගේ බිජ්ජ දෙක තලන්න ඕනි.. මේකෙත් ඉන්නවනේ උන්ට පුක දෙන උට්ටලා .. නරියෝ,Harassment,0.9517
ඔව් ඒකි බඩුව.මාත් ගහලා තියෙනවා,ඔව් ඒකි බඩුව.මාත් ගහලා තියෙනවා,Harassment,0.9624
@USER ඔව් ඔයි  . අම්ම කියල දීල උඅයන්න්  ඔනෙ කිවහම්  පොඩි එවනෙවෙ හදන්නෙ මස් උඅයන්න ඖලුව්න්න් ටිකක්  පරිප්පු පුකුව්න අලුකෙසෙල් පුලුවන් තව එක එක මගුල් පුලුවන්  මම කන්ව ඉට්ජින් එයයි අම්මයි හදන් එව,ඔව් ඔයි . අම්ම කියල දීල උඅයන්න් ඔනෙ කිවහම් පොඩි එවනෙවෙ හදන්නෙ මස් උඅයන්න ඖලුව්න්න් ටිකක් පරිප්පු පුකුව්න අලුකෙසෙල් පුලුවන් තව එක එක මගුල් පුලුවන් මම කන්ව ඉට්ජින් එයයි අම්මයි හදන් එව,Harassment,0.9121
@USER ඔව් ඔව් උබ සුද්දිගෙ පුක ගත්ත එවත් තියනවා එවන්නද?,ඔව් ඔව් උබ සුද්දිගෙ පුක ගත්ත එවත් තියනවා එවන්නද?,Harassment,0.9727
ඔව් ඔව් හොද වෙනවා. කටුවෝ කාපු බල්ලන්ගේ ඇගෙත් ගාන්නේ බොර හොදි තමා  හුටා!  ගන්ඩෙපා යකෝ ඒවා ගාන්නේ බල්ලන්ට,ඔව් ඔව් හොද වෙනවා. කටුවෝ කාපු බල්ලන්ගේ ඇගෙත් ගාන්නේ බොර හොදි තමා හුටා! ගන්ඩෙපා යකෝ ඒවා ගාන්නේ බල්ලන්ට,Harassment,0.9517
@USER ඔව් නඩුත් උන්ගෙ බඩුත් උන්ගෙ අපිට තියෙන්නෙ කට පුක පියන් බලන් ඉන්න,ඔව් නඩුත් උන්ගෙ බඩුත් උන්ගෙ අපිට තියෙන්නෙ කට පුක පියන් බලන් ඉන්න,Harassment,0.9438
@USER ඔව් බන් ඕකුන් බස් වල යද්දී අපිටත් jack තියන්න ඒවිද දන් නෑ.පයිය කුඩුවෙන්න පයින් ගහන්න ඕනි එතකොට #lol   @USER,ඔව් බන් ඕකුන් බස් වල යද්දී අපිටත් jack තියන්න ඒවිද දන් නෑ.පයිය කුඩුවෙන්න පයින් ගහන්න ඕනි එතකොට ලොල්,Harassment,0.9321
"@USER ඔව් බන් හිර කරන් ඉන්න එපා  පුක පැලිච්ච දෙන්, අපි මැරිච්ච දෙන්.. උඹ පඩ ඇරපන්","ඔව් බන් හිර කරන් ඉන්න එපා පුක පැලිච්ච දෙන්, අපි මැරිච්ච දෙන්.. උඹ පඩ ඇරපන්",Harassment,0.9053
"@USER  @USER ඔව් මචං මේ ශාන් කියන එකෙකුයි උගේ සෙට් එකයි එක පුද්ගලයෙකුට මහ අවජාතක පිම්පි විදිහට reply කරලා තියෙනවා වරුවක් විතර, ප්‍රශ්නෙ ගිම්සි කියන බඩුවකගේ් tweet එකට joke reply කලා කියලා","ඔව් මචං මේ ශාන් කියන එකෙකුයි උගේ සෙට් එකයි එක පුද්ගලයෙකුට මහ අවජාතක පිම්පි විදිහට reply කරලා තියෙනවා වරුවක් විතර, ප්‍රශ්නෙ ගිම්සි කියන බඩුවකගේ් tweet එකට joke reply කලා කියලා",Harassment,0.9375
"@USER  @USER    ඔව් මමත් ආදරෙයි ඒ මල්ටිබැරල් වලට, කස කස ගාලා යනකොට වේස කොටියෝ නස්පුක්.","ඔව් මමත් ආදරෙයි ඒ මල්ටිබැරල් වලට, කස කස ගාලා යනකොට වේස කොටියෝ නස්පුක්.",Harassment,0.9614
@USER  @USER ඔව් යකෝ හුබහෙන් ඇදල වගේ #tweepsmatchout,ඔව් යකෝ හුබහෙන් ඇදල වගේ ත්වෙඑප්ස්මත්චෞත්,Harassment,0.98
"ඔව් යකෝ. කොන්ඩම් දාගෙන වටේ හැමිනුනත් වේසියක්, නොදා බඩවෙලා ආවත් වේසියක් තමයි ඉතින්. හැම එකාටම කියලා හු* ගත්තම ඒකි හෙන ශෝෂල් කෙල්ල වෙන්නේ නැහැ. කොල්ලොත් එහෙමයි. හෙන කෑලි ටෝක් කරලා වටේම ඇන්නම ඌ හෙන චරිතයක් වෙන්නේ නැහැ. උට හම්බ වෙන්නෙත් කවදාහරි වටේම ගිහින් ඇනගත්තු එකියක් තමයි.","ඔව් යකෝ. කොන්ඩම් දාගෙන වටේ හැමිනුනත් වේසියක්, නොදා බඩවෙලා ආවත් වේසියක් තමයි ඉතින්. හැම එකාටම කියලා හු* ගත්තම ඒකි හෙන ශෝෂල් කෙල්ල වෙන්නේ නැහැ. කොල්ලොත් එහෙමයි. හෙන කෑලි ටෝක් කරලා වටේම ඇන්නම ඌ හෙන චරිතයක් වෙන්නේ නැහැ. උට හම්බ වෙන්නෙත් කවදාහරි වටේම ගිහින් ඇනගත්තු එකියක් තමයි.",Harassment,0.9697
ඔව් රෙද්ද.. නැත්තම් එනවා නේ Block කරලා තියෙද්දිත් Fake Acc හදාගෙන ඕපාදූප හොයන්න. කාලකන්නි හැත්ත.,ඔව් රෙද්ද.. නැත්තම් එනවා නේ Block කරලා තියෙද්දිත් Fake අක්ක හදාගෙන ඕපාදූප හොයන්න. කාලකන්නි හැත්ත.,Harassment,0.9019
ඔව්!!  ඔව්!!!!!!  මං...!! මං... අද ලේ හෙලුවා!!  ඔව් යකෝ!! මම අද ලේ හෙල්ලුවා අසර්ණයෙක්ගේ!!  ඌට තෙරුනේ නැද්ද මාත් ඌ වගෙ එකෙක් කියලා!! ඇයි ඇයි ඌට ඒක හිතන්න බැරි උනේ!!!  මගේ ලේත් එකයි උගේ ලේත් එකයි!! මං පළිගත්තා!!  මම මදුරුවගේ ලේ හෙලුවා!!!!!!!!!    Dramatic කෑල්ලක්,ඔව්!! ඔව්!!!!!! මං...!! මං... අද ලේ හෙලුවා!! ඔව් යකෝ!! මම අද ලේ හෙල්ලුවා අසර්ණයෙක්ගේ!! ඌට තෙරුනේ නැද්ද මාත් ඌ වගෙ එකෙක් කියලා!! ඇයි ඇයි ඌට ඒක හිතන්න බැරි උනේ!!! මගේ ලේත් එකයි උගේ ලේත් එකයි!! මං පළිගත්තා!! මම මදුරුවගේ ලේ හෙලුවා!!!!!!!!! Dramatic කෑල්ලක්,Harassment,0.9336
@USER  @USER ඔව්. උඹලට බඩේ අමාරු හැදෙන්නත් පුලුවන්,ඔව්. උඹලට බඩේ අමාරු හැදෙන්නත් පුලුවන්,Harassment,0.9785
@USER ඔව්. වටේටම මාලෙ වගේ තිබ්බම පෙති ගෝමරලු. හෙන ඩිමාන්ඩ්,ඔව්. වටේටම මාලෙ වගේ තිබ්බම පෙති ගෝමරලු. හෙන ඩිමාන්ඩ්,Harassment,0.9429
@USER ඔව්. සක්කෝ උජූච සූජූච..පොරටෝක් දෙද්දි කෙලින් ඉන්නෝනි පුක දෙද්දී නැවෙන් ඕනි.,ඔව්. සක්කෝ උජූච සූජූච..පොරටෝක් දෙද්දි කෙලින් ඉන්නෝනි පුක දෙද්දී නැවෙන් ඕනි.,Harassment,0.9248
@USER ඔව්.. උබේ පුක මගේ ඉස්සරහ මට නොපෙන්න තාක් මට අදාල නොවෙයි.. එක් නම් ඇත්ත..,ඔව්.. උබේ පුක මගේ ඉස්සරහ මට නොපෙන්න තාක් මට අදාල නොවෙයි.. එක් නම් ඇත්ත..,Harassment,0.9038
@USER ඔව්බං මෙ පෝං එකේ ටච් එක පිස්සු කරනවා..හුත්ත කියල ගහන්නට් තටමන්න ඕනි .. වදින්නෙ හුට්ට කියල.. අකුරු වදිනෝ හොරයි..,ඔව්බං මෙ පෝං එකේ ටච් එක පිස්සු කරනවා..හුත්ත කියල ගහන්නට් තටමන්න ඕනි .. වදින්නෙ හුට්ට කියල.. අකුරු වදිනෝ හොරයි..,Harassment,0.9131
@USER ඔවු ඔවු. නැතුව මේ කොලෙස්ටරෝල් නැගල තියන විදියට ඔහොම ගෙදරින් කන්න හැදුව නං ගෑනිගෙන් ගුටිකන්න වෙන්නෙ ඇට දෙක පුක වටේ කැරකෙන්න,ඔවු ඔවු. නැතුව මේ කොලෙස්ටරෝල් නැගල තියන විදියට ඔහොම ගෙදරින් කන්න හැදුව නං ගෑනිගෙන් ගුටිකන්න වෙන්නෙ ඇට දෙක පුක වටේ කැරකෙන්න,Harassment,0.9072
@USER ඔහාෙම උන්ට කියන්නේ 100 යේ බඩු කියල බං මෝල් හැත්ත,ඔහාෙම උන්ට කියන්නේ 100 යේ බඩු කියල බං මෝල් හැත්ත,Harassment,0.9263
"@USER @USER  ඔහේ දන්නැති උනාට ඒකි වටේ ගිය එකක්,ඔය ලමය ඔහේගෙමයි කියල විස්සාසද? •බුලත් කෙල පාරක් ගහමින්• ඔය ලමයට තිවුනනේ තව ටිකක් හොයල බලන්ට","ඔහේ දන්නැති උනාට ඒකි වටේ ගිය එකක්,ඔය ලමය ඔහේගෙමයි කියල විස්සාසද? •බුලත් කෙල පාරක් ගහමින්• ඔය ලමයට තිවුනනේ තව ටිකක් හොයල බලන්ට",Harassment,0.9019
@USER  @USER ඔහොම කාලා බඩේ අමාරු තාමා හැදෙන්නෙ,ඔහොම කාලා බඩේ අමාරු තාමා හැදෙන්නෙ,Harassment,0.9189
ඔහොම බෑ වැඳගෙන පලයන් වහලෙක් වගේ රස්මිකාගේ දෙපා මුලට,ඔහොම බෑ වැඳගෙන පලයන් වහලෙක් වගේ රස්මිකාගේ දෙපා මුලට,Harassment,0.9009
@USER ඔහොම රත් උනොත් තෝ වඳවෙයි,ඔහොම රත් උනොත් තෝ වඳවෙයි,Harassment,0.959
"@USER ඕ ඔය ගොන් වෙසිගෙ පුතාලා නිසයි රටට කෙල උනෙ , දෙශපාලුවන්ගෙ පුක පල්ලෙ නොවැටි හිටියා නම් ඔක්කොම.ලෙවකන කුක්කො ටික ,,ඔකුන්ගෙ රෙදි ගැලවිලා ..","ඕ ඔය ගොන් වෙසිගෙ පුතාලා නිසයි රටට කෙල උනෙ , දෙශපාලුවන්ගෙ පුක පල්ලෙ නොවැටි හිටියා නම් ඔක්කොම.ලෙවකන කුක්කො ටික ,,ඔකුන්ගෙ රෙදි ගැලවිලා ..",Harassment,0.9624
@USER  @USER    ඕක කියල දුන්නේ නැත්තං තෝ එකෙක්ව මරලා ටීශර්ට් එකක් ගුලිකරලා කටේ ඔබලා  අපි කලේ අහන්සක ජීවිතයක් බේරගත්ත එක,ඕක කියල දුන්නේ නැත්තං තෝ එකෙක්ව මරලා ටීශර්ට් එකක් ගුලිකරලා කටේ ඔබලා අපි කලේ අහන්සක ජීවිතයක් බේරගත්ත එක,Harassment,0.9111
@USER ඕක තන් දෙකට හරි පුකට හරි දාගන්නව නං අපි කැමතියි,ඕක තන් දෙකට හරි පුකට හරි දාගන්නව නං අපි කැමතියි,Harassment,0.9668
@USER ඕක පිටකොටුවට ගෙනත් වෙන්ද්සි කරපන් පර වේසි,ඕක පිටකොටුවට ගෙනත් වෙන්ද්සි කරපන් පර වේසි,Harassment,0.9731
@USER  @USER    ඕකගේ ඇට දෙක තලලා මදි අක්කාහ්.. කොන කපපු වෙලේ සම්පූර්ණයෙන් කපන්න තිබ්බේ.. එතකොට ගණිකාව වෙන්නේ උගේ ගෑණි. මිනිහට බැරි නිසා,ඕකගේ ඇට දෙක තලලා මදි අක්කාහ්.. කොන කපපු වෙලේ සම්පූර්ණයෙන් කපන්න තිබ්බේ.. එතකොට ගණිකාව වෙන්නේ උගේ ගෑණි. මිනිහට බැරි නිසා,Harassment,0.9526
@USER  @USER ඕකාගෙ අලි පුක නෙහ්. පේන්න බැරි පොඩි පකයෙක්,ඕකාගෙ අලි පුක නෙහ්. පේන්න බැරි පොඩි පකයෙක්,Harassment,0.9458
"ඕකි නිසා තමා මට කෙල උනේ, හෙන ගහලා අකුලෝලම පල! #WhenALResultsAreOut","ඕකි නිසා තමා මට කෙල උනේ, හෙන ගහලා අකුලෝලම පල! ව්හෙනල්රෙසුල්ත්සරෙඖත්",Harassment,0.9497
@USER ඕකුන්ට තියෙන්නේ වද පොන්න මානසිකත්වයක්. අපරාදේ science එකේ ලමයි මහන්සි උන තරම.,ඕකුන්ට තියෙන්නේ වද පොන්න මානසිකත්වයක්. අපරාදේ science එකේ ලමයි මහන්සි උන තරම.,Harassment,0.9204
@USER  @USER  @USER     ඕකෙ නම්  ඉන්නෙ සල්ලි වලට අම්මා උනත් වේසකමේ යවන අවජාතක බල්ලෝ බැල්ලියොනේ බන්..  #lka #SriLanka,ඕකෙ නම් ඉන්නෙ සල්ලි වලට අම්මා උනත් වේසකමේ යවන අවජාතක බල්ලෝ බැල්ලියොනේ බන්.. ලක ශ්‍රීලංකා,Harassment,0.9375
@USER ඕකේ පුක තිබ්බ උන් වැඩි කලක් හිටියෙ නෑ බ්‍රෝ. පරිස්සමින්  Anyway Nice pic,ඕකේ පුක තිබ්බ උන් වැඩි කලක් හිටියෙ නෑ බ්‍රෝ. පරිස්සමින් Anyway Nice pic,Harassment,0.9692
ඕනේ නෑ set කරන්න මට උඹේ  ගෑණි.. උඹේ ගෑණි වගේ....පිට පලු  ලෑලි.......  බලාගෙන ඉන්නේ :p,ඕනේ නෑ set කරන්න මට උඹේ ගෑණි.. උඹේ ගෑණි වගේ....පිට පලු ලෑලි....... බලාගෙන ඉන්නේ ප්,Harassment,0.9756
"@USER  @USER ඕයි බොල පෙනෙළ හුකන්නෝ, විස්කිරිඤ්ඤා පයියෝ, අඹ කිරි පොන්නයෝ, හතර වටේ ලින්ක් ඇලවිල්ල නතර කරලා සල්ලි හම්බ වෙන පකක් හොයාගනිංකො පවු නොදී. ගොං කැරියා","ඕයි බොල පෙනෙළ හුකන්නෝ, විස්කිරිඤ්ඤා පයියෝ, අඹ කිරි පොන්නයෝ, හතර වටේ ලින්ක් ඇලවිල්ල නතර කරලා සල්ලි හම්බ වෙන පකක් හොයාගනිංකො පවු නොදී. ගොං කැරියා",Harassment,0.9409
ඕයි මේ මස් හොදිද නැත්තං හරකා හෝදපු වතුරද???,ඕයි මේ මස් හොදිද නැත්තං හරකා හෝදපු වතුරද???,Harassment,0.9624
ඕයි හිමින් පලයන්. මැරෙන්නද හදන්නේ  #අහලාතියනවාද,ඕයි හිමින් පලයන්. මැරෙන්නද හදන්නේ #අහලාතියනවාද,Harassment,0.9199
"@USER ඕයි හුයන්නා පිස්සද යකෝ තොට , මොකෙන්ද අර butter ගාන්නේ","ඕයි හුයන්නා පිස්සද යකෝ තොට , මොකෙන්ද අර butter ගාන්නේ",Harassment,0.9438
ඕයේ ශකලක බේබී... අපිට පාන්ද.. යෝ යෝ මා නිගා... 280 ලොකුද @&#තෝ... තද තද... රෑට කන්නෙ පාන් යාලු... උදේට බත්.. දවල්ට රයිස්... බඩපිරිල ඇඟ හැදිලා... lecture ගියේ නෑ.. ඉන්නෙ සැපේ බ්‍රෝ...ජීවිතෙ පිස්සු... කෙල්ලො නෑ යාලු.. කොල්ලො ඉන්නේ... ගමේ නේ.. කොල්ලොනේ.. 280 නේ... තාම ඉවර නෑ යකෝ..,ඕයේ ශකලක බේබී... අපිට පාන්ද.. යෝ යෝ මා නිගා... 280 ලොකුද @&#තෝ... තද තද... රෑට කන්නෙ පාන් යාලු... උදේට බත්.. දවල්ට රයිස්... බඩපිරිල ඇඟ හැදිලා... lecture ගියේ නෑ.. ඉන්නෙ සැපේ බ්‍රෝ...ජීවිතෙ පිස්සු... කෙල්ලො නෑ යාලු.. කොල්ලො ඉන්නේ... ගමේ නේ.. කොල්ලොනේ.. 280 නේ... තාම ඉවර නෑ යකෝ..,Harassment,0.9585
"ඕව සාධාරණීකරණය කරල, පොල්ස් ලබ්බන්ට සුදු හුණු ගාන අවජාතක බැල්ලියොත් මේ බුකියේ නැතුවාම නෙවෙයි....     URL","ඕව සාධාරණීකරණය කරල, පොල්ස් ලබ්බන්ට සුදු හුණු ගාන අවජාතක බැල්ලියොත් මේ බුකියේ නැතුවාම නෙවෙයි.... උර්ල්",Harassment,0.9629
ඕවර් 20ට 100ක් ගහන්න බෑ  350ක් චේස් කරන්ඩ කයිය    Fearless Cricket අම්මගේ රෙද්ද   30ට අඩු එවුන් ගන්ඩ කලින් ගහන්ඩ පුලුවන් එළියේ ඉන්න උන් හොයගනිල්ලා  @USER #SLvENG,ඕවර් 20ට 100ක් ගහන්න බෑ 350ක් චේස් කරන්ඩ කයිය Fearless Cricket අම්මගේ රෙද්ද 30ට අඩු එවුන් ගන්ඩ කලින් ගහන්ඩ පුලුවන් එළියේ ඉන්න උන් හොයගනිල්ලා ස්ල්වෙන්ග්,Harassment,0.9648
කක්කල් කැස්ස ගල පටලේ හරිජරමරේ හීලට කාපු දන්කොඩට හිරිවැටිලනේ වා පිත් දෙකම සමනයට බඩ කොර උනේ මු නියම කොල්ලෙක්නේ ආසයි පනේ Sanik Thuransha  @USER  · 22 Apr 2020 අර කන්ද මුල්ල කිය්ද්න විදිහට   මට හෙන කොන්ෆියුස්   ඔයාලා සමාජ ජාල ගන ඉගන ගන්න එයාව ෆලොව් කරන්න ඉත්තූතියි  මම : කවුද බන් ඌ,කක්කල් කැස්ස ගල පටලේ හරිජරමරේ හීලට කාපු දන්කොඩට හිරිවැටිලනේ වා පිත් දෙකම සමනයට බඩ කොර උනේ මු නියම කොල්ලෙක්නේ ආසයි පනේ සනික් තුරංශ  · 22 අප‍ 2020 අර කන්ද මුල්ල කිය්ද්න විදිහට මට හෙන කොන්ෆියුස් ඔයාලා සමාජ ජාල ගන ඉගන ගන්න එයාව ෆලොව් කරන්න ඉත්තූතියි මම : කවුද බන් ඌ,Harassment,0.9673
@USER කක්කා කරලා පුක සෝදන්නෙ වම් අතින් නේද? අත හරියට සෝදන්නෙ  නැති උනාම තාම කසන්නෙ,කක්කා කරලා පුක සෝදන්නෙ වම් අතින් නේද? අත හරියට සෝදන්නෙ නැති උනාම තාම කසන්නෙ,Harassment,0.9707
@USER  @USER කක්කි දාලා පුක හෝදාගෙන වරෙන්,කක්කි දාලා පුක හෝදාගෙන වරෙන්,Harassment,0.9702
"කක්කුස්සි ගියත් ""Is @ රෙන ගමන්"" කියා හරි ටුවීට් එකක් දාන්න. #HowToBeATwitterLegendSL","කක්කුස්සි ගියත් ඉස @ රෙන ගමන්"" කියා හරි ටුවීට් එකක් දාන්න. හොව්තොබෙඅත්විත්තෙර්ලෙගෙස්ල",Harassment,0.9331
කකුල් (or පුක) පලලා ලුණු දානවා යකෝ. #SriLankanThreats,කකුල් ඔර පුක) පලලා ලුණු දානවා යකෝ. ස්රිලංකංථ්රෙඅත්ස,Harassment,0.9263
@USER කට තියනතැනට පුක ඇවිත්ද මන්දා,කට තියනතැනට පුක ඇවිත්ද මන්දා,Harassment,0.939
"@USER  @USER කට නෙමේ අප්පා. කීබෝඩ් එකට කොටන ඇඟිලි. කට හෙන සංවරයි. ""මෙහි එන්න, මේ විලඳ වලඳන්න, සෝඩාද වතුරද ?"" වගේ තමා කටෙං යමක් පිටවුනොත්","කට නෙමේ අප්පා. කීබෝඩ් එකට කොටන ඇඟිලි. කට හෙන සංවරයි. ""මෙහි එන්න, මේ විලඳ වලඳන්න, සෝඩාද වතුරද ?"" වගේ තමා කටෙං යමක් පිටවුනොත්",Harassment,0.9438
"කට වක්කඩේ වගේ බොම්බයි මොටයි කාරයා, තොට වැඩිට හොඳයි යකෝ මාලු කාරයා...","කට වක්කඩේ වගේ බොම්බයි මොටයි කාරයා, තොට වැඩිට හොඳයි යකෝ මාලු කාරයා...",Harassment,0.9326
කට වක්කඩේ වගේ බොම්බයි මොටයි කාරයා..   තොට වැඩිය හොදයි යකෝ මාලු කාරයා...,කට වක්කඩේ වගේ බොම්බයි මොටයි කාරයා.. තොට වැඩිය හොදයි යකෝ මාලු කාරයා...,Harassment,0.9116
@USER  @USER    කට වක්කඩේ වගේ බොම්බයිමුටයි කාරයා  තොට වැඩිය හොදයි යකෝ මාළු කාරයා,කට වක්කඩේ වගේ බොම්බයිමුටයි කාරයා තොට වැඩිය හොදයි යකෝ මාළු කාරයා,Harassment,0.958
කට වක්කඩේ වගේ බොම්බයිමොට්ටයි කාරයා.... උඹට වැඩිය හොඳයි යකෝ මාලු කාරයා  @USER  Janaka Nimalachandra @USER  · 13 Jul 2021 Am I the only one who thinks that “චමුදිත” is a disgrace to journalism? #සලකුණ #Murali,කට වක්කඩේ වගේ බොම්බයිමොට්ටයි කාරයා.... උඹට වැඩිය හොඳයි යකෝ මාලු කාරයා ජනක නිමලචන්ද්‍ර · 13 ජුල 2021 අම ඉ the only one who තින්ක්ස් that “චමුදිත” ඉස අ disgrace ටො journalism? #සලකුණ මුරලි,Harassment,0.9424
කට වක්කඩේ වගේ  බොම්බයී මොටයි  කාරයා තොට වඩා හොදයී යකෝ මාළු කාරයා  මෙය කා විසින් කා හට කියන ලද්දක්ද,කට වක්කඩේ වගේ බොම්බයී මොටයි කාරයා තොට වඩා හොදයී යකෝ මාළු කාරයා මෙය කා විසින් කා හට කියන ලද්දක්ද,Harassment,0.9307
කට විතරක් නෙමෙයි ඔලුව පුක එහෙමත් පරිස්සම් කරගන්න වෙනවා සමහර ඔෆිස් වල URL,කට විතරක් නෙමෙයි ඔලුව පුක එහෙමත් පරිස්සම් කරගන්න වෙනවා සමහර ඔෆිස් වල උර්ල්,Harassment,0.9297
@USER කටට කට තියල හුලන් ගහල බලන්ඩ... යටින් හුලං එනව නම් ප්‍රෙග්නන්ට් නෑ.. හුලං එන්නෙ නැත්තන් ප්‍රෙග්නන්ට්...,කටට කට තියල හුලන් ගහල බලන්ඩ... යටින් හුලං එනව නම් ප්‍රෙග්නන්ට් නෑ.. හුලං එන්නෙ නැත්තන් ප්‍රෙග්නන්ට්...,Harassment,0.9277
"කටට කෙළ උනනවද? A bucket full of නාරං. ගහේ හැදුන ඒවා, වත්ත කොනේ....","කටට කෙළ උනනවද? අ bucket full ඔෆ් නාරං. ගහේ හැදුන ඒවා, වත්ත කොනේ....",Harassment,0.9097
කටට රහට ඇඹුල්තියල් හරියටම හදාගන්නේ මෙහෙමයි (VIDEO) URL,කටට රහට ඇඹුල්තියල් හරියටම හදාගන්නේ මෙහෙමයි (VIDEO) උර්ල්,Harassment,0.9126
කටට රහට ඇඹුල්තියල් හරියටම හදාගන්නේ මෙහෙමයි URL,කටට රහට ඇඹුල්තියල් හරියටම හදාගන්නේ මෙහෙමයි උර්ල්,Harassment,0.9521
@USER කටට වඩා පුක නම් මරු....ම්ම්ම්...ඔයාගේ,කටට වඩා පුක නම් මරු....ම්ම්ම්...ඔයාගේ,Harassment,0.9399
කට්ට දෙනවා බල බල දුවනවා නේ.. මුගෙත් හෙන සෝබන තියෙන්නේ..   මං බැලුවා බෝඩිමේ ඇන්ටි කාටට කටට දෙන්නේ කියලා.පස්සේ බැලින්නම් බැල්ලිට මස් කට්ටක් දීලා ..,කට්ට දෙනවා බල බල දුවනවා නේ.. මුගෙත් හෙන සෝබන තියෙන්නේ.. මං බැලුවා බෝඩිමේ ඇන්ටි කාටට කටට දෙන්නේ කියලා.පස්සේ බැලින්නම් බැල්ලිට මස් කට්ටක් දීලා ..,Harassment,0.9746
කට්ට වුනත් කනකොට පට්ට මහත්තයෝ  #Tuktukquotes,කට්ට වුනත් කනකොට පට්ට මහත්තයෝ තුක්තුක්කුඔතෙස්,Harassment,0.9487
කට්ටඬියව තල්ලු කරපන්කො බලන්න හූල්ලගෙන වැටෙන්නෙ තොපි ඔක්කොම හැඳි ගෑවෙන්න එක්කෙනෙක් හැර..,කට්ටඬියව තල්ලු කරපන්කො බලන්න හූල්ලගෙන වැටෙන්නෙ තොපි ඔක්කොම හැඳි ගෑවෙන්න එක්කෙනෙක් හැර..,Harassment,0.9346
කටු එක්ක ලොකු චිකන් කෑල්ලක් සෙට් උනාම කෝමද අර සුට්ටි පිහියෙන් ඕක කපන්නෙ..මාලු කපන තඩි මන්න පිහියක්වත් ඕනි ඒ මස්කටු කපන්න..,කටු එක්ක ලොකු චිකන් කෑල්ලක් සෙට් උනාම කෝමද අර සුට්ටි පිහියෙන් ඕක කපන්නෙ..මාලු කපන තඩි මන්න පිහියක්වත් ඕනි ඒ මස්කටු කපන්න..,Harassment,0.9565
@USER කටු පුකට පස්ස කියලත් කියනවද ?,කටු පුකට පස්ස කියලත් කියනවද ?,Harassment,0.9448
"@USER කටේ නරි වදන්, රෙද්ද පල්ලෙන් බේරෙනව","කටේ නරි වදන්, රෙද්ද පල්ලෙන් බේරෙනව",Harassment,0.915
"කඩි ගුලක පුක තියලා, කෑවෝ කෑවෝ කියන්න එපා.. වද්දන් නටන්න කලින් බලපන් බෙර පදේ උඹට නටන්නද ගහන්නේ කියලා.. අහක යන බෙර පද වලට නටලා වටේ ඉන්න යක්කු පුක පලලා ගියාම කඩි කාලා නලියෑවාට වඩා රිදෙයි..  P.S බෙර පදේට නැටවෙනවා නම්, සමහරවිට පදේ උඹට වෙන්නත් බැරි කමක් නෑ","කඩි ගුලක පුක තියලා, කෑවෝ කෑවෝ කියන්න එපා.. වද්දන් නටන්න කලින් බලපන් බෙර පදේ උඹට නටන්නද ගහන්නේ කියලා.. අහක යන බෙර පද වලට නටලා වටේ ඉන්න යක්කු පුක පලලා ගියාම කඩි කාලා නලියෑවාට වඩා රිදෙයි.. පස් බෙර පදේට නැටවෙනවා නම්, සමහරවිට පදේ උඹට වෙන්නත් බැරි කමක් නෑ",Harassment,0.9604
කඩි පඩ පුක වෙඩි දෙන තොපි තමයි රොඩී හිතින් තරු කටින් මරන් තළු ඔළුගෙඩි වල බොලෑ බැඳිලද පාසි ආදි කාලේ ඉඳන් සුද්දට පුක දෙන එක කලාවක් බං සිංහලයට කටින් තමා දැන්නං ගොඩක් උන්ගෙ වැඩ පස්සේ නෑ බං රිදවන්නේ පොඩි උන්ගෙ හිත කට කෑවත් හුත්තො කියන්නේ මම ඇත්ත මාරු කරං පැත්ත තොපි දාන්නේ බොරු මොත්ත,කඩි පඩ පුක වෙඩි දෙන තොපි තමයි රොඩී හිතින් තරු කටින් මරන් තළු ඔළුගෙඩි වල බොලෑ බැඳිලද පාසි ආදි කාලේ ඉඳන් සුද්දට පුක දෙන එක කලාවක් බං සිංහලයට කටින් තමා දැන්නං ගොඩක් උන්ගෙ වැඩ පස්සේ නෑ බං රිදවන්නේ පොඩි උන්ගෙ හිත කට කෑවත් හුත්තො කියන්නේ මම ඇත්ත මාරු කරං පැත්ත තොපි දාන්නේ බොරු මොත්ත,Harassment,0.9521
"කඩේ යන ගනයි ගෝටගේ පුක කහනවා, ගෝටා උන්ගේ පුක කහනවා. Anuruddha Wimalasena @USER  · 2 Jan  @USER එක එකා මාරුවෙන් මාරුවට උනුන්ගේ පුකවල් කසා ගැනීම.","කඩේ යන ගනයි ගෝටගේ පුක කහනවා, ගෝටා උන්ගේ පුක කහනවා. අනුරුද්ධ විමලසේන · 2 ජන එක එකා මාරුවෙන් මාරුවට උනුන්ගේ පුකවල් කසා ගැනීම.",Harassment,0.9751
කඩේට ආප්ප කන්න ගියත් පෙන්නන්නෙ කෑම නෙමෙ පුක.. වෙන උත්සවයකට ගියත් ඒත් මුලට පුක..පසුබිමෙ උත්සවෙ.. යාලෙ අලි බලන්න ගියත් සත්තු නෙමෙ ඉස්මතු කරන්නෙ පුක.. දැං උපාධි ගන්න ගියත් ඒත් ඉස්සරහට දාන්නෙ පුක. . වෙලාවට බිජ්ජ ආකර්ෂණීය නොවුනෙ.. නැත්තං ඉන්ස්ටා එකෙ පෝලිමෙ බිජු බලන්නයි වෙන්නෙ.. රෝමියෝ @USER  · 27 Jan ලංකාවෙ උන් මාර විදියට අසරණයි..   මේ කෙල්ලගෙ ෆිගර් එක ඇත්තටම ලස්සනයි.. අපේ අය දැක්කේ කෙලින්ම පුක.  ඒක කියාගන්න බැරුව  හැමතැනම පශ්චාත් උපාධිය කිය කිය දදා නහිනවා..  කෙලින්ම දාපන්කො බං ඒ කෙල්ලගෙ ෆිගර් එක ලස්සනයි කෙල්ල සෙක්සි කියලා. ඒක කියාගන්න බැරිවෙන්න තරම් තියන ප්‍රශ්නේ මොකද්ද ?,කඩේට ආප්ප කන්න ගියත් පෙන්නන්නෙ කෑම නෙමෙ පුක.. වෙන උත්සවයකට ගියත් ඒත් මුලට පුක..පසුබිමෙ උත්සවෙ.. යාලෙ අලි බලන්න ගියත් සත්තු නෙමෙ ඉස්මතු කරන්නෙ පුක.. දැං උපාධි ගන්න ගියත් ඒත් ඉස්සරහට දාන්නෙ පුක. . වෙලාවට බිජ්ජ ආකර්ෂණීය නොවුනෙ.. නැත්තං ඉන්ස්ටා එකෙ පෝලිමෙ බිජු බලන්නයි වෙන්නෙ.. රෝමියෝ · 27 ජන ලංකාවෙ උන් මාර විදියට අසරණයි.. මේ කෙල්ලගෙ ෆිගර් එක ඇත්තටම ලස්සනයි.. අපේ අය දැක්කේ කෙලින්ම පුක. ඒක කියාගන්න බැරුව හැමතැනම පශ්චාත් උපාධිය කිය කිය දදා නහිනවා.. කෙලින්ම දාපන්කො බං ඒ කෙල්ලගෙ ෆිගර් එක ලස්සනයි කෙල්ල සෙක්සි කියලා. ඒක කියාගන්න බැරිවෙන්න තරම් තියන ප්‍රශ්නේ මොකද්ද ?,Harassment,0.9756
"කතා කරන වචනෙන් බෑ බම් මිනිස්සු මනින්න.. අක්කෝ/අක්කි/මල්ලියෝ කිව්වත්, වරෙන්/පලයන් හුත්තෝ/පකෝ කිව්වත්, ඇරලා යන්න ඉන්න එකා අරිනවා.. ආයේ එකේ දෙකක් නෑ බන්..","කතා කරන වචනෙන් බෑ බම් මිනිස්සු මනින්න.. අක්කෝ/අක්කි/මල්ලියෝ කිව්වත්, වරෙන්/පලයන් හුත්තෝ/පකෝ කිව්වත්, ඇරලා යන්න ඉන්න එකා අරිනවා.. ආයේ එකේ දෙකක් නෑ බන්..",Harassment,0.9019
කතාවෙන් පත්තිනි  ක්‍රියාවෙන් සක්කිලි පෙන්වන්නේ posh  පේන්නේ හිස්  අපිනම් Don't care ;) — feeling ලෙල්ල හුටං,කතාවෙන් පත්තිනි ක්‍රියාවෙන් සක්කිලි පෙන්වන්නේ posh පේන්නේ හිස් අපිනම් Don't care ;) — feeling ලෙල්ල හුටං,Harassment,0.9526
@USER කතුරෙන් කපලා කටට වක් කර ගන්න  සොම්බී,කතුරෙන් කපලා කටට වක් කර ගන්න සොම්බී,Harassment,0.9307
@USER කන කසන්න පුක කසන්න බුරියේ කුණු අයින් කරන්න,කන කසන්න පුක කසන්න බුරියේ කුණු අයින් කරන්න,Harassment,0.937
කන ටොෆි කොලයත් බිමට දාන එවුන් තමයි රට හදන්න පුක ඉ‍රාගෙන ටොක් දෙන්නේ කටින් නෙවෙයි   මහත්තයෝ  අතින් බතල හිටවුවොත්... URL,කන ටොෆි කොලයත් බිමට දාන එවුන් තමයි රට හදන්න පුක ඉ‍රාගෙන ටොක් දෙන්නේ කටින් නෙවෙයි මහත්තයෝ අතින් බතල හිටවුවොත්... උර්ල්,Harassment,0.9644
"කන පැලෙන්න ගහනව කකුලට, බල්ලා. #SriLankanThreats","කන පැලෙන්න ගහනව කකුලට, බල්ලා. ස්රිලංකංථ්රෙඅත්ස",Harassment,0.9688
Kandos Mint Cream Dark  වෙලාවකට කක්කා රහයි වෙලාවකට පට්ට රහයි,කන්දොස් Mint Cream Dark වෙලාවකට කක්කා රහයි වෙලාවකට පට්ට රහයි,Harassment,0.9585
කන්න දෙන්නෙ වෙනවුන්නං ගෙදර පූසා උබව පයිසෙකට ගනන් ගන්නේ නැත. සමහරු කියනව ඌ කකුල්වල ඇතිල්ලෙන්නෙ අපිට තියෙන ආදරේට කියල.හොඳ හයියට තියෙන පුටුමේස කකුල් වලත් ඌ  ඇග අතුල්ලනව යකෝ .. බොරුනං පූසට හොරෙන් නිරීක්ෂනය කරල බලපං,කන්න දෙන්නෙ වෙනවුන්නං ගෙදර පූසා උබව පයිසෙකට ගනන් ගන්නේ නැත. සමහරු කියනව ඌ කකුල්වල ඇතිල්ලෙන්නෙ අපිට තියෙන ආදරේට කියල.හොඳ හයියට තියෙන පුටුමේස කකුල් වලත් ඌ ඇග අතුල්ලනව යකෝ .. බොරුනං පූසට හොරෙන් නිරීක්ෂනය කරල බලපං,Harassment,0.9189
@USER කනේ අමාරු කෙසේ වෙතත් හක්කෙ අමාරු නං එයි වගේ..,කනේ අමාරු කෙසේ වෙතත් හක්කෙ අමාරු නං එයි වගේ..,Harassment,0.9121
"කනේමයිලුයි පුකේමයිලුයි හොඳයාලුවො. දවසක් මේදෙන්න නාන්න ගිහින් බලද්දි සබන් ගෙනත් නෑ. කනේමයිල්ව ලිඳ ලඟ තියල පුකේමයිල් ගියා සබන් ගේන්න. ඔය අතරෙ කසිප්පු අල්ලන්නආපු රාලහාමිලා දෙන්නෙක් කනේමයිල් දැකල ඇහුව තෝ කවුද මොකද ඔතන කරන්නෙ කියල. කනේමයිල් කිවුව, සර් මං කනේමයිල්, පුකේමයිල් එනකං ඉන්නෙ","කනේමයිලුයි පුකේමයිලුයි හොඳයාලුවො. දවසක් මේදෙන්න නාන්න ගිහින් බලද්දි සබන් ගෙනත් නෑ. කනේමයිල්ව ලිඳ ලඟ තියල පුකේමයිල් ගියා සබන් ගේන්න. ඔය අතරෙ කසිප්පු අල්ලන්නආපු රාලහාමිලා දෙන්නෙක් කනේමයිල් දැකල ඇහුව තෝ කවුද මොකද ඔතන කරන්නෙ කියල. කනේමයිල් කිවුව, සර් මං කනේමයිල්, පුකේමයිල් එනකං ඉන්නෙ",Harassment,0.9438
කපන එකා ගැන විතරයි....හැම එකාම දකින්නේ කපන එකාගේ ජාතියේ....ඡන්ද මල්ලට මළ පෙරේත කෑදරෙන් ඌට....කපන්න අවසර දුන්න එකාලව හොයලා එළිකරපල්ලා.....ඊළග ඡන්දෙදී.... අපේ  ගොන් හරක්ට බලු බූරෑ නරීන්ට... උඩ පැනලාම ආයෙත් ඡන්දේ දෙන්න..... !  කට බිම දාලා තැලුවත් ඇත්ත කියන්නම වෙනවා  !!!,කපන එකා ගැන විතරයි....හැම එකාම දකින්නේ කපන එකාගේ ජාතියේ....ඡන්ද මල්ලට මළ පෙරේත කෑදරෙන් ඌට....කපන්න අවසර දුන්න එකාලව හොයලා එළිකරපල්ලා.....ඊළග ඡන්දෙදී.... අපේ ගොන් හරක්ට බලු බූරෑ නරීන්ට... උඩ පැනලාම ආයෙත් ඡන්දේ දෙන්න..... ! කට බිම දාලා තැලුවත් ඇත්ත කියන්නම වෙනවා !!!,Harassment,0.957
කම්මැලි කොල්ලනේ පොල්කටුව ගෙන අතිනේ පලයන් හිගමනේ තොපට අන් පිලිසරණ නෑනේ,කම්මැලි කොල්ලනේ පොල්කටුව ගෙන අතිනේ පලයන් හිගමනේ තොපට අන් පිලිසරණ නෑනේ,Harassment,0.9365
කම්මැලි හිතුන පලියට හුක හුකා යන්න එපා,කම්මැලි හිතුන පලියට හුක හුකා යන්න එපා,Harassment,0.9316
කයිසර් පොන්නයට පුක දෙන එවුන්ට සැපද දැන්...  ඉස්සරහටත් මූටම දියන්... URL,කයිසර් පොන්නයට පුක දෙන එවුන්ට සැපද දැන්... ඉස්සරහටත් මූටම දියන්... උර්ල්,Harassment,0.9146
කරත්ත game ඵකේ ඉන්නා දඩ මාමිලා වෙතටයි. හැම රෙද්දටම මටම දඩ ගහන්ඩ ඵපා යකෝ,කරත්ත game ඵකේ ඉන්නා දඩ මාමිලා වෙතටයි. හැම රෙද්දටම මටම දඩ ගහන්ඩ ඵපා යකෝ,Harassment,0.9399
"කරතොත් කරපන් හරියට, නැත්තම් පලයන් අහකට. #DiskeAmmataDiske","කරතොත් කරපන් හරියට, නැත්තම් පලයන් අහකට. දිස්කෙඅම්මටදිස්කේ",Harassment,0.979
@USER කරන්න දෙයක් නෑ මල්ලි. උඹ තමයි හිතාමතාම ඇදල ඇරියෙ. පස්සෙ පුක රත් වෙන්න වදිද්දි වචනයක් වැරදුනා වගේකෑලි දාල මාරුවෙන්න හැදුවට වැඩක් නෑ,කරන්න දෙයක් නෑ මල්ලි. උඹ තමයි හිතාමතාම ඇදල ඇරියෙ. පස්සෙ පුක රත් වෙන්න වදිද්දි වචනයක් වැරදුනා වගේකෑලි දාල මාරුවෙන්න හැදුවට වැඩක් නෑ,Harassment,0.9429
කරන්න පුලුවන්. කෙල්ලො 5ක් 6ක් හොයාගන්න එකනෙ අමාරු බන්ස් | BΛNZ @USER  · 5 Oct 2018 බඩ බහිනවා හුටස් ගලා,කරන්න පුලුවන්. කෙල්ලො 5ක් 6ක් හොයාගන්න එකනෙ අමාරු බන්ස් | බλන්ළ · 5 ඔච්ට් 2018 බඩ බහිනවා හුටස් ගලා,Harassment,0.9419
කරුණාකර අදවත් පුක පොලේ ගහගෙන මැරියං රෙද්ද  #GoodMorningTweeps #මොනාඋනත්පුක,කරුණාකර අදවත් පුක පොලේ ගහගෙන මැරියං රෙද්ද ගූද්මොර්නින්ග්ට්වීප්ස් #මොනාඋනත්පුක,Harassment,0.9194
කලවැද්දා.  තෝ  බීලා ද? වහලේ එහෙ මෙහෙ දුවන්නේ ..,කලවැද්දා. තෝ බීලා ද? වහලේ එහෙ මෙහෙ දුවන්නේ ..,Harassment,0.9209
කලින් කරපු කැරි වැඩ ඊයේ ඉදන් පටන් ගත්තා :/  ෆට්ට වේස හුත්තියක්ව ටෝක් කරලා ගැලෙව්වා ඇදුම් :3  ගැහෙව්වා... URL,කලින් කරපු කැරි වැඩ ඊයේ ඉදන් පටන් ගත්තා :/ ෆට්ට වේස හුත්තියක්ව ටෝක් කරලා ගැලෙව්වා ඇදුම් :3 ගැහෙව්වා... උර්ල්,Harassment,0.9126
කලිසම ඉරුණට හරියට ඒක පේන්නෑ අම්ම හොදට මහල දුන්නා ඒමට බය නෑ උඩ බොත්තමෙ ගහල තියෙන කටුව පේන්නෑ සෙරෙප්පු දෙක හොදට ගෙවිලා දැක්කොත් හරිනෑ  . . දුප්පත් මට සමච්චලේටද හිනා උනේ  The following media includes potentially sensitive content. Change settings View,කලිසම ඉරුණට හරියට ඒක පේන්නෑ අම්ම හොදට මහල දුන්නා ඒමට බය නෑ උඩ බොත්තමෙ ගහල තියෙන කටුව පේන්නෑ සෙරෙප්පු දෙක හොදට ගෙවිලා දැක්කොත් හරිනෑ . . දුප්පත් මට සමච්චලේටද හිනා උනේ The following media ඉන්ච්ලුදෙස් potentially sensitive content. Change සෙට්ටින්ග්ස් View,Harassment,0.9551
@USER කලිසම ඉරුතට හරියට ඒක පෝන් නෑ අම්ම හොදට මහල දුන්න ඒකට බය නෑ උඩ බොත්තමේ ගහල තියෙන කටුව පේන් නෑ සෙරෙප්පු දෙක හොදට ගෙවිල දැක්කොත් හරි නෑ,කලිසම ඉරුතට හරියට ඒක පෝන් නෑ අම්ම හොදට මහල දුන්න ඒකට බය නෑ උඩ බොත්තමේ ගහල තියෙන කටුව පේන් නෑ සෙරෙප්පු දෙක හොදට ගෙවිල දැක්කොත් හරි නෑ,Harassment,0.9258
@USER කලිසම පොඩ්ඩක් හිරයිත් එක්ක පැලුනොත් තෝ තමයි,කලිසම පොඩ්ඩක් හිරයිත් එක්ක පැලුනොත් තෝ තමයි,Harassment,0.9302
@USER කලු සුද්දන්ට රිදිලනෙ තම්බින්ට පුක දීල තාම මේ ආණ්ඩුවෙ හැත්තටවත් හොයාගන්න බැරි වුණු පාස්කු කේස් එකෙ බඩ දරු අම්මලත් එක්ක බෝම්බ බැදන් සොම්බි වගෙ මැරුණු ඒවා මතක නෑ  හැබැයි අනුන්ගෙ පුකවල් හොඳට හෝදල හුරුයි.. රිදිල ඉන්නෙ මේක දැකපු උන්ට,කලු සුද්දන්ට රිදිලනෙ තම්බින්ට පුක දීල තාම මේ ආණ්ඩුවෙ හැත්තටවත් හොයාගන්න බැරි වුණු පාස්කු කේස් එකෙ බඩ දරු අම්මලත් එක්ක බෝම්බ බැදන් සොම්බි වගෙ මැරුණු ඒවා මතක නෑ හැබැයි අනුන්ගෙ පුකවල් හොඳට හෝදල හුරුයි.. රිදිල ඉන්නෙ මේක දැකපු උන්ට,Harassment,0.9556
කවදා හරි මං මැරෙන්නේ shop eke පිටි පස්ස කන්ද නැගල බං — feeling crazy,කවදා හරි මං මැරෙන්නේ shop eke පිටි පස්ස කන්ද නැගල බං — feeling crazy,Harassment,0.9087
"කවදාවත් ""තොගේ අම්මට $&@"" කියලා කියපු නැති එකෙක්ට නම් කැත නැතුව මව්වරුන්ගේ දිනය සමරන්න පුලුවන්!    #happymothersday","කවදාවත් ""තොගේ අම්මට $&@"" කියලා කියපු නැති එකෙක්ට නම් කැත නැතුව මව්වරුන්ගේ දිනය සමරන්න පුලුවන්! හැප්ප්ය්මොතෙර්ස්දය්",Harassment,0.937
කව්ද දර්සනට Scrolling Screenshots ගහන්න කියලා දුන්න පකයා.   මරණවා අහුවුනොත් වේස හැත්ත,කව්ද දර්සනට ස්ච්රෝල්ලින්ග් ස්ච්රීන්ශෝට්ස් ගහන්න කියලා දුන්න පකයා. මරණවා අහුවුනොත් වේස හැත්ත,Harassment,0.9219
කව්ද යකෝ #sanga ගේ A/C එක hack කරපු ප__ ඔය වෙඩි කන්නනේ දඟලන්නේ දැන් #walimodeon,කව්ද යකෝ #sanga ගේ අච එක hack කරපු ප__ ඔය වෙඩි කන්නනේ දඟලන්නේ දැන් වලිමොදෙඔන්,Harassment,0.9819
කව්ද යකෝ Video Call අරන් කෑවද බබා කියලා අහන්නේ  #lka,කව්ද යකෝ Video Call අරන් කෑවද බබා කියලා අහන්නේ ලක,Harassment,0.9141
කව්ද යකෝ මෙ හොර tag හදන එකා #TweepsMachOut #TweepsMatchOut  @USER,කව්ද යකෝ මෙ හොර tag හදන එකා ත්වෙඑප්ස්මචෞත් ත්වෙඑප්ස්මත්චෞත්,Harassment,0.9053
කව්ද යකෝ සංගට සද්දයක් දැම්මේ ? කපන්න ඕනේ පර සුද්දව...,කව්ද යකෝ සංගට සද්දයක් දැම්මේ ? කපන්න ඕනේ පර සුද්දව...,Harassment,0.9316
කව්ද යකෝ ස්ටෙපනිට බයින්නෙ. පෙති ගහන්නෙ පෙති,කව්ද යකෝ ස්ටෙපනිට බයින්නෙ. පෙති ගහන්නෙ පෙති,Harassment,0.9292
කවුද අවජාතක මේ මී හරකා URL,කවුද අවජාතක මේ මී හරකා උර්ල්,Harassment,0.9067
@USER කවුද කියහන් උඹට බඩුව කිව්ව එකා. සෙනිකව කපමු,කවුද කියහන් උඹට බඩුව කිව්ව එකා. සෙනිකව කපමු,Harassment,0.9683
@USER  @USER කවුද බම් මේ උට්ටිගේ පුතා?හැබැයි ඌ මනාව ඔප්පු කරනවා උගේ ජාතකේ හෙන ගැටළු සහගතයි කියලා.ඌට හපන් ඇන්කෝර් එක දෙන උට්ටීගේ පුතාලා,කවුද බම් මේ උට්ටිගේ පුතා?හැබැයි ඌ මනාව ඔප්පු කරනවා උගේ ජාතකේ හෙන ගැටළු සහගතයි කියලා.ඌට හපන් ඇන්කෝර් එක දෙන උට්ටීගේ පුතාලා,Harassment,0.9668
@USER  @USER කවුද මල්ලි මේ? ගෑනු අස්සෙ රිංගන පොන්න හු#&$& ද කොහෙද? පව් ඕයි මූ ගෑනුන්ගෙ හි&#& ගද විතරයි දන්නෙ සුවද කියලා හිතාගෙන. පව් ඉතින් ඒකට අපි සුවද කියන්නෙ මොකක්ද කියලා හරියටම දන්නවා,කවුද මල්ලි මේ? ගෑනු අස්සෙ රිංගන පොන්න හු#&$& ද කොහෙද? පව් ඕයි මූ ගෑනුන්ගෙ හි&#& ගද විතරයි දන්නෙ සුවද කියලා හිතාගෙන. පව් ඉතින් ඒකට අපි සුවද කියන්නෙ මොකක්ද කියලා හරියටම දන්නවා,Harassment,0.9448
@USER කවුද යකෝ python ජරාවක් කියපු එකා ??? කොටනවා,කවුද යකෝ python ජරාවක් කියපු එකා ??? කොටනවා,Harassment,0.9541
කවුද යකෝ අපේ අප්පොච්චව ඇදල ගන්න හැදුවේ? උබල එතුමා අමාරුවෙන් හම්බකරල හදා ගත්තු අපල මුදු ටික නේද ගලවන්න හැදුවේ? #GenElecSL,කවුද යකෝ අපේ අප්පොච්චව ඇදල ගන්න හැදුවේ? උබල එතුමා අමාරුවෙන් හම්බකරල හදා ගත්තු අපල මුදු ටික නේද ගලවන්න හැදුවේ? ගෙනෙලේච්ස්ල්,Harassment,0.937
"කවුද යකෝ අර අහිංසක තිස්සයව හිරේට දැම්මේ, බලහල්ලා අර කෙලී අව්වේ පිච්චෙන හැටි. මේකද යහපලානේ?? — feeling crazy","කවුද යකෝ අර අහිංසක තිස්සයව හිරේට දැම්මේ, බලහල්ලා අර කෙලී අව්වේ පිච්චෙන හැටි. මේකද යහපලානේ?? — feeling crazy",Harassment,0.9302
"කවුද යකෝ තුංමං හංදිය ගාව ""චූස්...චුස්ස්..."" ගාපු කෙල්ලො දෙන්නා!!!","කවුද යකෝ තුංමං හංදිය ගාව ""චූස්...චුස්ස්..."" ගාපු කෙල්ලො දෙන්නා!!!",Harassment,0.9326
"කවුද යකෝ මගෙ එකවුන්ට් එකට   හොරෙන් ලොග් වෙන්න හදන ජාතකයක් නැති අවජාතකයා  අහු උනොත් ගලෝනව කෙස් එක එක   දන් නැද්ද  තෝ ලොග් වෙන්න දගලනකොට   අයිතිකාරය වෙච්ච මට වත් ලොග් වෙන්න දෙන් නෑ  අනික මං මේකේ රත්තරං ,සල්ලි හංගලා නෑ ise    හිටපන්කෝ පාඩුවේ   මගේ ජංගිය  බලෙන් ගලවන් ඇදගන්න හදන්නේ The following media includes potentially sensitive content. Change settings View","කවුද යකෝ මගෙ එකවුන්ට් එකට හොරෙන් ලොග් වෙන්න හදන ජාතකයක් නැති අවජාතකයා අහු උනොත් ගලෝනව කෙස් එක එක දන් නැද්ද තෝ ලොග් වෙන්න දගලනකොට අයිතිකාරය වෙච්ච මට වත් ලොග් වෙන්න දෙන් නෑ අනික මං මේකේ රත්තරං ,සල්ලි හංගලා නෑ ඉසේ හිටපන්කෝ පාඩුවේ මගේ ජංගිය බලෙන් ගලවන් ඇදගන්න හදන්නේ The following media ඉන්ච්ලුදෙස් potentially sensitive content. Change සෙට්ටින්ග්ස් View",Harassment,0.9287
කවුද යකෝ මේ ගොබ්බ පෝස්ටර් ගහන්නෙ  Darshana Esajenith @USER  · 29 Dec 2021 බඩ ලෙප්ට්...,කවුද යකෝ මේ ගොබ්බ පෝස්ටර් ගහන්නෙ Darshana එසජෙනිත් · 29 දෙක් 2021 බඩ ලෙප්ට්...,Harassment,0.9663
කවුරු හරි මේක ජනාධිපතිවරණයක් කිව්වොත් කොටනවා සනිකව. මේ අවජාතක බයියන්ට අප්පච්චි කෙනෙක් තෝරන සටනක් යකෝ URL,කවුරු හරි මේක ජනාධිපතිවරණයක් කිව්වොත් කොටනවා සනිකව. මේ අවජාතක බයියන්ට අප්පච්චි කෙනෙක් තෝරන සටනක් යකෝ උර්ල්,Harassment,0.9307
කවුරුහරි ගොන් මොරාල් කාරයො ටිකක් form වෙලා පුක දෙනවද කොහෙද? අල්ලල හිරේට දාන්න තියෙන්නෙ ගොන් පොන්නයොන්ව. නැති ප්‍රශ්න අවුලවනවට,කවුරුහරි ගොන් මොරාල් කාරයො ටිකක් form වෙලා පුක දෙනවද කොහෙද? අල්ලල හිරේට දාන්න තියෙන්නෙ ගොන් පොන්නයොන්ව. නැති ප්‍රශ්න අවුලවනවට,Harassment,0.978
කස්ටමර් කෙයා එකේ අක්කගෙන් දෙයක් අහනවට වඩා හොඳයි තඩි කේප්ප වැස්සියෙක්   අරන් පුන්නක්කු දීල දරුකමට  හදාගන්නෙක  ...  නෙද්දකින්   ක්‍රෑක් තුං  #LKA,කස්ටමර් කෙයා එකේ අක්කගෙන් දෙයක් අහනවට වඩා හොඳයි තඩි කේප්ප වැස්සියෙක් අරන් පුන්නක්කු දීල දරුකමට හදාගන්නෙක ... නෙද්දකින් ක්‍රෑක් තුං ලක,Harassment,0.9595
@USER කස්සප ගල කපලා එනවලු සෝ වැඩිහිටියෙක් වගේ ඉන්න,කස්සප ගල කපලා එනවලු සෝ වැඩිහිටියෙක් වගේ ඉන්න,Harassment,0.9067
@USER  @USER ක්‍රිඩාවට මොන ජාති ආගම්ද හු*තෝ.. තොගේ කෙස් පැහුනේ අවුවටද?,ක්‍රිඩාවට මොන ජාති ආගම්ද හු*තෝ.. තොගේ කෙස් පැහුනේ අවුවටද?,Harassment,0.9238
කාකි ඇඳන් දණට උඩින් රඟන නියා රැවටෙන්න ද ඇස් අන්ධ ද අපේ මෙයා දණ ගහගෙන කොන්ද බදන් අඬන ඔයා රොන් හොයන්නෙ කොන්දෙ ගාන්න ද නාකි බඹරො ඔයා හොඳ පුතා @USER  · 30 Dec 2021 කොට ඇද ඇඳන් හොට නම් මුවඅතේ දිලේ නාකි උනත් වස්සා නම් අැදේ ගැලේ කවියට චුටි නංගිගේ හදවතේ මලේ රොන් ඉතිරැවොත් කියපන් කිරිකලේ පෙලේ  twitter.com/IshankaJayasin…,කාකි ඇඳන් දණට උඩින් රඟන නියා රැවටෙන්න ද ඇස් අන්ධ ද අපේ මෙයා දණ ගහගෙන කොන්ද බදන් අඬන ඔයා රොන් හොයන්නෙ කොන්දෙ ගාන්න ද නාකි බඹරො ඔයා හොඳ පුතා · 30 දෙක් 2021 කොට ඇද ඇඳන් හොට නම් මුවඅතේ දිලේ නාකි උනත් වස්සා නම් අැදේ ගැලේ කවියට චුටි නංගිගේ හදවතේ මලේ රොන් ඉතිරැවොත් කියපන් කිරිකලේ පෙලේ ට්විට්ටේර්චොමිෂන්කජයසින්,Harassment,0.957
@USER කාගෙද බන් මේ කැරි වේස කිම්බ,කාගෙද බන් මේ කැරි වේස කිම්බ,Harassment,0.9351
@USER  @USER කාටවත් අඩගහයිද අල්ලට කෙල ගහයිද පොඩි උන් මහපාරෙ බොල බලන්නෙ අරූ බල්ලට ගල ගහයිද  #මානසික්ගේඩයරියෙන්,කාටවත් අඩගහයිද අල්ලට කෙල ගහයිද පොඩි උන් මහපාරෙ බොල බලන්නෙ අරූ බල්ලට ගල ගහයිද #මානසික්ගේඩයරියෙන්,Harassment,0.978
"කාටවත් අඬගහයිද,අල්ලට කෙල ගහයිද, පොඩි උන් මහ පාරේ #බොලා බලන්නේ #අරූ බල්ලට ගල ගහයිද....???","කාටවත් අඬගහයිද,අල්ලට කෙල ගහයිද, පොඩි උන් මහ පාරේ #බොලා බලන්නේ #අරූ බල්ලට ගල ගහයිද....???",Harassment,0.9189
කාන්නු ගොයියක් කන්දේ ලාලා පන්ද ලාලුයි කයිගොන් මීයක් කාලේ වේලා පාල වේලුයි කාරෝ උයියක් කානේ හේලා පාන හේලුයි කල්ලෝ බයියක් කටවරලා කීම ගේලුයි  ගෝන්නු කයියක් ලන්දේ කාලා ලන්ද පාලුයි මී ගොන් කයියක් වේලේ කාලා වේල පාලුයි ඌරෝ කයියක් හේනේ කාලා හේන පාලුයි බල්ලෝ කයියක් වට කරලා ගේම කීලුයි...,කාන්නු ගොයියක් කන්දේ ලාලා පන්ද ලාලුයි කයිගොන් මීයක් කාලේ වේලා පාල වේලුයි කාරෝ උයියක් කානේ හේලා පාන හේලුයි කල්ලෝ බයියක් කටවරලා කීම ගේලුයි ගෝන්නු කයියක් ලන්දේ කාලා ලන්ද පාලුයි මී ගොන් කයියක් වේලේ කාලා වේල පාලුයි ඌරෝ කයියක් හේනේ කාලා හේන පාලුයි බල්ලෝ කයියක් වට කරලා ගේම කීලුයි...,Harassment,0.9673
කාලකණ්ණි පාහර unp හැත්ත අපේ ෆෙස්බුක් පෙජ් රිපොට් කරන්නෙ ගොටාට සහය දක්වන එක උහුලන්න බැරිවද සක්කිලි තොපි අනිවාර්යයෙන් පරදිනවා බල්ලොට ජාතක උන පක්කලි වැඩ කරන අවජාතක හැත්ත,කාලකණ්ණි පාහර උන්ප් හැත්ත අපේ ෆෙස්බුක් පෙජ් රිපොට් කරන්නෙ ගොටාට සහය දක්වන එක උහුලන්න බැරිවද සක්කිලි තොපි අනිවාර්යයෙන් පරදිනවා බල්ලොට ජාතක උන පක්කලි වැඩ කරන අවජාතක හැත්ත,Harassment,0.9512
@USER කාලකණ්ණි බම්.ගහල එලවන්න ඕන,කාලකණ්ණි බම්.ගහල එලවන්න ඕන,Harassment,0.9614
@USER කාලකණ්ණි වේසිගේ පුතාලා ඔිකූන්ට හෙණහත ගහන්න ඕනේ..මගෙත් දෙපාරක් පර්ස් එකට ගැහුවා නේ..,කාලකණ්ණි වේසිගේ පුතාලා ඔිකූන්ට හෙණහත ගහන්න ඕනේ..මගෙත් දෙපාරක් පර්ස් එකට ගැහුවා නේ..,Harassment,0.9263
"කාලකන්නි අමිලයො, දැන්වත් හාමුගෙ පස්ස ලෙවකන්නෙ නැතුව හිටපන්. #EasterSundayAttackLK","කාලකන්නි අමිලයො, දැන්වත් හාමුගෙ පස්ස ලෙවකන්නෙ නැතුව හිටපන්. එඅස්තෙර්සුඬ්යත්තක්ක්ල්ක",Harassment,0.9351
කාලකන්නි අවලම් අවජාතක මූසලම අමුනුස්ස පාලකයෝ වගේම මිනිස්සු ඉන්න රටක් සිරි ලංකාව කියන්නේ.. URL This Tweet is unavailable.,කාලකන්නි අවලම් අවජාතක මූසලම අමුනුස්ස පාලකයෝ වගේම මිනිස්සු ඉන්න රටක් සිරි ලංකාව කියන්නේ.. උර්ල් This Tweet ඉස unavailable.,Harassment,0.9019
@USER  @USER කාලකන්නි ඕකුනගෙ පුක මහලා බඩයන්න බෙහෙත් දෙන්න ඕනා,කාලකන්නි ඕකුනගෙ පුක මහලා බඩයන්න බෙහෙත් දෙන්න ඕනා,Harassment,0.9492
කාලකන්නි හැතිකරේ මම අද කඳුලු ගෑසුත් කාගෙන ආවෙ දියත කිට්ටුව first year පොඩි උන් ටිකක් වගේ පෙනුනෙ ඔක්කොම උන්  උං කපල් පාරෙ හුරතල් වෙනව සමහරු ice cream කනව තව උං selfi ගහනව තව උං වතුර ගහ ගන්නව අපි පාරෙ චාටර් කනව ඕකුන් වදපු දෙමව්පියො මැරෙන්නෙත් පන පිටින් පනුව ගහල මූසල හැත්ත,කාලකන්නි හැතිකරේ මම අද කඳුලු ගෑසුත් කාගෙන ආවෙ දියත කිට්ටුව first year පොඩි උන් ටිකක් වගේ පෙනුනෙ ඔක්කොම උන් උං කපල් පාරෙ හුරතල් වෙනව සමහරු ice cream කනව තව උං සෙල්ෆි ගහනව තව උං වතුර ගහ ගන්නව අපි පාරෙ චාටර් කනව ඕකුන් වදපු දෙමව්පියො මැරෙන්නෙත් පන පිටින් පනුව ගහල මූසල හැත්ත,Harassment,0.9731
කාලයක් එක දිගට කුඩු..දැන් කඩු..මෙිවා දකිද්දි ඇඟේ ලේ තමයි රත්වෙන්නේ..මෙිවට තනිකරම වගකියන්න ඔින පාර්ලිමේන්තුවෙි ඉන්න හිවල්ලු ටික..රෙද්ද අස්සේ දාගන නයින්ට කිරි පෙවිවට..නයා නයාමනේ,කාලයක් එක දිගට කුඩු..දැන් කඩු..මෙිවා දකිද්දි ඇඟේ ලේ තමයි රත්වෙන්නේ..මෙිවට තනිකරම වගකියන්න ඔින පාර්ලිමේන්තුවෙි ඉන්න හිවල්ලු ටික..රෙද්ද අස්සේ දාගන නයින්ට කිරි පෙවිවට..නයා නයාමනේ,Harassment,0.9541
කාසි පස්සේ උඹ දුවන්නේ බං නිමක් නෑ ඕක #temple run මෝඩයා වගේ උඹේ පස්සෙන් පන්නං අර පස්සෙන් එන කලු යකානේ මං,කාසි පස්සේ උඹ දුවන්නේ බං නිමක් නෑ ඕක #temple run මෝඩයා වගේ උඹේ පස්සෙන් පන්නං අර පස්සෙන් එන කලු යකානේ මං,Harassment,0.9048
කාසි පස්සේ උඹ දුවන්නේ බං නිමක් නෑ ඕක temple run මෝඩයා වගේ උඹේ පස්සෙන් පන්නං අර පස්සෙන් එන කලු යකානේ මං #කේසර_වදන්,කාසි පස්සේ උඹ දුවන්නේ බං නිමක් නෑ ඕක temple run මෝඩයා වගේ උඹේ පස්සෙන් පන්නං අර පස්සෙන් එන කලු යකානේ මං #කේසර_වදන්,Harassment,0.9512
කාළකණ්නි අවජාතක සුන්ඛයන් විසින් වැවු තාවුල්ලේ දාම ගිය උන්ගෙ දරුවන්ගේ අසූචි ගොඩවල්. අනුරාධපුරේ අපි මේ මළ ජරාවද... URL,කාළකණ්නි අවජාතක සුන්ඛයන් විසින් වැවු තාවුල්ලේ දාම ගිය උන්ගෙ දරුවන්ගේ අසූචි ගොඩවල්. අනුරාධපුරේ අපි මේ මළ ජරාවද... උර්ල්,Harassment,0.9258
"කැ* වේ* පොන්* ප්‍රභාකරන් හුත්*, තෝ ඉපදෙන ජාතියක් ජාතියක් පාසා හෙන කෝටියක් ගහපං. තෝ කුණුවෙලා මැරියං  වල් බල්ලෝ.","කැ* වේ* පොන්* ප්‍රභාකරන් හුත්*, තෝ ඉපදෙන ජාතියක් ජාතියක් පාසා හෙන කෝටියක් ගහපං. තෝ කුණුවෙලා මැරියං වල් බල්ලෝ.",Harassment,0.981
කැත කබරයා King Kongගෙන් කන්නෙ කොහොමද බලන්න ඕනෙනම් King Kong vs. Godzilla (1962) බලන්න. නැට්ටෙන් උස්සලා පොලවේ ගහන්නේ  #TeamKong,කැත කබරයා King Kongගෙන් කන්නෙ කොහොමද බලන්න ඕනෙනම් King කොන්ග් වස් ගොද්ළිල්ල (1962) බලන්න. නැට්ටෙන් උස්සලා පොලවේ ගහන්නේ ටෙඅම්කොන්ග්,Harassment,0.9731
කැත්තක් අරගෙන වත්තට යනකොට පෙත්තෙක් ඉදගෙන කජු කනවා... දොන්ත බබක්කට දෙන්න දෙයක් නැත පෙට්ටගමත් විකුණන් කනවා.. ආටක නාටක වේපට සුන්ගන් කෝඩි අලප්පන් බාං බාං බුරියං ඔක්කොම නරියං.. සාරිය අස්සෙන් බැලුවයි බුරියං...   කවුද යකෝ මේ lyrics ලියන්නේ  #Wasthi,කැත්තක් අරගෙන වත්තට යනකොට පෙත්තෙක් ඉදගෙන කජු කනවා... දොන්ත බබක්කට දෙන්න දෙයක් නැත පෙට්ටගමත් විකුණන් කනවා.. ආටක නාටක වේපට සුන්ගන් කෝඩි අලප්පන් බාං බාං බුරියං ඔක්කොම නරියං.. සාරිය අස්සෙන් බැලුවයි බුරියං... කවුද යකෝ මේ ල්ය්රිච්ස් ලියන්නේ වසති,Harassment,0.9775
@USER කැරි අවජාතක පොන්නයා..කොහෙද වෙසාවො හමුදුරුවො මැරයෙක් උනේ...යකො මෙච්චර කල් මහන්සි උනේ රට ජාති වෙනුවෙන්...වෙස කැරියා,කැරි අවජාතක පොන්නයා..කොහෙද වෙසාවො හමුදුරුවො මැරයෙක් උනේ...යකො මෙච්චර කල් මහන්සි උනේ රට ජාති වෙනුවෙන්...වෙස කැරියා,Harassment,0.9819
"@USER  @USER කැරි අාතල් ගන්න එපා ඕයි , චීන භාශා පන්ති පටන් ගමු.. ටෞකන්ඩ මොන සිපයියොද පකෝ හොයාගනිම් පොල්කට්ටක් හැන්ගෙන්න. . . මේ පොන්න කන්නගේ කතාව තමා....උබ බබා. නිකන් පල උට්ටො ඈ හුත්තො තොපි වගේ ගං කබර වහල්ලු ඉන්නකං උන්ට හොඳයි.. පුක දකින නායකත්වය සාටකේ දාගෙන බෙල්ල හිරකර ගන්න තමයි වෙන්නේ.","කැරි අාතල් ගන්න එපා ඕයි , චීන භාශා පන්ති පටන් ගමු.. ටෞකන්ඩ මොන සිපයියොද පකෝ හොයාගනිම් පොල්කට්ටක් හැන්ගෙන්න. . . මේ පොන්න කන්නගේ කතාව තමා....උබ බබා. නිකන් පල උට්ටො ඈ හුත්තො තොපි වගේ ගං කබර වහල්ලු ඉන්නකං උන්ට හොඳයි.. පුක දකින නායකත්වය සාටකේ දාගෙන බෙල්ල හිරකර ගන්න තමයි වෙන්නේ.",Harassment,0.9219
කැරි ජෙරියගෙ පුක මහල බඩ යන්න බෙහෙත් දෙන්නෝන,කැරි ජෙරියගෙ පුක මහල බඩ යන්න බෙහෙත් දෙන්නෝන,Harassment,0.9287
කැරි පකයා පොන්න හුකන්නා කැරි බඩුව  (6)ඉහත සදහන් මූලික කුනුහරප හා ප්‍රණවාචී නාමපද එක්වී නව කුනුහරප හටගනී...  හුත්තිගෙ පුතා වේසිගෙ පුතා කැරි වේසිගෙ පුතා හුත්තිගෙ කෙල්ල හුත්‍තිගෙ කොල්ලා  (7)තවද මූලික කුනුහරප හා අප්‍රාණවාචී නාමපද එක්වී නව කුනුහරප හටගනී...,කැරි පකයා පොන්න හුකන්නා කැරි බඩුව (6)ඉහත සදහන් මූලික කුනුහරප හා ප්‍රණවාචී නාමපද එක්වී නව කුනුහරප හටගනී... හුත්තිගෙ පුතා වේසිගෙ පුතා කැරි වේසිගෙ පුතා හුත්තිගෙ කෙල්ල හුත්‍තිගෙ කොල්ලා (7)තවද මූලික කුනුහරප හා අප්‍රාණවාචී නාමපද එක්වී නව කුනුහරප හටගනී...,Harassment,0.9873
"@USER කැරි පොනනයා හුකවගන්න හදන්නෙ...පකයා,රෙන්න තියෙන පුක දෙන්නෙ නැතුව හිටපන් හුජ්ජ පොඩි එකා...","කැරි පොනනයා හුකවගන්න හදන්නෙ...පකයා,රෙන්න තියෙන පුක දෙන්නෙ නැතුව හිටපන් හුජ්ජ පොඩි එකා...",Harassment,0.9844
"@USER  @USER කැරි පොනනයා හුකවගන්න හදන්නෙ...පකයා,රෙන්න තියෙන පුක දෙන්නෙ නැතුව හිටපන් හුජ්ජ පොඩි එකා...  කුණුහරුප කියල විහිලු නොකරන කටින් මේ පිට වෙන්නෙ මොනවද ඕයි.","කැරි පොනනයා හුකවගන්න හදන්නෙ...පකයා,රෙන්න තියෙන පුක දෙන්නෙ නැතුව හිටපන් හුජ්ජ පොඩි එකා... කුණුහරුප කියල විහිලු නොකරන කටින් මේ පිට වෙන්නෙ මොනවද ඕයි.",Harassment,0.9614
කැරි පොන්න අම්මයර් out එක දුන්නා එක out නෑ හුත්තෝ කැරි indian පොන්නයන්ට අත දෙන කැරියෙක් පොන්නයා,කැරි පොන්න අම්මයර් out එක දුන්නා එක out නෑ හුත්තෝ කැරි ඉඳිං පොන්නයන්ට අත දෙන කැරියෙක් පොන්නයා,Harassment,0.9697
"@USER කැරි පොන්න වෙසිගේ පුතා, තොගේ අම්මට බල්ලෝ හුකල ලැබිච්ච අට්ටාල පොන්නයෙක් තෝ,  රට විකුණන කාලකන්නි අවජාතක වෙසිගේ පුතා, තොට මේවා විඳවන්න වෙනොකොට බලාපිය...","කැරි පොන්න වෙසිගේ පුතා, තොගේ අම්මට බල්ලෝ හුකල ලැබිච්ච අට්ටාල පොන්නයෙක් තෝ, රට විකුණන කාලකන්නි අවජාතක වෙසිගේ පුතා, තොට මේවා විඳවන්න වෙනොකොට බලාපිය...",Harassment,0.9897
@USER කැරි පොන්න වේසිගේ පුතා.ngo ඩොලර් ඇරං unp එකට කඩේ යනවා,කැරි පොන්න වේසිගේ පුතා.ngo ඩොලර් ඇරං උන්ප් එකට කඩේ යනවා,Harassment,0.9629
කැරි පොන්න හුකන්නල ඔක්කොම එකයි .හුකවන්න ඕනෙ හැති කරේටම හුකෝනව  නිගමනය #අංතවාදී_මුස්ලිම්  = #මුස්ලිම්  එක සිංහල #පකෙක් මොනවත් මට කිවන් එක්ක එපා තොපිට එපානම් #block කරපන් නැත්නම් #Unfollow කරපන්. තොපි සිංහල ජාතියටත් පිළිලයක් මැරිය වහ බීල හුත්තිගෙ හැත්ත.,කැරි පොන්න හුකන්නල ඔක්කොම එකයි .හුකවන්න ඕනෙ හැති කරේටම හුකෝනව නිගමනය #අංතවාදී_මුස්ලිම් = #මුස්ලිම් එක සිංහල #පකෙක් මොනවත් මට කිවන් එක්ක එපා තොපිට එපානම් #block කරපන් නැත්නම් උන්ෆොල්ලොව් කරපන්. තොපි සිංහල ජාතියටත් පිළිලයක් මැරිය වහ බීල හුත්තිගෙ හැත්ත.,Harassment,0.9795
@USER කැරි බල්ලා....තෝ හුත්තිගෙ පුතෙක් කියලා රටට ලෝකෙට කියන් නැතුව හිටපිය.....තොගේ මහ ගෑනි ගස් ගල් අස්සෙ රින්ගලා තෝව ජාතක කරලා කියලා පේනවා....,කැරි බල්ලා....තෝ හුත්තිගෙ පුතෙක් කියලා රටට ලෝකෙට කියන් නැතුව හිටපිය.....තොගේ මහ ගෑනි ගස් ගල් අස්සෙ රින්ගලා තෝව ජාතක කරලා කියලා පේනවා....,Harassment,0.9868
@USER කැරි බල්ලෝ තො අහුවෙන එපා හුත්තෝ එක විතරයි තිබ්බේ යකෝ ඉදපන් හම්නලා ගන්න උබලා පකා,කැරි බල්ලෝ තො අහුවෙන එපා හුත්තෝ එක විතරයි තිබ්බේ යකෝ ඉදපන් හම්නලා ගන්න උබලා පකා,Harassment,0.979
@USER කැරි වේස තන් දෙකක් තියෙන්නෙ බැල්ලිට..ආදරෙයි,කැරි වේස තන් දෙකක් තියෙන්නෙ බැල්ලිට..ආදරෙයි,Harassment,0.9595
@USER  @USER    කැරි වේසිගෙ පුතා ලංකාවේ ජාතිවාදය අවුස්සපු හුකන්න තොට මේ ගැන කාතා කරන්න කිසිම අයිතියක් නෑ,කැරි වේසිගෙ පුතා ලංකාවේ ජාතිවාදය අවුස්සපු හුකන්න තොට මේ ගැන කාතා කරන්න කිසිම අයිතියක් නෑ,Harassment,0.9331
කැරි වේසිගේ ඉන්දියන් හුත්තිගේ පුතාලට හෙන ගහපිය කැරි බල්ලො,කැරි වේසිගේ ඉන්දියන් හුත්තිගේ පුතාලට හෙන ගහපිය කැරි බල්ලො,Harassment,0.9854
කැවුමේ කොන්ඩේ හදාගන්න බැරුව රෙන අය තමයි කොකිසට කඩේ යන්නේ  #TeamKevum,කැවුමේ කොන්ඩේ හදාගන්න බැරුව රෙන අය තමයි කොකිසට කඩේ යන්නේ ටෙඅම්කෙවුම්,Harassment,0.9199
කැහි ගෑණි දීලා ගත්ත හොටු ගෑණිට පලු යන්න දෙහි කපන්නේ මන්ද? URL,කැහි ගෑණි දීලා ගත්ත හොටු ගෑණිට පලු යන්න දෙහි කපන්නේ මන්ද? උර්ල්,Harassment,0.9629
කැළේ මාරු උනාට කොටියගෙ පුල්ලි මාරු වෙලා නෑ.   ඊළම ඔලුව ඇතුලෙ තියන් අහිංසක දෙමළ මිනිස්සුන්ව use කරල උන්ගෙ agenda දුවන සක්කිලි,කැළේ මාරු උනාට කොටියගෙ පුල්ලි මාරු වෙලා නෑ. ඊළම ඔලුව ඇතුලෙ තියන් අහිංසක දෙමළ මිනිස්සුන්ව use කරල උන්ගෙ agenda දුවන සක්කිලි,Harassment,0.9614
කෑ ගගහා මහ හයියෙන් අඩනකොට ඔබනාවා මිස තන් පුඩුව කටේ අම්මෙක් කවද්ද ඇගිල්ලෙන් ඇන ඇන ආදරෙයි කිව්වේ දරුවෙක්ට!  Copied,කෑ ගගහා මහ හයියෙන් අඩනකොට ඔබනාවා මිස තන් පුඩුව කටේ අම්මෙක් කවද්ද ඇගිල්ලෙන් ඇන ඇන ආදරෙයි කිව්වේ දරුවෙක්ට! Copied,Harassment,0.939
කෑගහල හිනාගියේ යකෝ!!  ආර්. බැද්දගේ @USER  · 23 Dec 2020 ඇඟේ සමහර අවයව එහෙම සම්බන්ධ වෙනව. උදාහරනයක් විදියට අධෝ-අක්ෂි ස්නායුවෙං පුකේ හිලත් ඇහැත් එකිනෙකට සම්බන්ධ කරනව. බොරු කියනව කියල හිතෙනව නං පුකේ මයිලක් ඇදල බලපං . . .ඇහැට කඳුලු එනව,කෑගහල හිනාගියේ යකෝ!! ආර්. බැද්දගේ · 23 දෙක් 2020 ඇඟේ සමහර අවයව එහෙම සම්බන්ධ වෙනව. උදාහරනයක් විදියට අධෝ-අක්ෂි ස්නායුවෙං පුකේ හිලත් ඇහැත් එකිනෙකට සම්බන්ධ කරනව. බොරු කියනව කියල හිතෙනව නං පුකේ මයිලක් ඇදල බලපං . . .ඇහැට කඳුලු එනව,Harassment,0.9263
කෑල්ල ගියත් ගෙනෙන් කෑල්ලක් නෙවෙයි ගෙඩියක් බෙල්ල තිබ්බත් පීල්ලට හම්බෙන්නෙ සුදු කොඩියක් ඇදලා ඇදලා දුක ලැබෙන්නේ සැප දුක කියන්නේ මඩියක්,කෑල්ල ගියත් ගෙනෙන් කෑල්ලක් නෙවෙයි ගෙඩියක් බෙල්ල තිබ්බත් පීල්ලට හම්බෙන්නෙ සුදු කොඩියක් ඇදලා ඇදලා දුක ලැබෙන්නේ සැප දුක කියන්නේ මඩියක්,Harassment,0.9229
කෑවොත් මෝරගේ උගුරේ කටු හිරවෙලා මැරෙන හුජ්ජ කොල්ලොත්   ගෝටා ආවෝත් සුදූ වෑන් එකෙන් උස්සලා මෝරට කන්ඩ දාවිලු.  තොපි වගේ මන්ද පෝසනෙන් පෙලෙන හිගන්නු මෝරෙක්වත් කන් නෑ ඕයි,කෑවොත් මෝරගේ උගුරේ කටු හිරවෙලා මැරෙන හුජ්ජ කොල්ලොත් ගෝටා ආවෝත් සුදූ වෑන් එකෙන් උස්සලා මෝරට කන්ඩ දාවිලු. තොපි වගේ මන්ද පෝසනෙන් පෙලෙන හිගන්නු මෝරෙක්වත් කන් නෑ ඕයි,Harassment,0.9546
@USER  @USER කිංස්බරි එකේ ඉන්නේ අම්මට හුකන කැරි වේස පොන්නයෝ.   දෙන සේවාවක් හරියට දෙන්නේ නෑ. හැබැයි සේවා ගාස්තු ටික නම් හරියට අය කර ගන්නවා.   මේවා ගැන කියද්දි ඇඩ්මින් මණ්ඩලේ ඉන්න කැරි පොන්නයෝ ටික අපිව block කරනවා.,කිංස්බරි එකේ ඉන්නේ අම්මට හුකන කැරි වේස පොන්නයෝ. දෙන සේවාවක් හරියට දෙන්නේ නෑ. හැබැයි සේවා ගාස්තු ටික නම් හරියට අය කර ගන්නවා. මේවා ගැන කියද්දි ඇඩ්මින් මණ්ඩලේ ඉන්න කැරි පොන්නයෝ ටික අපිව block කරනවා.,Harassment,0.9341
@USER කිම්බ තියං පුප දෙන්නේ මක්කද,කිම්බ තියං පුප දෙන්නේ මක්කද,Harassment,0.9453
@USER කිඹුලෙක් වගේ සයිස්.  පොකුනේ මාළු ටික කාල වේස තලගොයා,කිඹුලෙක් වගේ සයිස්. පොකුනේ මාළු ටික කාල වේස තලගොයා,Harassment,0.9307
කියන්න දෙයක් තියෙනවනම් මූනට කියපන් හුත්තෝ. බොරැ කේලම් වලට මල්ජංගි ඇදගෙන ලිං කටවල් ගානෙ අනුන්ගෙ රෙදි අපුල්ලන්නෙපා පොන්න කැරියා  #පකේපිරිමි,කියන්න දෙයක් තියෙනවනම් මූනට කියපන් හුත්තෝ. බොරැ කේලම් වලට මල්ජංගි ඇදගෙන ලිං කටවල් ගානෙ අනුන්ගෙ රෙදි අපුල්ලන්නෙපා පොන්න කැරියා #පකේපිරිමි,Harassment,0.9565
"කියන්න ලැජ්ජහයි. ඒත් කියනවා..  අවජාතක සිංහල ගෑනු. සිංහල වෙලා ඉපදිලා, සල්ලි වලට, හදාපු වඩාපු අම්මාගේ තාත්තගේ... URL","කියන්න ලැජ්ජහයි. ඒත් කියනවා.. අවජාතක සිංහල ගෑනු. සිංහල වෙලා ඉපදිලා, සල්ලි වලට, හදාපු වඩාපු අම්මාගේ තාත්තගේ... උර්ල්",Harassment,0.9219
@USER  කියපු දරුවෝ අවජාතක කොරපු හොර පියා #rajrajarathnam තමයි මේ ඉන්නේ. මෙයා ලග සේවය කොරපු කෙනෙක් කියලා ආරංචියි ඔය සල්ලි කොළ ගණන් කරන තැනක ඉන්නවා කියන්නේ  @USER  URL  @USER  @USER  @USER  @USER  @USER,කියපු දරුවෝ අවජාතක කොරපු හොර පියා රජ්රජරත්නම් තමයි මේ ඉන්නේ. මෙයා ලග සේවය කොරපු කෙනෙක් කියලා ආරංචියි ඔය සල්ලි කොළ ගණන් කරන තැනක ඉන්නවා කියන්නේ උර්ල්,Harassment,0.9087
කියලා කියපු අයම තමා පසු කලෙක තෝ හැදිගෑවියන් පර බල්ලා කියලා කියන්නෙත්  WinD @USER  · 28 Feb 2019 මම උඹ නම්... උඹට මාව ඕන තැනදි බෙල්ල ගහල ගියත් මම ඉන්නවා.,කියලා කියපු අයම තමා පසු කලෙක තෝ හැදිගෑවියන් පර බල්ලා කියලා කියන්නෙත් WinD · 28 ෆෙබ් 2019 මම උඹ නම්... උඹට මාව ඕන තැනදි බෙල්ල ගහල ගියත් මම ඉන්නවා.,Harassment,0.9194
@USER  @USER කියලා පෝලිම් දාගෙන වදාපු අවජාතක හැත්ත උඹලා. හම්බයන්ටද පෘතුගීසි කැරියන්ටද කියලා හරියටම හොයලා බලාගනින් උඹලගේ ජාතකේ. මේකෙ ඉන්න වේස බැල්ලියන්ගේ පැණි අම්බුඩ එකතු කරලා තම්බලා බීපල්ලා ඔය කැරිකම හරියනවද බලන්න,කියලා පෝලිම් දාගෙන වදාපු අවජාතක හැත්ත උඹලා. හම්බයන්ටද පෘතුගීසි කැරියන්ටද කියලා හරියටම හොයලා බලාගනින් උඹලගේ ජාතකේ. මේකෙ ඉන්න වේස බැල්ලියන්ගේ පැණි අම්බුඩ එකතු කරලා තම්බලා බීපල්ලා ඔය කැරිකම හරියනවද බලන්න,Harassment,0.9795
@USER කියලා වැඩක් නෑ බන් මල්ලි.. අවජාතක හැතිකරේ.. නෙදකින් සිරාවට,කියලා වැඩක් නෑ බන් මල්ලි.. අවජාතක හැතිකරේ.. නෙදකින් සිරාවට,Harassment,0.936
"කියවන්න, දැන් පාරේ යන්න බරි තත්වයක් තියෙන්නේ   මම- යන ගමන්  ඒයී ඒයී ඒයී මේ වරෙන් පරයා තෝ කොහේද යකෝ යන්නේ,  මම - හෑ මම කඩේ යන්නේ මාමේ    මුගේ අම්මට කියපිය කියපිය තෝ කාටද කඩේ යන්නේ   මම - අම්මට අම්මට පරිප්පු 500ක් ගේන්න   ආා හරි මල්ලී ගිහින් එන්න ,","කියවන්න, දැන් පාරේ යන්න බරි තත්වයක් තියෙන්නේ මම- යන ගමන් ඒයී ඒයී ඒයී මේ වරෙන් පරයා තෝ කොහේද යකෝ යන්නේ, මම - හෑ මම කඩේ යන්නේ මාමේ මුගේ අම්මට කියපිය කියපිය තෝ කාටද කඩේ යන්නේ මම - අම්මට අම්මට පරිප්පු 500ක් ගේන්න ආා හරි මල්ලී ගිහින් එන්න ,",Harassment,0.938
"කියාගන්න බැරි හෙන ලොකු තඩි මූසල, මජර, වේස දුකක් තියෙනවා ඕයී","කියාගන්න බැරි හෙන ලොකු තඩි මූසල, මජර, වේස දුකක් තියෙනවා ඕයී",Harassment,0.9551
"කිරෙන් බැද්දත් කොබෙයියා තෙලෙන් බැද්දත් කොබෙයියා  කිරෙන් බැද්දත්, තෙලෙන් බැද්දත් කොබෙයියා බොල කොබෙයියා URL","කිරෙන් බැද්දත් කොබෙයියා තෙලෙන් බැද්දත් කොබෙයියා කිරෙන් බැද්දත්, තෙලෙන් බැද්දත් කොබෙයියා බොල කොබෙයියා උර්ල්",Harassment,0.9341
"@USER @USER  කිරෙන් බැද්දත් කොබෙයියා තෙලෙන් බැද්දත් කොබෙයියා, කිරෙන් බැද්දත් තෙලෙන් බැද්දත් කොබෙයිය බොල කොබෙයියා..just think @USER","කිරෙන් බැද්දත් කොබෙයියා තෙලෙන් බැද්දත් කොබෙයියා, කිරෙන් බැද්දත් තෙලෙන් බැද්දත් කොබෙයිය බොල කොබෙයියා..just think",Harassment,0.9717
කිස් කරල තියෙන්නෙ වෙන එකෙක් ඒවට බඩු ගිහින් තියෙන්නෙ තව  එකෙක්ට  ඉදකින් පොන්න හැත්ත ඇඳගනිව්  චීත්ත huh   #KissAyya or #KissAiya,කිස් කරල තියෙන්නෙ වෙන එකෙක් ඒවට බඩු ගිහින් තියෙන්නෙ තව එකෙක්ට ඉදකින් පොන්න හැත්ත ඇඳගනිව් චීත්ත huh කිස්සය්ය ඔර කිස්සිය,Harassment,0.9761
"කිසිම කරදරයක් නැතුව දොට්ට යන මම, බිව්වා අද තඩි prune juice වීදුරුවක් ....","කිසිම කරදරයක් නැතුව දොට්ට යන මම, බිව්වා අද තඩි prune juice වීදුරුවක් ....",Harassment,0.9126
කුඩුගහන එකාට කුඩ්ඩා කියලා ගරහන උන්ම   බටේ කටේ තියාගෙන හෙන අඩම්බරේන් අයිස් ගහනවලූ බං   #පොශපීපල්,කුඩුගහන එකාට කුඩ්ඩා කියලා ගරහන උන්ම බටේ කටේ තියාගෙන හෙන අඩම්බරේන් අයිස් ගහනවලූ බං #පොශපීපල්,Harassment,0.9253
@USER  @USER කුඩේ තමන්ගේ උන පලියට වටේ උන්ගේ ඇඟේ වදින්න කරකවන්න බෑ.තමන්ගේ අම්ම අල්ලපු ගෙදර මනුස්සයා එක්ක නිදාගන්නවා  ඔයගේ මල්ලි ඒ මනුස්සයාගේ කියලා කෙනෙක් ලිව්වොත් ඔයා tolarete  කරනවද?ශක්තික පහර ගැහව්වේ religious icon එකකට.මගේ පෞද්ගලික මතය නම් ඔය මිනිහාව මානසික වෛද්‍යවරයෙක්ට යොමුකරන්න ඕන.,කුඩේ තමන්ගේ උන පලියට වටේ උන්ගේ ඇඟේ වදින්න කරකවන්න බෑ.තමන්ගේ අම්ම අල්ලපු ගෙදර මනුස්සයා එක්ක නිදාගන්නවා ඔයගේ මල්ලි ඒ මනුස්සයාගේ කියලා කෙනෙක් ලිව්වොත් ඔයා ටෝලරෙටේ කරනවද?ශක්තික පහර ගැහව්වේ religious icon එකකට.මගේ පෞද්ගලික මතය නම් ඔය මිනිහාව මානසික වෛද්‍යවරයෙක්ට යොමුකරන්න ඕන.,Harassment,0.9082
"කුණුහරප සහිතයි: . . . . . . . . . . . . . . . . . . . . . . . . . . . . මේ හුත්තිගේ පුතාගේ අම්මට හැමිණෙන්න ඌ හිතං ඉන්නේ මට වෙන වැඩ නෑ, මං කරන්න ඕනේ අනික් උන්ගේ පක්කාලි වැඩ විතරයි කියලා, පොන්න වේසිගේ පුතා !!!","කුණුහරප සහිතයි: . . . . . . . . . . . . . . . . . . . . . . . . . . . . මේ හුත්තිගේ පුතාගේ අම්මට හැමිණෙන්න ඌ හිතං ඉන්නේ මට වෙන වැඩ නෑ, මං කරන්න ඕනේ අනික් උන්ගේ පක්කාලි වැඩ විතරයි කියලා, පොන්න වේසිගේ පුතා !!!",Harassment,0.9756
"@USER කුනුහරපවල ව්‍යාකරණ වැරදියි නේද ??? වේසි නං අම්මට  .,. . . ඒ ක්‍රියාපදේ කරන්න බෑ.","කුනුහරපවල ව්‍යාකරණ වැරදියි නේද ??? වේසි නං අම්මට .,. . . ඒ ක්‍රියාපදේ කරන්න බෑ.",Harassment,0.9487
කුරානය ගෑන තේරුම් ගෙන ......පිටු ඉරා .....කුරානය ගිනිතියන එල කොල්ලෙක්...අපේ රටේ ඉන්න සර්වාආගමික අවජාතක මෑටි හරක්ට... URL,කුරානය ගෑන තේරුම් ගෙන ......පිටු ඉරා .....කුරානය ගිනිතියන එල කොල්ලෙක්...අපේ රටේ ඉන්න සර්වාආගමික අවජාතක මෑටි හරක්ට... උර්ල්,Harassment,0.9043
"@USER  @USER කුලා කියන්නෙ ranking වල මාස ගනනක් number One හිටපු player කෙනෙක් කියල දන්නෙනෑ මූ. මුගෙ පුක හරහට පලල, ලුණු දාලා, මහන්න ඕනි. මේ පොන්න හැත්තවයි, අර bookieපාලයවයි පන්නන්න, කොන්ද පනතියෙන එකෙක්වත් නෑ. මුන්ට පුලුවන් පුකක් නෑ. අපිට පිස්සු බන් මුන්ගෙ පකුන් බලන්නයි, අහන්නයි.","කුලා කියන්නෙ රන්කින්ග් වල මාස ගනනක් number One හිටපු player කෙනෙක් කියල දන්නෙනෑ මූ. මුගෙ පුක හරහට පලල, ලුණු දාලා, මහන්න ඕනි. මේ පොන්න හැත්තවයි, අර bookieපාලයවයි පන්නන්න, කොන්ද පනතියෙන එකෙක්වත් නෑ. මුන්ට පුලුවන් පුකක් නෑ. අපිට පිස්සු බන් මුන්ගෙ පකුන් බලන්නයි, අහන්නයි.",Harassment,0.9771
@USER  @USER කුශෝලිගේ පුක ගැන හුඟක් ප්‍රශ්න තියෙනවා එයාට,කුශෝලිගේ පුක ගැන හුඟක් ප්‍රශ්න තියෙනවා එයාට,Harassment,0.9302
"කූඹියෝ එක එපියක් වත් බලලා නැතුව , ඒක හෙන ගොන් කතාවක් කියලා පකේ ටෝල්ක්ස් දෙන උන් තමා කොමඩ් එකේ කක්කා දාද්දි පුක වෙනුවට කකුල් තියන් දාන්නේ.. උන් හෙන unique . ඕන් පිළිගනින්   #Koombiyomeetup","කූඹියෝ එක එපියක් වත් බලලා නැතුව , ඒක හෙන ගොන් කතාවක් කියලා පකේ ටෝල්ක්ස් දෙන උන් තමා කොමඩ් එකේ කක්කා දාද්දි පුක වෙනුවට කකුල් තියන් දාන්නේ.. උන් හෙන unique . ඕන් පිළිගනින් කූම්බියෝමීටුප්",Harassment,0.9141
කෙලවනවා නම් කෙලවිලා හැදි ගෑවිලා හිකවිලා හුක හුකෑස් වෙලා නන්තාර වෙලා නැතිම වෙලා යන්ඩම කෙලවන්න ඕන. නියපොත්තක වත් පන ඉතිරි කරන්නෙ නැතුව.,කෙලවනවා නම් කෙලවිලා හැදි ගෑවිලා හිකවිලා හුක හුකෑස් වෙලා නන්තාර වෙලා නැතිම වෙලා යන්ඩම කෙලවන්න ඕන. නියපොත්තක වත් පන ඉතිරි කරන්නෙ නැතුව.,Harassment,0.9575
"කෙල්ල බැ කිව්වම ""ඒකි බඩුව"" කියන ජාතියෙ උන් දැන් ""නීතියේ ගෑනි නෙවිල්ගෙ බඩුවලු.","කෙල්ල බැ කිව්වම ""ඒකි බඩුව"" කියන ජාතියෙ උන් දැන් ""නීතියේ ගෑනි නෙවිල්ගෙ බඩුවලු.",Harassment,0.9731
කෙල්ලක් දාගන්න බැරිනම් වැලක් බලන් අතේ ගහපන් පකෝ...  දකින දකින කෙල්ලට බඩුව කිය කිය හැමිනෙන්න හදන තොපි වගේ එවුන් තමා දවසක අහේනිය නිසාම වාහන වල දුම් බට වලටත් අරින්නෙ   #වැලිකතරේපොන්නරජා,කෙල්ලක් දාගන්න බැරිනම් වැලක් බලන් අතේ ගහපන් පකෝ... දකින දකින කෙල්ලට බඩුව කිය කිය හැමිනෙන්න හදන තොපි වගේ එවුන් තමා දවසක අහේනිය නිසාම වාහන වල දුම් බට වලටත් අරින්නෙ #වැලිකතරේපොන්නරජා,Harassment,0.9106
කෙල්ලගෙ කියුරියස් කැට් එකේ මට බනින්න එපා යකෝ. උබලාට ඕනෙනම් මට බනින්න මන් වෙනම එකක් හදලා දෙන්නම් .  පොන්න වේසිගේ පුතාලා .,කෙල්ලගෙ කියුරියස් කැට් එකේ මට බනින්න එපා යකෝ. උබලාට ඕනෙනම් මට බනින්න මන් වෙනම එකක් හදලා දෙන්නම් . පොන්න වේසිගේ පුතාලා .,Harassment,0.9131
කෙල්ලෙක් උනාම කුක්කු දෙක පේන නොපෙනෙන ගානට ඇදල  පුක හිර වෙන්න ඩෙනිමක් ගහල ඉද්දි තමයි නංගි කොල්ලෙක් උනත් ටෝක් කරන්නෙ   #බඩුවක්_කියල_දැනගෙන,කෙල්ලෙක් උනාම කුක්කු දෙක පේන නොපෙනෙන ගානට ඇදල පුක හිර වෙන්න ඩෙනිමක් ගහල ඉද්දි තමයි නංගි කොල්ලෙක් උනත් ටෝක් කරන්නෙ #බඩුවක්_කියල_දැනගෙන,Harassment,0.9604
"කෙල්ලෙක් උඹට එකීගේ phone number එකක් දෙනවා කියන්නේ, ඒ ඒකී උඹව විශ්වාස කරන නිසා.. එහෙව් එකීගේ number එකක් වටේ යවනවා නම්, අසහනකාරී විදියට හැසිරෙනවා නම්, උඹ මනුස්ස දුවක් දාව ජාතක වෙච්ච තිරිසන් ආත්මයක්.. ඒම තිරිසනුන්ට, ජාතක කරපු අම්මාව දැක්කත් අසහනේ උත්සන්න වෙන්න පුලුවන්.. ඇත්ත ඒකයි.","කෙල්ලෙක් උඹට එකීගේ phone number එකක් දෙනවා කියන්නේ, ඒ ඒකී උඹව විශ්වාස කරන නිසා.. එහෙව් එකීගේ number එකක් වටේ යවනවා නම්, අසහනකාරී විදියට හැසිරෙනවා නම්, උඹ මනුස්ස දුවක් දාව ජාතක වෙච්ච තිරිසන් ආත්මයක්.. ඒම තිරිසනුන්ට, ජාතක කරපු අම්මාව දැක්කත් අසහනේ උත්සන්න වෙන්න පුලුවන්.. ඇත්ත ඒකයි.",Harassment,0.9819
කෙල්ලෙක් කොල්ලො 15ක් එක්ක නිදා ගත්තොත් ඒකි බඩුව  හැබැයි කොල්ලෙක් එහෙම කලොත්   ඌ Gay,කෙල්ලෙක් කොල්ලො 15ක් එක්ක නිදා ගත්තොත් ඒකි බඩුව හැබැයි කොල්ලෙක් එහෙම කලොත් ඌ Gay,Harassment,0.9229
කෙල්ලෙක්ට යවපු එකක්. දාලා ගියොත් වෙඩි තියාගන්නවා කියලා  ඒකි වටේම දාලා,කෙල්ලෙක්ට යවපු එකක්. දාලා ගියොත් වෙඩි තියාගන්නවා කියලා ඒකි වටේම දාලා,Harassment,0.9277
කෙල්ලේක් වටේ ගියාම අදරේ ඉස්සරහ බොලද වුනාම ඵ කෙල්ල බඩුව ඵතකොට කොල්ලෝ කේල්ලො දේතුන් දේනා ඇසුරැ කරලා අත අරින ඵක විර කමද — feeling angry,කෙල්ලේක් වටේ ගියාම අදරේ ඉස්සරහ බොලද වුනාම ඵ කෙල්ල බඩුව ඵතකොට කොල්ලෝ කේල්ලො දේතුන් දේනා ඇසුරැ කරලා අත අරින ඵක විර කමද — feeling angry,Harassment,0.9717
කෙල්ලො නලවන්න කියාපු බඩුව ඌ. හැබැයි ඌ දන්නෙ නෑ කෙල්ලො ඒකට කැමති නෑ කියලා.  වැදුයන් වැදියන්.,කෙල්ලො නලවන්න කියාපු බඩුව ඌ. හැබැයි ඌ දන්නෙ නෑ කෙල්ලො ඒකට කැමති නෑ කියලා. වැදුයන් වැදියන්.,Harassment,0.9775
කෙල්ලො බඩු නම් උන්ව බඩු කරන උන් හෙන පොරවල්ද? #ගින්නටපිදුරු,කෙල්ලො බඩු නම් උන්ව බඩු කරන උන් හෙන පොරවල්ද? #ගින්නටපිදුරු,Harassment,0.938
කෙල්ලෝ නිකං පුක මාකට් කරන්නේ හරියට පුකෙන් රෙන්නේ නැ වන්නේ,කෙල්ලෝ නිකං පුක මාකට් කරන්නේ හරියට පුකෙන් රෙන්නේ නැ වන්නේ,Harassment,0.9624
කේසිරි තාම පංතියේ අවජාතක බල්ලෝ කියලා බනිනවාද දන්නෑ.  Thish @USER  · 20 Aug 2018 පුස්සැල්ල තාම ක්ලාස් එක ඉවර වෙද්දි වෙනවාද වෙනවාමයිද කියල අහනවාද දන්නෑ,කේසිරි තාම පංතියේ අවජාතක බල්ලෝ කියලා බනිනවාද දන්නෑ. තිෂ් · 20 ඖග් 2018 පුස්සැල්ල තාම ක්ලාස් එක ඉවර වෙද්දි වෙනවාද වෙනවාමයිද කියල අහනවාද දන්නෑ,Harassment,0.9482
@USER කො එන්න Strong බියර් ටිකක් කටට වක් කරන්න,කො එන්න Strong බියර් ටිකක් කටට වක් කරන්න,Harassment,0.9434
@USER  @USER කොච්චර උනත් ඒකි පහර හොදේ,කොච්චර උනත් ඒකි පහර හොදේ,Harassment,0.9712
කොච්චර බඩ පිරිල තිබුනත් අම්ම උයන බත් එකෙන් පිගන් දෙකක් කනව ... diet plan හරියයිද ඉතිං !,කොච්චර බඩ පිරිල තිබුනත් අම්ම උයන බත් එකෙන් පිගන් දෙකක් කනව ... diet plan හරියයිද ඉතිං !,Harassment,0.9287
@USER  @USER කොට උනාට පයිය දිගයි නේ. #Teamදිගපයිය,කොට උනාට පයිය දිගයි නේ. #Teamදිගපයිය,Harassment,0.915
"කොටට ඇඳපු පලියට, පච්චයක් ගහපු පලියට කෙල්ලෙක් බඩුවක් වෙනවා නම්, 70/80 ගනන් වල මිනි ගවුම ඇඳපු ආච්චිලා දාව ජාතක වුන අපේ අම්මලා අප්පලා අවජාතක වෙන්න ඕනා..","කොටට ඇඳපු පලියට, පච්චයක් ගහපු පලියට කෙල්ලෙක් බඩුවක් වෙනවා නම්, 70/80 ගනන් වල මිනි ගවුම ඇඳපු ආච්චිලා දාව ජාතක වුන අපේ අම්මලා අප්පලා අවජාතක වෙන්න ඕනා..",Harassment,0.9395
@USER  @USER කොටා කොටා ගාන්න එපා යකෝ මං 5'7 මොට්ටයා  BMI එක ගානට balance තෝ වගේ නෙමෙයි තඩියා,කොටා කොටා ගාන්න එපා යකෝ මං 5'7 මොට්ටයා බමි එක ගානට balance තෝ වගේ නෙමෙයි තඩියා,Harassment,0.9033
කොටින්ට ක⁣ඩේ යන සක්කිලි සිරස ඔහෝමම තමයි.   හැබැ දක්ෂයෙක්ට තැන දෙන්නෙ නෑ.   සහංගි නංගිව අයින් කරපු එක නම් ලොකු වැරැද්දක්..   #VoiceTeensLK #VoiceTeensSL #සක්කිලිසිරස #කොටිසිරස,කොටින්ට ක⁣ඩේ යන සක්කිලි සිරස ඔහෝමම තමයි. හැබැ දක්ෂයෙක්ට තැන දෙන්නෙ නෑ. සහංගි නංගිව අයින් කරපු එක නම් ලොකු වැරැද්දක්.. වොඉකෙතෙඑන්ස්ල්ක වොඉකෙතෙඑන්ෂ්ල #සක්කිලිසිරස #කොටිසිරස,Harassment,0.9331
@USER කොටින්ට ජාතක වෙච අවජාතක එවුන් කියන ඒවා ගණන් ගන්න එපා. ඔයාලා වගේ දාස් ගනනකගේ ⁣තාත්තලා නිසා තමයි අපි අද මරන බය නැතුව බස් එකක වුනත් යන්නේ.,කොටින්ට ජාතක වෙච අවජාතක එවුන් කියන ඒවා ගණන් ගන්න එපා. ඔයාලා වගේ දාස් ගනනකගේ ⁣තාත්තලා නිසා තමයි අපි අද මරන බය නැතුව බස් එකක වුනත් යන්නේ.,Harassment,0.9585
කොටියගෙ සින් එකෙන් දැනගත්තා සිංහල නමින් ඉන්න දෙමළට ජාතක උන් ඉන්නවා කියලා .නොදකින් සිංහල ජාතියනම්,කොටියගෙ සින් එකෙන් දැනගත්තා සිංහල නමින් ඉන්න දෙමළට ජාතක උන් ඉන්නවා කියලා .නොදකින් සිංහල ජාතියනම්,Harassment,0.9478
කොටියෙක් නෙවේ අලියෙක් පිඹුරෙක් මකරෙක් හිකනලෙක් ඕනා එකෙක් ගහන පලයන්. Zaman @USER  · 7 Jan 2016 අම්මපා ගහන් යනව කොටියෙක්ව වාහනේ.,කොටියෙක් නෙවේ අලියෙක් පිඹුරෙක් මකරෙක් හිකනලෙක් ඕනා එකෙක් ගහන පලයන්. Zaman · 7 ජන 2016 අම්මපා ගහන් යනව කොටියෙක්ව වාහනේ.,Harassment,0.9722
කොටුවේ ස්ටේශමේ තීන ස්ටීල් පුටුවල පුක ලිස්සනෝ..පුක තියල අලවන්න ඕනි ස්ථායී වෙන්න නම්...,කොටුවේ ස්ටේශමේ තීන ස්ටීල් පුටුවල පුක ලිස්සනෝ..පුක තියල අලවන්න ඕනි ස්ථායී වෙන්න නම්...,Harassment,0.9648
කොටේව ඇඳන් බහිද්දි කිම්බ කියනෝ.. මං මේ අඟලක් උඩි න්..,කොටේව ඇඳන් බහිද්දි කිම්බ කියනෝ.. මං මේ අඟලක් උඩි න්..,Harassment,0.9375
"කොණ්ඩෙ උඩට පීරපු පලියට,  කට ලඟ ලපයක් තිබ්බ පලියට,  කට උල් කර කර මෝඩ මිනිස්සු ගොනාට අන්ඳවන්න පුළුවන් වුන පලියට,... URL","කොණ්ඩෙ උඩට පීරපු පලියට, කට ලඟ ලපයක් තිබ්බ පලියට, කට උල් කර කර මෝඩ මිනිස්සු ගොනාට අන්ඳවන්න පුළුවන් වුන පලියට,... උර්ල්",Harassment,0.9507
@USER  @USER කොන්ඩම් පාවිච්චි කරන්නෙ පුකේ අරින්න විතරක් වෙන්නත් පුලුවං. එහෙමත් නැත්තං උඹ අහල තියනවද එලුවගෙ බෙල්ල වෙන්වෙන්න කපල මුට්ටිය බින්ද ජොකියෙක් ගැන ??,කොන්ඩම් පාවිච්චි කරන්නෙ පුකේ අරින්න විතරක් වෙන්නත් පුලුවං. එහෙමත් නැත්තං උඹ අහල තියනවද එලුවගෙ බෙල්ල වෙන්වෙන්න කපල මුට්ටිය බින්ද ජොකියෙක් ගැන ??,Harassment,0.9536
කොන්ඩේ නැතත් ඉන ගාවට රෙද්ද හැට්ටේ නොඇන්දාට සිරියාවතිගේ හැදිච්චකම තවම තියනවා.... කොරින් වගේ නෙවෙයි  #BeLikeSiriyawathi,කොන්ඩේ නැතත් ඉන ගාවට රෙද්ද හැට්ටේ නොඇන්දාට සිරියාවතිගේ හැදිච්චකම තවම තියනවා.... කොරින් වගේ නෙවෙයි බෙලිකෙසිරියවති,Harassment,0.9395
@USER කොන්ද පණ නැති අවජාතක වේස පරයා...වලක් කපාගෙන වැලලියං ඔයිට වඩා හොඳයි.....,කොන්ද පණ නැති අවජාතක වේස පරයා...වලක් කපාගෙන වැලලියං ඔයිට වඩා හොඳයි.....,Harassment,0.9609
"කොමඩ් කට හොදයි මුගේ කටට වඩා, නොදකින් මූ වගේ හිවලෙක්. #lka Ada Derana Sinhala @USER  · 10 Nov 2016 ආවා හැදුවේ ගෝඨායි හමුදාවේ එක නිලධාරියෙකුයි URL","කොමඩ් කට හොදයි මුගේ කටට වඩා, නොදකින් මූ වගේ හිවලෙක්. ලක අද දෙරණ සිංහල · 10 නොව 2016 ආවා හැදුවේ ගෝඨායි හමුදාවේ එක නිලධාරියෙකුයි උර්ල්",Harassment,0.9722
@USER කොරයි කොරයි. පයිය නගින්නෙ නැති උන් කරන්නෙත් ඔය උබ වගේ කෑ ගහන එක තමා. හුකා ගන්න බැරි උනාම ගමකට හුකන්ඩ වගේ කෑ ගහනව.,කොරයි කොරයි. පයිය නගින්නෙ නැති උන් කරන්නෙත් ඔය උබ වගේ කෑ ගහන එක තමා. හුකා ගන්න බැරි උනාම ගමකට හුකන්ඩ වගේ කෑ ගහනව.,Harassment,0.9863
කොරෝනා..ඔයිට වැඩිය හොඳයි උඹ මට හැදිලා..මට ඇරිය නම්...කල් බලාගෙන හිටියා කන්දක් නගින්න..රෙද්ද...,කොරෝනා..ඔයිට වැඩිය හොඳයි උඹ මට හැදිලා..මට ඇරිය නම්...කල් බලාගෙන හිටියා කන්දක් නගින්න..රෙද්ද...,Harassment,0.9497
කොල්ලක් කෙල්ලො හතර පහක් එක්ක relationship  තිබ්බොත් ඌ Player  කෙල්ලෙක් කොල්ලො හතරක් පහක් එක්ක  relationship දැම්මොත් ඒකි බඩුව   Sri Lankan   #කේ_logic  #SriLanka #RelationshipTwitter,කොල්ලක් කෙල්ලො හතර පහක් එක්ක relationship තිබ්බොත් ඌ Player කෙල්ලෙක් කොල්ලො හතරක් පහක් එක්ක relationship දැම්මොත් ඒකි බඩුව Sri ලන්කන් #කේ_logic ශ්‍රීලංකා රෙලතිඔන්ශිප්ත්විත්තෙර්,Harassment,0.9634
කොල්ලලේ පයිය උරලා ඇ‌ට දෙකත් ලේවකාල සැප දෙනවා අක්කා,කොල්ලලේ පයිය උරලා ඇ‌ට දෙකත් ලේවකාල සැප දෙනවා අක්කා,Harassment,0.9131
@USER කොල්ලෙක් බඩුව කියල මෙහෙම ලේබල් උනාමද කොහෙද,කොල්ලෙක් බඩුව කියල මෙහෙම ලේබල් උනාමද කොහෙද,Harassment,0.9321
කොල්ලෙක් ලගට එනව බොරුකියල *කල මාරුවෙනව ඉන් පස්සෙ ඌ චූන් එකේ ඈත්වෙනව අපි රෙද්ද  උස්සපු උන්ගෙ අඳෝනා බලනව. (*=හු) #ටීඇල් #අඳෝනා,කොල්ලෙක් ලගට එනව බොරුකියල *කල මාරුවෙනව ඉන් පස්සෙ ඌ චූන් එකේ ඈත්වෙනව අපි රෙද්ද උස්සපු උන්ගෙ අඳෝනා බලනව. (*=හු) #ටීඇල් #අඳෝනා,Harassment,0.9336
කොල්ලෙක්ට වමනේ ගියොත් ; තෝ බිව්වා නේද..බේබද්දා...තෝ නම් මූසල බේබද්දෙක්...  කෙල්ලෙක්ට වමනේ ගියොත් ; කවුද උඹට ඔය අපරාදෙ කරපු වනචරයා...  ඇයි ඒම,කොල්ලෙක්ට වමනේ ගියොත් ; තෝ බිව්වා නේද..බේබද්දා...තෝ නම් මූසල බේබද්දෙක්... කෙල්ලෙක්ට වමනේ ගියොත් ; කවුද උඹට ඔය අපරාදෙ කරපු වනචරයා... ඇයි ඒම,Harassment,0.9077
"කොල්ලෙකුයි කෙල්ලෙකුයි පාරේ තොලක් දානවා දැක්කොත් බඩ වෙයව්!  බඩ වෙලා, බඩට එන ""කොන්ඩයා""ලාව  උපද්දලා  අන්තිමේ පුක හපාගෙන මැරියව්!","කොල්ලෙකුයි කෙල්ලෙකුයි පාරේ තොලක් දානවා දැක්කොත් බඩ වෙයව්! බඩ වෙලා, බඩට එන ""කොන්ඩයා""ලාව උපද්දලා අන්තිමේ පුක හපාගෙන මැරියව්!",Harassment,0.9688
කොස් ඇට තලන්නට වෙයි උඹ බැන්දාම රෙදිටික හෝදපන් කීවිට දුක         ගේන අතුගාපන් මිදුල මට බෑ            කිව්වාම තේරෙයි උඹට අරුමය නිතරම        කීව කැප්ටන් @USER  · 8 Jun 2021  @USER කොස්ඇටේ බිච්,කොස් ඇට තලන්නට වෙයි උඹ බැන්දාම රෙදිටික හෝදපන් කීවිට දුක ගේන අතුගාපන් මිදුල මට බෑ කිව්වාම තේරෙයි උඹට අරුමය නිතරම කීව කැප්ටන් · 8 ජුන් 2021 කොස්ඇටේ බිච්,Harassment,0.9429
@USER @USER කොස් තම්බල..??? අනේ අම්මේ.. වෙන මොකුත් ඕනේ නෑමයි කොසුයි කරවල හොදියි තියෙද්දි... කටට කෙලත් එනව..,කොස් තම්බල..??? අනේ අම්මේ.. වෙන මොකුත් ඕනේ නෑමයි කොසුයි කරවල හොදියි තියෙද්දි... කටට කෙලත් එනව..,Harassment,0.9795
කොහෙ තියෙන රිටයිද හු*** පුතා. අනෙ නිකන් පලයන් බන් යන්න..,කොහෙ තියෙන රිටයිද හු*** පුතා. අනෙ නිකන් පලයන් බන් යන්න..,Harassment,0.9414
@USER  @USER කොහෙද තෝව බිලි දීලා නිදාගෙ ගන්නකම් පස්ස බලන්නෙ නෑ,කොහෙද තෝව බිලි දීලා නිදාගෙ ගන්නකම් පස්ස බලන්නෙ නෑ,Harassment,0.9214
කොහෙද යකෝ මෙතන ටියුට් තියෙන්නේ.. උඹ හිතුවද මම මෙතන උඹට ක්ලාස් කලා කියලා.. උඹට මඤ්ඤං ද මූකලන් වැස්සියේ... තන් දෙක ලොකු වුනාට වැඩක් නෑ උඹේ ඇට දෙක පොඩී. කෙප්ප වස්සා.. King Of Happiness @USER  · 22 Aug 2020  @USER මං උඹට චරිත සහතික දෙන්න නෑ. උඹම ඔබට චරිත සහතිකය ලබා දුන්නා. අද මේ ටියුට් ඔක්කොම කියවන  යාලුවෝ ඒක හොඳ හැටි තේරුම් ගත්තා. අනේ පව් බං උඹ,කොහෙද යකෝ මෙතන ටියුට් තියෙන්නේ.. උඹ හිතුවද මම මෙතන උඹට ක්ලාස් කලා කියලා.. උඹට මඤ්ඤං ද මූකලන් වැස්සියේ... තන් දෙක ලොකු වුනාට වැඩක් නෑ උඹේ ඇට දෙක පොඩී. කෙප්ප වස්සා.. King ඔෆ් Happiness · 22 ඖග් 2020 මං උඹට චරිත සහතික දෙන්න නෑ. උඹම ඔබට චරිත සහතිකය ලබා දුන්නා. අද මේ ටියුට් ඔක්කොම කියවන යාලුවෝ ඒක හොඳ හැටි තේරුම් ගත්තා. අනේ පව් බං උඹ,Harassment,0.9302
කොහෙද යන්නේ මේ ජම්බෝලේ වගේ මං කරවල හොද්ද උඹ සම්බෝලේ වගේ පාඩම් හිටින්නැති චක්කරයක් වගේ ඉනෙන් පහල නුඹේ අක්කරයක් වගේ,කොහෙද යන්නේ මේ ජම්බෝලේ වගේ මං කරවල හොද්ද උඹ සම්බෝලේ වගේ පාඩම් හිටින්නැති චක්කරයක් වගේ ඉනෙන් පහල නුඹේ අක්කරයක් වගේ,Harassment,0.9609
"කොහෙද හු#$%&* හිනා වෙනවා පේන්නෙ. තොගෙ ඇස් දෙකෙන් අඳුරගන්න තෝ අයිශ්චර්යද?""  කතාව ඉවරයි","කොහෙද හු#$%&* හිනා වෙනවා පේන්නෙ. තොගෙ ඇස් දෙකෙන් අඳුරගන්න තෝ අයිශ්චර්යද?"" කතාව ඉවරයි",Harassment,0.9307
@USER කොහෙවත් යන එකෙක් ඇනලා යනකන් තෝ බලන් ඉන්නැතුව තෝ ඇනලා පලකෝ...,කොහෙවත් යන එකෙක් ඇනලා යනකන් තෝ බලන් ඉන්නැතුව තෝ ඇනලා පලකෝ...,Harassment,0.9697
කොහේ තියෙන වචනද යකෝ මේ  тнαяιη∂υ ツ @USER  · 16 Sep 2017 නෙදකින් සබන් බෝල වේසාවා,කොහේ තියෙන වචනද යකෝ මේ тнαяιηυ ツ · 16 සේප 2017 නෙදකින් සබන් බෝල වේසාවා,Harassment,0.9346
කොහේවත් තියේන ඇප් එකක් දාගේන... වෙන සවුන්ඩ් එකකට ඇක් කරන.. මොඩ #;#/#= අවජාතක ගොන් හිගන්නුලා හැප්පීලා පල ගෙට... #f shhop merfog das,කොහේවත් තියේන ඇප් එකක් දාගේන... වෙන සවුන්ඩ් එකකට ඇක් කරන.. මොඩ #;#/#= අවජාතක ගොන් හිගන්නුලා හැප්පීලා පල ගෙට... ෆ ශ්හොප් මෙර්ෆොග් das,Harassment,0.9702
කොහොම හරි වටේ ගිහින් ගිහින් කුමාරයෙක් එක්ක සෙට් උනා නේ බං අර හුත්තික්කෙල්ල..බලංඩකෝ ඉතින් අපේ අහිංසක කෙල්ලෙක් ඔහොම වටේ ගියා නම් එහෙම බඩුව කියල නමකුත් හැදෙනවනේ  ..ඒ අතින් පෞ බං අපේ කෙල්ලෝ උන්ට මාර අසාදාරනයි..,කොහොම හරි වටේ ගිහින් ගිහින් කුමාරයෙක් එක්ක සෙට් උනා නේ බං අර හුත්තික්කෙල්ල..බලංඩකෝ ඉතින් අපේ අහිංසක කෙල්ලෙක් ඔහොම වටේ ගියා නම් එහෙම බඩුව කියල නමකුත් හැදෙනවනේ ..ඒ අතින් පෞ බං අපේ කෙල්ලෝ උන්ට මාර අසාදාරනයි..,Harassment,0.9624
@USER කොහොමද සිරස twitter එන්නෙ vpn දාල නේද හොර ගෙඩිය...,කොහොමද සිරස twitter එන්නෙ ව්පං දාල නේද හොර ගෙඩිය...,Harassment,0.9385
"කොහොමද සුදු පිරුවට ඇඳගත්  චම්පිකයා කියන කතාව. සරල අනතුරක් ලූ ඒක. හු....... කතානේ යකෝ මේවා. අනතුර සරල වෙන්නේ කොහොමද පරයෝ , අර කොල්ලාට තාම ඇවිදගන්නත් බෑ... තොපි වගේ එවුන් ජාතක වුනේ තොපේ තාත්තා සරලව අහවල් වැඩේ කරපු නිසා.. ගැඹුරට හිතුවා නම් සරමේ පිහදාගන්නවා ඒ මනුස්සයා තෝව ජාතක නොකර.","කොහොමද සුදු පිරුවට ඇඳගත් චම්පිකයා කියන කතාව. සරල අනතුරක් ලූ ඒක. හු....... කතානේ යකෝ මේවා. අනතුර සරල වෙන්නේ කොහොමද පරයෝ , අර කොල්ලාට තාම ඇවිදගන්නත් බෑ... තොපි වගේ එවුන් ජාතක වුනේ තොපේ තාත්තා සරලව අහවල් වැඩේ කරපු නිසා.. ගැඹුරට හිතුවා නම් සරමේ පිහදාගන්නවා ඒ මනුස්සයා තෝව ජාතක නොකර.",Harassment,0.9663
කොළඹ උන් සුද්දට පුක දෙනවා. ගමේ එවුන් අපේ සංස්කෘතිය කියලා හිතන් ඉන්න සුද්දාගේ hybrid සංස්කෘතියක් අල්ලගෙන වක්‍රාකාරව සුද්දට පුක දෙනවා. යකෝ සුද්දටමනෙ පුක දෙන්නේ.,කොළඹ උන් සුද්දට පුක දෙනවා. ගමේ එවුන් අපේ සංස්කෘතිය කියලා හිතන් ඉන්න සුද්දාගේ hybrid සංස්කෘතියක් අල්ලගෙන වක්‍රාකාරව සුද්දට පුක දෙනවා. යකෝ සුද්දටමනෙ පුක දෙන්නේ.,Harassment,0.9136
කොළඹ ජැටියේ හිටං පුක හෝදන #TeamGodzilla සහ අප්පච්චිගේ කුළුනේ එල්ලිලා බිජ්ජ අතුල්ලන #TeamKong #ලංකාවටමොකදවෙන්නේ,කොළඹ ජැටියේ හිටං පුක හෝදන තෙංගොද්ළිල්ල සහ අප්පච්චිගේ කුළුනේ එල්ලිලා බිජ්ජ අතුල්ලන ටෙඅම්කොන්ග් #ලංකාවටමොකදවෙන්නේ,Harassment,0.9502
@USER @USER  කොළඹ තප්පෙක ලොකුවට පුක කියල ලියන්න පුළුවන් එක  via  @USER,කොළඹ තප්පෙක ලොකුවට පුක කියල ලියන්න පුළුවන් එක via,Harassment,0.9307
@USER  @USER කොෆි බොන්න පලයන් මට තමා ගෙම්බව වගේ තෝවත් බාරගන්නා වෙන්නෙ,කොෆි බොන්න පලයන් මට තමා ගෙම්බව වගේ තෝවත් බාරගන්නා වෙන්නෙ,Harassment,0.9541
"@USER  @USER කෝ අර රෙන TV එකේ අවජාතකයා ?   @USER  , උඹවත් දන්නවද මචං ...","කෝ අර රෙන ට්ව එකේ අවජාතකයා ? , උඹවත් දන්නවද මචං ...",Harassment,0.9331
කෝ බන් අර ආමි එකේ කොල්ලොන්ට8 පාස් උන් කියපු අලුත් පරපුරේද මොකේද වේසිගෙ පුතාලයි අර වේසිගෙ කෙල්ලයි  කටට දෙන්න ඔනේ උන්ගේ,කෝ බන් අර ආමි එකේ කොල්ලොන්ට8 පාස් උන් කියපු අලුත් පරපුරේද මොකේද වේසිගෙ පුතාලයි අර වේසිගෙ කෙල්ලයි කටට දෙන්න ඔනේ උන්ගේ,Harassment,0.9849
කෝ මේ පුක උඩදාගෙන කැගහන activists කාරයො ටික.  මේ වෙලාවට උංගේ activism ගතිය රෙද්ද පල්ලෙන් බේරෙනවා.,කෝ මේ පුක උඩදාගෙන කැගහන අච්ටිවිස්ට්ස් කාරයො ටික. මේ වෙලාවට උංගේ activism ගතිය රෙද්ද පල්ලෙන් බේරෙනවා.,Harassment,0.9668
@USER  කෝ මේ වේසි පුක දෙන්න ගිහින්ද කඩවත හන්දියට,කෝ මේ වේසි පුක දෙන්න ගිහින්ද කඩවත හන්දියට,Harassment,0.9497
"කෝප්පෙ හෝදන් වරෙන්, නැත්නන් තේ වානා- අම්ම  #lka #SrilankanMom","කෝප්පෙ හෝදන් වරෙන්, නැත්නන් තේ වානා- අම්ම ලක ස්රිලන්කන්මොම්",Harassment,0.9263
කෞද යකෝ මගේ කටට දුන්නේ ඇට්ටිය උගෙ කටට දෙනවා ඇට්ටිය,කෞද යකෝ මගේ කටට දුන්නේ ඇට්ටිය උගෙ කටට දෙනවා ඇට්ටිය,Harassment,0.9434
කෞද යකෝ මිනිස්සුන්ට ඇඹරැල්ලා උයලා කන්න පුරුදු කරපු එකා අහු උනොත් අම්මපා අරිනවා ඇඹරැල්ල ඇටේ ඕකගේ පුපේ  #ඇඹරැල්ලාඑපාsl,කෞද යකෝ මිනිස්සුන්ට ඇඹරැල්ලා උයලා කන්න පුරුදු කරපු එකා අහු උනොත් අම්මපා අරිනවා ඇඹරැල්ල ඇටේ ඕකගේ පුපේ #ඇඹරැල්ලාඑපාsl,Harassment,0.9775
කෞද යකෝ මූව හොද කරපු දොස්තරයා   #$#$# සමී #$#$# @USER  · 2 Dec 2018 හැබැයි aya na කියලා man twat hityanam mansika na a ko mandana pisou waga tiba akka kiyanda tarana na oya hari amoutou mata නිකං dawasak waga amma kiwa aourodak vitara atilou wandat ati a magana Dokta pin mawa hoda කරාට,කෞද යකෝ මූව හොද කරපු දොස්තරයා #$#$# සමී #$#$# · 2 දෙක් 2018 හැබැයි ය න කියලා man twat හිට්‍යනම් මානසික න අ කෝ මන්දන පිසෞ වග ටිබ අක්ක කියන්ඩ ටර්න න ඔය හරි amoutou මට නිකං දවසක් වග amma කිව ඔඋරොදක් විටර අතිලෞ වන්දට් ඇති අ මගන ඩොක්ට pin මව හොද කරාට,Harassment,0.9658
ගංජ ගහන කාලකණ්ණි කොලු හැතිකරේ..හෙ** ගහල අකුලෝලම පල...           -වදින උන්ට වැදියන්-,ගංජ ගහන කාලකණ්ණි කොලු හැතිකරේ..හෙ** ගහල අකුලෝලම පල... -වදින උන්ට වැදියන්-,Harassment,0.9702
"Gangu... දැන් තෝ කියන්නෙ, කන්නාඩි දාපු නලුවන්ට කැමති නෑ කියලද?   සිරසෙ Red mickකාරය ඇන්දුවට අපිව අන්දන්න බෑ හරිය...","ගඟු දැන් තෝ කියන්නෙ, කන්නාඩි දාපු නලුවන්ට කැමති නෑ කියලද? සිරසෙ Red mickකාරය ඇන්දුවට අපිව අන්දන්න බෑ හරිය...",Harassment,0.9077
"@USER ගන්න බැරි උනාම ඇපල් ජරාව කියන, දාගන්න බැරි උනාම ඕකි බඩුව කියන තෝ වගේ ඩෑල් එක්ක මට කතාවක් නෑ. ඇණයක් නොවී වැඩක් බලා ගනිම් පුතා පීස්","ගන්න බැරි උනාම ඇපල් ජරාව කියන, දාගන්න බැරි උනාම ඕකි බඩුව කියන තෝ වගේ ඩෑල් එක්ක මට කතාවක් නෑ. ඇණයක් නොවී වැඩක් බලා ගනිම් පුතා පීස්",Harassment,0.9443
ගබ්සාව ඝාතනයක් කියන කටින්ම තමයි ඒකි බඩුවක් කියන්නෙත්...  එහෙම නේද මහත්තයො??,ගබ්සාව ඝාතනයක් කියන කටින්ම තමයි ඒකි බඩුවක් කියන්නෙත්... එහෙම නේද මහත්තයො??,Harassment,0.9292
"ගබ්සාවට පෙළඹෙන්න අපරදිග තියන හේතු වලට අමතර තවත් හේතු පෙරදිග තියනවා. ""අප්පෙක් නැති දරුවෙක්"", ""කසාදයක් නැතුව ළමයෙක් බඩට ගත්ත වේසා ගෑණි""  කියල ළමයත් අම්මත් දෙන්නම හෙලන්නෙත් දන්නා පිරිමියෙක්ට ඇති ලේ නෑකම සුජාත වෙන්න අනිවාර්ය වෙන අර උඩ කියපු හර පද්ධති පිහිටෙන්ම තමා.","ගබ්සාවට පෙළඹෙන්න අපරදිග තියන හේතු වලට අමතර තවත් හේතු පෙරදිග තියනවා. ""අප්පෙක් නැති දරුවෙක්"", ""කසාදයක් නැතුව ළමයෙක් බඩට ගත්ත වේසා ගෑණි"" කියල ළමයත් අම්මත් දෙන්නම හෙලන්නෙත් දන්නා පිරිමියෙක්ට ඇති ලේ නෑකම සුජාත වෙන්න අනිවාර්ය වෙන අර උඩ කියපු හර පද්ධති පිහිටෙන්ම තමා.",Harassment,0.9521
ගමට ඉන්න හොඳම බඩුව අපෙ පූසී. වත්ත වටේ ඉන්න හැම පූසම ගහනවා.,ගමට ඉන්න හොඳම බඩුව අපෙ පූසී. වත්ත වටේ ඉන්න හැම පූසම ගහනවා.,Harassment,0.9175
"ගමරාළ කතාවෙත් නෑ යකෝ දැන් тнαяιη∂υ ツ @USER  · 5 Nov 2017  @USER @USER   අනේ දෙවියනේ අර එක ඇටයක් තිබ්බ වෙට්ටෙට ඒ ඇටෙත් අහිමි උනා, ""හම්සා"" ඔටුවට මොල්ලිය අහිමි උනා.","ගමරාළ කතාවෙත් නෑ යකෝ දැන් тнαяιηυ ツ · 5 නොව 2017 අනේ දෙවියනේ අර එක ඇටයක් තිබ්බ වෙට්ටෙට ඒ ඇටෙත් අහිමි උනා, ""හම්සා"" ඔටුවට මොල්ලිය අහිමි උනා.",Harassment,0.9214
ගමේ සමහරක් ඇන්ටිලත් බඩුව  එයාලගේ දුවලත් බඩුව,ගමේ සමහරක් ඇන්ටිලත් බඩුව එයාලගේ දුවලත් බඩුව,Harassment,0.9692
"@USER @USER  ගල ඉම්ඹට, ලෙව කෑවට කමක් නෑ.. හැබැයි පුතො වට්ට ගන්න නම් එපා... අම්බානෙක ගුටි කන්න වෙයි.. :P. #lka","ගල ඉම්ඹට, ලෙව කෑවට කමක් නෑ.. හැබැයි පුතො වට්ට ගන්න නම් එපා... අම්බානෙක ගුටි කන්න වෙයි.. ප් ලක",Harassment,0.9512
"@USER  @USER ගල උඩ කඩේ, watch uncleගෙ කඩේ, ලොරි කඩේ, සුදු uncleගෙ කඩේ, කලුවර කඩේ","ගල උඩ කඩේ, watch uncleගෙ කඩේ, ලොරි කඩේ, සුදු uncleගෙ කඩේ, කලුවර කඩේ",Harassment,0.9824
ගල දනවෝ කියන්නත් ඕනි #HowToHitAMusicVideoInSL Sanik Thuransha  @USER  · 20 Sep 2016 හොද ගල් තියෙන්ඩ ඕනේ පේන්න ඕනේ  #HowToHitAMusicVideoInSL,ගල දනවෝ කියන්නත් ඕනි හොව්තොහිතංඋසික්විදෙඔඉන්ස්ල සනික් තුරංශ  · 20 සේප 2016 හොද ගල් තියෙන්ඩ ඕනේ පේන්න ඕනේ හොව්තොහිතංඋසික්විදෙඔඉන්ස්ල,Harassment,0.9727
@USER  @USER ගල හාරලත් බලයි අලයක්වත් තියනව කියල ආරන්චි වුනොත්.,ගල හාරලත් බලයි අලයක්වත් තියනව කියල ආරන්චි වුනොත්.,Harassment,0.9009
ගල හොදනම් අබරන කහ මක්වේද කිව්වලු #HowToHitAMusicVideoInSL,ගල හොදනම් අබරන කහ මක්වේද කිව්වලු හොව්තොහිතංඋසික්විදෙඔඉන්ස්ල,Harassment,0.9878
Galapagos batfish කියන මේ මාළුවාට තියෙන්නේ රවා ගෙන ඉන්න මූණක්. ලොකු තොල් දෙකකුත් තියනවා. මෙයාට පීනන්න අමාරු නිසා... URL,ගලපගොස් batfish කියන මේ මාළුවාට තියෙන්නේ රවා ගෙන ඉන්න මූණක්. ලොකු තොල් දෙකකුත් තියනවා. මෙයාට පීනන්න අමාරු නිසා... උර්ල්,Harassment,0.9282
@USER ගස් බල්ලා තෝ අහුවෙයන් කොයි වෙලාවක හරි පරයා. අර ලබ්බ play වෙන කොට කෙල්ලෙකුත් එයා පැත්තේ හිටිය මුසලයෝ... ඇරපිය මට මීට හොදයි,ගස් බල්ලා තෝ අහුවෙයන් කොයි වෙලාවක හරි පරයා. අර ලබ්බ play වෙන කොට කෙල්ලෙකුත් එයා පැත්තේ හිටිය මුසලයෝ... ඇරපිය මට මීට හොදයි,Harassment,0.9204
@USER ගහක කොලයකින් පුක පිහදපු හෙලයට බිඩේට් පුරුදු කරලා දැන් උන් පුක පිහිදාන්න කොල වලට පොර කනවා.,ගහක කොලයකින් පුක පිහදපු හෙලයට බිඩේට් පුරුදු කරලා දැන් උන් පුක පිහිදාන්න කොල වලට පොර කනවා.,Harassment,0.9678
"ගහනව පොල්, කියනව වස් කවි තොපි ඔක්කොම හැදි ගෑවෙන්න... #SriLankanThreats","ගහනව පොල්, කියනව වස් කවි තොපි ඔක්කොම හැදි ගෑවෙන්න... ස්රිලංකංථ්රෙඅත්ස",Harassment,0.9707
ගහනවා තොට වම් පයින් මුං කැවුම් වෙන්න  #SriLankanThreats,ගහනවා තොට වම් පයින් මුං කැවුම් වෙන්න ස්රිලංකංථ්රෙඅත්ස,Harassment,0.9731
@USER ගහනවා මඩුවලිගෙන් තොට @USER  @USER,ගහනවා මඩුවලිගෙන් තොට,Harassment,0.9678
"ගහන්ඩ තියෙන කිම්බට වැඳ වැඳ ගහන්ඩත් එපා,ගගහ වඳින්ඩත් එපා,බඩුවෙ බැයිනං පුකේ හිලත් අවුලක්ම නෑ මොක බැරිවුනත් කිම්බක් හින්ද දිවි නහගන්ඩනං එපා.පිරිමි කමටත් ලැජ්ජයි. තූ නොදකිං.කිම්බ දේවාලයක් නෙමේ.දේවාලයක් වගේ පේන්නෙ පොන්නයින්ටම තමයි.ඕනනං හිකුව නැත්තං නිකා හිටියා.. :14  views","ගහන්ඩ තියෙන කිම්බට වැඳ වැඳ ගහන්ඩත් එපා,ගගහ වඳින්ඩත් එපා,බඩුවෙ බැයිනං පුකේ හිලත් අවුලක්ම නෑ මොක බැරිවුනත් කිම්බක් හින්ද දිවි නහගන්ඩනං එපා.පිරිමි කමටත් ලැජ්ජයි. තූ නොදකිං.කිම්බ දේවාලයක් නෙමේ.දේවාලයක් වගේ පේන්නෙ පොන්නයින්ටම තමයි.ඕනනං හිකුව නැත්තං නිකා හිටියා.. :14 විඑව්ස්",Harassment,0.96
@USER ගහන්නේ කෙල්ලගෙ අම්මා නේ... අම්මා දුවෙක්ට තරවටු කරන්නේ නතුව තෝ කියන්නෙ අල්ලපු ගෙදර එකාට තඩිබාන්න කියලද ?,ගහන්නේ කෙල්ලගෙ අම්මා නේ... අම්මා දුවෙක්ට තරවටු කරන්නේ නතුව තෝ කියන්නෙ අල්ලපු ගෙදර එකාට තඩිබාන්න කියලද ?,Harassment,0.9653
@USER @USER  ගහපං තොගෙ කටට හෙණයක්,ගහපං තොගෙ කටට හෙණයක්,Harassment,0.9541
@USER  @USER ගහපං පයිං ඕකිගෙ පස්ස හත්කඩ වෙන්ඩ,ගහපං පයිං ඕකිගෙ පස්ස හත්කඩ වෙන්ඩ,Harassment,0.9429
@USER ගහප් පයින් පපයා. තොට මැරෙන්න ඕන නම් වහ ටිකක් බීපන්. කාරෙක විතරක් හප්පන්න එපා,ගහප් පයින් පපයා. තොට මැරෙන්න ඕන නම් වහ ටිකක් බීපන්. කාරෙක විතරක් හප්පන්න එපා,Harassment,0.9692
@USER ගහපු බඩුව කඩා ගත්තාද,ගහපු බඩුව කඩා ගත්තාද,Harassment,0.9604
ග්‍රාමසේවක රාලහාමිල එක වගේමද මංද එකෙක් අලි පක්ෂෙ මහ එකාගෙ පුක බිම ඇන්න එනෙක් එකා ගල්ගමුවෙ මහ අලිය මරල දල කපල — feeling disappointed,ග්‍රාමසේවක රාලහාමිල එක වගේමද මංද එකෙක් අලි පක්ෂෙ මහ එකාගෙ පුක බිම ඇන්න එනෙක් එකා ගල්ගමුවෙ මහ අලිය මරල දල කපල — feeling disappointed,Harassment,0.9707
ගානට වෙරි වෙයං දෙහි පට්ට ගනං #1000Talks,ගානට වෙරි වෙයං දෙහි පට්ට ගනං #1000Talks,Harassment,0.9497
ගාමිණි වියන්ගොඩලා ම්ලේචඡ කොටින්ටත් වඩා හොදට කොටින්ගේ $$$ වලට කඩේ යන අධම අමන අවජාතක පාදඩ සක්කිළියන්  Video URL,ගාමිණි වියන්ගොඩලා ම්ලේචඡ කොටින්ටත් වඩා හොදට කොටින්ගේ $$$ වලට කඩේ යන අධම අමන අවජාතක පාදඩ සක්කිළියන් Video උර්ල්,Harassment,0.9556
@USER ගැනුන්ටනම් පදිරි නේ පිරිමියෙක් කොමන් එකක් දාපුවම පුක වෙවුලන පොන්නයොත් ඉන්නවා නේ..එකට උබ අප්සට් ගන්න එපා මොකද මහාසොනෝ උබ පොන්නයෙක් නෙමෙයිනේ....if not u have option block them...when u say nothing at all ...,ගැනුන්ටනම් පදිරි නේ පිරිමියෙක් කොමන් එකක් දාපුවම පුක වෙවුලන පොන්නයොත් ඉන්නවා නේ..එකට උබ අප්සට් ගන්න එපා මොකද මහාසොනෝ උබ පොන්නයෙක් නෙමෙයිනේ....if not උ have option block තෙම්ව්හෙන් උ say nothing ඇත all ...,Harassment,0.96
"ගැම්මට පයින් යමු..අරාබියේ තෙල් වලට පුක නොදී,පොන්නයෝ නොවී සිහලුනි හිවලුන් නොවී පයින් පලයව්..ඕවා තම්බි තෙල්","ගැම්මට පයින් යමු..අරාබියේ තෙල් වලට පුක නොදී,පොන්නයෝ නොවී සිහලුනි හිවලුන් නොවී පයින් පලයව්..ඕවා තම්බි තෙල්",Harassment,0.9761
@USER ගෑණි ගේම්.ගහයි..මූ තමා රෙදි හෝදල ලමයි නාවල කවල.පොවල.නොදි කරල.වලං පිඟම් එහෙම.හෝදන්නෙ,ගෑණි ගේම්.ගහයි..මූ තමා රෙදි හෝදල ලමයි නාවල කවල.පොවල.නොදි කරල.වලං පිඟම් එහෙම.හෝදන්නෙ,Harassment,0.9692
ගෑණි නයා වෙද්දි - ශිවන්‍යා නම් පොළඟා නය වෙද්දි - පොළන්‍යා..  ලොල් ඕයි...  What a creativity.... :D N. @USER  · 24 Aug 2016  @USER පොළන්‍යා,ගෑණි නයා වෙද්දි - ශිවන්‍යා නම් පොළඟා නය වෙද්දි - පොළන්‍යා.. ලොල් ඕයි... What අ creativity.... ද න · 24 ඖග් 2016 පොළන්‍යා,Harassment,0.9375
ගෑණියෙක් මොනව හරි කීවාම ඒකිගේ පුද්ගලික ජීවිතයක් ඇදල අරන් ම.හු.ගෙ.ගෑ.වි වගේ ඒ කියපු ගෑණිට බඩුව බඩුව කිය කියා උබලවම වෙන්දේසියේ දා ගන්නෙපා.  විලි ලැජ්ජයි.  හොදට කල්පනා කරලා බලපං ඕනම එකෙක්ගේ කිල්ලෝටවල හුණු ටික ටික හරි තියෙන්වා. අපි සර්ව සම්පූර්ණ මිනිස්සු නෙමේ.,ගෑණියෙක් මොනව හරි කීවාම ඒකිගේ පුද්ගලික ජීවිතයක් ඇදල අරන් ම.හු.ගෙ.ගෑ.වි වගේ ඒ කියපු ගෑණිට බඩුව බඩුව කිය කියා උබලවම වෙන්දේසියේ දා ගන්නෙපා. විලි ලැජ්ජයි. හොදට කල්පනා කරලා බලපං ඕනම එකෙක්ගේ කිල්ලෝටවල හුණු ටික ටික හරි තියෙන්වා. අපි සර්ව සම්පූර්ණ මිනිස්සු නෙමේ.,Harassment,0.9785
ගෑණු 5ක් එක්ක නිදයන පිරිමියා පොරක්.. පිරිමි 5ක් එක්ක නිදියන ගෑණි බඩුවක්..  දූපතේ ලොජික්,ගෑණු 5ක් එක්ක නිදයන පිරිමියා පොරක්.. පිරිමි 5ක් එක්ක නිදියන ගෑණි බඩුවක්.. දූපතේ ලොජික්,Harassment,0.9683
@USER @USER  @USER  ගෑණුද පිරිමිද මොක්කුද තොපි ... අවජාතක බල්ලො... :3,ගෑණුද පිරිමිද මොක්කුද තොපි ... අවජාතක බල්ලො... :3,Harassment,0.9741
ගෑනිගෙ කටට බය නැත්තං මිනිහෙක්ද ඕයි???  #පලමු_මහ_කොලනිය #ආරියරත්න_සුබසිංහ,ගෑනිගෙ කටට බය නැත්තං මිනිහෙක්ද ඕයි??? #පලමු_මහ_කොලනිය #ආරියරත්න_සුබසිංහ,Harassment,0.9541
@USER ගෑනිගේ හුත්තෙන් මෙලොව උපන් එවුන්ට පයිය ලොකු උනාම ඔහොම වෙනවා,ගෑනිගේ හුත්තෙන් මෙලොව උපන් එවුන්ට පයිය ලොකු උනාම ඔහොම වෙනවා,Harassment,0.9766
"ගෑනියෙක් කොටට ඇදං යනකොට හැරිල බලන් නැත්තං ඌ පොන්නයෙක් අමුම අමු පොන්නයෙක්, ලංකාවෙ වේවා ඇමරිකාවෙ වේවා හැම පිරිමියටම තියෙන්නෙ එකම හෝමෝන ,අසහනේ කියන්නෙ එකක් ආකර්ශනේ කියන්නෙ තව එකක්,නියමට තිබ්බ youtube  චැනල් එක කා ගත්ත යකෝ අශාන් කාරය..","ගෑනියෙක් කොටට ඇදං යනකොට හැරිල බලන් නැත්තං ඌ පොන්නයෙක් අමුම අමු පොන්නයෙක්, ලංකාවෙ වේවා ඇමරිකාවෙ වේවා හැම පිරිමියටම තියෙන්නෙ එකම හෝමෝන ,අසහනේ කියන්නෙ එකක් ආකර්ශනේ කියන්නෙ තව එකක්,නියමට තිබ්බ යෝඋටුබේ චැනල් එක කා ගත්ත යකෝ අශාන් කාරය..",Harassment,0.9326
ගෑනිව මුලින් හදාගනින් ඒකි මේකේ ගොන් පානවා උබට අහවල් එකක් තීද බලපන් මුලින් කලිසම ගලවලා,ගෑනිව මුලින් හදාගනින් ඒකි මේකේ ගොන් පානවා උබට අහවල් එකක් තීද බලපන් මුලින් කලිසම ගලවලා,Harassment,0.9312
@USER ගිහින් හුකවන්ඩ ඉන්නෙ බං  ගොන් පකයල කෙල්ලොන්ගෙ පුකවල් ගෙඩි මරල අපේ එකක් අරන් නෑ.,ගිහින් හුකවන්ඩ ඉන්නෙ බං ගොන් පකයල කෙල්ලොන්ගෙ පුකවල් ගෙඩි මරල අපේ එකක් අරන් නෑ.,Harassment,0.9702
@USER  @USER    ගිහිල්ලා බලපන් තොගේ ගෑනිට කවුරු හරි වල බහිනවද කියලා. ආමි එකේ හිටපු හන්දා තොගේ ලබ්බ බැහැලා ගෑනී වෙන එකෙක් එක්ක වල බහින්න බැරි වෙන්නත් බෑ. අවජාත බල්ලා.,ගිහිල්ලා බලපන් තොගේ ගෑනිට කවුරු හරි වල බහිනවද කියලා. ආමි එකේ හිටපු හන්දා තොගේ ලබ්බ බැහැලා ගෑනී වෙන එකෙක් එක්ක වල බහින්න බැරි වෙන්නත් බෑ. අවජාත බල්ලා.,Harassment,0.9595
"ගුහා සටන | කාංචනා අමිලානි | 19 කොටස ""අරහෙන් අරුං වෙඩි තියනවා. උඹ එනවා මෙතන වීරයා වෙන්න. තව කියවන්න ආවොත් තොගේ ඔළුකට්ට හිල්වෙන්න මම තියන්නෙ."" ""තෝ පලයං ඕන නම්. මම කෙල්ල අරං මිසක් අගලට යන්නෑ."" URL","ගුහා සටන | කාංචනා අමිලානි | 19 කොටස ""අරහෙන් අරුං වෙඩි තියනවා. උඹ එනවා මෙතන වීරයා වෙන්න. තව කියවන්න ආවොත් තොගේ ඔළුකට්ට හිල්වෙන්න මම තියන්නෙ."" ""තෝ පලයං ඕන නම්. මම කෙල්ල අරං මිසක් අගලට යන්නෑ."" උර්ල්",Harassment,0.9102
"ගුහා සටන | කාංචනා අමිලානි | 54 URL ""තෝ නේද අපේ පොපොව් රාළහාමිට කඩුවෙන් කෙටුවෙ? වරත්තු බල්ලා. මරපු කුකුළෙක් වගේ තෝව බාල්කෙ එල්ලලා තියන්නෙ. මහ ලොකු චණ්ඩි!!! චණ්ඩි නම් මොකද යකෝ ගල්ගුහාවල හැංගෙන්නෙ? තොපේ චණ්ඩිකම් හොඳයි අර ගමේ එවුන්ටම. පරයා!!!""","ගුහා සටන | කාංචනා අමිලානි | 54 උර්ල් ""තෝ නේද අපේ පොපොව් රාළහාමිට කඩුවෙන් කෙටුවෙ? වරත්තු බල්ලා. මරපු කුකුළෙක් වගේ තෝව බාල්කෙ එල්ලලා තියන්නෙ. මහ ලොකු චණ්ඩි!!! චණ්ඩි නම් මොකද යකෝ ගල්ගුහාවල හැංගෙන්නෙ? තොපේ චණ්ඩිකම් හොඳයි අර ගමේ එවුන්ටම. පරයා!!!""",Harassment,0.9443
"@USER  ගෙඑක දැං සියපාරක් විතර බැලුව, අම්ම අැවිත් අහුව කියහංකො කවුද බං ඔය නාකි කිකිලියෙක්ගෙ බෙල්ල මිරිකල වගේ කෑගහන්නෙ කියල. අයෙ අක්ක අැහුව labour room එකකඑකක්ද කියල. පස්සෙ මං phone එක off කරල අායෙ box එකට දාල තිබ්බ බං. මේව ඉවසන්න බෑ තවත්..","ගෙඑක දැං සියපාරක් විතර බැලුව, අම්ම අැවිත් අහුව කියහංකො කවුද බං ඔය නාකි කිකිලියෙක්ගෙ බෙල්ල මිරිකල වගේ කෑගහන්නෙ කියල. අයෙ අක්ක අැහුව labour room එකකඑකක්ද කියල. පස්සෙ මං phone එක off කරල අායෙ box එකට දාල තිබ්බ බං. මේව ඉවසන්න බෑ තවත්..",Harassment,0.9331
ගෙදර එවුන් හැමදාම මාලු කටු විතරයි මට දෙන්නෙ.  අද තොපි හොදි විතරක් කාපිය,ගෙදර එවුන් හැමදාම මාලු කටු විතරයි මට දෙන්නෙ. අද තොපි හොදි විතරක් කාපිය,Harassment,0.9434
"ගෙදර ගියොත් තෝ නසී,මග හිටියොත් ඒත් තෝම නසී වගේ  -Podda @USER  · 22 Sep 2016  @USER ඔය කොහේවත් යන හාල් කෑලි වගේද අපේ කටූ නේද  @USER","ගෙදර ගියොත් තෝ නසී,මග හිටියොත් ඒත් තෝම නසී වගේ පොද්ද · 22 සේප 2016 ඔය කොහේවත් යන හාල් කෑලි වගේද අපේ කටූ නේද",Harassment,0.96
ගෙදරට අඳින කොටු කොටු කලිසමක් නැත්තම් උඹ මහ මෝඩ මුසලයෙක්..,ගෙදරට අඳින කොටු කොටු කලිසමක් නැත්තම් උඹ මහ මෝඩ මුසලයෙක්..,Harassment,0.9409
ගෙදරින් හොයල දෙන එකක් එක්ක ඕන මගුලක් කරගනින් රෙද්ද  #LoveAdvicesSL,ගෙදරින් හොයල දෙන එකක් එක්ක ඕන මගුලක් කරගනින් රෙද්ද ලොවෙද්වීචෙස්ස්ල්,Harassment,0.9014
Gentlemen never makes his girl wait ...  මොන බොරුද අපේ මිනිහට වැඩක් තිබ්බොත් ගෑණි තියා කන්නවත් මතක නෑ ... ඉතින් වෙයිටින්ග් තමා,ගෙන්ට්ලෙමෙන් never මකෙස් his girl wait ... මොන බොරුද අපේ මිනිහට වැඩක් තිබ්බොත් ගෑණි තියා කන්නවත් මතක නෑ ... ඉතින් වෙයිටින්ග් තමා,Harassment,0.9092
ගෙම්බෝ තෝ ලගදි ම කනවා කෑමක්... බක් බක් ගගා දුවන්න වෙන්නෙ,ගෙම්බෝ තෝ ලගදි ම කනවා කෑමක්... බක් බක් ගගා දුවන්න වෙන්නෙ,Harassment,0.9282
ගෙරි ඇට ගෙම්බා කොහෙද උඹ?ඇවිත් මේවට උත්තර දීපිය ͷῖϻ @USER  · 16 Jan 2020 ඇට ගෙම්බා බලාගන් හොම්බ ගලවලයි නවතීන්නේ,ගෙරි ඇට ගෙම්බා කොහෙද උඹ?ඇවිත් මේවට උත්තර දීපිය ͷῖϻ · 16 ජන 2020 ඇට ගෙම්බා බලාගන් හොම්බ ගලවලයි නවතීන්නේ,Harassment,0.9541
ගෙවල් වලට මිස් කෝල් ගහල පොන්න ආතල් දෙන පොන්න වේ.......ගේ පුතාලටයි .... පොන්න වැඩ කරන්නේ නැතිව ගේමක්  තියේනම් මුනට... URL,ගෙවල් වලට මිස් කෝල් ගහල පොන්න ආතල් දෙන පොන්න වේ.......ගේ පුතාලටයි .... පොන්න වැඩ කරන්නේ නැතිව ගේමක් තියේනම් මුනට... උර්ල්,Harassment,0.9746
@USER  ගේ පැළේ කාපු එකාට හෙන 7.5ක් වැදියන්... ඒස්වං පුහ්ං..!!!,ගේ පැළේ කාපු එකාට හෙන 7.5ක් වැදියන්... ඒස්වං පුහ්ං..!!!,Harassment,0.9595
@USER ගොං කියන්නෙ ගොනාට  බූරුවා .තඩි හරකා  සත්තු තුන්දෙනෙක් .එකට බ්ලෙන්ඩර් කරාම හැදෙන එකා,ගොං කියන්නෙ ගොනාට බූරුවා .තඩි හරකා සත්තු තුන්දෙනෙක් .එකට බ්ලෙන්ඩර් කරාම හැදෙන එකා,Harassment,0.9019
ගොං මෝඩ මීහරක් නාම්බා හැමදාම නාලා තෙත තුවාය ඇඳ උඩ දානවා. මගේ එකෙක් උනානම් කණ පැලෙන්න දෙන්නේ. පෛය,ගොං මෝඩ මීහරක් නාම්බා හැමදාම නාලා තෙත තුවාය ඇඳ උඩ දානවා. මගේ එකෙක් උනානම් කණ පැලෙන්න දෙන්නේ. පෛය,Harassment,0.9302
ගොං හුත්තියෙකුට රැවටිලා ඔය මැරෙණ වෙලේ මැරියකෝ අර දෙශපාලකයෙක් මාරාගෙන එහෙනං තෝ වීරයෙක් ඒත් දැං තෝ පොන්නයෙක්.... URL,ගොං හුත්තියෙකුට රැවටිලා ඔය මැරෙණ වෙලේ මැරියකෝ අර දෙශපාලකයෙක් මාරාගෙන එහෙනං තෝ වීරයෙක් ඒත් දැං තෝ පොන්නයෙක්.... උර්ල්,Harassment,0.9297
"ගොඩාක් සොරි,Im Not A singer තොපේ ඔය රෙද්ද නවත්තගනිපියව්කෝ . . . . එකෙක් කරාම ඔක්කොම කරන්න යනවා","ගොඩාක් සොරි,Im Not අ singer තොපේ ඔය රෙද්ද නවත්තගනිපියව්කෝ . . . . එකෙක් කරාම ඔක්කොම කරන්න යනවා",Harassment,0.9067
@USER ගොඩේ උනාට මෝඩ නෑ හරි ඩෝ නට් කෑවොත් පිටගැස්ම හැදිල මැරෙන්නෙ මලකඩ අල්ලල තියෙන විදියට.,ගොඩේ උනාට මෝඩ නෑ හරි ඩෝ නට් කෑවොත් පිටගැස්ම හැදිල මැරෙන්නෙ මලකඩ අල්ලල තියෙන විදියට.,Harassment,0.9233
ගොන් බඩු නටනව බලා ගෙන ඉන්නෙ  සද්ද වහන් වලිනම් බඩ්ඩ එන්න මුනට මුන මගේ — feeling crazy,ගොන් බඩු නටනව බලා ගෙන ඉන්නෙ සද්ද වහන් වලිනම් බඩ්ඩ එන්න මුනට මුන මගේ — feeling crazy,Harassment,0.9492
ගොන් බඩු ෆෝර්ම් කරනවාට අපිට ගහන්න ඔනා,ගොන් බඩු ෆෝර්ම් කරනවාට අපිට ගහන්න ඔනා,Harassment,0.9409
ගොන් බඩුව  Mushaf @USER  · 9 Sep 2016 ගොනාගේ ගෑනු සතා ගොන්නිද බන්?  #Doubt,ගොන් බඩුව මුශාෆ් · 9 සේප 2016 ගොනාගේ ගෑනු සතා ගොන්නිද බන්? #Doubt,Harassment,0.958
@USER @USER  @USER  ගොන් ලනු කන්න එයා තොත්ත බබෙක්ද? අවුරුදු 40 දෙෂපලානේ කෙරුවලු නේද ?,ගොන් ලනු කන්න එයා තොත්ත බබෙක්ද? අවුරුදු 40 දෙෂපලානේ කෙරුවලු නේද ?,Harassment,0.9165
ගොන් සිපයියෝ.. වරෙන් යටට ඇඳලද පෙන්වන්න තොගේ ගෑණිත් එක්ක. නිකන් පුක තලා ගන්නෙ නැතුව හිටු. අනුන්ගෙ ගෑණුන්ගෙ රෙද්දවල් බලන්නෙ නැතුව ගෑණියෙක් හොයාගනින් පකයෝ.. Amila Chathuranga @USER  · 14 Jul 2020  @USER සූස් බූස් ගෑව කියල මොකවත් වෙන්නෙ නෑනෙ.. මොකො ඇඟේ වදිනවැ.. මාත් ඒ කාලෙ ක්ලාස්සෙක ඉස්සරහ කොල්ලො අස්සෙ හැංගිලා එතනින් යන ගැන්ලමය් ගෙන් යටට ඇඳලා ද කියල හෙම අහනවා.. එකමපාරක් කෙල්ලෙක්.. ඇය් යුඹ නැත්තං අන්දන්නද කියල ඇහුව..,ගොන් සිපයියෝ.. වරෙන් යටට ඇඳලද පෙන්වන්න තොගේ ගෑණිත් එක්ක. නිකන් පුක තලා ගන්නෙ නැතුව හිටු. අනුන්ගෙ ගෑණුන්ගෙ රෙද්දවල් බලන්නෙ නැතුව ගෑණියෙක් හොයාගනින් පකයෝ.. අමිල චතුරංග · 14 ජුල 2020 සූස් බූස් ගෑව කියල මොකවත් වෙන්නෙ නෑනෙ.. මොකො ඇඟේ වදිනවැ.. මාත් ඒ කාලෙ ක්ලාස්සෙක ඉස්සරහ කොල්ලො අස්සෙ හැංගිලා එතනින් යන ගැන්ලමය් ගෙන් යටට ඇඳලා ද කියල හෙම අහනවා.. එකමපාරක් කෙල්ලෙක්.. ඇය් යුඹ නැත්තං අන්දන්නද කියල ඇහුව..,Harassment,0.9478
@USER ගොන්ජා උඹේ ගෑණිට පයිය පෙන්නපු එකත් මග එනවලු හුත්තෝ,ගොන්ජා උඹේ ගෑණිට පයිය පෙන්නපු එකත් මග එනවලු හුත්තෝ,Harassment,0.9717
ගොන්නු සමගත් වාද කල හැක. ගොන් බඳින කණු සමග වාද කල නොහේ........ — feeling කණුවකටත් කොට වැඩිද මන්දා,ගොන්නු සමගත් වාද කල හැක. ගොන් බඳින කණු සමග වාද කල නොහේ........ — feeling කණුවකටත් කොට වැඩිද මන්දා,Harassment,0.958
@USER @USER  ගොන්නුන්ට පුංචි හරි මොළයක් තියෙනවා…ඒත් ගොන් බඳින කණුවට??? @USER  @USER  @USER  @USER  @USER,ගොන්නුන්ට පුංචි හරි මොළයක් තියෙනවා…ඒත් ගොන් බඳින කණුවට???,Harassment,0.9448
@USER  @USER    ගොනෝරියා හැදිල තැනින් තැන හිල්වුන පයියෙං චූ දාද්දි බටනලා පිඹ්නවවගේ සද්දෙ එනව ඇති. ඌ හිතනව ඇත්තෙ පයිය කතා කරනව කියල,ගොනෝරියා හැදිල තැනින් තැන හිල්වුන පයියෙං චූ දාද්දි බටනලා පිඹ්නවවගේ සද්දෙ එනව ඇති. ඌ හිතනව ඇත්තෙ පයිය කතා කරනව කියල,Harassment,0.9531
ගොරවනකොට phone එක අල්ලන්න එපා යකෝ  අපෙ පැත්තේ හරකෙකුත් මළා,ගොරවනකොට phone එක අල්ලන්න එපා යකෝ අපෙ පැත්තේ හරකෙකුත් මළා,Harassment,0.9614
@USER ගෝටාගේ පුක ලෙව කාලා දැන් ගෝටා රෙන්නෙත් මුගේ කටින්,ගෝටාගේ පුක ලෙව කාලා දැන් ගෝටා රෙන්නෙත් මුගේ කටින්,Harassment,0.9565
ගෝන්නු කයියක් ලන්දේ කාලා ලන්ද පාලුයි මී ගොන් කයියක් වේල කාලා වේල පාලුයි ඌරෝ කයියක් හේන කාලා හේන පාලුයි බල්ලෝ කයියක් වටකර ලා ගේම කීලුයි Thisaranie (තිසරණී) @USER  · 15 Apr 2018 කාන්නු ගොයියක් කන්දේ ලාලා පන්ද ලාලුයි කයිගොන් මීයක් කාලේ වේලා පාල වේලුයි කාරෝ උයියක් කානේ හේලා පාන හේලුයි කල්ලෝ බයියක් කටවර ලාලා කීම ගේලුයි,ගෝන්නු කයියක් ලන්දේ කාලා ලන්ද පාලුයි මී ගොන් කයියක් වේල කාලා වේල පාලුයි ඌරෝ කයියක් හේන කාලා හේන පාලුයි බල්ලෝ කයියක් වටකර ලා ගේම කීලුයි ථිසරංඉඑ (තිසරණී) · 15 අප‍ 2018 කාන්නු ගොයියක් කන්දේ ලාලා පන්ද ලාලුයි කයිගොන් මීයක් කාලේ වේලා පාල වේලුයි කාරෝ උයියක් කානේ හේලා පාන හේලුයි කල්ලෝ බයියක් කටවර ලාලා කීම ගේලුයි,Harassment,0.9741
"@USER ගෝපී නැගනිය,  හුත්ත උල් කිරීම යනු නොගැලපෙන උපමාවෙකි. නිවැරදි වදන පයිය උල් කරගැනීම විය යුතුය. හුත්ත හා සම්බන්ධ ක්‍රියාපදය වන්නේ පලල් කිරීමයි..   මට කියල හුත්ත පලල් කොරෝ ගන්න එපා.. ඕ හදන්නෙ පලල් කොරෝගෙන පලාගෙන යන්න තමයි.. ආදි අයුරින් යෙදේ..","ගෝපී නැගනිය, හුත්ත උල් කිරීම යනු නොගැලපෙන උපමාවෙකි. නිවැරදි වදන පයිය උල් කරගැනීම විය යුතුය. හුත්ත හා සම්බන්ධ ක්‍රියාපදය වන්නේ පලල් කිරීමයි.. මට කියල හුත්ත පලල් කොරෝ ගන්න එපා.. ඕ හදන්නෙ පලල් කොරෝගෙන පලාගෙන යන්න තමයි.. ආදි අයුරින් යෙදේ..",Harassment,0.916
@USER ගෝරිල්ලෙක් එක්ක හැසිරිලා තඩි ගෝරිලි පැටියෙක්නම් හදාගන්න පුලුවන්,ගෝරිල්ලෙක් එක්ක හැසිරිලා තඩි ගෝරිලි පැටියෙක්නම් හදාගන්න පුලුවන්,Harassment,0.9609
"@USER  @USER චක්‍රලේඛය රෝල් කරලා ගහනව තොගෙ පුකේ දැනගනිං.... ලංකාවේ මිනිස්සු මරලා දානකන් බලාගෙන ඉදලා, උන්ව මරන්න උඩගෙඩි දීලා තව චක්‍රලේඛයක් ගැන කතා කරනවා... කැරි හම්බයා...","චක්‍රලේඛය රෝල් කරලා ගහනව තොගෙ පුකේ දැනගනිං.... ලංකාවේ මිනිස්සු මරලා දානකන් බලාගෙන ඉදලා, උන්ව මරන්න උඩගෙඩි දීලා තව චක්‍රලේඛයක් ගැන කතා කරනවා... කැරි හම්බයා...",Harassment,0.937
චන්ද්‍රිකා බලු වේසි තම වයිරී ගූ හිල නැවත අරී URL via  @USER,චන්ද්‍රිකා බලු වේසි තම වයිරී ගූ හිල නැවත අරී උර්ල් via,Harassment,0.9033
චන්දු ඕම හිටියට හවසට පහනත් තියනවා  බොදු දරුවෙක් බොල  බලන් හැදෙනවනම් අන්න ලමයි  හඩ පට පිටින් තියේ මල් කඩන එව්වගෙ   @USER,චන්දු ඕම හිටියට හවසට පහනත් තියනවා බොදු දරුවෙක් බොල බලන් හැදෙනවනම් අන්න ලමයි හඩ පට පිටින් තියේ මල් කඩන එව්වගෙ,Harassment,0.9263
චමුදිත මේකට උත්තර දෙන්න ලොන්ඩරිය. කට වක්කඩේ වගේ  බොම්බයිමොටයි කාරයා . තොට වැඩිය හොදයි යකෝ මාළු  කාරයා   (කයිසගේ රැප් කැල්ලක්ද ?,චමුදිත මේකට උත්තර දෙන්න ලොන්ඩරිය. කට වක්කඩේ වගේ බොම්බයිමොටයි කාරයා . තොට වැඩිය හොදයි යකෝ මාළු කාරයා (කයිසගේ රැප් කැල්ලක්ද ?,Harassment,0.9453
චාමර ලක්ෂාන් යනු පොන්නයෙක්ද ? එහෙමත් නැතිනම් #LTTE කොටි රුකඩයක්ද ? එහෙමත් නැතිනම් මුදලට කලිසම ගලවලා දෙකට නැමිලා පස්ස උස්සලා අල්ලන #NGO එකෙක්ද ? මුට අනුව සිංහලයෝ සියල්ලම  කතිරේ ගැසුවොත් මෝඩයෝය. මහරගම සියලු #සිංහල ජන වාසින් මෝඩයෝය.  @USER  URL #srilanka,චාමර ලක්ෂාන් යනු පොන්නයෙක්ද ? එහෙමත් නැතිනම් ල්ට්ටේ කොටි රුකඩයක්ද ? එහෙමත් නැතිනම් මුදලට කලිසම ගලවලා දෙකට නැමිලා පස්ස උස්සලා අල්ලන නගෝ එකෙක්ද ? මුට අනුව සිංහලයෝ සියල්ලම කතිරේ ගැසුවොත් මෝඩයෝය. මහරගම සියලු #සිංහල ජන වාසින් මෝඩයෝය. උර්ල් ශ්‍රීලංකා,Harassment,0.9526
චැන්ඩ්ලර් මරු බඩුව ඈ  කොම හරි ආයෙ සූටි කෙල්ලෙක්ව අල්ලගෙන... #lastship,චැන්ඩ්ලර් මරු බඩුව ඈ කොම හරි ආයෙ සූටි කෙල්ලෙක්ව අල්ලගෙන... ලස්ට්ස්හිප්,Harassment,0.9663
චිචී හූර ටට්‍යානා කැකුලිට පයිය පොජ්ජ මංදු කොරාපු සංතෝසේ සමරාපු වැදි උස්සවේ කවාදාද දන් නෑ..,චිචී හූර ටට්‍යානා කැකුලිට පයිය පොජ්ජ මංදු කොරාපු සංතෝසේ සමරාපු වැදි උස්සවේ කවාදාද දන් නෑ..,Harassment,0.9526
"@USER චිත්ත ,බං මල් මල් චිත්ත අදින පොන්න හු# තිගේ පුතාලා ,හැම තැනම.","චිත්ත ,බං මල් මල් චිත්ත අදින පොන්න හු# තිගේ පුතාලා ,හැම තැනම.",Harassment,0.9282
@USER  චිත්‍රයක් ඇඳල දෙන්ඩ බැරි අඩු කුලේ පර හැත්ත. පට්ට බැල්ලි. ගහනව වැලි... ආ කෙල්ලෙ උඹත් බැනපන්,චිත්‍රයක් ඇඳල දෙන්ඩ බැරි අඩු කුලේ පර හැත්ත. පට්ට බැල්ලි. ගහනව වැලි... ආ කෙල්ලෙ උඹත් බැනපන්,Harassment,0.9341
චීනෙ ඉන්න ඌරන්ටත් අර කොරෝනා හැදෙනවද.. එහෙම හැදෙනවනම් මාත් මැරෙයි යාලුවො මට කියන්නෙත් තෝ චීන ඌරෙක් කියල,චීනෙ ඉන්න ඌරන්ටත් අර කොරෝනා හැදෙනවද.. එහෙම හැදෙනවනම් මාත් මැරෙයි යාලුවො මට කියන්නෙත් තෝ චීන ඌරෙක් කියල,Harassment,0.9229
චුටි නංගි කටට ගන්න පස්ස ගහනවා නේ? — නෑ එහෙම එකක් නැ. කටට අරන් තමා කන්නේ  බත්... URL,චුටි නංගි කටට ගන්න පස්ස ගහනවා නේ? — නෑ එහෙම එකක් නැ. කටට අරන් තමා කන්නේ බත්... උර්ල්,Harassment,0.9438
චූ කොල්ලක් වෙනවා උබ සමාජෙට බෑ බන් අහසේ ඉගිලෙන්නට ඉබ්බන්ට තූ නොදකින් උබෙ තිබෙනා හැදියාව සීනි බොල කීයක් ඕනෙද උබට  #වදිනඑකෙක්ටවැදිය #වස්කවි  Part 3 බලාපොරොත්තු වන්න,චූ කොල්ලක් වෙනවා උබ සමාජෙට බෑ බන් අහසේ ඉගිලෙන්නට ඉබ්බන්ට තූ නොදකින් උබෙ තිබෙනා හැදියාව සීනි බොල කීයක් ඕනෙද උබට #වදිනඑකෙක්ටවැදිය #වස්කවි Part 3 බලාපොරොත්තු වන්න,Harassment,0.9487
@USER ඡෙරීට මොන කැටයම්ද බං උබේ පුක මොකද මගේ පුක මොකද,ඡෙරීට මොන කැටයම්ද බං උබේ පුක මොකද මගේ පුක මොකද,Harassment,0.9312
ජංගි කැල්ලකට වැදු අම්මව මැරු බුරුවා එක අතකට ඒ කෙල්ල වාසනාවන්තයි අරූ වගේ බූරුවෙක් බැඳලා ඒකි මැරුම් නොකෑව එකට #lka #bittertruth,ජංගි කැල්ලකට වැදු අම්මව මැරු බුරුවා එක අතකට ඒ කෙල්ල වාසනාවන්තයි අරූ වගේ බූරුවෙක් බැඳලා ඒකි මැරුම් නොකෑව එකට ලක බිට්ටේර්ට්‍රුත්,Harassment,0.9053
"ජනතාවගේ බදු මුදලින් ඉගෙන ගෙන, නිකං අලි පූකෙන් ලොවට ජාතක වූවා සේ, පක ටොක් දාන වෛද්‍යවරුන්ගේ අමිමලාට හූකන දවස ලගයි","ජනතාවගේ බදු මුදලින් ඉගෙන ගෙන, නිකං අලි පූකෙන් ලොවට ජාතක වූවා සේ, පක ටොක් දාන වෛද්‍යවරුන්ගේ අමිමලාට හූකන දවස ලගයි",Harassment,0.9702
"ජනසංසදය: තොපි පර දෙමල්ලූ, එනවා මෙතන පුතාව සුද්ද කරන්න! අම්මාට.......පිය, තොප හු..... ඕන තැනකට පලයල්ලා!! URL","ජනසංසදය: තොපි පර දෙමල්ලූ, එනවා මෙතන පුතාව සුද්ද කරන්න! අම්මාට.......පිය, තොප හු..... ඕන තැනකට පලයල්ලා!! උර්ල්",Harassment,0.9624
ජන්ගි පකේ අතුල්ලා පක කනවා ආසයි ඉන්න බැ,ජන්ගි පකේ අතුල්ලා පක කනවා ආසයි ඉන්න බැ,Harassment,0.9771
@USER  @USER    ජම්බු ගහේ ලේනා යන්නෙ නැට්ට වන වනා.. උඹේ තාත්තා ගෙදර යන්නේ ලබ්බ වන වනා.  උබෙ තාත්තයි අපෙ තාත්තයි කුඹුරු කොටනවා තොගෙ තාත්තගෙ හපුටු පුකට කපුටො කොටනවා  රේල් පාරේ මම යනකොට ටෙනිස් ගහනවා.. ටෙනිස් ගහන අක්කලාගේ බනිස් පේනවා,ජම්බු ගහේ ලේනා යන්නෙ නැට්ට වන වනා.. උඹේ තාත්තා ගෙදර යන්නේ ලබ්බ වන වනා. උබෙ තාත්තයි අපෙ තාත්තයි කුඹුරු කොටනවා තොගෙ තාත්තගෙ හපුටු පුකට කපුටො කොටනවා රේල් පාරේ මම යනකොට ටෙනිස් ගහනවා.. ටෙනිස් ගහන අක්කලාගේ බනිස් පේනවා,Harassment,0.9111
ජම්බොලෙ අක්කර පහ පුක   සෙප්‍රනෝ ඔකියෝපියර්ස්  @USER  · 8 Sep 2019 ටිල්සිගෙ මාස තුනේ බඩ,ජම්බොලෙ අක්කර පහ පුක  සෙප්‍රනෝ ඔකියෝපියර්ස්  · 8 සේප 2019 ටිල්සිගෙ මාස තුනේ බඩ,Harassment,0.9595
"JVP සක්කිලියෝ දන්නේ , ආණ්ඩුවේ පස්ස හෝදන්න. හමුදාව හිරේ ........................................ JVP කියන්නනේ අවජාතක සක්කිලියන්ගේ පක්ෂයක්..","ජ්ව්ප් සක්කිලියෝ දන්නේ , ආණ්ඩුවේ පස්ස හෝදන්න. හමුදාව හිරේ ........................................ ජ්ව්ප් කියන්නනේ අවජාතක සක්කිලියන්ගේ පක්ෂයක්..",Harassment,0.9126
ජාතක කරපු එවුන්ට හෙන ඉල්ලන්න උබට පන නැත්තම්...... Pramuditha Gunarath @USER  · 13 Oct 2019 බදුර්දීන් සිංහල කාලේ  @USER,ජාතක කරපු එවුන්ට හෙන ඉල්ලන්න උබට පන නැත්තම්...... ප්‍රමුදිත ගුණරත් · 13 ඔච්ට් 2019 බදුර්දීන් සිංහල කාලේ,Harassment,0.937
"ජාතකය නොදැනීම අවජාතක කමක් නෙවෙයි. අවුල තියෙන්නේ ජාතකය නොදන්නා මිනිහගේ මිසක් ""අවජාතකයා"" කියන එකාගේ නෙවෙයි.","ජාතකය නොදැනීම අවජාතක කමක් නෙවෙයි. අවුල තියෙන්නේ ජාතකය නොදන්නා මිනිහගේ මිසක් ""අවජාතකයා"" කියන එකාගේ නෙවෙයි.",Harassment,0.9316
@USER  @USER    ජාතියක් ජම්මයක් නැති අවජාතක ⁣කැරියෙක් හුකඳෝ උඹ,ජාතියක් ජම්මයක් නැති අවජාතක ⁣කැරියෙක් හුකඳෝ උඹ,Harassment,0.9863
@USER ජාතියේ කරුමෙට වැරදීමකින් ජාතක වෙච්ච් අවජාතක බල්ලන් තිදෙනෙක්.,ජාතියේ කරුමෙට වැරදීමකින් ජාතක වෙච්ච් අවජාතක බල්ලන් තිදෙනෙක්.,Harassment,0.9849
ජාතියේ වීරවංසය ලියන්ට කලිං උඹේ ගෑනිගේ උප්පැන්නෙ හරියට හදාගනිං ගොංවංස අනේ උඹ වගේ ගොං මී හරකෙක් මෝඩ මූසලයෙක් Lol #lka,ජාතියේ වීරවංසය ලියන්ට කලිං උඹේ ගෑනිගේ උප්පැන්නෙ හරියට හදාගනිං ගොංවංස අනේ උඹ වගේ ගොං මී හරකෙක් මෝඩ මූසලයෙක් ලොල් ලක,Harassment,0.9546
ජාතියේ වීරවංසය ලියන්ට කලිං උඹේ ගෑනිගේ උප්පැන්නෙ හරියට හදාගනිං ගොංවංස අනේ උඹ වගේ ගොං මී හරකෙක් මෝඩ මූසලයෙක් Lol #lk… Officer dibble @USER  · 31 Jul 2015 ජාතියේ වීරවංසය ලියන්ට කලිං උඹේ ගෑනිගේ උප්පැන්නෙ හරියට හදාගනිං ගොංවංස අනේ උඹ වගේ ගොං මී හරකෙක් මෝඩ මූසලයෙක් Lol #lka,ජාතියේ වීරවංසය ලියන්ට කලිං උඹේ ගෑනිගේ උප්පැන්නෙ හරියට හදාගනිං ගොංවංස අනේ උඹ වගේ ගොං මී හරකෙක් මෝඩ මූසලයෙක් ලොල් ලක් Officer dibble · 31 ජුල 2015 ජාතියේ වීරවංසය ලියන්ට කලිං උඹේ ගෑනිගේ උප්පැන්නෙ හරියට හදාගනිං ගොංවංස අනේ උඹ වගේ ගොං මී හරකෙක් මෝඩ මූසලයෙක් ලොල් ලක,Harassment,0.9087
ජිම් ගිහින් තියෙන ලෑලි පුක ලාවට රවුං කරගන්න පුළුවන්. ඒත් ආරෙන් ආපු නැති පුකක් එතන අලුතින් මවන්න බෑ කෙල්ලේ. තේරුම් ගනින්.... යකඩ වලටත් කරන්න පුළුවන් දේවල් තියෙනවා,ජිම් ගිහින් තියෙන ලෑලි පුක ලාවට රවුං කරගන්න පුළුවන්. ඒත් ආරෙන් ආපු නැති පුකක් එතන අලුතින් මවන්න බෑ කෙල්ලේ. තේරුම් ගනින්.... යකඩ වලටත් කරන්න පුළුවන් දේවල් තියෙනවා,Harassment,0.9556
"ජීවන් මෙන්ඩිස් ලෝකේ අල්ලන්න වගේ බොලේ අල්ලන්න යනකොට , අවන්කෙන්ම කටට පොඩි හිනාවක් ආව බන් ! — feeling crazy","ජීවන් මෙන්ඩිස් ලෝකේ අල්ලන්න වගේ බොලේ අල්ලන්න යනකොට , අවන්කෙන්ම කටට පොඩි හිනාවක් ආව බන් ! — feeling crazy",Harassment,0.9111
"@USER  @USER    ජීවිතේට දැකලා නෑ උඹ වගේ සක්කිලි වැසිගෙ පුතෙක්, පුලුවන් නම් උඹෙ අම්මාවත් රාජපක්ශ හුකන්න ඇහුවොත් දිපන්","ජීවිතේට දැකලා නෑ උඹ වගේ සක්කිලි වැසිගෙ පුතෙක්, පුලුවන් නම් උඹෙ අම්මාවත් රාජපක්ශ හුකන්න ඇහුවොත් දිපන්",Harassment,0.9824
ජුම් පප්පර පුකේ මයිල්  පුක වටකර *කේ මයිල්,ජුම් පප්පර පුකේ මයිල් පුක වටකර *කේ මයිල්,Harassment,0.9058
ජොනී ජෝනී   යස් පපා   චූ කෙරුවද ?   යෙස් පපා   පුක සේදුවද   නෝ පපා  *ගිහින් පුක හෝදන් වර පරයා*,ජොනී ජෝනී යස් පපා චූ කෙරුවද ? යෙස් පපා පුක සේදුවද නෝ පපා *ගිහින් පුක හෝදන් වර පරයා*,Harassment,0.9155
ට ' කන වේ* ගේ පුතාලා හු*නවා ඇවිල්ලා මම පු* පදිරි නෑ   සූස්තිය අතේ. .. ආදරෙයි රැපට හු*තෝ!!!,ට ' කන වේ* ගේ පුතාලා හු*නවා ඇවිල්ලා මම පු* පදිරි නෑ සූස්තිය අතේ. .. ආදරෙයි රැපට හු*තෝ!!!,Harassment,0.9307
@USER  ට Crystallography කුප්පියක් දාන ගමන්  මේකි: ඒ වමනෙ යන්න වගේ බම්  මම: තොට ළමයෙක් හම්බෙන්න වෙන්න ඇති  මේකි: අඩෝ දන් නෑ බන්,ට Crystallography කුප්පියක් දාන ගමන් මේකි: ඒ වමනෙ යන්න වගේ බම් මම: තොට ළමයෙක් හම්බෙන්න වෙන්න ඇති මේකි: අඩෝ දන් නෑ බන්,Harassment,0.9775
@USER ට හිකෙයි කිවුවලු.. මෝඩ පකයො.. ගල් ගහන්න තියෙන්නේ ඕකුන්ට   @USER,ට හිකෙයි කිවුවලු.. මෝඩ පකයො.. ගල් ගහන්න තියෙන්නේ ඕකුන්ට,Harassment,0.9512
@USER ට හුකන්න කැරි කිරිටොපා තොට දෙන්නම්,ට හුකන්න කැරි කිරිටොපා තොට දෙන්නම්,Harassment,0.9868
ටවුකන්ඩ....දාල...යකෝ....සමාදි. කහ කුරුමිණියා @USER  · 12 Mar 2021 අම්මෝ එයාගේ සැර @USER @USER @USER @USER @USER Alludu Adhurs,ටවුකන්ඩ....දාල...යකෝ....සමාදි. කහ කුරුමිණියා · 12 Mar 2021 අම්මෝ එයාගේ සැර අල්ලුදු අධුර්ස්,Harassment,0.9409
@USER  @USER ටහිකේ මූ යකෝ  නවලා ගහනෝ තෝව බෝක්කුවක් අස්සේ පරයා,ටහිකේ මූ යකෝ නවලා ගහනෝ තෝව බෝක්කුවක් අස්සේ පරයා,Harassment,0.9849
ටහුකන්ඩ බලාන්කෝ පොන්න සමණළයා වනන වැනිල්ල :,ටහුකන්ඩ බලාන්කෝ පොන්න සමණළයා වනන වැනිල්ල :,Harassment,0.9058
ටහුකන්ඩ මේ ට්වීට් එක දාන්නෙ ලේ කැකෑරෙන තරහකින්.   තොපි වෙසිගෙ පුතාලට බලයෙ ඉන්ඩ ඕනෙ උනා නං එකට පුක උඩ දාගෙන නීති හදන හැටි අපි දන්නව. ඈ පකෝ තොපි ඔය කටෙන්ද පුකෙන්ද කතා කරන්නෙ. මං ඇතුලු රටේ බහුතරය තොපිට හෙන ඉල්ලල සාප කරනව.   බක් මහ අකුනු කාලෙ. පරිස්සමෙන් හිටපං.,ටහුකන්ඩ මේ ට්වීට් එක දාන්නෙ ලේ කැකෑරෙන තරහකින්. තොපි වෙසිගෙ පුතාලට බලයෙ ඉන්ඩ ඕනෙ උනා නං එකට පුක උඩ දාගෙන නීති හදන හැටි අපි දන්නව. ඈ පකෝ තොපි ඔය කටෙන්ද පුකෙන්ද කතා කරන්නෙ. මං ඇතුලු රටේ බහුතරය තොපිට හෙන ඉල්ලල සාප කරනව. බක් මහ අකුනු කාලෙ. පරිස්සමෙන් හිටපං.,Harassment,0.981
"ටහුඩු  රස්තියාදුකාරයා @USER  · 6 Sep 2017 ""Necklace එකක් දැම්මම ගණිකාව"" එතකොට, - කරාඹු දැම්මම පොන්නයා - ඇට මාල දාන එකා සන්නාසියා - ටැටූ ගහන එකා කුඩුකාරයා  මරු රට ඕයි මේක","ටහුඩු රස්තියාදුකාරයා · 6 සේප 2017 ""Necklace එකක් දැම්මම ගණිකාව"" එතකොට, - කරාඹු දැම්මම පොන්නයා - ඇට මාල දාන එකා සන්නාසියා - ටැටූ ගහන එකා කුඩුකාරයා මරු රට ඕයි මේක",Harassment,0.9424
Tv commercial වල ඉන්න ළමයි කන්න බෑ කිව්වම ඒකෙ ඉන්න අම්මල සුප් කැටයක් දාන්නෙ කන්න බැරි නන් මැරියන් කියලලු කියල මගේ අම්ම කිව්ව,ට්ව commercial වල ඉන්න ළමයි කන්න බෑ කිව්වම ඒකෙ ඉන්න අම්මල සුප් කැටයක් දාන්නෙ කන්න බැරි නන් මැරියන් කියලලු කියල මගේ අම්ම කිව්ව,Harassment,0.9165
ට්විටර් එකෙන්ම වලොයක් organize කරන්ඩෝන. Its a must. ගෙන්නගන්ඩ ඔනේ අර වගේ වඳ වෙසිගෙ පුතාල ටිකව. ගහන්ඩ ඕනෙ පන්න පන්න. යකෝ තෝ පිරිමියෙක්ද...,ට්විටර් එකෙන්ම වලොයක් organize කරන්ඩෝන. Its අ must. ගෙන්නගන්ඩ ඔනේ අර වගේ වඳ වෙසිගෙ පුතාල ටිකව. ගහන්ඩ ඕනෙ පන්න පන්න. යකෝ තෝ පිරිමියෙක්ද...,Harassment,0.9897
"ට්විටර් එකේ සමහර උන් පියුමි හංසමාලි කකුලක් පෙන්නුවම . . පට්ට වේසි. ගොන් බඩුව. අම්මා කෙනෙක් නේද ×ත්තියේ....Blah blah blah  උන්ම තව කවුරු හරි මේකේ බිස්නස් කරන්න ආපු එකක් කකුල පෙන්නුවම . . වාව් අක්කි. නයිස්. ගෝජස්. කාන්ට් සේ යු ආ මැරීඩ්, සෝ සෙක්සි   නෙදකින් ජංගිවාටි පොන්නයෝ","ට්විටර් එකේ සමහර උන් පියුමි හංසමාලි කකුලක් පෙන්නුවම . . පට්ට වේසි. ගොන් බඩුව. අම්මා කෙනෙක් නේද ×ත්තියේ....Blah blah blah උන්ම තව කවුරු හරි මේකේ බිස්නස් කරන්න ආපු එකක් කකුල පෙන්නුවම . . වාව් අක්කි. නයිස්. ගෝජස්. කාන්ට් සේ යු ආ මැරීඩ්, සෝ සෙක්සි නෙදකින් ජංගිවාටි පොන්නයෝ",Harassment,0.9731
ට්විටර් පවුලකට අයිති නැති අවජාතක ළමයි මේ කොනට එන්න,ට්විටර් පවුලකට අයිති නැති අවජාතක ළමයි මේ කොනට එන්න,Harassment,0.9414
ට්‍රිප් ගියාම රෙදි ෙඑහෙන්ම හෝදං වේලං එෙන්නනෝනි.ෙ.රෙද්ද..දැන් රෙදි හෝදන් ගියාම එපා ෙවෙනෝ..,ට්‍රිප් ගියාම රෙදි ෙඑහෙන්ම හෝදං වේලං එෙන්නනෝනි.ෙ.රෙද්ද..දැන් රෙදි හෝදන් ගියාම එපා ෙවෙනෝ..,Harassment,0.916
ටැටූ එකක් ගහලද නෝස් පින් එකක් දාලද  ටිකක් කොටට අඳිනවද   ඒකි බඩුව හුත්තො,ටැටූ එකක් ගහලද නෝස් පින් එකක් දාලද ටිකක් කොටට අඳිනවද ඒකි බඩුව හුත්තො,Harassment,0.9756
ටික කාලෙකට කලින් මම pwd එකක්අමතක වෙලා වටේ ඉන්න උන්ගෙන් ඇහුව හදාගන්න පුලුවන් විදිහක් ඒ අතරින් එකෙක් දැන්  වේස ගෑනි වගේ වටේ කිකිය යනෝ උදව් ගත්ත කියලා නොදන්න එකක් කියල දීල මෙහෙම නම් දාහක් දෙදාහක් වියදම් වෙන දෙයක් කරා නම්  බුදිය ගත්ත කියල කියනව සුවර් @USER   @USER  මතක ඇති The following media includes potentially sensitive content. Change settings View,ටික කාලෙකට කලින් මම ප්ව්ඩ් එකක්අමතක වෙලා වටේ ඉන්න උන්ගෙන් ඇහුව හදාගන්න පුලුවන් විදිහක් ඒ අතරින් එකෙක් දැන් වේස ගෑනි වගේ වටේ කිකිය යනෝ උදව් ගත්ත කියලා නොදන්න එකක් කියල දීල මෙහෙම නම් දාහක් දෙදාහක් වියදම් වෙන දෙයක් කරා නම් බුදිය ගත්ත කියල කියනව සුවර් මතක ඇති The following media ඉන්ච්ලුදෙස් potentially sensitive content. Change සෙට්ටින්ග්ස් View,Harassment,0.9341
ටිකිරි ටිකිරි ටිකිරි ලියා රෙද්ද කඩන් ඇඳට ගියා ඇඳේ හිටපු හොර කොටියා හුකල හුකල පැනල ගියා,ටිකිරි ටිකිරි ටිකිරි ලියා රෙද්ද කඩන් ඇඳට ගියා ඇඳේ හිටපු හොර කොටියා හුකල හුකල පැනල ගියා,Harassment,0.9453
@USER ටීම් එකේ බඩුව  #GuessTheTweep  #TCLSLමඩ,ටීම් එකේ බඩුව ගුඑෂ්ථෙත්වෙඑප් #TCLSLමඩ,Harassment,0.9858
#TeamKevum #AvuruduLK මැරුණත් පර සුද්දන්ගෙ කෑම වල පුක දෙන්නෑ මිත්‍රෝරුනි,ටෙඅම්කෙවුම් අවුරුදුල්ක් මැරුණත් පර සුද්දන්ගෙ කෑම වල පුක දෙන්නෑ මිත්‍රෝරුනි,Harassment,0.9771
"ටෙල්කො කොම්පනිවලට කඩේ ගියාට, පුකදුන්නට නොමිලේ ඩේට ලැබෙන්නෙ නෑ ඕයි..  මිනිස්සු ඔක්කොම බනිද්දී ඒක ස්වාභාවිකයි කියන වේස නලේකුත් ඉන්නෝනේ..","ටෙල්කො කොම්පනිවලට කඩේ ගියාට, පුකදුන්නට නොමිලේ ඩේට ලැබෙන්නෙ නෑ ඕයි.. මිනිස්සු ඔක්කොම බනිද්දී ඒක ස්වාභාවිකයි කියන වේස නලේකුත් ඉන්නෝනේ..",Harassment,0.9146
"To all the ""හම්මේ කිස් කරලද? ඊයා! අපේ රට කන්නෙ මුන් තමයි යකෝ. ලැජ්ජ නැද්ද යකෝ? ගොන් බඩුව bla bla..."" wannabe... URL","ටො all the ""හම්මේ කිස් කරලද? ඊයා! අපේ රට කන්නෙ මුන් තමයි යකෝ. ලැජ්ජ නැද්ද යකෝ? ගොන් බඩුව බලා බලා වන්නබේ උර්ල්",Harassment,0.9214
@USER  @USER ටොපි දෙන්නට ගල ගහල මරන්නෙ.......,ටොපි දෙන්නට ගල ගහල මරන්නෙ.......,Harassment,0.9263
Tom Cruise නාකි වෙන දවසට අපි මැරිලත් ඉදි,ටොම් Cruise නාකි වෙන දවසට අපි මැරිලත් ඉදි,Harassment,0.9292
@USER ටෞකන්ඩ තෝ මේවට ආවොත් මේකේ හම්බෙන් නිදහස එක්කේ තෝ රටේ ඉන්න ගෑනුන්ට ලමයි දීලා ජාතියේ පියා වේවි...,ටෞකන්ඩ තෝ මේවට ආවොත් මේකේ හම්බෙන් නිදහස එක්කේ තෝ රටේ ඉන්න ගෑනුන්ට ලමයි දීලා ජාතියේ පියා වේවි...,Harassment,0.979
ටෞකන්ඩ මේ හැදෙන මූත්‍රා බරට මේ ලබ්බ කපලා දාන්න හිතෙනවා,ටෞකන්ඩ මේ හැදෙන මූත්‍රා බරට මේ ලබ්බ කපලා දාන්න හිතෙනවා,Harassment,0.9131
ටෞකන්ඩ යකෝ  Chamalka© @USER  · 15 Dec 2019  @USER පුක එක ගානට ඇති  උස ගැන මම කිව්වෙ,ටෞකන්ඩ යකෝ චමල්ක · 15 දෙක් 2019 පුක එක ගානට ඇති උස ගැන මම කිව්වෙ,Harassment,0.9487
@USER ටෞකන්න තෝ ලෑලී පුකී,ටෞකන්න තෝ ලෑලී පුකී,Harassment,0.9434
ඩයලොග් හුත්තිගේ පුතාලා එක්ක ගනුදෙනු කරනවා කියන්නේ නිකම් ඇඟේ ලේ ටික කෝප කරගන්නවා කියන එක  වේස හුත්තිගේ බැල්ලියෝ ඉන්නේ,ඩයලොග් හුත්තිගේ පුතාලා එක්ක ගනුදෙනු කරනවා කියන්නේ නිකම් ඇඟේ ලේ ටික කෝප කරගන්නවා කියන එක වේස හුත්තිගේ බැල්ලියෝ ඉන්නේ,Harassment,0.9834
@USER ඩිංගිරි වරක මදුලක් වගේ එකකිං මුගෙ පුක පලපුදා ඉඳල තමා ඔය,ඩිංගිරි වරක මදුලක් වගේ එකකිං මුගෙ පුක පලපුදා ඉඳල තමා ඔය,Harassment,0.9097
ඩුප් ගහන උන්ට:  අනේ ඕකුන්ගෙ සරම කැඩියන්! අනේ ඕකියන්ගෙ රෙද්ද හැලියන්!,ඩුප් ගහන උන්ට: අනේ ඕකුන්ගෙ සරම කැඩියන්! අනේ ඕකියන්ගෙ රෙද්ද හැලියන්!,Harassment,0.939
ඩුප් ගහන උන්ට:  අනේ ඕකුන්ගෙ සරම කැඩියන්! අනේ ඕකියන්ගෙ රෙද්ද හැලියන්! Upside-down face,ඩුප් ගහන උන්ට: අනේ ඕකුන්ගෙ සරම කැඩියන්! අනේ ඕකියන්ගෙ රෙද්ද හැලියන්! උප්සිදෙදොව්න් face,Harassment,0.981
@USER ඩෙසිකගෙ මොලේ තව වැඩෙන්න තව මොනවහරි කරන්න... අර වැට කොනින් කඩාගත් තඩි පොල්ලකින් ගහන්න...  මේකිට හැකියි හොදට කන්න කම්මැලියි වැඩ කරන්න... ගොරවා...පොරෝගෙන...දවසක්ම හැක නිදන්න..,ඩෙසිකගෙ මොලේ තව වැඩෙන්න තව මොනවහරි කරන්න... අර වැට කොනින් කඩාගත් තඩි පොල්ලකින් ගහන්න... මේකිට හැකියි හොදට කන්න කම්මැලියි වැඩ කරන්න... ගොරවා...පොරෝගෙන...දවසක්ම හැක නිදන්න..,Harassment,0.9761
ණයට කහින්නෑ අපි හුත්තො කැස්සොත් දෙනවා කටට,ණයට කහින්නෑ අපි හුත්තො කැස්සොත් දෙනවා කටට,Harassment,0.9795
තඩි Fake එකක් කුරුමානම් අල්ල අල්ල වටේට කැරකෙනවා...  Mute කරලා දැම්මා,තඩි Fake එකක් කුරුමානම් අල්ල අල්ල වටේට කැරකෙනවා... Mute කරලා දැම්මා,Harassment,0.9512
තඩි ඇවිදින මිනිස් මෝරෙක්.. in tge #TheFlash,තඩි ඇවිදින මිනිස් මෝරෙක්.. ඉන් තගේ තෙෆ්ලාශ්,Harassment,0.937
@USER තඩි කොකෙක් ඒකනම්...පුම්බල ඇරිය උඩ.... tim කාරයවත් එච්චර ඔලුවෙන් නැතුව ඇති,තඩි කොකෙක් ඒකනම්...පුම්බල ඇරිය උඩ.... ටීම් කාරයවත් එච්චර ඔලුවෙන් නැතුව ඇති,Harassment,0.9087
"තඩි පුකක් ඇති කෙල්ලෙක් දුටු විට ඇතැම්හු ""මට අරකිගෙ පුක පලන්න ඇත්නම්"" කියා සිතති..නමුත් පුක පැලීම ලේසි නැති බව බොහෝදෙනා දනිති.. ඇතැම් අය පුකේ කැටයම් කපති, ටැටූ ගසති.. කුමක් කළත් උදේට බොක යනකොට එන ගඳ දැනුන විට ""රෙන පුකට මොන කැටයම්ද"" කියා සිතේ..","තඩි පුකක් ඇති කෙල්ලෙක් දුටු විට ඇතැම්හු ""මට අරකිගෙ පුක පලන්න ඇත්නම්"" කියා සිතති..නමුත් පුක පැලීම ලේසි නැති බව බොහෝදෙනා දනිති.. ඇතැම් අය පුකේ කැටයම් කපති, ටැටූ ගසති.. කුමක් කළත් උදේට බොක යනකොට එන ගඳ දැනුන විට ""රෙන පුකට මොන කැටයම්ද"" කියා සිතේ..",Harassment,0.9346
@USER තඩි බඩක් නැත්නම් ඇයි උබට ඔච්චර upset යන්නේ? ඕක ගැන කියනකොට? @USER,තඩි බඩක් නැත්නම් ඇයි උබට ඔච්චර upset යන්නේ? ඕක ගැන කියනකොට?,Harassment,0.9092
තඩි බඩෙක් ඇවිල්ල ගහගෙන ගහහෙන ගියා #LPL2020,තඩි බඩෙක් ඇවිල්ල ගහගෙන ගහහෙන ගියා #LPL2020,Harassment,0.957
තඩි ලණුවකින් මාව බැඳලා තඩි පොල්ලකින් මට ගහපන්. පණ තියෙනවා වගේ නම් තව ගහපන්   VILIAM @USER  · 22 May 2016 මාව මරන්ඩකෝ..  පීස් මෙයා,තඩි ලණුවකින් මාව බැඳලා තඩි පොල්ලකින් මට ගහපන්. පණ තියෙනවා වගේ නම් තව ගහපන් විලිං · 22 May 2016 මාව මරන්ඩකෝ.. පීස් මෙයා,Harassment,0.9604
තඩි හුලගක් එනවා . මහ වැස්සක පෙර නිමිති වගේ #lka #colombo,තඩි හුලගක් එනවා . මහ වැස්සක පෙර නිමිති වගේ ලක චොලොම්බෝ,Harassment,0.917
තඩි..... තඩි.... තඩි....තඩි.... තඩිද  කුරුම්බා ??  #පතං or #නොපතං දන්නෝ දනිති,තඩි..... තඩි.... තඩි....තඩි.... තඩිද කුරුම්බා ?? #පතං ඔර #නොපතං දන්නෝ දනිති,Harassment,0.9443
තන් දෙක අස්සෙ ආදරෙ හොයපු උන් කෙල උනාම උන් love කරපු කරපු කෙල්ලට කියන්නෙ #බඩුව කියලලු love කියන වචනෙ පාවිච්චි කරල කෙල්ලෙක්ගෙ ඇඟට අත තියනවට වඩා හොඳයි බං පාරෙ ඉන්න ගණිකාවක් ගන්න එක.,තන් දෙක අස්සෙ ආදරෙ හොයපු උන් කෙල උනාම උන් love කරපු කරපු කෙල්ලට කියන්නෙ #බඩුව කියලලු love කියන වචනෙ පාවිච්චි කරල කෙල්ලෙක්ගෙ ඇඟට අත තියනවට වඩා හොඳයි බං පාරෙ ඉන්න ගණිකාවක් ගන්න එක.,Harassment,0.9409
තන් දෙක මැද්දෙ තියලා හුකනවද? — අහපංකො ඔය ප්‍රශ්නේ තොගෙ ආච්චීගෙන් curiouscat.live PhuckYou_ CuriousCat is a Q&A social network that allows you to connect with your followersknow new people.,තන් දෙක මැද්දෙ තියලා හුකනවද? — අහපංකො ඔය ප්‍රශ්නේ තොගෙ ආච්චීගෙන් කුරිඖස්කත්ලිවෙ PhuckYou_ කුරිඖස්කත් ඉස අ ක social network that අල්ලොව්ස් you ටො connect with your ෆෝල්ලොවෙර්ස්ක්නොව් new people.,Harassment,0.938
තනිකඩ වෙලා..වේලිලා..මැරිය තෝ.. GάŘα @USER  · 29 Aug 2020 මූ වගේ අලුගුත්තේරුවෙකුට දෙයියෝ අක්කලා මවයිද...   දෙයියන්ට පයිතියං නෑ පොක්ක එච්චරම  twitter.com/FriendsGammadd…,තනිකඩ වෙලා..වේලිලා..මැරිය තෝ.. ග · 29 ඖග් 2020 මූ වගේ අලුගුත්තේරුවෙකුට දෙයියෝ අක්කලා මවයිද... දෙයියන්ට පයිතියං නෑ පොක්ක එච්චරම ත්විත්තෙර්කොම්ෆ්රිඑස්ගංමද්ද,Harassment,0.9536
@USER @USER  තනියම කන්න එපා යකෝ තොට බඩේ අමාරුව හැදේවි,තනියම කන්න එපා යකෝ තොට බඩේ අමාරුව හැදේවි,Harassment,0.938
@USER @USER  තනියම කාල තොට බඩේ අමාරුව හෑදෙයි යකෝ..,තනියම කාල තොට බඩේ අමාරුව හෑදෙයි යකෝ..,Harassment,0.9033
@USER තනේ කඩල විසික්කරන්න හොදා අපි තන් කීවාම වැරදී,තනේ කඩල විසික්කරන්න හොදා අපි තන් කීවාම වැරදී,Harassment,0.9595
තබන තබන පය ලිස්සා වැටීයන්.. ගහන ගහන ගැට කෙල වී පලයන්.. රට කරනා නරි දෙන්නට මෙය වැදීයන්.. පාරක් අයිනේ බල්ලෙක් වගේ තොපි මැරීයන්!!,තබන තබන පය ලිස්සා වැටීයන්.. ගහන ගහන ගැට කෙල වී පලයන්.. රට කරනා නරි දෙන්නට මෙය වැදීයන්.. පාරක් අයිනේ බල්ලෙක් වගේ තොපි මැරීයන්!!,Harassment,0.9785
තබන තබන් පය අලුවි දැවියන් රෝග දුක්විපත් ගින්නෙන් දැවියන් වැහි නැති අකුණුම හිස මත වැටියන් බදුරුදින් උබ මැරිලම පලයන්  කලුවට කලුවේ ගෝනිය පොරවන් යනවිට පාරේ උබ මට ඔරවන් ගෑණු පිරිමි බව හොයන් ඔනේ නං Please සුදූ මට මූන පෙන්නපං  #Manakkalpitha,තබන තබන් පය අලුවි දැවියන් රෝග දුක්විපත් ගින්නෙන් දැවියන් වැහි නැති අකුණුම හිස මත වැටියන් බදුරුදින් උබ මැරිලම පලයන් කලුවට කලුවේ ගෝනිය පොරවන් යනවිට පාරේ උබ මට ඔරවන් ගෑණු පිරිමි බව හොයන් ඔනේ නං Please සුදූ මට මූන පෙන්නපං මනක්කල්පිත,Harassment,0.9121
තමන් ඉපදිච්ච හැදිච්ච වැඩිච්ච රට වේස ගෑණියෙක් වගේ දකින මිනිස්සුත් ඉන්නවානේ හිටං.  Randika Fernando @USER  · 26 Oct 2020  @USER@USER වේස ගෑනි වගේ දැන් ඉංදියන් සාගරෙ අමුතු ඇටේ...,තමන් ඉපදිච්ච හැදිච්ච වැඩිච්ච රට වේස ගෑණියෙක් වගේ දකින මිනිස්සුත් ඉන්නවානේ හිටං. රන්දික ෆෙර්ණන්දෝ · 26 ඔච්ට් 2020 වේස ගෑනි වගේ දැන් ඉංදියන් සාගරෙ අමුතු ඇටේ...,Harassment,0.9595
තමන්ගේ කක්කා තමන්ට ගඳ නැති අතර අනුන්ගේ කක්කා පට්ට ගඳ වේ   - පයිත්‍රීමාල සිරිසේන  - ගජමන් නෝනා @USER  · 24 Aug 2019 කක්කා සුවඳ ද ගඳ ද?,තමන්ගේ කක්කා තමන්ට ගඳ නැති අතර අනුන්ගේ කක්කා පට්ට ගඳ වේ - පයිත්‍රීමාල සිරිසේන - ගජමන් නෝනා · 24 ඖග් 2019 කක්කා සුවඳ ද ගඳ ද?,Harassment,0.9067
තමන්ටම rap king කියාගන්න. වටේ ඉන්න පඩත්තරයො නිසා ඉදිමිලා ඉන්න. කයිසර් වගේ එකෙක් දෙන්නෙක් හිරේ ගිහින් පුක පලාගත්තම අම්මව මතක් වෙයි.,තමන්ටම rap king කියාගන්න. වටේ ඉන්න පඩත්තරයො නිසා ඉදිමිලා ඉන්න. කයිසර් වගේ එකෙක් දෙන්නෙක් හිරේ ගිහින් පුක පලාගත්තම අම්මව මතක් වෙයි.,Harassment,0.9722
තම්බියා කොහොමත් තම්බියට අදිනවා.අපෙ එවුන් තාමත් තම්බින්ට පුක විතරක් නම් කමත් නැ.කෙලත් දෙනවා.විල්පත්තුව... URL,තම්බියා කොහොමත් තම්බියට අදිනවා.අපෙ එවුන් තාමත් තම්බින්ට පුක විතරක් නම් කමත් නැ.කෙලත් දෙනවා.විල්පත්තුව... උර්ල්,Harassment,0.9556
තම්බිල තම්බිලා  වෙනුවෙන්   කතා කරනවා  අවුලක්නෑ   ඒත් තම්බිලගෙ පුක ලේවකන  Ngo සිංහල උන් ඉන්නකන්   මොකුත්ම කරන්න බෑ,තම්බිල තම්බිලා වෙනුවෙන් කතා කරනවා අවුලක්නෑ ඒත් තම්බිලගෙ පුක ලේවකන නගෝ සිංහල උන් ඉන්නකන් මොකුත්ම කරන්න බෑ,Harassment,0.9683
තම්බී වාසුදේවලාට කඩු තියන උංගේ පල්ලී වීඩියෝ කලාම පුක කහනවා.. කතෝලික පල්ලියට බෝම්බ ගැහුවට කමක් නෑ වෙන්ට ඇති.. ඕකලාව සතේකට විශ්වාස කරන්න එපා ගොයියෝ.. #lka,තම්බී වාසුදේවලාට කඩු තියන උංගේ පල්ලී වීඩියෝ කලාම පුක කහනවා.. කතෝලික පල්ලියට බෝම්බ ගැහුවට කමක් නෑ වෙන්ට ඇති.. ඕකලාව සතේකට විශ්වාස කරන්න එපා ගොයියෝ.. ලක,Harassment,0.9502
තමා පුක දෙනවද? වෙඩි කනවද? . පුක දීලම වෙඩි කමු නේද මහත්තයො..,තමා පුක දෙනවද? වෙඩි කනවද? . පුක දීලම වෙඩි කමු නේද මහත්තයො..,Harassment,0.9873
තමුසෙ ගිහින් බෙහෙත් ගන්නවා.. Pushpe @USER  · 27 Mar 2021 අම්ම තාත්ත ලග නැති එකෙක්ට කැස්සක් වත් හැදෙන්නෙපා,තමුසෙ ගිහින් බෙහෙත් ගන්නවා.. පුෂ්පේ · 27 Mar 2021 අම්ම තාත්ත ලග නැති එකෙක්ට කැස්සක් වත් හැදෙන්නෙපා,Harassment,0.9224
TL එක දැකල හෙට බනින උන්ට බඩ පලයන්,තල් එක දැකල හෙට බනින උන්ට බඩ පලයන්,Harassment,0.939
"TL එකේ ඔක්කොම තියෙන්නෙ දෙස්පාළු tweet නේ. අරයා ගොනා මෙයා ගොනා, මුන්ට ගහන්න ඔනේ ect..!","තල් එකේ ඔක්කොම තියෙන්නෙ දෙස්පාළු tweet නේ. අරයා ගොනා මෙයා ගොනා, මුන්ට ගහන්න ඔනේ එච්ට්",Harassment,0.958
@USER තලාගන්නද හදන්නෙ අයිසෙ හොම්බ කට ගෑනිගෙ අතිම්,තලාගන්නද හදන්නෙ අයිසෙ හොම්බ කට ගෑනිගෙ අතිම්,Harassment,0.9824
තව එකකින් ඇවිත් දීපල්ලා දුවන්න.. අවජාතක පරයි..,තව එකකින් ඇවිත් දීපල්ලා දුවන්න.. අවජාතක පරයි..,Harassment,0.9521
තව තව ipl ගැහුවනම් හරි පුක උඩදාගෙන,තව තව ඉපල් ගැහුවනම් හරි පුක උඩදාගෙන,Harassment,0.9565
@USER  @USER තව නැගපං කඳු...  අන්ටිල් අම්මා සේ තෝ කඳු  නැග නැග හිටපං තොගේ වයසෙ අනික් එවුන් බබාට බෙහෙත් විදින්න යද්දි,තව නැගපං කඳු... අන්ටිල් අම්මා සේ තෝ කඳු නැග නැග හිටපං තොගේ වයසෙ අනික් එවුන් බබාට බෙහෙත් විදින්න යද්දි,Harassment,0.9116
@USER  @USER    @USER  තව්සෙ බඩුවක් වගේ හැම ෆැමිලි එකකම ඉන්නවා මමත් වේස බඩුවක් වගේ හැම එකකම ඉන්නවා,තව්සෙ බඩුවක් වගේ හැම ෆැමිලි එකකම ඉන්නවා මමත් වේස බඩුවක් වගේ හැම එකකම ඉන්නවා,Harassment,0.9551
ත්‍රස්තවාදීන්ට පෙම් කරන්න යන ගොබ්බ හරක් ඔය කතාව අර මැරිච්ච මිනිස්සුන්ගේ පවුලේ එකෙක් ගාවට ගිහින් නම් කියන්ඩ එපා !! තොපේ ඇට දෙක පුක වටේ අරියි..යාලුවනේ එන්න අපි සතුරාටත් පෙම් කර..... අනේ නිකං පලයං හුක්.. යන්ඩ!!,ත්‍රස්තවාදීන්ට පෙම් කරන්න යන ගොබ්බ හරක් ඔය කතාව අර මැරිච්ච මිනිස්සුන්ගේ පවුලේ එකෙක් ගාවට ගිහින් නම් කියන්ඩ එපා !! තොපේ ඇට දෙක පුක වටේ අරියි..යාලුවනේ එන්න අපි සතුරාටත් පෙම් කර..... අනේ නිකං පලයං හුක්.. යන්ඩ!!,Harassment,0.9531
"ත්‍රීවිල් අයියා :- ""අර වේසිඟේ පුතා අද හල්දුම්මුල්ලට යනවලු. අපිට පාක් එකේ විල් තියාගෙන ඉන්න එපා කිව්වා පොලිසියේ ඉන්න පොන්න හුත්තිගේ පුතාලා ටික...""","ත්‍රීවිල් අයියා :- ""අර වේසිඟේ පුතා අද හල්දුම්මුල්ලට යනවලු. අපිට පාක් එකේ විල් තියාගෙන ඉන්න එපා කිව්වා පොලිසියේ ඉන්න පොන්න හුත්තිගේ පුතාලා ටික...""",Harassment,0.979
තාත්තා එහා පැත්තේ හුප්පෝ  ට උකන්න දාලා  මූගේ රිප්ලයි එක මොකක්ද බලන්න ඇවිත් මාත් ඉල්ලගෙන කෑව. ඒ මගුල  හම්සා තොටත් හෙන ගහපං.,තාත්තා එහා පැත්තේ හුප්පෝ ට උකන්න දාලා මූගේ රිප්ලයි එක මොකක්ද බලන්න ඇවිත් මාත් ඉල්ලගෙන කෑව. ඒ මගුල හම්සා තොටත් හෙන ගහපං.,Harassment,0.9175
තාම අම්මත් එක්ක නිදියන හීනෙන් බය වුනාම හුජ්ජ යන බටු ඇටයො කාමර කුලියට දෙන්න කතාව  අනේ හුකේ නන්නානෙ.... URL This Tweet is unavailable.,තාම අම්මත් එක්ක නිදියන හීනෙන් බය වුනාම හුජ්ජ යන බටු ඇටයො කාමර කුලියට දෙන්න කතාව අනේ හුකේ නන්නානෙ.... උර්ල් This Tweet ඉස unavailable.,Harassment,0.9448
තාමත් ඔයා රෙනවද කියා මං බලනවා නැවතිලා තට්ටම ඉරා පඩයක් ගියා බොකට පුක අමතක වෙලා බෙට්ට තව තියෙනවා නම් පුකෙමයි කියා....   #සාජ්ජේ,තාමත් ඔයා රෙනවද කියා මං බලනවා නැවතිලා තට්ටම ඉරා පඩයක් ගියා බොකට පුක අමතක වෙලා බෙට්ට තව තියෙනවා නම් පුකෙමයි කියා.... #සාජ්ජේ,Harassment,0.9185
තායි රටේදි නොන්කායි ගං ඉවුරේ හැන්දෑව පට්ට හැපනින්. ඝෑනුද මිනිස්සුද ලමයිද ගොඩාක් එනවා කනවා බොනවා නටනවා..සිංදුකියනවා.. ඒකලොකු ස්පේස් එකක්  මම ඔහේ ඇවිදන් යද්දි වීල් කාරයො දෙන්නෙක් බොනවා.ගල් අරක්කු පෙනුම බ්‍රෑනඩ් එකක්. උන් මටත් කතාකලා සොට් එකක් දාන්න. ඒත් මම පොඩ්ඩක් බයවුනා. අපරාදෙ.,තායි රටේදි නොන්කායි ගං ඉවුරේ හැන්දෑව පට්ට හැපනින්. ඝෑනුද මිනිස්සුද ලමයිද ගොඩාක් එනවා කනවා බොනවා නටනවා..සිංදුකියනවා.. ඒකලොකු ස්පේස් එකක් මම ඔහේ ඇවිදන් යද්දි වීල් කාරයො දෙන්නෙක් බොනවා.ගල් අරක්කු පෙනුම බ්‍රෑනඩ් එකක්. උන් මටත් කතාකලා සොට් එකක් දාන්න. ඒත් මම පොඩ්ඩක් බයවුනා. අපරාදෙ.,Harassment,0.9155
තාරුකයා කෙල්ලෙක් DP එකක් දැම්මම Mention කරලා Tweet එකකුත් දානවා  අපි දැම්මම පඩේකට ගනන් ගන්නෙ නෑ. වේස ටිටී,තාරුකයා කෙල්ලෙක් දප් එකක් දැම්මම Mention කරලා Tweet එකකුත් දානවා අපි දැම්මම පඩේකට ගනන් ගන්නෙ නෑ. වේස ටිටී,Harassment,0.9512
තැනක ඉන්න ඔිනේ විදිය තොපේ අම්මලා තාත්තලා තොපිට උගන්වලා නැද්ද අවජාතක බල්ලෝ.. (K. Siri sir)  #SriLankanThreats,තැනක ඉන්න ඔිනේ විදිය තොපේ අම්මලා තාත්තලා තොපිට උගන්වලා නැද්ද අවජාතක බල්ලෝ.. ක් සිරි sir) ස්රිලංකංථ්රෙඅත්ස,Harassment,0.9839
@USER තිබහට නෙ ලේ දුන්නෙ. මුත්‍රා බොන්න බෑනෙ. ලවන ගතිය වැඩීනෙ. රජකුමරා දුන්න එකක් වැද්දට ඒ වැදි කුමරා දුන්න රජුගෙ බිජ්ජට රජාගෙ බිජ්ජ තැලී හුජ්ජ පැන්න එලියට ඒත් අම්ම එහෙම කරයිද තම පුතාට ....,තිබහට නෙ ලේ දුන්නෙ. මුත්‍රා බොන්න බෑනෙ. ලවන ගතිය වැඩීනෙ. රජකුමරා දුන්න එකක් වැද්දට ඒ වැදි කුමරා දුන්න රජුගෙ බිජ්ජට රජාගෙ බිජ්ජ තැලී හුජ්ජ පැන්න එලියට ඒත් අම්ම එහෙම කරයිද තම පුතාට ....,Harassment,0.9404
"තිරියො,එක්කො ගහපන් නෑත්තම් ගහන්න පුලුවන් එකෙක්ට දිලා පලයන්.","තිරියො,එක්කො ගහපන් නෑත්තම් ගහන්න පුලුවන් එකෙක්ට දිලා පලයන්.",Harassment,0.9355
තිරිසනා!! උබ මගේ සරෝට වෙඩි තිබ්බා.මං තෝව කනවා යකෝ !! #ගුහාසටන #CaveEncounter,තිරිසනා!! උබ මගේ සරෝට වෙඩි තිබ්බා.මං තෝව කනවා යකෝ !! #ගුහාසටන කවෙඑන්කෞන්තෙර්,Harassment,0.9878
තිරිසනුන් අතර අවජාතක තිරිසනෙක්... URL,තිරිසනුන් අතර අවජාතක තිරිසනෙක්... උර්ල්,Harassment,0.918
"Thisara be like- ""ඔය අමාරුවෙන් දාලා දෙන එක අල්ලපං හු*තෝ!!! අරුං බයින්නේ මට නේ..."" XD #SLvIND","තිසර බේ like- ""ඔය අමාරුවෙන් දාලා දෙන එක අල්ලපං හු*තෝ!!! අරුං බයින්නේ මට නේ..."" ෂ්ද ස්ල්වින්ඩ්",Harassment,0.9893
@USER  @USER තී මේ දර මිටි බැඳං පුක ගිනිගත්තැහේ මේකේ දෙදොහක් තිස්සේ හත් අඳෝනා තියන විලි ගාය අපිටත් තියේ කියලද බොන්ඩියේ තී හිතන්නේ   තී සිගිරි ගල පල්ලේ පතබෑවිලා ලිග්ගල් අටවගත්තත් අපිට පුකද?,තී මේ දර මිටි බැඳං පුක ගිනිගත්තැහේ මේකේ දෙදොහක් තිස්සේ හත් අඳෝනා තියන විලි ගාය අපිටත් තියේ කියලද බොන්ඩියේ තී හිතන්නේ තී සිගිරි ගල පල්ලේ පතබෑවිලා ලිග්ගල් අටවගත්තත් අපිට පුකද?,Harassment,0.9565
තුක් නොදකින් මුගේ කට  Mr6feet @USER  · 10 Sep 2021 හෙන්ද්‍රික්කව අව්ට් කරානම් හරි දැන්  #SLvSA,තුක් නොදකින් මුගේ කට Mr6feet · 10 සේප 2021 හෙන්ද්‍රික්කව අව්ට් කරානම් හරි දැන් ස්ල්ව්ස,Harassment,0.9478
තුන්වේලම  කෝල් කරලා බත් කෑවද මගෙ රත්තරං  අහන එක විතරක් නෙවේ ආදරේ කියන්නෙ..තෝ කෑවද වේසිගෙ පුතෝ..උබ කන වෙලාවක කාපන් හුත්තො  මම කෑවා කියලා කියන්නෙත් එක්තරා ආදරයක්,තුන්වේලම කෝල් කරලා බත් කෑවද මගෙ රත්තරං අහන එක විතරක් නෙවේ ආදරේ කියන්නෙ..තෝ කෑවද වේසිගෙ පුතෝ..උබ කන වෙලාවක කාපන් හුත්තො මම කෑවා කියලා කියන්නෙත් එක්තරා ආදරයක්,Harassment,0.9404
තුහ් නොදකින් වසල හැත්ත.! අර අහින්සක රණවිරුවන්ට ගහපු ඒවුන් ගෙනත් පොලිමක තියල පෙති පෙති කපන්න් ඕන. වුන් පොර වුනා... URL,තුහ් නොදකින් වසල හැත්ත.! අර අහින්සක රණවිරුවන්ට ගහපු ඒවුන් ගෙනත් පොලිමක තියල පෙති පෙති කපන්න් ඕන. වුන් පොර වුනා... උර්ල්,Harassment,0.9565
තෙරෙ බිනා කැරියා අල්ලපු ගෙදර හුත්ති ඉස්සරා ගෙදර බැල්ලි අපේ ගෙදර බල්ලා⁣ තුම්හියෝ කැරියා සඟල වරහන් පකයා සබන් බෝල පකයා බීට් හුත්ති ගොටුකොල පකයා පොල් කෝම්බ කැරියා බ්ලොක් ගල් හුත්තා රට උළු පොන්නයා ගොක් කොල පකයා ඇම්පියර් හුත්තා ගිටාර් පකයා බිත්ති ඔරලෝසු පොන්නයා මදර්බෝඩ් හුකන්නා,තෙරෙ බිනා කැරියා අල්ලපු ගෙදර හුත්ති ඉස්සරා ගෙදර බැල්ලි අපේ ගෙදර බල්ලා⁣ තුම්හියෝ කැරියා සඟල වරහන් පකයා සබන් බෝල පකයා බීට් හුත්ති ගොටුකොල පකයා පොල් කෝම්බ කැරියා බ්ලොක් ගල් හුත්තා රට උළු පොන්නයා ගොක් කොල පකයා ඇම්පියර් හුත්තා ගිටාර් පකයා බිත්ති ඔරලෝසු පොන්නයා මදර්බෝඩ් හුකන්නා,Harassment,0.9634
@USER තො ජාතක උනෙ තම්බියෙකුටද නාකියො.අපට පව් පුරවන්නෙ නැතුව.තම්බි දෙන කටු සූප්පු කැගෙන පාඩුවෙ වැඩක් බලාගෙන ඉදපං. තො එන්න නම් එපා ලංකාවට කොල්ලොන්ට කියලා දාවනවා තොට වැට මාර ලි පෝලිමක් ගෙරියා,තො ජාතක උනෙ තම්බියෙකුටද නාකියො.අපට පව් පුරවන්නෙ නැතුව.තම්බි දෙන කටු සූප්පු කැගෙන පාඩුවෙ වැඩක් බලාගෙන ඉදපං. තො එන්න නම් එපා ලංකාවට කොල්ලොන්ට කියලා දාවනවා තොට වැට මාර ලි පෝලිමක් ගෙරියා,Harassment,0.9854
@USER  @USER තො වගේ ගොනෙක් එක්ක ගොන් තර්ක කරගන ඉන්න මට වෙලාවක් නෑ ගස් වේස බැල්ලීගේ පුතෝ. තෝ රට පටලවගෙන එකම දෙ එක එක විදිහට කියාගෙන ඉනන වල්පකයෙක්. තෝ මොන කබ්බෙක් ද මට. තෝ බයිට් වෙලා ඉවරයි දැනටමත්. ආය ආය එනවා ලබ්බ ලොවන්න වල් පරයා. තොට පඩයක් ගියත් twitt කරන ගල් වේසිගේ පුතෙක් නේ තෝ එකයි තො මෙහෙම,තො වගේ ගොනෙක් එක්ක ගොන් තර්ක කරගන ඉන්න මට වෙලාවක් නෑ ගස් වේස බැල්ලීගේ පුතෝ. තෝ රට පටලවගෙන එකම දෙ එක එක විදිහට කියාගෙන ඉනන වල්පකයෙක්. තෝ මොන කබ්බෙක් ද මට. තෝ බයිට් වෙලා ඉවරයි දැනටමත්. ආය ආය එනවා ලබ්බ ලොවන්න වල් පරයා. තොට පඩයක් ගියත් ට්විට්ට් කරන ගල් වේසිගේ පුතෙක් නේ තෝ එකයි තො මෙහෙම,Harassment,0.9805
@USER තො වනගත උනොත් වටේ ඉන්න මුවෙක් ගොනෙක්වත් ඉතුරු වෙන්නේ නෑ තොට තියන අසහනේට,තො වනගත උනොත් වටේ ඉන්න මුවෙක් ගොනෙක්වත් ඉතුරු වෙන්නේ නෑ තොට තියන අසහනේට,Harassment,0.9502
@USER  @USER තොගෙ account එක private කරගන්නවකො අයිසේ මගෙ tweet මගෙ tweet ගගා කෑ ගහන්නැතුව. තෝ වගේ පජාත විදියට හැමෝම හිතන්නෙ නෑ,තොගෙ account එක private කරගන්නවකො අයිසේ මගෙ tweet මගෙ tweet ගගා කෑ ගහන්නැතුව. තෝ වගේ පජාත විදියට හැමෝම හිතන්නෙ නෑ,Harassment,0.9121
@USER  තොගෙ ගෑණිට හැම එකාම DM කරකර ෆන් ගන්නවා තෝ ඒකිව හදාගනින් උඹගෙ ගෑණිගෙ ලූස් ඇතිනෙ අරාබි පක්කො ගහලා ගහලා....ඒනිසා ද තෝ වටේ ඉන්න කෙල්ලන්ට DM කරකර ඉන්න දෙන්නෙ නැත්ත පොන්න වෙසිගෙ පුතා...,තොගෙ ගෑණිට හැම එකාම දම් කරකර ෆන් ගන්නවා තෝ ඒකිව හදාගනින් උඹගෙ ගෑණිගෙ ලූස් ඇතිනෙ අරාබි පක්කො ගහලා ගහලා....ඒනිසා ද තෝ වටේ ඉන්න කෙල්ලන්ට දම් කරකර ඉන්න දෙන්නෙ නැත්ත පොන්න වෙසිගෙ පුතා...,Harassment,0.9893
@USER  @USER තොගෙ තාත්තා හදලා තියෙන පුත්‍ර රත්නයක්ද එතකොට  පයියක් අල්ලං වාද කරන්නෙ පයිය නැති උන් තමා,තොගෙ තාත්තා හදලා තියෙන පුත්‍ර රත්නයක්ද එතකොට පයියක් අල්ලං වාද කරන්නෙ පයිය නැති උන් තමා,Harassment,0.9741
@USER තොගෙ පුක තියන්නම ඉඩ මදි,තොගෙ පුක තියන්නම ඉඩ මදි,Harassment,0.9658
"තොගේ කටට දාන්න ඕන යුරෝ :D Dinal @USER  · 2 Sep 2015 Thirsty dudes be like , ""I can't DM the pic , send me the numberI'll whatsapp"" #SangasDickPic","තොගේ කටට දාන්න ඕන යුරෝ ද දිනාල් · 2 සේප 2015 Thirsty දුදෙස් බේ like , ඉ can't දම් the pic , send මේ the නුම්බෙරිල්ල් ව්හට්සාප්ප් සංගස්දික්ක්පික්",Harassment,0.979
තොගේ කටට මේ බක්මාහට වදින විදුලි සැර වදින්න ඕනේ.මේ කියන වාචාල අමන ගොන් කථාවලට.බලාපිය මේ මාලියා තියන දේ තෝ සහා තොගේ හෙන්චයියලා ටික.අද තොපි සිටියානම් වන්නේ කුමක්ද කියා.බලාපිය හොඳට ඇස දෙක විවර කරලා.  @USER,තොගේ කටට මේ බක්මාහට වදින විදුලි සැර වදින්න ඕනේ.මේ කියන වාචාල අමන ගොන් කථාවලට.බලාපිය මේ මාලියා තියන දේ තෝ සහා තොගේ හෙන්චයියලා ටික.අද තොපි සිටියානම් වන්නේ කුමක්ද කියා.බලාපිය හොඳට ඇස දෙක විවර කරලා.,Harassment,0.9775
@USER  @USER තොගේ නම මං mention කරේ නැහැනේ පර පොන්නයෝ reply එකේ. තෝගෙ ගොබ්බ නම tag උනා කියලා තෝ මොන ලබ්බකට ද පකයෝ මට reply කරන්න එන්නේ. තොට අදාල නැත්තන් තොගේ tweet එකක් නෙවෙයි නන් තොට මොකො ඉත්තැ කුරු ඇනෙනව ද පුකේ. තො මොන ලබ්බකට ද නිදහසේ ඉතිහාසය ගැන කියන්න මට එන්නේ.,තොගේ නම මං mention කරේ නැහැනේ පර පොන්නයෝ reply එකේ. තෝගෙ ගොබ්බ නම tag උනා කියලා තෝ මොන ලබ්බකට ද පකයෝ මට reply කරන්න එන්නේ. තොට අදාල නැත්තන් තොගේ tweet එකක් නෙවෙයි නන් තොට මොකො ඉත්තැ කුරු ඇනෙනව ද පුකේ. තො මොන ලබ්බකට ද නිදහසේ ඉතිහාසය ගැන කියන්න මට එන්නේ.,Harassment,0.9053
@USER තොට ජන්ද යක් වත් තියේද දන්නේ නෑ තෝ වගේ හාල්මැස්සන් ද රටම පිලිගත් මිනිහෙකුට අපහාස කරන්නේ  කැරි වේසිගේ පුතා,තොට ජන්ද යක් වත් තියේද දන්නේ නෑ තෝ වගේ හාල්මැස්සන් ද රටම පිලිගත් මිනිහෙකුට අපහාස කරන්නේ කැරි වේසිගේ පුතා,Harassment,0.9219
@USER  @USER තොට නම් හැදෙන්න දෙයක් නෑ කොහොමත් corona හැදිලා තියෙන්නේ තොපි ගියානේ එදා ගම්පහ කේප්පයා  මට හිතුනොත් call කරල උබව report කරල කන්දකාඩු යවනවා දැන ගනින් මොට්ටයා  අනික තෝ බතලි කිව්වට මට අවුලක් නෑ මටත් ඕනි තව ටිකක් බතල වෙන්න තමයි,තොට නම් හැදෙන්න දෙයක් නෑ කොහොමත් corona හැදිලා තියෙන්නේ තොපි ගියානේ එදා ගම්පහ කේප්පයා මට හිතුනොත් call කරල උබව report කරල කන්දකාඩු යවනවා දැන ගනින් මොට්ටයා අනික තෝ බතලි කිව්වට මට අවුලක් නෑ මටත් ඕනි තව ටිකක් බතල වෙන්න තමයි,Harassment,0.98
@USER  @USER තොට නෙ අදාල නැත්තේ තෝ ගහ්ගනින් තොගෙ පුපේ රෝල් කරන්,තොට නෙ අදාල නැත්තේ තෝ ගහ්ගනින් තොගෙ පුපේ රෝල් කරන්,Harassment,0.9326
"@USER තොට පණ පිටින් පණුවො ගහන්න ඕනෙ, තොගෙ මුළු පවුලටම අවජාතක කැරි වේසිගෙ සක්කිලි බල්ල","තොට පණ පිටින් පණුවො ගහන්න ඕනෙ, තොගෙ මුළු පවුලටම අවජාතක කැරි වේසිගෙ සක්කිලි බල්ල",Harassment,0.9888
@USER  තොට පිස්සුද ගස්බල්ලෝ පොඩි එකෙක්ගේ රස්සාවකට කෙලවන්න හදන්නේ  නොදකින් බං උඹ නම් දාර පොන්නයෙක්. @USER  අයියා කියපු කතාව ඇත්ත.උඹ නම් බල්ලෙක්ට ජාතක වෙච්ච පරයෙක්.,තොට පිස්සුද ගස්බල්ලෝ පොඩි එකෙක්ගේ රස්සාවකට කෙලවන්න හදන්නේ නොදකින් බං උඹ නම් දාර පොන්නයෙක්. අයියා කියපු කතාව ඇත්ත.උඹ නම් බල්ලෙක්ට ජාතක වෙච්ච පරයෙක්.,Harassment,0.9746
තොට බැයිද බැදලා හරක් ටික හදා ගන්න නැත්තං හරක්ට කියපිය කො යකො තොට නාස් ලනුවක් දාලා හදා ගන්න කියලා මැටි මෝලා මෝඩ මූසලයා,තොට බැයිද බැදලා හරක් ටික හදා ගන්න නැත්තං හරක්ට කියපිය කො යකො තොට නාස් ලනුවක් දාලා හදා ගන්න කියලා මැටි මෝලා මෝඩ මූසලයා,Harassment,0.9668
@USER  @USER තොට බැරි නං දීපං මං කරන්නං. විකුණන්ඩෙපෝ. මව් රට හු**!! විකුණනවෝ. අම්මෝ. අම්මේ. විකිණෙන්ඩ එපෝ. අනේහ්. ආ වික්කද? සැක්. දැං ඉතිං මොනා කරන්න ද?,තොට බැරි නං දීපං මං කරන්නං. විකුණන්ඩෙපෝ. මව් රට හු**!! විකුණනවෝ. අම්මෝ. අම්මේ. විකිණෙන්ඩ එපෝ. අනේහ්. ආ වික්කද? සැක්. දැං ඉතිං මොනා කරන්න ද?,Harassment,0.9277
@USER @USER  තොට මං ගෙදෙට්ට ඇවිල්ල බෙල්ල මිරිකනව දැනගං උස්බෙකිස් කටුස්ස @USER,තොට මං ගෙදෙට්ට ඇවිල්ල බෙල්ල මිරිකනව දැනගං උස්බෙකිස් කටුස්ස,Harassment,0.9595
"@USER තොට මට කට බොට,,,,,,, බලාගෙන පුපුරලා යයි උඹව","තොට මට කට බොට,,,,,,, බලාගෙන පුපුරලා යයි උඹව",Harassment,0.9487
තොට මම ලව් තො මට නෑ ලව් තොගෙ මල ඉලව් නෑ මට අවුල්  තොට මං එපානම් තෝ පල අවලම් හැලියන් තොගෙ මෙවලම් වෙයන් තෝ සල්ලම්,තොට මම ලව් තො මට නෑ ලව් තොගෙ මල ඉලව් නෑ මට අවුල් තොට මං එපානම් තෝ පල අවලම් හැලියන් තොගෙ මෙවලම් වෙයන් තෝ සල්ලම්,Harassment,0.9736
"තොට මාව වැඩක් නැත්තනම්,මට තෝව වැඩකුත් නෑ..!!","තොට මාව වැඩක් නැත්තනම්,මට තෝව වැඩකුත් නෑ..!!",Harassment,0.9429
@USER  @USER තොට මැරුන් කන්න නොදී තොගෙ පන කෙන්ද හැමදාම මගෙන් බේරල යවන්නෙ ඔය තෝ නොදන්න මදූ තමා.. බෙල්ලට අත තියන්න යද්දි මරන්ඩ එපා කියනවා..,තොට මැරුන් කන්න නොදී තොගෙ පන කෙන්ද හැමදාම මගෙන් බේරල යවන්නෙ ඔය තෝ නොදන්න මදූ තමා.. බෙල්ලට අත තියන්න යද්දි මරන්ඩ එපා කියනවා..,Harassment,0.9717
තොට මේ පොල්කට්ටක් පිරෙන්න හුජ්ජ කරගන්න බෑ කට නම් තියෙනව #LankanMaleLokuLines,තොට මේ පොල්කට්ටක් පිරෙන්න හුජ්ජ කරගන්න බෑ කට නම් තියෙනව ලන්කන්මලේලොකුලිනෙස්,Harassment,0.9741
@USER  @USER තොට ශාරියා ඕනෙනම් තෝ පල අරාබියට පරයා,තොට ශාරියා ඕනෙනම් තෝ පල අරාබියට පරයා,Harassment,0.9102
"@USER  @USER තොට සිංහළ තේරෙන්නෙ නැද්ද ගොන් බිජ්ජො??   This is not a question of ""Fake Profiles"" or ""Real Profiles"" .... this is a question of තෝ වගේ කිබි උකුණෙක් අහක යන බඩුවක් නිසා ගූ අැදගෙන නාන එක.  නිකන් පු.. දෙන්නේනැතුව වැඩක් බලාගනින් කිම්බි උකුණො!!! GIF","තොට සිංහළ තේරෙන්නෙ නැද්ද ගොන් බිජ්ජො?? This ඉස not අ question ඔෆ් ""Fake ප්රෝෆිලෙස් ඔර ""Real ප්රෝෆිලෙස් .... this ඉස අ question ඔෆ් තෝ වගේ කිබි උකුණෙක් අහක යන බඩුවක් නිසා ගූ අැදගෙන නාන එක. නිකන් පු.. දෙන්නේනැතුව වැඩක් බලාගනින් කිම්බි උකුණො!!! GIF",Harassment,0.9448
@USER තොට හුකන්න වේසාවා තෝ බීලා හුකාපන් එතකොට උබ වගේ විශබීජයක් ඉපදෙන්නේ නෑ මේ ලෝකෙට ආයිත්,තොට හුකන්න වේසාවා තෝ බීලා හුකාපන් එතකොට උබ වගේ විශබීජයක් ඉපදෙන්නේ නෑ මේ ලෝකෙට ආයිත්,Harassment,0.9805
තොටනේ අසහනේ පිම්පියෝ... තොපි වගේ ගොබ්බ ඩයල් වලට මේවා මැජික් Shane Mariyo @USER  · 5 Jun 2021 හුම්මි... ගහන්න ගහන්න හරි ජොලි හරිය.. twitter.com/imtutuu/status…,තොටනේ අසහනේ පිම්පියෝ... තොපි වගේ ගොබ්බ ඩයල් වලට මේවා මැජික් සහනේ මාරියෝ · 5 ජුන් 2021 හුම්මි... ගහන්න ගහන්න හරි ජොලි හරිය.. ත්විත්තෙර්කොමිම්තුතූස්තතුස්,Harassment,0.9307
@USER @USER  තොනෙ පුක දෙන්න ආවෙ  ආපු විදියටම පුක උස්සන් පලයන්,තොනෙ පුක දෙන්න ආවෙ ආපු විදියටම පුක උස්සන් පලයන්,Harassment,0.9766
තොපි අපිව බඩ කොර කරල මරන්නද යකෝ හදන්නේ බබබබබබබබබබ  URL,තොපි අපිව බඩ කොර කරල මරන්නද යකෝ හදන්නේ බබබබබබබබබබ උර්ල්,Harassment,0.9795
තොපි ඉතිං කබ්බො ෆෝම් කර කර ඉඳපල්ලා. කෙහෙල් මල් social media legends සහ verified accounts.   ඕකුන්ගෙ වෙස්මූණු ගැලවුනා ම උඹලට තේරෙයි.,තොපි ඉතිං කබ්බො ෆෝම් කර කර ඉඳපල්ලා. කෙහෙල් මල් social media ලේගේන්ඩ්ස් සහ වෙරිෆිඑඩ් අච්චොඋන්ට්ස් ඕකුන්ගෙ වෙස්මූණු ගැලවුනා ම උඹලට තේරෙයි.,Harassment,0.9009
තොපි ඔය ගහන ගල්  එකටම ගහපන් අර අහින්සක ලමයි තලන ගල් මුස්සලයින්ට..,තොපි ඔය ගහන ගල් එකටම ගහපන් අර අහින්සක ලමයි තලන ගල් මුස්සලයින්ට..,Harassment,0.9487
@USER තොපි පුකට එලිය් වැටෙන කම් නිදාගත්ත්ට මට කරන්න දෙයක් නෑ.,තොපි පුකට එලිය් වැටෙන කම් නිදාගත්ත්ට මට කරන්න දෙයක් නෑ.,Harassment,0.9189
තොපි ලෝචනාට අනන්මනන් කියපන් ඒත් ලෝචනාගෙ නංගිට කෝචොක් කරලා අහුවෙන්න එපා කපනවා තොපි එකා එකා,තොපි ලෝචනාට අනන්මනන් කියපන් ඒත් ලෝචනාගෙ නංගිට කෝචොක් කරලා අහුවෙන්න එපා කපනවා තොපි එකා එකා,Harassment,0.9395
තොපිද තොපිද තොපි ඇවිල්ලා දාර දඩාර.. දාර තියෙන බඩු   :v   :v     අම්බෝ බඩ   :v,තොපිද තොපිද තොපි ඇවිල්ලා දාර දඩාර.. දාර තියෙන බඩු ව ව අම්බෝ බඩ ව,Harassment,0.958
@USER තොපේ අම්මගෙ තාත්තගෙ වැරැද්ද ජොලියට කරාට හරියට හදලා නෑ... අවලං වේස හැත්ත,තොපේ අම්මගෙ තාත්තගෙ වැරැද්ද ජොලියට කරාට හරියට හදලා නෑ... අවලං වේස හැත්ත,Harassment,0.9863
"තොරණ නිසා පාරවල් Block වෙනවා කියලා තෙපරබාන අවජාතක බල්ලො බැල්ලියො එකෙක්වත්,අර  අහවල් උන් පොදිය පිටින් සතියේ අන්තිම වැඩකරන දවසේ වරුවක් පල්ලියේ ලැගලා හැත්ත පිටින්ම එකපාරටම පාරට බහිද්දි ඇතිවන Block එක දකින්නෙ නැ.වෙසක්,පොසොන් නම් අවුරුද්දටම දෙපාරයි අර දවස් නම් මසෙට හතරපාරයි.සහජීවනෙ","තොරණ නිසා පාරවල් Block වෙනවා කියලා තෙපරබාන අවජාතක බල්ලො බැල්ලියො එකෙක්වත්,අර අහවල් උන් පොදිය පිටින් සතියේ අන්තිම වැඩකරන දවසේ වරුවක් පල්ලියේ ලැගලා හැත්ත පිටින්ම එකපාරටම පාරට බහිද්දි ඇතිවන Block එක දකින්නෙ නැ.වෙසක්,පොසොන් නම් අවුරුද්දටම දෙපාරයි අර දවස් නම් මසෙට හතරපාරයි.සහජීවනෙ",Harassment,0.9102
තොරණක් වගේ තොට ළඟ  කරාඹුවක් ඇගේ හොට ළඟ,තොරණක් වගේ තොට ළඟ කරාඹුවක් ඇගේ හොට ළඟ,Harassment,0.9736
"තොල දාන එක අමතක කරපංකො. ගෑණි වටේ ගිහින් ඇවිත් ලෙඩක් කිව්වාම,""ඉස් ඕකේ බේබි"" කියලා බාර ගන්න එක තමයි ඉවසන්නම බැරි. #MamaSilBidagaththe","තොල දාන එක අමතක කරපංකො. ගෑණි වටේ ගිහින් ඇවිත් ලෙඩක් කිව්වාම,""ඉස් ඕකේ බේබි"" කියලා බාර ගන්න එක තමයි ඉවසන්නම බැරි. මමසිල්බිදගත්තේ",Harassment,0.9736
@USER  @USER තොල පාට කොරං පියරු උලාගත්තාට ජාතකේ කැත යවන්න බෑ ආයිබෝවං..... #TweetHora,තොල පාට කොරං පියරු උලාගත්තාට ජාතකේ කැත යවන්න බෑ ආයිබෝවං..... ට්වීතොර,Harassment,0.9292
තොලක් දාල කටට ගන්න ලස්සන කොලු පොඩිඩ නේද...?කොහොම ඇත්ද පුක...?ආසයි නේ...,තොලක් දාල කටට ගන්න ලස්සන කොලු පොඩිඩ නේද...?කොහොම ඇත්ද පුක...?ආසයි නේ...,Harassment,0.9746
තොලොංචි වෙලා පලයන් සිරිසේන. #SriLankanThreats,තොලොංචි වෙලා පලයන් සිරිසේන. ස්රිලංකංථ්රෙඅත්ස,Harassment,0.9077
"තො‍‍ගෙ අප්පට හු%ගන්නැතුව ලංකාව වහපං කොන්ද පණ නැති පො&* සිරිසේනයා, කැඳයා,පඹයා, තෝ තමා සාපේ, එයාපෝට් වහන්නැතුව රටම කෑවා තොට හෙනම ගහපං, වගේ පෝස්ට් නැතුව  #LockdownSL කියලා, වැදගත් විදියට රට වහන්න කියලා සාමෙන්ම ගේම ඉල්ලන්න තරම් මිනිස්සු වෙනස් වේලා තියෙන එකම කොච්චර හොඳද  @USER  ගෙනි","තො‍‍ගෙ අප්පට හු%ගන්නැතුව ලංකාව වහපං කොන්ද පණ නැති පො&* සිරිසේනයා, කැඳයා,පඹයා, තෝ තමා සාපේ, එයාපෝට් වහන්නැතුව රටම කෑවා තොට හෙනම ගහපං, වගේ පෝස්ට් නැතුව ලොච්ක්දොව්න්ස්ල් කියලා, වැදගත් විදියට රට වහන්න කියලා සාමෙන්ම ගේම ඉල්ලන්න තරම් මිනිස්සු වෙනස් වේලා තියෙන එකම කොච්චර හොඳද ගෙනි",Harassment,0.9551
තෝ *ලි කාලද *ංජා ගහලද??? #LankanReactions,තෝ *ලි කාලද *ංජා ගහලද??? ලංකංරෙඅක්තිඔන්ස,Harassment,0.9839
@USER  @USER තෝ අතට ගන්නේ නම් යකඩේ...,තෝ අතට ගන්නේ නම් යකඩේ...,Harassment,0.9487
@USER  @USER තෝ අමු කාලදයකෝ. මම බොටනේ 50ක් දෙන්න හැදුවාම කට උල් කරලා   මට මොටද අයියා කාසි අයියා නෙව මහන්සි උනෙ   කීවෙ.,තෝ අමු කාලදයකෝ. මම බොටනේ 50ක් දෙන්න හැදුවාම කට උල් කරලා මට මොටද අයියා කාසි අයියා නෙව මහන්සි උනෙ කීවෙ.,Harassment,0.9224
@USER තෝ අහුවෙයන් මරන් නැතුව අමුවෙන් කනව බර බර ගාලා,තෝ අහුවෙයන් මරන් නැතුව අමුවෙන් කනව බර බර ගාලා,Harassment,0.9434
@USER තෝ ඇඳේ ඉද්දි ඇඳට පැන්නොත් අනන්නේ නැතුවම උඹ රොටියක් වෙයි ඈහ්@USER,තෝ ඇඳේ ඉද්දි ඇඳට පැන්නොත් අනන්නේ නැතුවම උඹ රොටියක් වෙයි ඈහ්,Harassment,0.9341
@USER තෝ ඉරට උනත් අරින්න තරම් මෝලක් තියෙන එකෙක්.. අවදානමක් ගන්න බෑනේ.. -මීට ඉර,තෝ ඉරට උනත් අරින්න තරම් මෝලක් තියෙන එකෙක්.. අවදානමක් ගන්න බෑනේ.. -මීට ඉර,Harassment,0.9253
තෝ ඕවර් ඇක්ටිං කරන්න එපා.... තෝව මරණවා...,තෝ ඕවර් ඇක්ටිං කරන්න එපා.... තෝව මරණවා...,Harassment,0.9824
"@USER  @USER තෝ කනවා ළඟදීම නාරසන, කැති, පොලු, උදලු ඔක්කොම වලින්","තෝ කනවා ළඟදීම නාරසන, කැති, පොලු, උදලු ඔක්කොම වලින්",Harassment,0.9819
@USER තෝ කරතගම ගියානම් දොදොල් අැරන් වරෙන්,තෝ කරතගම ගියානම් දොදොල් අැරන් වරෙන්,Harassment,0.9258
@USER  @USER    තෝ කියන්නෙ මුලු ලංකාවම තෝ වගේ පුක ලෙවකන වහලෙක් වෙන්න ඕන කියලද පකෝ?,තෝ කියන්නෙ මුලු ලංකාවම තෝ වගේ පුක ලෙවකන වහලෙක් වෙන්න ඕන කියලද පකෝ?,Harassment,0.9497
තෝ කුඩු ගහලද  ගංජා ගහලද   අයියෝ හැමිනෙනවා  එන්රිකේ ඕය මයික් එක දීපන් ළමයෙකුට  #EnriqueInSL,තෝ කුඩු ගහලද ගංජා ගහලද අයියෝ හැමිනෙනවා එන්රිකේ ඕය මයික් එක දීපන් ළමයෙකුට එන්රිකුඑඉන්ස්ල,Harassment,0.9492
තෝ කොටට ඇදන් ඇවිල්ලා ඉන්නේ ජේෂ්ඨයණ්ට ගල පෙන්නන්නද..  තොපේ ගල් බලන්න ඕන්නෑ යකෝ අපිට #GoodOldDays,තෝ කොටට ඇදන් ඇවිල්ලා ඉන්නේ ජේෂ්ඨයණ්ට ගල පෙන්නන්නද.. තොපේ ගල් බලන්න ඕන්නෑ යකෝ අපිට ගූදොල්ද්දය්ස්,Harassment,0.937
@USER  @USER තෝ කොයි වෙලාවක හරි මගෙන් පරසක්වල ගහ ගන්ඩයි දගලන්නේ පරයා. අඩෝ අපේ මේවට බහිනකොට තෝ මකරගේ දනයිස්සෙත් නෑ. කෞද කියහංකෝ මේකට මකරා ගැන කීවේ. අන්න උගේ හතර හන්දි කඩලයි පටන් ගන්ඩෝන.,තෝ කොයි වෙලාවක හරි මගෙන් පරසක්වල ගහ ගන්ඩයි දගලන්නේ පරයා. අඩෝ අපේ මේවට බහිනකොට තෝ මකරගේ දනයිස්සෙත් නෑ. කෞද කියහංකෝ මේකට මකරා ගැන කීවේ. අන්න උගේ හතර හන්දි කඩලයි පටන් ගන්ඩෝන.,Harassment,0.9663
තෝ කොහෙ හිටියත් මම තෝව මරන එක මරනව #####,තෝ කොහෙ හිටියත් මම තෝව මරන එක මරනව #####,Harassment,0.9883
@USER තෝ කොහෙන් ආපු අවජාතකයෙක්ද මන්දා. ප්‍රශ්නයක් තියෙනවනම් කෙලින් විසඳගනින්.පොන්න වැඩ නොකර.,තෝ කොහෙන් ආපු අවජාතකයෙක්ද මන්දා. ප්‍රශ්නයක් තියෙනවනම් කෙලින් විසඳගනින්.පොන්න වැඩ නොකර.,Harassment,0.9453
තෝ ගංජා ගහලාද කුඩු ගහලද  #LankanRelationships,තෝ ගංජා ගහලාද කුඩු ගහලද ලංකංරෙලතිඔන්ශිප්ස,Harassment,0.9824
@USER @USER  තෝ ගන් කබරයා මාවට් කනවා හිටං,තෝ ගන් කබරයා මාවට් කනවා හිටං,Harassment,0.9526
@USER  @USER තෝ ගන්නේ බරවා හැදිච්චද පොල් ගෙඩි වගෙ,තෝ ගන්නේ බරවා හැදිච්චද පොල් ගෙඩි වගෙ,Harassment,0.9736
@USER තෝ ගහද්දි හරියට ගහපිය මීට පස්සෙ. තෝ ගැහුවෙ පක්යූටද දේසිකාටද කියල හිතාගන්න බැරුව හිටියෙ. වෙලාවකට මටද කියලත් ශුවර් නැතුවගියා,තෝ ගහද්දි හරියට ගහපිය මීට පස්සෙ. තෝ ගැහුවෙ පක්යූටද දේසිකාටද කියල හිතාගන්න බැරුව හිටියෙ. වෙලාවකට මටද කියලත් ශුවර් නැතුවගියා,Harassment,0.9263
තෝ ගිහින් පාත් කලොත් 3310ක් ගහලා එවයි පුකේ,තෝ ගිහින් පාත් කලොත් 3310ක් ගහලා එවයි පුකේ,Harassment,0.9731
@USER තෝ තරම් නයි අරින්නෙ නෑ සිරිපාලයවත්  GIF,තෝ තරම් නයි අරින්නෙ නෑ සිරිපාලයවත් GIF,Harassment,0.9785
තෝ තාම පොඩි එකා... තොගෙ ඇට කටු අපිට පෙන්නන්න එපෝ,තෝ තාම පොඩි එකා... තොගෙ ඇට කටු අපිට පෙන්නන්න එපෝ,Harassment,0.9111
@USER තෝ දගලන්න එපා වැඩක් නෑ   අරුන් තම්බින්ගේ පුක හෝදලා.  අපිට‍ ඇදුමක් ඇදන් ආය මොනාවත් මේක ගැන කියන්න බෑ,තෝ දගලන්න එපා වැඩක් නෑ අරුන් තම්බින්ගේ පුක හෝදලා. අපිට‍ ඇදුමක් ඇදන් ආය මොනාවත් මේක ගැන කියන්න බෑ,Harassment,0.9502
@USER @USER තෝ දැනගනින් මම බැහැල එන්නෙ නෑ. මට වෙලා නෑ උගන්නන්න තියනවා. අවජාතක බල්ලා :P,තෝ දැනගනින් මම බැහැල එන්නෙ නෑ. මට වෙලා නෑ උගන්නන්න තියනවා. අවජාතක බල්ලා ප්,Harassment,0.9692
@USER  @USER තෝ නම් රෙන කොට වැටිච්ච ගොබ්බ අපතයෙක් ඕයි.. කවුද යකෝ බූරු පුතාට කඩේ යන්නේ. මොකෙක්ද බන් උබ පිං පොන්ගේ ගේ පුක ලෙව කන එකෙක් ද උබ. ගෙදරින් කාලා බීලා ඉදපන් එක එකාගේ පුක ලෙව කන එක නතර කරලා,තෝ නම් රෙන කොට වැටිච්ච ගොබ්බ අපතයෙක් ඕයි.. කවුද යකෝ බූරු පුතාට කඩේ යන්නේ. මොකෙක්ද බන් උබ පිං පොන්ගේ ගේ පුක ලෙව කන එකෙක් ද උබ. ගෙදරින් කාලා බීලා ඉදපන් එක එකාගේ පුක ලෙව කන එක නතර කරලා,Harassment,0.9814
@USER තෝ නාකි නිසා නිකා ඉන්නව. නැත්තං දෙනව ඇට දෙක පුක වටේ කැරකෙන්න.,තෝ නාකි නිසා නිකා ඉන්නව. නැත්තං දෙනව ඇට දෙක පුක වටේ කැරකෙන්න.,Harassment,0.9756
@USER  @USER    තෝ පඟර නැට්ටා කෙල්ලෙක් රිප්ලයි කරාම හින්දියෙන් දැම්මා නේ ගල් හිවලා නොදැකින් තෝ වගේ පොම්නයෙක්,තෝ පඟර නැට්ටා කෙල්ලෙක් රිප්ලයි කරාම හින්දියෙන් දැම්මා නේ ගල් හිවලා නොදැකින් තෝ වගේ පොම්නයෙක්,Harassment,0.9004
@USER  @USER තෝ පල අයිස්ක්‍රීම්  ගඳ පඩ යා,තෝ පල අයිස්ක්‍රීම් ගඳ පඩ යා,Harassment,0.9492
@USER තෝ පල කැහැටු ගඳ ගහන කට හැකර මෝඩ වල් මී නිට්ටෑවි,තෝ පල කැහැටු ගඳ ගහන කට හැකර මෝඩ වල් මී නිට්ටෑවි,Harassment,0.9219
තෝ පල ගිහින් පාඩම් කරන්ඩ..ආවා මෙතන battle pass ඉල්ලගෙන  පල,තෝ පල ගිහින් පාඩම් කරන්ඩ..ආවා මෙතන battle pass ඉල්ලගෙන පල,Harassment,0.9595
@USER තෝ පලයංකෝ කොටා..  අන්න ඇස්ට උබව කොත්තු ගහලා TL එකේ බෙදනව,තෝ පලයංකෝ කොටා.. අන්න ඇස්ට උබව කොත්තු ගහලා තල් එකේ බෙදනව,Harassment,0.9404
@USER  @USER තෝ පලයන් matti ඉන්නේ උඹට,තෝ පලයන් matti ඉන්නේ උඹට,Harassment,0.9043
තෝ බඳිනකොට කෙල්ලට පෝරුවේදි ඔලුව අමාරුවක්ම හැදියන්..   ගමේ කෙල්ලක් බූට් තියපු කොල්ලට කිව්වෙ එහෙමලු..,තෝ බඳිනකොට කෙල්ලට පෝරුවේදි ඔලුව අමාරුවක්ම හැදියන්.. ගමේ කෙල්ලක් බූට් තියපු කොල්ලට කිව්වෙ එහෙමලු..,Harassment,0.9233
@USER තෝ බල්ලා පප්පලාට තහනම් උත්තේජක දීලා තරඟවලට එවුවද හිටපං පරයා තෝව බාවනවා අද...,තෝ බල්ලා පප්පලාට තහනම් උත්තේජක දීලා තරඟවලට එවුවද හිටපං පරයා තෝව බාවනවා අද...,Harassment,0.9849
@USER @USER  @USER  තෝ මගේ කට අව්ස්ස ගන්න එපා.... මරනවා කට කපලා තොගේ,තෝ මගේ කට අව්ස්ස ගන්න එපා.... මරනවා කට කපලා තොගේ,Harassment,0.9556
@USER  @USER තෝ මට එකේකේවා කියාගෙන එන්නෙපා කේප්ප වස්සා  ගහප් පයින් බොගෙ බඩ මැද්දට,තෝ මට එකේකේවා කියාගෙන එන්නෙපා කේප්ප වස්සා ගහප් පයින් බොගෙ බඩ මැද්දට,Harassment,0.9243
@USER  @USER    තෝ මට ගන්නත් එපා... කොළඹ ඉදන් ගාල්ලට තෝව එක්කන් ගිය මාවත් හැලුවා.. තවම ඇස් මානයෙන් හැබැහැට හම්බවෙලා නැති පිටරටට වෙලා ඉන්න එයාලාව උඹට ලොකු උනා.. ඕම යං.. උඹ හැන්දෙන් නං මං තාච්චියෙන් ඕකේ.. දැන් පලයං...   කියලා මගෙන් අහගන්න එපා හුදේ..,තෝ මට ගන්නත් එපා... කොළඹ ඉදන් ගාල්ලට තෝව එක්කන් ගිය මාවත් හැලුවා.. තවම ඇස් මානයෙන් හැබැහැට හම්බවෙලා නැති පිටරටට වෙලා ඉන්න එයාලාව උඹට ලොකු උනා.. ඕම යං.. උඹ හැන්දෙන් නං මං තාච්චියෙන් ඕකේ.. දැන් පලයං... කියලා මගෙන් අහගන්න එපා හුදේ..,Harassment,0.918
@USER තෝ මරණවා මම..කුණු හබිබ comment  දැමිමොත් මටඔක දාගන්න ගැලපෙන කෙනෙකුට,තෝ මරණවා මම..කුණු හබිබ comment දැමිමොත් මටඔක දාගන්න ගැලපෙන කෙනෙකුට,Harassment,0.9414
@USER  @USER තෝ මැරියක්කො. මං දෙනව කිරිබත් රටටම,තෝ මැරියක්කො. මං දෙනව කිරිබත් රටටම,Harassment,0.9111
තෝ මෙහෙ අනාත කරපු කොල්ලො උඹ එනකන් මග බලන් ඉන්නව...  කොලු කාරය ... දැන්වත් හැදියන්.. හැපි බෝත් ඩේ වේවා කොලුකාරය,තෝ මෙහෙ අනාත කරපු කොල්ලො උඹ එනකන් මග බලන් ඉන්නව... කොලු කාරය ... දැන්වත් හැදියන්.. හැපි බෝත් ඩේ වේවා කොලුකාරය,Harassment,0.9531
"තෝ මේ ගැන්සියේ හොරා, කෝ ඒ solo පිස්සා තොපේ අක්කා වේසා, Danza Kuduro #misheardsinhalalyrics","තෝ මේ ගැන්සියේ හොරා, කෝ ඒ solo පිස්සා තොපේ අක්කා වේසා, දංළ කුදුරෝ මිශෙඅර්ද්සින්හලල්ය්රික්ස",Harassment,0.9785
@USER  @USER තෝ මේ දන්නෙ නැති පකවල් කියවල නැති දේවල් මවන්නෙ නැතුව හිටපං. අවජාතක සක්කිලියා. උඹේ අම්මයි තාත්තත් තෝ වගේම සක්කිලියොද?,තෝ මේ දන්නෙ නැති පකවල් කියවල නැති දේවල් මවන්නෙ නැතුව හිටපං. අවජාතක සක්කිලියා. උඹේ අම්මයි තාත්තත් තෝ වගේම සක්කිලියොද?,Harassment,0.9741
@USER  @USER තෝ මොකද අද උදේ ඉඳන් මගේ රෙදි ගලවන්න හදන්නෙ? Birthday කියල මං අතාරින්නෙ නෑ හොඳේ?,තෝ මොකද අද උදේ ඉඳන් මගේ රෙදි ගලවන්න හදන්නෙ? Birthday කියල මං අතාරින්නෙ නෑ හොඳේ?,Harassment,0.9302
@USER  @USER තෝ මොකෝ හිනාවෙන්නෙ ? ගහනව පයං දැනගනිං ඇට දෙක පුක වටේ කැරකෙන්න,තෝ මොකෝ හිනාවෙන්නෙ ? ගහනව පයං දැනගනිං ඇට දෙක පුක වටේ කැරකෙන්න,Harassment,0.9844
@USER තෝ රවුන් ගහල කොරොනා හදාගෙන වටේ පිටේ එවුන්ටත් බෝ කරහන් මොට්ටයා,තෝ රවුන් ගහල කොරොනා හදාගෙන වටේ පිටේ එවුන්ටත් බෝ කරහන් මොට්ටයා,Harassment,0.9775
@USER තෝ ව දෙන්නෙත් නරියාටයි; තෝ ව ගන්නෙත් නරියාමයි!,තෝ ව දෙන්නෙත් නරියාටයි; තෝ ව ගන්නෙත් නරියාමයි!,Harassment,0.9624
තෝ වගෙ මී හරකෙක්.. මෝඩ මූසලයෙක්. Shathir @USER  · 7 Dec 2021 QT with your answers,තෝ වගෙ මී හරකෙක්.. මෝඩ මූසලයෙක්. ශතිර් · 7 දෙක් 2021 ක්ත with your අන්ස්වෙර්ස්,Harassment,0.9429
@USER තෝ වගේ අනේ අම්මප මම දන්නෑ මොක්කුද කියල උඹල හිතන් ඉන්නෙ හෙණ ඩයල් කියල කඩ්ඩෙන් කොටල ඇමරිකාවෙද තොපි ඉන්නෙ පුකේ පාට මොකද්ද තොගෙ තෝ හිතං ඉන්නෙ මහ සුද්දෙක් කියලද එනව මෙතන 'එක්සෝටිසයිස්' කිය කිය මොන හුකන්නක්ද යකෝ ඒ? තෝ අඩුගානෙ පාවිච්චිකරන වචන වලින් බාගෙකවත් තේරුම් දන්නවද හුකාරිස් පරය.,තෝ වගේ අනේ අම්මප මම දන්නෑ මොක්කුද කියල උඹල හිතන් ඉන්නෙ හෙණ ඩයල් කියල කඩ්ඩෙන් කොටල ඇමරිකාවෙද තොපි ඉන්නෙ පුකේ පාට මොකද්ද තොගෙ තෝ හිතං ඉන්නෙ මහ සුද්දෙක් කියලද එනව මෙතන 'එක්සෝටිසයිස්' කිය කිය මොන හුකන්නක්ද යකෝ ඒ? තෝ අඩුගානෙ පාවිච්චිකරන වචන වලින් බාගෙකවත් තේරුම් දන්නවද හුකාරිස් පරය.,Harassment,0.9121
@USER තෝ වගේ අවජාතකයෙක්ට පුත්තු නැති එක ගැන සතුටුයි.. ලොල්ලා,තෝ වගේ අවජාතකයෙක්ට පුත්තු නැති එක ගැන සතුටුයි.. ලොල්ලා,Harassment,0.9565
තෝ වගේ උන් ජාතක කරපු මේ අම්ම අද විදවනව: URL via,තෝ වගේ උන් ජාතක කරපු මේ අම්ම අද විදවනව: උර්ල් via,Harassment,0.9854
@USER  @USER තෝ වගේ කිසිම දවසක ගෑණියෙක්ට හුකල නැති පොන්නයෙක්ට නන් චීත්තයක් දැක්කත් රාගය ඇවිස්සෙනව ඇති. ඒත් හැම පිරිමියම උඹ වගේ කියල හිතන්න එපා. ගෑණියෙක්ගෙ අතක් කකුලක් පේන්න බැරි තෝ වගේ අසහනකාරයෝ තමයි පොඩි දරුවන්වත් දූශනය කරන්නෙ. අනුන්ගෙ ගෑණු ගැන බලන්න කලින් උඹ උඹේ හිත පාලනය කරගෙන හිටපන්,තෝ වගේ කිසිම දවසක ගෑණියෙක්ට හුකල නැති පොන්නයෙක්ට නන් චීත්තයක් දැක්කත් රාගය ඇවිස්සෙනව ඇති. ඒත් හැම පිරිමියම උඹ වගේ කියල හිතන්න එපා. ගෑණියෙක්ගෙ අතක් කකුලක් පේන්න බැරි තෝ වගේ අසහනකාරයෝ තමයි පොඩි දරුවන්වත් දූශනය කරන්නෙ. අනුන්ගෙ ගෑණු ගැන බලන්න කලින් උඹ උඹේ හිත පාලනය කරගෙන හිටපන්,Harassment,0.9736
"@USER  @USER තෝ වගේ කොල්ලෝ ගහන, එකෙක්ට පුකේ අමාරුවක් තිබ්බේ නැත්තම් තමා පුදුමේ...තො මුලින් ගිහින් තොගේ ජංගියේ මල් ටික ගනන් කරලා වරේන්","තෝ වගේ කොල්ලෝ ගහන, එකෙක්ට පුකේ අමාරුවක් තිබ්බේ නැත්තම් තමා පුදුමේ...තො මුලින් ගිහින් තොගේ ජංගියේ මල් ටික ගනන් කරලා වරේන්",Harassment,0.9634
@USER  @USER තෝ වගේ ගන් හිපාටුවෝ තූ විතරක්,තෝ වගේ ගන් හිපාටුවෝ තූ විතරක්,Harassment,0.9126
@USER තෝ වගේ තඩි වලහෙකුට ඉතින් පත අලියෙක්ම ඕන,තෝ වගේ තඩි වලහෙකුට ඉතින් පත අලියෙක්ම ඕන,Harassment,0.9683
@USER තෝ වගේ පොන්න වෙසිගේ පුතාලාට පුරුදු ඒකනේ හුත්තෝ පුක දීම... ඒ හින්දා තෝ ගිහිං පුරුදු විඳියට හම්බ බල්ලන්ට කියලා පුකේ අැර ගනින්... පොන්න හුත්තිගේ පුතා.,තෝ වගේ පොන්න වෙසිගේ පුතාලාට පුරුදු ඒකනේ හුත්තෝ පුක දීම... ඒ හින්දා තෝ ගිහිං පුරුදු විඳියට හම්බ බල්ලන්ට කියලා පුකේ අැර ගනින්... පොන්න හුත්තිගේ පුතා.,Harassment,0.9893
@USER  @USER තෝ වගේ පොන්නයොන්ට තමයි වැටමාර පොලු බස්සන්න.වැටකොළු පොන්නයා,තෝ වගේ පොන්නයොන්ට තමයි වැටමාර පොලු බස්සන්න.වැටකොළු පොන්නයා,Harassment,0.9185
තෝ වගේ බතල කොටෙක්ව දෙන්නෙ වෙන්නෙ හිපපොටේමස් කෙනෙකුට තමා.,තෝ වගේ බතල කොටෙක්ව දෙන්නෙ වෙන්නෙ හිපපොටේමස් කෙනෙකුට තමා.,Harassment,0.9854
@USER තෝ වගේ මොඩ මුසලයේක්ට ඔක තේරුම් කරනවට වඩා හොදයි මම කටයි පුකයි වහන් ඉන්න එක,තෝ වගේ මොඩ මුසලයේක්ට ඔක තේරුම් කරනවට වඩා හොදයි මම කටයි පුකයි වහන් ඉන්න එක,Harassment,0.9541
@USER  @USER තෝ වගේ මෝඩ මූසල වේසිගෙ පුතෙක්...කාපු පතේ රෙන පරයා.,තෝ වගේ මෝඩ මූසල වේසිගෙ පුතෙක්...කාපු පතේ රෙන පරයා.,Harassment,0.9751
@USER තෝ වරකෝ මිටප් එකට.  ඇට දෙකේන් උස්සලා විසි කරන්නේ,තෝ වරකෝ මිටප් එකට. ඇට දෙකේන් උස්සලා විසි කරන්නේ,Harassment,0.9365
@USER  @USER    තෝ වේස බල්ලා තොගේ සක්කිලි වැඩ වලින් අපේ ලමයින්ට කන්න බොන්න නැතිවෙනකොට තෝ පරයා අඩි 6ක් පොලව යට ඉඳීවී. මෙතන පකීර් වගේ අනිත් අරයා මෙයා ටැග් කරලා වීරයා වෙන්න දැඟලුවට,තෝ වේස බල්ලා තොගේ සක්කිලි වැඩ වලින් අපේ ලමයින්ට කන්න බොන්න නැතිවෙනකොට තෝ පරයා අඩි 6ක් පොලව යට ඉඳීවී. මෙතන පකීර් වගේ අනිත් අරයා මෙයා ටැග් කරලා වීරයා වෙන්න දැඟලුවට,Harassment,0.9434
@USER තෝ හදන්න බැරි එකෙක් පරයා,තෝ හදන්න බැරි එකෙක් පරයා,Harassment,0.9448
@USER  @USER    තෝ හරියටම එනවද? ඉස්සර කිව්වෙ උබට a/l කියලා. චීත්ත අදින්නේ නැතුව fake නම් කියපන්,තෝ හරියටම එනවද? ඉස්සර කිව්වෙ උබට අල කියලා. චීත්ත අදින්නේ නැතුව fake නම් කියපන්,Harassment,0.9419
තෝ හැදෙන්නෙ නැත්තම් මේ පේර ගහට හැදෙන්න දීපන්...,තෝ හැදෙන්නෙ නැත්තම් මේ පේර ගහට හැදෙන්න දීපන්...,Harassment,0.9756
@USER තෝ හිටියනම් මේකි නෙමේ මට හැමදාම ජයතිලකෙ හැමිනෙන්න වෙන්නෙ   @USER,තෝ හිටියනම් මේකි නෙමේ මට හැමදාම ජයතිලකෙ හැමිනෙන්න වෙන්නෙ,Harassment,0.9116
@USER තෝ හිතුවද යකෝ තෝ වගේ වටේ ගිහින් කිනිතුල්ලෝ බෝ කරන් එනවා කියල. කිනිතුල්ලෝ නෙමේ තොගේ නම් කෝ#&@ ඇති. සික්. හෙට ඉදං කොන්ඩෙ හැලුනොත් තොගේ කොන්ඩ ගහ ගහ ගලෝලා මරන්නෙ....,තෝ හිතුවද යකෝ තෝ වගේ වටේ ගිහින් කිනිතුල්ලෝ බෝ කරන් එනවා කියල. කිනිතුල්ලෝ නෙමේ තොගේ නම් කෝ#&@ ඇති. සික්. හෙට ඉදං කොන්ඩෙ හැලුනොත් තොගේ කොන්ඩ ගහ ගහ ගලෝලා මරන්නෙ....,Harassment,0.9365
තෝ හිතුවද රූ හැඩකාරී... බල්ලෙක් දැක්ත් නගුට වනන පර බැල්ලි... කියපන් මටත් ඇහෙන්න කියපන් වසල හු*ති... කට ඇරියොත් තෝ... URL,තෝ හිතුවද රූ හැඩකාරී... බල්ලෙක් දැක්ත් නගුට වනන පර බැල්ලි... කියපන් මටත් ඇහෙන්න කියපන් වසල හු*ති... කට ඇරියොත් තෝ... උර්ල්,Harassment,0.9819
@USER තෝ හින්ද තමා  බලපන් පුකෙන් හරි ගහන්ව කටෙන් නැතත්,තෝ හින්ද තමා බලපන් පුකෙන් හරි ගහන්ව කටෙන් නැතත්,Harassment,0.9224
@USER තෝ හෙන ගහන්නාවගේ දැම්මම බලනව ඇරෙන්න වෙන චොයිස් එකක් තිබ්බද ? ඒකත් තෝව බ්ලොක් කලේ එපා කියද්දිත් දෙවනි වතාවට හැමනුනාම.,තෝ හෙන ගහන්නාවගේ දැම්මම බලනව ඇරෙන්න වෙන චොයිස් එකක් තිබ්බද ? ඒකත් තෝව බ්ලොක් කලේ එපා කියද්දිත් දෙවනි වතාවට හැමනුනාම.,Harassment,0.937
@USER තෝගෙ වගෙම තඩි බඩක් තියෙන්නෙ පුසට,තෝගෙ වගෙම තඩි බඩක් තියෙන්නෙ පුසට,Harassment,0.9438
@USER  @USER තෝගේ මහ වේසි පදුරක් අස්සෙ රිංගලා වෙන්න ඇති තෝව පුකෙන් එලියට දැම්මේ.,තෝගේ මහ වේසි පදුරක් අස්සෙ රිංගලා වෙන්න ඇති තෝව පුකෙන් එලියට දැම්මේ.,Harassment,0.9863
@USER  @USER    තෝනෙ යකෝ මූන හංගගෙන පොන්න වැඩ කරන්නෙ ලාඩං පොන්නය. ඒ තරමට දීල දීල නෝන්ඩිද. මූනක් වත් පෙන්න ගන්න බැරි තරමට. යකෝ රෙන පුක ආදයම් මාර්ගයක් කරගන්ඩෙපා ඕම. සිකේ මහයියාවේ බෝක්කුව වගේ වෙලාද. දෙකොන මහ ගනින්. නැත්නම් ඉද ගන්ඩ කලින් බෙට්ට වැටෙයි.,තෝනෙ යකෝ මූන හංගගෙන පොන්න වැඩ කරන්නෙ ලාඩං පොන්නය. ඒ තරමට දීල දීල නෝන්ඩිද. මූනක් වත් පෙන්න ගන්න බැරි තරමට. යකෝ රෙන පුක ආදයම් මාර්ගයක් කරගන්ඩෙපා ඕම. සිකේ මහයියාවේ බෝක්කුව වගේ වෙලාද. දෙකොන මහ ගනින්. නැත්නම් ඉද ගන්ඩ කලින් බෙට්ට වැටෙයි.,Harassment,0.9658
"@USER තෝම නේ දැං ට්වීට් එකේ කිව්වෙ වේස බඩුව වගේ යනවා කියලා, ඕකෙ තව මොනාද ආරක්සා කරන්න තියෙන්නේ,","තෝම නේ දැං ට්වීට් එකේ කිව්වෙ වේස බඩුව වගේ යනවා කියලා, ඕකෙ තව මොනාද ආරක්සා කරන්න තියෙන්නේ,",Harassment,0.9243
තෝරු මෝරු ගහගන්න කොට අස්සේ ඉන්න හාල්මැස්සො පුක දෙනවා කියන්නේ මේවට තමා_Thilakarathne හැමදාම මුහුදට දාන එකේ අරූ... URL,තෝරු මෝරු ගහගන්න කොට අස්සේ ඉන්න හාල්මැස්සො පුක දෙනවා කියන්නේ මේවට තමා_Thilakarathne හැමදාම මුහුදට දාන එකේ අරූ... උර්ල්,Harassment,0.9243
@USER තෝව බයකරන්න මිසක් වෙන අහවල් දේකට නෙවේ යකෝ ඉල්ලුවේ,තෝව බයකරන්න මිසක් වෙන අහවල් දේකට නෙවේ යකෝ ඉල්ලුවේ,Harassment,0.9614
@USER @USER  තෝව හම ගහනව දැනගං :@ මහලොකුවට my3ට පුක දීල දීල මෙතන :D,තෝව හම ගහනව දැනගං :@ මහලොකුවට my3ට පුක දීල දීල මෙතන ද,Harassment,0.9844
#TheEndOfOurLoveMessages ! *ආච්චිට හාල් ගරාගන්න *චූ කරල නිදාගන්න *දත් මදින්න *මං අල්ලන් හිටියද.ගිහින් නිදාගන්න *වද නොදී නිදාගන්න *පුක තමයි,ථෙඑඔෆෞර්ලොවෙමෙෂගෙස් ! *ආච්චිට හාල් ගරාගන්න *චූ කරල නිදාගන්න *දත් මදින්න *මං අල්ලන් හිටියද.ගිහින් නිදාගන්න *වද නොදී නිදාගන්න *පුක තමයි,Harassment,0.981
දකින දකින ඒකා කියනව අඩො pregnant ද බඩ ඇවිත් යකෝ කියලා...   විසදුමක් දියව්... හෙටින් පස්සෙනං කෙල් කැම කන්නෙම නෑ... #Help,දකින දකින ඒකා කියනව අඩො pregnant ද බඩ ඇවිත් යකෝ කියලා... විසදුමක් දියව්... හෙටින් පස්සෙනං කෙල් කැම කන්නෙම නෑ... #Help,Harassment,0.9185
දකින දකින ගෑණි උස්සං ගිහින් පෙරලගෙන හුකන්ඩ හදන උන් අතරේ මම වගේ ගෑණියෙක්ගේ අතින්වත් අල්ලලා නැති උනුත් ඉන්නවා කියහංකො. බායි.... ගිහින් එන්නම්.,දකින දකින ගෑණි උස්සං ගිහින් පෙරලගෙන හුකන්ඩ හදන උන් අතරේ මම වගේ ගෑණියෙක්ගේ අතින්වත් අල්ලලා නැති උනුත් ඉන්නවා කියහංකො. බායි.... ගිහින් එන්නම්.,Harassment,0.9014
දකින දකින ලනුව ගිලින පොන්න වේසිගෙ පුතාල එක්ක මොන පොලිටික්ස්ද? සුනිල් මාධව පේමතිලකට පොත් ලියන්න තියා හරියට නැගිටගන්නවත් බෑ දැන්..,දකින දකින ලනුව ගිලින පොන්න වේසිගෙ පුතාල එක්ක මොන පොලිටික්ස්ද? සුනිල් මාධව පේමතිලකට පොත් ලියන්න තියා හරියට නැගිටගන්නවත් බෑ දැන්..,Harassment,0.9678
@USER  @USER දකුනෙ එකෙක් රැහුනේ අවුන් කරන්නේ කොන්ඩම් දාල බස්සන එකනේ.දකුනේ එවුන් කරන්නේ දෑත බදල දෙන එක පුක සෝවාන් වෙන්න,දකුනෙ එකෙක් රැහුනේ අවුන් කරන්නේ කොන්ඩම් දාල බස්සන එකනේ.දකුනේ එවුන් කරන්නේ දෑත බදල දෙන එක පුක සෝවාන් වෙන්න,Harassment,0.9497
දගයා වලස්මාමා කූබිච්චි චාන කතා මල්ලී දොස්තර හොදහිත පිස්සු පුසා පැංචා පියානෝවි සූර පප්පා කවුදබෝයි ඇපල් ආදිපාල තුමා කෝලි කුට්ටු සහෝදරයො Brum,දගයා වලස්මාමා කූබිච්චි චාන කතා මල්ලී දොස්තර හොදහිත පිස්සු පුසා පැංචා පියානෝවි සූර පප්පා කවුදබෝයි ඇපල් ආදිපාල තුමා කෝලි කුට්ටු සහෝදරයො බ්රුම්,Harassment,0.9226
@USER දඩ ගහන් නෑ.... දඩ කොළේ අරං යන එකාගේ පුක පලනවා,දඩ ගහන් නෑ.... දඩ කොළේ අරං යන එකාගේ පුක පලනවා,Harassment,0.9751
"දඩ ගහලා මදි, ලෙබ්බෙගෙ ලබ්බ කපලා එල්ලන්න එපැයි බොල!!!  සිංහල එකෙක් වුණා නම් නම් එහෙම ඌ අවුරුදු ගාණකට ඇතුළේ!!! URL","දඩ ගහලා මදි, ලෙබ්බෙගෙ ලබ්බ කපලා එල්ලන්න එපැයි බොල!!! සිංහල එකෙක් වුණා නම් නම් එහෙම ඌ අවුරුදු ගාණකට ඇතුළේ!!! උර්ල්",Harassment,0.9658
දඬුවැට කඩා න උක්ඳඬු බිඳාන එන්න එපා හේනට සිරිමලි නගාව උස්සන් ඇව්ල්ල ඉන්නව පැල් කොටෙ උඩ අලියෝ උඹ ලොකු උනාට අපෙ පොඩි වගාව පලි නෑනෙ ඒකට,දඬුවැට කඩා න උක්ඳඬු බිඳාන එන්න එපා හේනට සිරිමලි නගාව උස්සන් ඇව්ල්ල ඉන්නව පැල් කොටෙ උඩ අලියෝ උඹ ලොකු උනාට අපෙ පොඩි වගාව පලි නෑනෙ ඒකට,Harassment,0.9023
@USER දන්න දේ තමයි කිව්වෙ වෙසිගෙ පුතෝ. ගෙට රින්ගන් ජුන්ඩා හොලව හොලව බයේ වෙව්ලන ගොබ්බෙයා. තෝ ටුවිටරේ හිටියට රටේ අනික් උන්ට පාංද. බ්ලොක් කරපු SM පාවිච්චි කරන උන් තොගෙන්ද දැනුවත් වෙන්න ඕන රටේ වෙන දේවල් . තෝ කාගෙද,දන්න දේ තමයි කිව්වෙ වෙසිගෙ පුතෝ. ගෙට රින්ගන් ජුන්ඩා හොලව හොලව බයේ වෙව්ලන ගොබ්බෙයා. තෝ ටුවිටරේ හිටියට රටේ අනික් උන්ට පාංද. බ්ලොක් කරපු සම් පාවිච්චි කරන උන් තොගෙන්ද දැනුවත් වෙන්න ඕන රටේ වෙන දේවල් . තෝ කාගෙද,Harassment,0.9717
දන්සල නම් ඉවරයි බන්.මල හත්තිලවුවේ Call දෙන්න එපා බත් තියනවද කියල අහල. මම කෑවෙත්   ගෙදරින් යකෝ =D,දන්සල නම් ඉවරයි බන්.මල හත්තිලවුවේ Call දෙන්න එපා බත් තියනවද කියල අහල. මම කෑවෙත් ගෙදරින් යකෝ ද,Harassment,0.9688
දඹුල්ලෙ උන් දාගෙන   We are Sons Of Thor ලු.  යකෝ Thor ට ලමයි ඉන්නවද බං??    #LPLමඩ,දඹුල්ලෙ උන් දාගෙන වේ are Sons ඔෆ් තොර ලු. යකෝ තොර ට ලමයි ඉන්නවද බං?? #LPLමඩ,Harassment,0.9795
"@USER දරුවා, තොගේ අග්ගලා ගෙඩි දෙකේ පයිය අරන් පල","දරුවා, තොගේ අග්ගලා ගෙඩි දෙකේ පයිය අරන් පල",Harassment,0.9795
දවල් එක මිනිහෙක් ගමටම ඇහෙන්න;  චන්දරේ තෝ කැ# වේ# පොන්## තොට රට වටේම ගෑනු ඉන්නව තාම ලමයෙක් හදා ගන්න බැරි උනා..  තෝ 91ද 92ද අපේ සුද්ද තොගෙ රේංකෝට් එකක් ඉස්සුව කියල පොලීසි ගියේ අහු උනාද රේං කෝට්... කැ##  ටෞකන්ඩ  අම්මෝ ඒක නං......,දවල් එක මිනිහෙක් ගමටම ඇහෙන්න; චන්දරේ තෝ කැ# වේ# පොන්## තොට රට වටේම ගෑනු ඉන්නව තාම ලමයෙක් හදා ගන්න බැරි උනා.. තෝ 91ද 92ද අපේ සුද්ද තොගෙ රේංකෝට් එකක් ඉස්සුව කියල පොලීසි ගියේ අහු උනාද රේං කෝට්... කැ## ටෞකන්ඩ අම්මෝ ඒක නං......,Harassment,0.9775
දවසක ලේලියෙක්ව ගේනවා අම්මේ ගමම හෙල්ලෙන්න   -වල් අලියෙක් -   #සුපිරිවදන්,දවසක ලේලියෙක්ව ගේනවා අම්මේ ගමම හෙල්ලෙන්න -වල් අලියෙක් - #සුපිරිවදන්,Harassment,0.9214
දවාට discovery channel දැම්මොත් ඇත්තන් එකෙක් පිස්සු බල්ලෙක් වගේ කැලේ අස්සට රිංගන එකක්මයි යන්නෙ..,දවාට discovery channel දැම්මොත් ඇත්තන් එකෙක් පිස්සු බල්ලෙක් වගේ කැලේ අස්සට රිංගන එකක්මයි යන්නෙ..,Harassment,0.9287
දස්සා ව විකුනං කන gossip sites වලට හෙන 07ම ගහපං,දස්සා ව විකුනං කන gossip සිටෙස් වලට හෙන 07ම ගහපං,Harassment,0.9717
Dropshipping උගන්නනව කියල පොඩි උන්ගෙ සල්ලි කඩාගන්න course විකුණන උන් තමයි පොන්න හිගන්නො   BMW පැදල මෝටිවේශන් speak දුන්න ගමන් පොඩි උන් අල්ලගන්නව වැල පිටින්. මේ වගේ scam ගොඩක් අද ලංකාවේ ප්‍රසිද්දියේ කරගෙන යනව   කාගෙවත් වාහනයක් ගෙයක් සල්ලි දැක්ක පලියට වහල්ලු වෙන්න එපා.,ද්රෝප්ස්හිප්පින්ග් උගන්නනව කියල පොඩි උන්ගෙ සල්ලි කඩාගන්න course විකුණන උන් තමයි පොන්න හිගන්නො බ්ම්ව් පැදල මෝටිවේශන් speak දුන්න ගමන් පොඩි උන් අල්ලගන්නව වැල පිටින්. මේ වගේ scam ගොඩක් අද ලංකාවේ ප්‍රසිද්දියේ කරගෙන යනව කාගෙවත් වාහනයක් ගෙයක් සල්ලි දැක්ක පලියට වහල්ලු වෙන්න එපා.,Harassment,0.9609
දාඩිය මදිවට මේ වේස මදුරුවොත් කනවා...,දාඩිය මදිවට මේ වේස මදුරුවොත් කනවා...,Harassment,0.9565
දාර බඩුවක්.. හුම්ම් වැටකොළුත් හැංෙගනවා ඒකි දැක්කහම.,දාර බඩුවක්.. හුම්ම් වැටකොළුත් හැංෙගනවා ඒකි දැක්කහම.,Harassment,0.9736
"දාර බේරෙන්න හිරට ඇඳල පුක මතුකරල පෙන්නන්නත් ඕනි..  ඒකල්ල ඒක දිහ බලන උන්ට වනචරයෝය, අසහනකාරයො ය කියල බනින්නත් ඕනි.. එතකොට තමය් අපේ ගෑනුන්ගෙ සතුට සම්පූර්ණ වෙන්නෙ..","දාර බේරෙන්න හිරට ඇඳල පුක මතුකරල පෙන්නන්නත් ඕනි.. ඒකල්ල ඒක දිහ බලන උන්ට වනචරයෝය, අසහනකාරයො ය කියල බනින්නත් ඕනි.. එතකොට තමය් අපේ ගෑනුන්ගෙ සතුට සම්පූර්ණ වෙන්නෙ..",Harassment,0.9316
දාසක් පට්ට වැස්සෙ ලොකු කුඩේකුත් අටෝගෙන මම කඩේට යනකොට මෙන්න මාශියා පලාතටම තිබුනු එකම චූටි ගහ යටට වෙලා තෙමි තෙමී ඉන්නවා..  දෙපාරක් හිතුවෙ නෑ දුන්න කඩ්ඩෙම්ම..  “Nangi.. Why are you outstanding.. Comeunderstand in my umbrella.”  පැන්නෙ නැතෑ මේකි කුඩේ යටට..   #අපි_නොදන්න_කඩ්ඩ,දාසක් පට්ට වැස්සෙ ලොකු කුඩේකුත් අටෝගෙන මම කඩේට යනකොට මෙන්න මාශියා පලාතටම තිබුනු එකම චූටි ගහ යටට වෙලා තෙමි තෙමී ඉන්නවා.. දෙපාරක් හිතුවෙ නෑ දුන්න කඩ්ඩෙම්ම.. නැඟී Why are you outstanding.. කොමෙඋඑර්ස්තංද් ඉන් මය් umbrella.” පැන්නෙ නැතෑ මේකි කුඩේ යටට.. #අපි_නොදන්න_කඩ්ඩ,Harassment,0.9282
දැං ඉතිං කියයි කහ කුරුල්ලෙක් කියල රෙද්ද තමා..කහ කුරුල්ල.. මේ අබ ගෙඩියක්...අපේ ගහේ හවසට හැදෙන..,දැං ඉතිං කියයි කහ කුරුල්ලෙක් කියල රෙද්ද තමා..කහ කුරුල්ල.. මේ අබ ගෙඩියක්...අපේ ගහේ හවසට හැදෙන..,Harassment,0.9141
දැං ඔයාට මං ඔනේ නෑ.  ඔයාට මං වගේ කෙනෙක් හම්බුනානෙ.   තෝ වගේ එකියක් ඔනේනම් තෝව දාල යනවද ගොන් වැස්සියේ :P   #twitterwalicrosstalk,දැං ඔයාට මං ඔනේ නෑ. ඔයාට මං වගේ කෙනෙක් හම්බුනානෙ. තෝ වගේ එකියක් ඔනේනම් තෝව දාල යනවද ගොන් වැස්සියේ ප් ට්විට්ටේර්වලිච්රෝස්ස්ටල්ක්,Harassment,0.9624
@USER දැං ගෙදර පලයං තෝ..පොන්න හුත්තිගේ පුතා..රට කෑවා තෝ..තොගේ වලටත් මිනිස්සු ශාප කරයි කවදාහරි,දැං ගෙදර පලයං තෝ..පොන්න හුත්තිගේ පුතා..රට කෑවා තෝ..තොගේ වලටත් මිනිස්සු ශාප කරයි කවදාහරි,Harassment,0.9658
දැං හරිනේ .. හරිනේ.. අනුංඟෙ ගෑනුන්ට ගහනව කියල ඇඬුව.. ඕන් බලාන් එකිගෙ මිනිහ කියන දෙ.. සෝ වටෙව් ඉඳන් දඟලන්න එපා.. උඹ්ද්ලත් යනගමන් ටොක්කක් හරි ඇනන් පලයන්.. Dulith Kasun (DK) @USER  · 11 Apr 2019 කහින අවජාතකයිනි අසව් අසව් අසව්,දැං හරිනේ .. හරිනේ.. අනුංඟෙ ගෑනුන්ට ගහනව කියල ඇඬුව.. ඕන් බලාන් එකිගෙ මිනිහ කියන දෙ.. සෝ වටෙව් ඉඳන් දඟලන්න එපා.. උඹ්ද්ලත් යනගමන් ටොක්කක් හරි ඇනන් පලයන්.. දුලිත් කසුන් දක් · 11 අප‍ 2019 කහින අවජාතකයිනි අසව් අසව් අසව්,Harassment,0.9282
@USER දැංවත් නවත්තපිය හුත්තො පේන කිවිල්ල. තෝ නං හැදෙන එකෙක් නෙවෙයි! ගොටුකොල පොන්නයා!,දැංවත් නවත්තපිය හුත්තො පේන කිවිල්ල. තෝ නං හැදෙන එකෙක් නෙවෙයි! ගොටුකොල පොන්නයා!,Harassment,0.9629
දැගලිල්ල වැඩි කියල අම්ම හිසතෙල් තෙගාපු බොතලේ බොතලේ ඔලුවේ හැලුව කියපන්කෝ..... — feeling නාන ගමන්,දැගලිල්ල වැඩි කියල අම්ම හිසතෙල් තෙගාපු බොතලේ බොතලේ ඔලුවේ හැලුව කියපන්කෝ..... — feeling නාන ගමන්,Harassment,0.9561
@USER  දැට්ස් මා බෝයි... කටට සීනි දාන්නෝනි  කහ කුරුමිණියා @USER  · 25 Oct 2021 නයි වෛර උන් මෙහෙම හැසිරෙන කොට කොහේවත් නැති පඟරනැට්ටෝ හෙන පොරවල් කියලා හිතාගෙන රඟන එක තමයි උහුලන්න බැරි ඕකගෙ කටේ ඔබන්න ඕන 'දාස්' මල්,දැට්ස් මා බෝයි... කටට සීනි දාන්නෝනි කහ කුරුමිණියා · 25 ඔච්ට් 2021 නයි වෛර උන් මෙහෙම හැසිරෙන කොට කොහේවත් නැති පඟරනැට්ටෝ හෙන පොරවල් කියලා හිතාගෙන රඟන එක තමයි උහුලන්න බැරි ඕකගෙ කටේ ඔබන්න ඕන 'දාස්' මල්,Harassment,0.9067
"දැන් A හාදය කියනව B ගෙ පුකේ ඇණයක් තියෙනව කියල. X-Ray එකක Photo එකකුත් දානවා. ඉතින් B ලෝකෙටම පුක පෙන්නන්න ඕනෙද, ඇණේ නෑ කියල පෙන්නන්න. ලොකේ පුජික් ..","දැන් අ හාදය කියනව බ ගෙ පුකේ ඇණයක් තියෙනව කියල. ෂ්රය් එකක Photo එකකුත් දානවා. ඉතින් බ ලෝකෙටම පුක පෙන්නන්න ඕනෙද, ඇණේ නෑ කියල පෙන්නන්න. ලොකේ පුජික් ..",Harassment,0.9238
@USER දැන් අර කැරි පොන්න ඉන්දියන් වේසිගෙ පුතාලා මේකෙ හායි,දැන් අර කැරි පොන්න ඉන්දියන් වේසිගෙ පුතාලා මේකෙ හායි,Harassment,0.9663
@USER දැන් අර පේජ් ඇඩ්මින්ලට පුක හපාගෙන මැරෙන්න හිතිලා ඇති,දැන් අර පේජ් ඇඩ්මින්ලට පුක හපාගෙන මැරෙන්න හිතිලා ඇති,Harassment,0.9004
දැන් අවුරුදු 3 කුත් පහුවුනා... කෝ යකෝ අර කෑ ගහපු ලම්බෝගිනි රත්රන් අශ්වයෝ හෙලිකොප්ටර් ??????????   #UNPJunta #HoldELECTIONS ! #ElectionsWithheld #lka #sriLanka #Colombo  @USER  @USER   @USER  @USER,දැන් අවුරුදු 3 කුත් පහුවුනා... කෝ යකෝ අර කෑ ගහපු ලම්බෝගිනි රත්රන් අශ්වයෝ හෙලිකොප්ටර් ?????????? උන්ප්ජුන්ට හොල්දෙලෙක්තිඔන්ස ! එලෙක්තිඔන්ස්විථ්හෙල්ද ලක ශ්‍රීලංකා චොලොම්බෝ,Harassment,0.9072
දැන් ඉතින් අර බැල්ලියක් දූෂණය කරපු එකටත් 2500 අම්මගෙ රෙද්ද ඇඳල ගනී,දැන් ඉතින් අර බැල්ලියක් දූෂණය කරපු එකටත් 2500 අම්මගෙ රෙද්ද ඇඳල ගනී,Harassment,0.9497
දැන් උඹ පොලව යටද?  -Dang Shapada @USER  · 14 Apr 2018 රෙද්දෙ ලිස්සන ගහ..බහිනව විතරයි නගින්නෙ නෑ.. #ApeAwurudu,දැන් උඹ පොලව යටද? -Dang ෂාපද · 14 අප‍ 2018 රෙද්දෙ ලිස්සන ගහ..බහිනව විතරයි නගින්නෙ නෑ.. අපෙඅවුරුදු,Harassment,0.9043
@USER දැන් උඹ බලං ඉන්නෙ ඩෝනට් එකේ හිල ලොකු කරන්නද,දැන් උඹ බලං ඉන්නෙ ඩෝනට් එකේ හිල ලොකු කරන්නද,Harassment,0.9141
දැන් එතකොට මෙන්න මේ විදියට බොලේ පාස් කොරපුවාම එකේ වගකීම අරගෙන පුජිතලා / හෙමසිරිලා වගේ හිනාවෙලා මාංචු දාගෙන ටික දවසක සුපිරි හිරකුඩුවකට යන්න තමයි මුන් හැම එකෙක්ම බලය ගත්තු ගමන් උන්ගේ පුක ලෙව කන හෙන්චයියලාට රජයේ ඉහලම තනතුරු දෙන්නේ.  @USER  @USER  @USER  #SriLanka,දැන් එතකොට මෙන්න මේ විදියට බොලේ පාස් කොරපුවාම එකේ වගකීම අරගෙන පුජිතලා / හෙමසිරිලා වගේ හිනාවෙලා මාංචු දාගෙන ටික දවසක සුපිරි හිරකුඩුවකට යන්න තමයි මුන් හැම එකෙක්ම බලය ගත්තු ගමන් උන්ගේ පුක ලෙව කන හෙන්චයියලාට රජයේ ඉහලම තනතුරු දෙන්නේ. ශ්‍රීලංකා,Harassment,0.9058
@USER දැන් ඔය හැරෙන්න හදන්නේ අල්ලගත්ත උන් නිදහස් කරන්නද? ගල් ගහලා බං මරන්නෝන මුංව ගල් ගහලා!,දැන් ඔය හැරෙන්න හදන්නේ අල්ලගත්ත උන් නිදහස් කරන්නද? ගල් ගහලා බං මරන්නෝන මුංව ගල් ගහලා!,Harassment,0.9443
"@USER දැන් ඔයාගෙ පඩේ සුවදයිද, පුකේ බෙටි GoLd ද, කබ, දාඩිය රත්තරං ද? පිටරට මිනිසුන් ඔයිට වඩා වියදම් කරනවා. ඒත් උන් එවා ,twittering කරගෙන ලොකු ක්ම් පෙන්වන්නෙ නෑ. කියාපන්නෙත් නෑ. කොහොමත් බන්ඩා කොලබ ආපු සීන් එකක්නම් පේනවා. කොහ්මත් රටේ මිනිසුන් social media භාවිතේ පොඩි මෝඩ ගතියක් තියනවා.","දැන් ඔයාගෙ පඩේ සුවදයිද, පුකේ බෙටි GoLd ද, කබ, දාඩිය රත්තරං ද? පිටරට මිනිසුන් ඔයිට වඩා වියදම් කරනවා. ඒත් උන් එවා ,twittering කරගෙන ලොකු ක්ම් පෙන්වන්නෙ නෑ. කියාපන්නෙත් නෑ. කොහොමත් බන්ඩා කොලබ ආපු සීන් එකක්නම් පේනවා. කොහ්මත් රටේ මිනිසුන් social media භාවිතේ පොඩි මෝඩ ගතියක් තියනවා.",Harassment,0.9702
"දැන් කාලෙ ඉන්නෙ පිස්සො, බල්ලාගෙ කට ඉඹලා කියනව ඌ පවුලෙ එකෙක් හින්දා පුක ලෙව කෑවට කමක් නෑ කියලා! එහෙනං බං!  ළමයගෙ ගූ ටිකත් දිවෙන් අරන් දාපන්කො","දැන් කාලෙ ඉන්නෙ පිස්සො, බල්ලාගෙ කට ඉඹලා කියනව ඌ පවුලෙ එකෙක් හින්දා පුක ලෙව කෑවට කමක් නෑ කියලා! එහෙනං බං! ළමයගෙ ගූ ටිකත් දිවෙන් අරන් දාපන්කො",Harassment,0.9229
"දැන් තියන කොට්ටකෙල්ග තම්බල, වේලලා, සුද්ද කරලා, කෙදිත් අරිනවා යකෝ... කන්න විතරයි තියෙන්නේ...","දැන් තියන කොට්ටකෙල්ග තම්බල, වේලලා, සුද්ද කරලා, කෙදිත් අරිනවා යකෝ... කන්න විතරයි තියෙන්නේ...",Harassment,0.9629
@USER  @USER    දැන් තේරෙනවා නේද ලමයි D කීයක් ගත්තත් හැමෝටම මොලේ නෑ කියලා ? ලොන්තයා... මානසික ලෙඩා ඉතිං උඹ කියලා කවුරුත් දන්නවා,දැන් තේරෙනවා නේද ලමයි ද කීයක් ගත්තත් හැමෝටම මොලේ නෑ කියලා ? ලොන්තයා... මානසික ලෙඩා ඉතිං උඹ කියලා කවුරුත් දන්නවා,Harassment,0.9292
@USER දැන් තෝ ඉස්සල්ත් කෑව නේද තොගෙ බඩේ හිඟන්නෙක්වත් නිදියන් ඉන්නවද බොල ඌරො  @USER  @USER  @USER  @USER,දැන් තෝ ඉස්සල්ත් කෑව නේද තොගෙ බඩේ හිඟන්නෙක්වත් නිදියන් ඉන්නවද බොල ඌරො,Harassment,0.9438
දැන් දැන් ජීව ගුනේට අබ සරණයි වගේදෝත් හිතෙනවා.  ජීවගුණේ පිළිබද පස්චාත් උපාධි ධාරියා හෝතඹුවෙක් එක්ක හැමනිසම් ගහලා කුදාර් උනාට පස්සේ එක එක පකෑලා වේස බඩුවගෙ අම්බලම වගේ කොරං මේක.  ජෙරී.... වී මිස් යූ බ්‍රදර්.   දැන් අන්න ඌ ආපහු ඇවිල්ල හානව කියලා නම් පක්‍යූ කරන්ඩෙපා ඈ. මහසොහොන් @USER  · 12 Aug 2019 හාපික් දාල කක්කුස්සි පෝච්චිය හේදුවට මොන දහන් ගැටේ දැම්මත් චරිතෙ හෝදගන්න වෙන්නෙ නෑ. දැගළුවට වැඩක් නෑ කේශාන්තයේ සිට පාදාන්තය දක්වා ගූ නාගෙන.  ඕන්න එතෝට ඔද ඔප්සමක් තමයි ෆේක් එකවුන්ට් එකක් හදාගෙන මියාව් මියාව් හුරතලේ. අනේ හුකේ අපි නොදන්න ෆේක්.   (සිරාවටම දන්නෙ නෑ යකෝ මොකද ඒ සීන් එක) twitter.com/dead_mans_cree…,දැන් දැන් ජීව ගුනේට අබ සරණයි වගේදෝත් හිතෙනවා. ජීවගුණේ පිළිබද පස්චාත් උපාධි ධාරියා හෝතඹුවෙක් එක්ක හැමනිසම් ගහලා කුදාර් උනාට පස්සේ එක එක පකෑලා වේස බඩුවගෙ අම්බලම වගේ කොරං මේක. ජෙරී.... වී මිස් යූ බ්‍රදර්. දැන් අන්න ඌ ආපහු ඇවිල්ල හානව කියලා නම් පක්‍යූ කරන්ඩෙපා ඈ. මහසොහොන් · 12 ඖග් 2019 හාපික් දාල කක්කුස්සි පෝච්චිය හේදුවට මොන දහන් ගැටේ දැම්මත් චරිතෙ හෝදගන්න වෙන්නෙ නෑ. දැගළුවට වැඩක් නෑ කේශාන්තයේ සිට පාදාන්තය දක්වා ගූ නාගෙන. ඕන්න එතෝට ඔද ඔප්සමක් තමයි ෆේක් එකවුන්ට් එකක් හදාගෙන මියාව් මියාව් හුරතලේ. අනේ හුකේ අපි නොදන්න ෆේක්. (සිරාවටම දන්නෙ නෑ යකෝ මොකද ඒ සීන් එක) twitter.com/dead_mans_cree…,Harassment,0.9468
දැන් දිගට අඳින් උන් හෙන සිල්වන්තයි කොටට අඳින උන් බඩු ! අනේ පලයන් බං යන්න,දැන් දිගට අඳින් උන් හෙන සිල්වන්තයි කොටට අඳින උන් බඩු ! අනේ පලයන් බං යන්න,Harassment,0.9253
@USER දැන් නැට්ට්ච්යෙක් අල්ලගෙන කියල අම්ම බැන්න නාහෙන් අඩ අඩා tweet දාපන්කො බලාගන්න,දැන් නැට්ට්ච්යෙක් අල්ලගෙන කියල අම්ම බැන්න නාහෙන් අඩ අඩා tweet දාපන්කො බලාගන්න,Harassment,0.9502
@USER දැන් රනිලයට සාගලට අකිලට ඔබතුමන්ට මාර හැපී නේද  නොදකින් පොන්න නලේ...,දැන් රනිලයට සාගලට අකිලට ඔබතුමන්ට මාර හැපී නේද නොදකින් පොන්න නලේ...,Harassment,0.9194
@USER දැන් වත් පුක නොදී තොලොන්චි වෙලා පල අවජාතක සමනල පොන්නයා...,දැන් වත් පුක නොදී තොලොන්චි වෙලා පල අවජාතක සමනල පොන්නයා...,Harassment,0.9863
@USER දැන් වල පයියෙද? පයිය වලේ ද?,දැන් වල පයියෙද? පයිය වලේ ද?,Harassment,0.9683
දැන්නෙ දැක්කෙ අපේ එකෙක් ගෙ පොන්න කම. Be a man n keep ur status as a guy mchn. Lve කරපන් bt ඕන නැති දේවල් ඕනිව ට වැඩිය ඔනිම නෑ කියනවනෙ,දැන්නෙ දැක්කෙ අපේ එකෙක් ගෙ පොන්න කම. බේ අ man න keep උර status ඇස අ guy මචං ල්වේ කරපන් බට් ඕන නැති දේවල් ඕනිව ට වැඩිය ඔනිම නෑ කියනවනෙ,Harassment,0.98
දික්වැල්ලයාටත් කට පුක වහන් ඉන්ඩ බෑනේ.... තාම එක 100ක්වත් ගහලා නැතුව 100 ඒවා 7ක් ගහලා ඉන්න එකෙක්ට ටෝක්ස් ඉශූ කරා....  ඌ පාඩුවේ සීයක් ගහලා පෙන්නුවා... මී හකරා,දික්වැල්ලයාටත් කට පුක වහන් ඉන්ඩ බෑනේ.... තාම එක 100ක්වත් ගහලා නැතුව 100 ඒවා 7ක් ගහලා ඉන්න එකෙක්ට ටෝක්ස් ඉශූ කරා.... ඌ පාඩුවේ සීයක් ගහලා පෙන්නුවා... මී හකරා,Harassment,0.9092
දිනපල්ලා පීස්! මේ කිරිකට් උණ ලෙසටම තිබ්බ කාලෙ පින්තූරුවක්. නොස්ටැල්ජික පොලු පහරින් හිස තෝන්තුව ඇත. දිනපං! රෙද්ද! #RoadSafetyWorldSeries,දිනපල්ලා පීස්! මේ කිරිකට් උණ ලෙසටම තිබ්බ කාලෙ පින්තූරුවක්. නොස්ටැල්ජික පොලු පහරින් හිස තෝන්තුව ඇත. දිනපං! රෙද්ද! රොඅද්සෆෙත්ය්වොර්ල්ද්සෙරිඑස්,Harassment,0.9365
දිනූ රට බේරගත්ත නේද ? මෝඩ හැදිකරේ!,දිනූ රට බේරගත්ත නේද ? මෝඩ හැදිකරේ!,Harassment,0.9087
"දිලීපන් මැරැණද..මැරැවාද ???  තෝ කන්නේ නැතිව..ඔහොමම මැරියන් නැත්නම් තොගේ අම්මා අප්පා පවුලේ එවුන් ඔක්කෝම මරණවා ඉතින් දිලීපන් මලා උෟ අද වීරයෙක් lanka C news @USER  · 26 Sep 2017 හිටපු කොටි නායකයෙකු සමරා යාපනේ උත්සවයක්.. ඇමතිවරියක, මන්ත‍්‍රීවරුන්ද එක්වෙයි… URL","දිලීපන් මැරැණද..මැරැවාද ??? තෝ කන්නේ නැතිව..ඔහොමම මැරියන් නැත්නම් තොගේ අම්මා අප්පා පවුලේ එවුන් ඔක්කෝම මරණවා ඉතින් දිලීපන් මලා උෟ අද වීරයෙක් ලංකා ච news · 26 සේප 2017 හිටපු කොටි නායකයෙකු සමරා යාපනේ උත්සවයක්.. ඇමතිවරියක, මන්ත‍්‍රීවරුන්ද එක්වෙයි… උර්ල්",Harassment,0.9243
දිවුල්ගනේ : හාදවෙලා යමන් පනේ සිරි සැප දෙන්නයි  My Brain : උඹට රෙන්න නොදී පක තම්බා අඳින්න දෙන්නයි,දිවුල්ගනේ : හාදවෙලා යමන් පනේ සිරි සැප දෙන්නයි මය් Brain : උඹට රෙන්න නොදී පක තම්බා අඳින්න දෙන්නයි,Harassment,0.9819
@USER දුම්මල වරම අරගත් සැර කට්ටඩී යක්කුත් මෙල්ල කරනව තබමින් අඩී තටුවට තිවුව පුලුටුත් කා  තෝ අඩී කුකුලගෙ බෙල්ල මිරිකූවෙක් වෙඩී,දුම්මල වරම අරගත් සැර කට්ටඩී යක්කුත් මෙල්ල කරනව තබමින් අඩී තටුවට තිවුව පුලුටුත් කා තෝ අඩී කුකුලගෙ බෙල්ල මිරිකූවෙක් වෙඩී,Harassment,0.9814
@USER  @USER දුලිප්පයියා ?? තෝ ඕකට එකක් අහගෙන පුක දීලා වෙඩි කාපන්,දුලිප්පයියා ?? තෝ ඕකට එකක් අහගෙන පුක දීලා වෙඩි කාපන්,Harassment,0.9321
"@USER දුවෙක් ඉතිං අම්ම වගේ වෙයි, තාත්ත වගෙ උන් තව ඕනනෑ..එකෙක් හිටියම ඇති","දුවෙක් ඉතිං අම්ම වගේ වෙයි, තාත්ත වගෙ උන් තව ඕනනෑ..එකෙක් හිටියම ඇති",Harassment,0.9062
@USER  @USER දුෂ්ථයා තෝ මම නැති වෙලාවේ ඉඹල මරන්නේ තෝව,දුෂ්ථයා තෝ මම නැති වෙලාවේ ඉඹල මරන්නේ තෝව,Harassment,0.9873
දුෂිත අවජාතක හැතිකරයක් පාලනය කරන රට #UNPJunta #HoldELECTIONS ! #ElectionsWithheld #lka #sriLanka #Colombo  @USER  @USER   @USER  @USER,දුෂිත අවජාතක හැතිකරයක් පාලනය කරන රට උන්ප්ජුන්ට හොල්දෙලෙක්තිඔන්ස ! එලෙක්තිඔන්ස්විථ්හෙල්ද ලක ශ්‍රීලංකා චොලොම්බෝ,Harassment,0.9819
දෙනවා තොගෙ ලබ්බ බහින්න #SrilankanThreats,දෙනවා තොගෙ ලබ්බ බහින්න ස්රිලංකංථ්රෙඅත්ස,Harassment,0.9863
දෙනවා දැන ගනිං ඇට දෙක පුක වටේ වට දෙකක් කැරකිලා නවතින්න!  :D #SriLankanThreats,දෙනවා දැන ගනිං ඇට දෙක පුක වටේ වට දෙකක් කැරකිලා නවතින්න! ද ස්රිලංකංථ්රෙඅත්ස,Harassment,0.9868
@USER @USER  දෙන්න හිතෙන්නේ කටට  -__-,දෙන්න හිතෙන්නේ කටට -__-,Harassment,0.9199
"@USER @USER  දෙන්නම ඉද්දි තියන්න අමාරු වෙයි, කොටු මාරු වෙනවනෙ. ~cal^","දෙන්නම ඉද්දි තියන්න අමාරු වෙයි, කොටු මාරු වෙනවනෙ. ~cal^",Harassment,0.9189
@USER  @USER දෙන්නම කනවා එක කටට..,දෙන්නම කනවා එක කටට..,Harassment,0.9268
@USER  @USER දෙබරු කාල තියෙන්නෙ පුක විතරයි ද? ඕක දනගත්තොත් ගෑනු වෙඩින් වල්ට හෙම යන්න කලින් පස්ස දෙබරුන්ට කියල කවාගනී..,දෙබරු කාල තියෙන්නෙ පුක විතරයි ද? ඕක දනගත්තොත් ගෑනු වෙඩින් වල්ට හෙම යන්න කලින් පස්ස දෙබරුන්ට කියල කවාගනී..,Harassment,0.9814
දෙමළට පුක දීල උඹ පුකේ ඇරවගනින් සිරිසේන URL,දෙමළට පුක දීල උඹ පුකේ ඇරවගනින් සිරිසේන උර්ල්,Harassment,0.981
@USER දෙයියනේ... කෝමද කෙල්ලෙක් ලගට ගීං කටක් ඇරල ඉල්ලන්නෙ.. නංගි පුක බද්ද ගෙවන්න කියල...,දෙයියනේ... කෝමද කෙල්ලෙක් ලගට ගීං කටක් ඇරල ඉල්ලන්නෙ.. නංගි පුක බද්ද ගෙවන්න කියල...,Harassment,0.936
@USER දෙරණ පුක දෙනවා ඉවරයක් නෑ. බලාගෙන කොරොනා හැදෙයි!,දෙරණ පුක දෙනවා ඉවරයක් නෑ. බලාගෙන කොරොනා හැදෙයි!,Harassment,0.9536
"දෙල් තං කොස් තං බල තං බැල තං එ් තං යන තං  මම තං  රස තං  කන තං බොන තං   #වැලතං    අනේ මන්ද ඉතිම් , මටත් පිස්සු වගේ","දෙල් තං කොස් තං බල තං බැල තං එ් තං යන තං මම තං රස තං කන තං බොන තං #වැලතං අනේ මන්ද ඉතිම් , මටත් පිස්සු වගේ",Harassment,0.9585
@USER  @USER දෙවියො පුක මවනකොට බඩේ මාරුවක් තිබ්බ දවසක තමයි උබව හදල තියෙන්නෙ කක්ක පොඩ්ඩක් පුක උඩට වැටිල තමා උබේ ෆේස් එක හැදුනෙ,දෙවියො පුක මවනකොට බඩේ මාරුවක් තිබ්බ දවසක තමයි උබව හදල තියෙන්නෙ කක්ක පොඩ්ඩක් පුක උඩට වැටිල තමා උබේ ෆේස් එක හැදුනෙ,Harassment,0.9839
@USER දෙහි දාල කෝපි එකක් ගහන් මණ්ඩිත් එක්ක... බඩේ අමාරු සුම්මා!,දෙහි දාල කෝපි එකක් ගහන් මණ්ඩිත් එක්ක... බඩේ අමාරු සුම්මා!,Harassment,0.9316
"දේශපාලකයෙක් ඇවිල්ලා අපිට පුකේ අරින අතරේ, අපේ ටිවීට්:  ""බලපන් බන් මූ කරන එක, මූ මට පුකේ අරිනව නේ, හරිම නරක එක්කෙනෙක්"" ""උබට දැන්ද අමාරු, උබේ එකා අරිනකොට ප්‍රශ්ණයක් තිබුනේ නැහැ නේ"" ""උබ නම් හරිම වහලෙක්""","දේශපාලකයෙක් ඇවිල්ලා අපිට පුකේ අරින අතරේ, අපේ ටිවීට්: ""බලපන් බන් මූ කරන එක, මූ මට පුකේ අරිනව නේ, හරිම නරක එක්කෙනෙක්"" ""උබට දැන්ද අමාරු, උබේ එකා අරිනකොට ප්‍රශ්ණයක් තිබුනේ නැහැ නේ"" ""උබ නම් හරිම වහලෙක්""",Harassment,0.9736
@USER දේශපාලනය අදාල නෑ. අවජාතක වේසිගේ පුත්තුන්ට කොහෙත්ම අයිතියක් නෑ මාලිගාවට පුක පෙන්නලා ෆොටෝ දාන්න.. පටන්ගත්ත නැතම ඉවරයි....මුන්ටම පුකදෙන සක්කිලි චීවරධාරියෝ ඉන්නවානේ. පක්ෂය අදාල නෑ. තොපිටනම් හොඳක් වෙන්නේ නෑ.,දේශපාලනය අදාල නෑ. අවජාතක වේසිගේ පුත්තුන්ට කොහෙත්ම අයිතියක් නෑ මාලිගාවට පුක පෙන්නලා ෆොටෝ දාන්න.. පටන්ගත්ත නැතම ඉවරයි....මුන්ටම පුකදෙන සක්කිලි චීවරධාරියෝ ඉන්නවානේ. පක්ෂය අදාල නෑ. තොපිටනම් හොඳක් වෙන්නේ නෑ.,Harassment,0.9834
දේශපාලුවෝ රටට පේන්න කෙලගෙන එකට සව්දිය පුරනවා. අපේ එවුන් මෙහෙ පුක ඉරාගෙන කාටහරි පක්ශෙකට කඩේ යනවා. ඒ මදිවට මරාගන්නවා,දේශපාලුවෝ රටට පේන්න කෙලගෙන එකට සව්දිය පුරනවා. අපේ එවුන් මෙහෙ පුක ඉරාගෙන කාටහරි පක්ශෙකට කඩේ යනවා. ඒ මදිවට මරාගන්නවා,Harassment,0.9541
දොඩම් කොහෙද ඇඹූල නරි දන්න හුත්ත RaNiYa @USER  · 17 Jan  @USER නඩුවක් වෙච්ච බඩුවක්,දොඩම් කොහෙද ඇඹූල නරි දන්න හුත්ත රනිය · 17 ජන නඩුවක් වෙච්ච බඩුවක්,Harassment,0.9829
@USER දෝ ගන්න දෝ ගන්න බඩ එනවා පුක එනවා හැඩ වෙනවා..,දෝ ගන්න දෝ ගන්න බඩ එනවා පුක එනවා හැඩ වෙනවා..,Harassment,0.981
ධර්මේ තෝ ඇන්කරේව මරන්න කලින් මාව මරලා ගියොත් හොදයි   ඇන්කරේට ටිකක් හරි ආදරෙයි කියලා පෙන්නන්න ඕනනේ,ධර්මේ තෝ ඇන්කරේව මරන්න කලින් මාව මරලා ගියොත් හොදයි ඇන්කරේට ටිකක් හරි ආදරෙයි කියලා පෙන්නන්න ඕනනේ,Harassment,0.916
නංගි මට බහ දෙනවද? පුක ඉල්ලන්න දෙන්නං අයියෙ.. බහ නම් දෙන්න බෑ..,නංගි මට බහ දෙනවද? පුක ඉල්ලන්න දෙන්නං අයියෙ.. බහ නම් දෙන්න බෑ..,Harassment,0.9736
"නංගි සහ පුසා    මගේ පැටියෝ, සුදු මැණික, උම්මා කැටේ, කුක්කු බොලේ, චිංචි බබා මෙහෙ එන්නකෝ...  Don’t care  මේ ඔයි, බුරුවා, නරියා, ගොන් හරකා මෙහෙ එනවා. අවේ නැත්තම් දෙනවා දෙකක්.  හා එන්නම්කෝ ඉතිං    මේ තමුසේ අද මැස්සෝ හුනෝ එහෙම අල්ලන්නේ නැ හරිද. අද පෝය !!","නංගි සහ පුසා මගේ පැටියෝ, සුදු මැණික, උම්මා කැටේ, කුක්කු බොලේ, චිංචි බබා මෙහෙ එන්නකෝ... Don’t care මේ ඔයි, බුරුවා, නරියා, ගොන් හරකා මෙහෙ එනවා. අවේ නැත්තම් දෙනවා දෙකක්. හා එන්නම්කෝ ඉතිං මේ තමුසේ අද මැස්සෝ හුනෝ එහෙම අල්ලන්නේ නැ හරිද. අද පෝය !!",Harassment,0.9692
නගරේ පේමන්ට් හදලා ගස් හිටෙවුවට රටේ ප්‍රසන විසදෙන්නේ නෑ මස්සිනා බයි මොලේ ඩිංගක් මෝදු විනහම එන්ට කතාවකට  එතකන් ඔහොම සැපට පුක ලෙවකකා දෙන දෙයක් කාල සැපෙන් ඉන්ට   රජපස්සලට ඔච්චර සල්ලි තිවුනනම් අම්ම තාත්තට සොහොනක් හදන්ට ජනාධිපති වෙලා රටේ මහජන මුදල් වියදම් කොරන්කම්ම ඉන්ට ඕනද මෙයා,නගරේ පේමන්ට් හදලා ගස් හිටෙවුවට රටේ ප්‍රසන විසදෙන්නේ නෑ මස්සිනා බයි මොලේ ඩිංගක් මෝදු විනහම එන්ට කතාවකට එතකන් ඔහොම සැපට පුක ලෙවකකා දෙන දෙයක් කාල සැපෙන් ඉන්ට රජපස්සලට ඔච්චර සල්ලි තිවුනනම් අම්ම තාත්තට සොහොනක් හදන්ට ජනාධිපති වෙලා රටේ මහජන මුදල් වියදම් කොරන්කම්ම ඉන්ට ඕනද මෙයා,Harassment,0.9277
නගින් නැති පයිය කොස් කොටන්නද. #WalProverbs,නගින් නැති පයිය කොස් කොටන්නද. වල්ප්රෝවෙර්බ්ස්,Harassment,0.9321
@USER NGO සල්ලි වලින් යැපෙන සක්කිලිට කන්න හම්බ වෙන්නේ එහෙම කරොත්නේ. journalist කියාගත්ත වේස ගෑණු ටිකකුත් ඉන්නවනේ උදවුවට  @USER,නගෝ සල්ලි වලින් යැපෙන සක්කිලිට කන්න හම්බ වෙන්නේ එහෙම කරොත්නේ. journalist කියාගත්ත වේස ගෑණු ටිකකුත් ඉන්නවනේ උදවුවට,Harassment,0.9321
නන්දසේන මේ දඩාවතේ යන මැදැමුලනේ අවජාතක බල්ලා බැදැලා දාපං. මේක රටම ගිණි තියනවා කාලකන්නියා. මු හිතාගෙන ඉන්නේ මුගෙ රට කියලා වල් බල්ලා. සිවුර ගලවලා ඩෙනිම ගහලා ආවනම් ජනතාව මේ අවජාතක බල්ලට පාඩමක් උගන්වනවා අනිවාර්! Rohan Samarajiva @USER  · 8 Dec 2021 ජනාධිපති තුමනි (@USER) කාර්ය සාධක බලකායේ වෙනසක් කරන්නට කල් හරි වගේ. twitter.com/BasnayakeM/sta…,නන්දසේන මේ දඩාවතේ යන මැදැමුලනේ අවජාතක බල්ලා බැදැලා දාපං. මේක රටම ගිණි තියනවා කාලකන්නියා. මු හිතාගෙන ඉන්නේ මුගෙ රට කියලා වල් බල්ලා. සිවුර ගලවලා ඩෙනිම ගහලා ආවනම් ජනතාව මේ අවජාතක බල්ලට පාඩමක් උගන්වනවා අනිවාර්! Rohan සමරජීව · 8 දෙක් 2021 ජනාධිපති තුමනි () කාර්ය සාධක බලකායේ වෙනසක් කරන්නට කල් හරි වගේ. ට්විට්ටේර්චොම්බස්නයකෙම්ස්ට,Harassment,0.939
@USER නම හැදෙන කාලෙ මූනට පුක කියලා පුකට මූන කිව්වනම් පුක මූනෙ නේද යාලොස්,නම හැදෙන කාලෙ මූනට පුක කියලා පුකට මූන කිව්වනම් පුක මූනෙ නේද යාලොස්,Harassment,0.9644
@USER  @USER නමේ හැටියට හරිනම් උඹ නිදාගන්න ඕනේ හදේ බන් හදේ...හාවත් එක්ක...අනේ නිකාන් පලයන් ආම්ස්ටොන් යන්න,නමේ හැටියට හරිනම් උඹ නිදාගන්න ඕනේ හදේ බන් හදේ...හාවත් එක්ක...අනේ නිකාන් පලයන් ආම්ස්ටොන් යන්න,Harassment,0.9712
@USER නයෙක් දැක්කොත් බේරනවද ගැරඩියෙක් දැක්කත් තඩි පොල්ලක් ඇරන් ගහනවද,නයෙක් දැක්කොත් බේරනවද ගැරඩියෙක් දැක්කත් තඩි පොල්ලක් ඇරන් ගහනවද,Harassment,0.937
නයෙක් නයෙක්... නෑ නෑ ගැරඬියෙක්..  නෑ යකෝ නයෙක් අර පෙනේ පුප්පන්නෙ. නෑ නෑ ඒ කොස්කොලයක්.. අන්න ගැහුව ..අහ් නයෙක් තමයි..,නයෙක් නයෙක්... නෑ නෑ ගැරඬියෙක්.. නෑ යකෝ නයෙක් අර පෙනේ පුප්පන්නෙ. නෑ නෑ ඒ කොස්කොලයක්.. අන්න ගැහුව ..අහ් නයෙක් තමයි..,Harassment,0.9639
:NASA එකෙන් හඳටගියා කියල විශ්වාස කරන්න තරම් මිනිස්සු මෝඩද කියල ශ්‍රීලාංකික තම්බි පුතෙක් අහනව හෝම්ස්.. :ම්ම්ම්.. ඒක හොඳ ප්‍රශ්නයක් වොට්සන්! :එතකොට අල්ල සොල්දාදුවෙක් අතේ පෘතුවියට කොරෝනා එව්ව කියල විශ්වාස කරන එක මෝඩ කමක් නෙමෙයිද? :හහ් හහ් හහ්! ඒක විශිෂ්ඨ ප්‍රශ්නයක් වොට්සන්!,නසා එකෙන් හඳටගියා කියල විශ්වාස කරන්න තරම් මිනිස්සු මෝඩද කියල ශ්‍රීලාංකික තම්බි පුතෙක් අහනව හෝම්ස්.. :ම්ම්ම්.. ඒක හොඳ ප්‍රශ්නයක් වොට්සන්! :එතකොට අල්ල සොල්දාදුවෙක් අතේ පෘතුවියට කොරෝනා එව්ව කියල විශ්වාස කරන එක මෝඩ කමක් නෙමෙයිද? :හහ් හහ් හහ්! ඒක විශිෂ්ඨ ප්‍රශ්නයක් වොට්සන්!,Harassment,0.9492
නාකි  @USER  අපිට ගොන් අාතල් ගන්න එපා කියලු උෟම ගොන් අාතල් ගද්දි #හරිවේදනයිමට,නාකි අපිට ගොන් අාතල් ගන්න එපා කියලු උෟම ගොන් අාතල් ගද්දි #හරිවේදනයිමට,Harassment,0.9155
"නාකි ආච්චිලා තමන්ගෙ පුතාලටත් වඩා බාල කොල්ලන්ව, මුත්තලා තමන්ගෙ දුවලටත් වඩා බාල කෙල්ලන්ව කසාද බඳිනකොට,බඩදරු අම්මලා ඇඳුම් නැතිව ෆොටෝ SHOOTING කරනකොට,පොඩි ළමයි  LITTLE STAR වෙන්න අම්මල අප්පොච්චිලා කියන සිංදු කියාගෙන නටනකොට,ඒවට විරුද්ධ උනාම කුහකත්වයැයි අවලාද කල උන්ට සතුටු ඇති දැන්..","නාකි ආච්චිලා තමන්ගෙ පුතාලටත් වඩා බාල කොල්ලන්ව, මුත්තලා තමන්ගෙ දුවලටත් වඩා බාල කෙල්ලන්ව කසාද බඳිනකොට,බඩදරු අම්මලා ඇඳුම් නැතිව ෆොටෝ SHOOTING කරනකොට,පොඩි ළමයි LITTLE STAR වෙන්න අම්මල අප්පොච්චිලා කියන සිංදු කියාගෙන නටනකොට,ඒවට විරුද්ධ උනාම කුහකත්වයැයි අවලාද කල උන්ට සතුටු ඇති දැන්..",Harassment,0.9263
නාකි ජප්පියක් හරි බැඳල spouse visa ගහගෙන ඉඳල PR ගහගෙන ඒකිව ඩිවෝස් කරල ලංකාවෙ කෙල්ලෙක් බඳින්න හිතෙනව. සදහටම මෙහෙ,නාකි ජප්පියක් හරි බැඳල spouse visa ගහගෙන ඉඳල ප්‍ර ගහගෙන ඒකිව ඩිවෝස් කරල ලංකාවෙ කෙල්ලෙක් බඳින්න හිතෙනව. සදහටම මෙහෙ,Harassment,0.9604
@USER @USER  නාකි වගේ එක එකාට පුක නොදී ටකේට ගහපන් ඕයි .,නාකි වගේ එක එකාට පුක නොදී ටකේට ගහපන් ඕයි .,Harassment,0.9072
නාකි වව්ලට .ව්‍යාඝා ලැබුනා කියල මම මක්කොරන්නද? වේලුන වට්ටක්කයා අද අහගත්තා අගමැතිගෙන්....,නාකි වව්ලට .ව්‍යාඝා ලැබුනා කියල මම මක්කොරන්නද? වේලුන වට්ටක්කයා අද අහගත්තා අගමැතිගෙන්....,Harassment,0.9341
@USER  @USER නාකි හුඹස් දියවෙනො විතර නෙමෙ කටත් ලොකු වෙනෝ. මං දන්න නයෙක් හුඹහ අතෑරල වනගත උනා..   කිසි ආතල්ලෙකක් නෑ ඒක දැං නාන ලිඳ වගෙ වෙලා කියල බැන බැන...,නාකි හුඹස් දියවෙනො විතර නෙමෙ කටත් ලොකු වෙනෝ. මං දන්න නයෙක් හුඹහ අතෑරල වනගත උනා.. කිසි ආතල්ලෙකක් නෑ ඒක දැං නාන ලිඳ වගෙ වෙලා කියල බැන බැන...,Harassment,0.9644
නාඩිය ඇද වෙලා බඩ කොරවෙලා මූණ පුක වෙන්ඩම ඇහුවා කොල්ලා අහන්න ඕන ටික   Give a Hi5 for this young fella  Deshitha Kadiragonna @USER  · 15 Oct 2019 Lmao those dudes looking hella uncomfortable #Facts #PresidentialElection2019 #SriLanka,නාඩිය ඇද වෙලා බඩ කොරවෙලා මූණ පුක වෙන්ඩම ඇහුවා කොල්ලා අහන්න ඕන ටික Give අ Hi5 for this young ෆෙල්ල දේශිත කදිරගොන්න · 15 ඔච්ට් 2019 ළමෝ those දුදෙස් looking හෙල්ල uncomfortable ඵච්ට්ස් #PresidentialElection2019 ශ්‍රීලංකා,Harassment,0.9614
නානාලට මොනාහරි කිව්වම සිංහල හම්බයන්ගෙ පුකේ ඉත්තෑවො දුවන්නෙ ඇයි.. මාර කැක්කුමක්නෙ යකෝ..රෙදි උස්සන් එන්නෙ..,නානාලට මොනාහරි කිව්වම සිංහල හම්බයන්ගෙ පුකේ ඉත්තෑවො දුවන්නෙ ඇයි.. මාර කැක්කුමක්නෙ යකෝ..රෙදි උස්සන් එන්නෙ..,Harassment,0.9365
නාරම්මලදි ඇක්සිඩන්ට් කරල වැටුන උන්ට පිහියෙනුත් ඇනල. එක්කෙනෙක් මැරිලත්.. ඒ ආස්සෙ අම්ම කෙනෙක් ලමයි දෙන්න එක්ක ලිඳට පැනල. ඒකත් එක්ක කලින් හමුදාව අරං ගිය බස් එකක් කෝච්චියට අහු උනා කැලනියෙදි අද වස්කඩුවෙදි සෞඛ්‍ය සේවකයෝ පිරිසක් අරං ගිය බස් එකක් කෝච්චියට අහු වෙලා..  #මාරවැඩේලංකවටඋනේ,නාරම්මලදි ඇක්සිඩන්ට් කරල වැටුන උන්ට පිහියෙනුත් ඇනල. එක්කෙනෙක් මැරිලත්.. ඒ ආස්සෙ අම්ම කෙනෙක් ලමයි දෙන්න එක්ක ලිඳට පැනල. ඒකත් එක්ක කලින් හමුදාව අරං ගිය බස් එකක් කෝච්චියට අහු උනා කැලනියෙදි අද වස්කඩුවෙදි සෞඛ්‍ය සේවකයෝ පිරිසක් අරං ගිය බස් එකක් කෝච්චියට අහු වෙලා.. #මාරවැඩේලංකවටඋනේ,Harassment,0.9019
"@USER නැට්ට කකුල් දෙක අස්සේ  ගහනවාට කියන්නෙ  නැට්ට පුකේ ගහන්නව කියලනේ , එතකොට  මේ කට පුක වගේ  කරගැනිල්ලද??","නැට්ට කකුල් දෙක අස්සේ ගහනවාට කියන්නෙ නැට්ට පුකේ ගහන්නව කියලනේ , එතකොට මේ කට පුක වගේ කරගැනිල්ලද??",Harassment,0.9258
@USER @USER  @USER  නැත්තන් අර අපෙ අම්ම කරනව වගෙ ඔයත් මොකුතම නොකිය එකපාරම හුචස් ගාල  තියන්න..,නැත්තන් අර අපෙ අම්ම කරනව වගෙ ඔයත් මොකුතම නොකිය එකපාරම හුචස් ගාල තියන්න..,Harassment,0.9414
@USER  @USER නැත්තන් හුත්තෝ වෙන කව්ද? අදාල දවස් වලට ලොක්ඩවුන් නොකර හුකන ඡන්දය්කට පුක දීලා දැන් මෙතන පහක් මැරුණටත් පස්සේ පකක් කියවනවා. කඩෙ ගියාට කමක් නෑ ෆේක් වලින් මෙතන පුක දීලා අප්පට හමන්න්ගන්න එපා. තොපි ඔක්කොම එකයි ජංගි වාටි හරක්. කාලේ කන්න එපා වේසාවෝ හැම එකටම රිප්ලයි කර කර. වදයක් සිරාවට.,නැත්තන් හුත්තෝ වෙන කව්ද? අදාල දවස් වලට ලොක්ඩවුන් නොකර හුකන ඡන්දය්කට පුක දීලා දැන් මෙතන පහක් මැරුණටත් පස්සේ පකක් කියවනවා. කඩෙ ගියාට කමක් නෑ ෆේක් වලින් මෙතන පුක දීලා අප්පට හමන්න්ගන්න එපා. තොපි ඔක්කොම එකයි ජංගි වාටි හරක්. කාලේ කන්න එපා වේසාවෝ හැම එකටම රිප්ලයි කර කර. වදයක් සිරාවට.,Harassment,0.9746
නැන්ද මාව මෙහෙන් එවද්දි තඩි මහත බතලෙක් කරල එවයි වගේ මේ යන විදිහට  පුදුම කෑමක් නේ කවන්නේ  මාත් ඉතිං කනව  GIF,නැන්ද මාව මෙහෙන් එවද්දි තඩි මහත බතලෙක් කරල එවයි වගේ මේ යන විදිහට පුදුම කෑමක් නේ කවන්නේ මාත් ඉතිං කනව GIF,Harassment,0.9077
@USER නැමිලා පුක අල්ලපං උඩට.,නැමිලා පුක අල්ලපං උඩට.,Harassment,0.9263
@USER නෑ ඉරිසියා නෑ ඔන්නොකිව හම්බෙලා කනට එකක් ගහන්න තිබානම් ඇති වේසි.,නෑ ඉරිසියා නෑ ඔන්නොකිව හම්බෙලා කනට එකක් ගහන්න තිබානම් ඇති වේසි.,Harassment,0.9575
@USER නෑ මන් ඇහුවේ අම්ම නම් මෙහෙම ගහන්නේ නෑ කවදාවත්. ගහනවා නම් ඒ අම්මට මානසික රෝගයක්. මේ කුඩාම්මා නම් මේ ගෑනිවා හිරේ දාන්න ඕනා,නෑ මන් ඇහුවේ අම්ම නම් මෙහෙම ගහන්නේ නෑ කවදාවත්. ගහනවා නම් ඒ අම්මට මානසික රෝගයක්. මේ කුඩාම්මා නම් මේ ගෑනිවා හිරේ දාන්න ඕනා,Harassment,0.9434
නෑ යකෝ ඔය කටු පොල්... අම්මප දැන් කාලෙ හැදෙන උන් නම්...  🅒🅗🅐🅝🅓🅤 @USER  · 24 Oct 2019 එකෙක් කියනව රම්පෙලු තවකෙක් කියනව වැටකෙයියා ලු . පිස්සුද බං . ඔය තියෙන්නෙ පොල් යකෝ පොල්  . . . . .  twitter.com/d_harshabandar…,නෑ යකෝ ඔය කටු පොල්... අම්මප දැන් කාලෙ හැදෙන උන් නම්... 🅒🅗🅐🅝🅓🅤 · 24 ඔච්ට් 2019 එකෙක් කියනව රම්පෙලු තවකෙක් කියනව වැටකෙයියා ලු . පිස්සුද බං . ඔය තියෙන්නෙ පොල් යකෝ පොල් . . . . . twitter.com/d_harshabandar…,Harassment,0.9282
නෑ. එයාල දෙවිවරු!   එයාලට මොනාහරි කිව්වොත් කරොත් අනෙක් දෙවිවරු උද්ඝෝෂන කරනව. ඒකෙන් අමාරු වැටෙන්නෙත් අසරණ මිනිස්සු. රාස්පුටින් | Rasputin @USER  · 27 Feb 2021 ලංකාවෙ වෛද්‍යවරුන් අතින් සිදුවන වැරදි වලට නීතිමය ක්‍රියාමාර්ග ගන්න ප්‍රතිපාදන තියෙනවද?,නෑ. එයාල දෙවිවරු! එයාලට මොනාහරි කිව්වොත් කරොත් අනෙක් දෙවිවරු උද්ඝෝෂන කරනව. ඒකෙන් අමාරු වැටෙන්නෙත් අසරණ මිනිස්සු. රාස්පුටින් | රස්පුටින් · 27 ෆෙබ් 2021 ලංකාවෙ වෛද්‍යවරුන් අතින් සිදුවන වැරදි වලට නීතිමය ක්‍රියාමාර්ග ගන්න ප්‍රතිපාදන තියෙනවද?,Harassment,0.936
නිදාගත්තෙ නැත්නන් දෙනව හොඳවයින් පාරක් පුක පැලෙන්න   #LamaiNalawamuSL,නිදාගත්තෙ නැත්නන් දෙනව හොඳවයින් පාරක් පුක පැලෙන්න ලමිනලවමුස්ල්,Harassment,0.9263
නිදැල්ලේ සැප සම්පත් විදින පට්ට කම්බා හොරු   #UNPJunta #HoldELECTIONS ! #ElectionsWithheld #lka #sriLanka #Colombo  @USER  @USER   @USER  @USER,නිදැල්ලේ සැප සම්පත් විදින පට්ට කම්බා හොරු උන්ප්ජුන්ට හොල්දෙලෙක්තිඔන්ස ! එලෙක්තිඔන්ස්විථ්හෙල්ද ලක ශ්‍රීලංකා චොලොම්බෝ,Harassment,0.978
නිදියපල්ලා ගිහින් අල තම්බනවද තොපි ඇහැරන්,නිදියපල්ලා ගිහින් අල තම්බනවද තොපි ඇහැරන්,Harassment,0.9722
නිලූෂන අයිය මගෙ විතරයි. මගෙ කොල්ගලව මායම් දාල අල්ලගත්තොත් ගහනව තොට වැලි. - චමල්... — මට වැලි කෙසේ වෙතත් චමල්ට නම් ගේමක් හම්බෙයි ආයේ යන්නෙ කොහෙද උන්නේ කොහෙද හොයන්න බැරිවෙන්න.. ( මේ ඇත... URL,නිලූෂන අයිය මගෙ විතරයි. මගෙ කොල්ගලව මායම් දාල අල්ලගත්තොත් ගහනව තොට වැලි. - චමල්... — මට වැලි කෙසේ වෙතත් චමල්ට නම් ගේමක් හම්බෙයි ආයේ යන්නෙ කොහෙද උන්නේ කොහෙද හොයන්න බැරිවෙන්න.. ( මේ ඇත... උර්ල්,Harassment,0.9189
නීති බඩුව ලොකු කරද්දි දූපත් මානසිකත්වය කියපු පිරිමි.. සනාව නැති කරද්දි එ්ක අමතක කරන්නෙ ඇයි...??ඌ අර බඩුවට වඩා... URL,නීති බඩුව ලොකු කරද්දි දූපත් මානසිකත්වය කියපු පිරිමි.. සනාව නැති කරද්දි එ්ක අමතක කරන්නෙ ඇයි...??ඌ අර බඩුවට වඩා... උර්ල්,Harassment,0.9307
නුබ නැතුව මම කන කට්‍ට උනත් පට්ට... මෙට්ටේ උබ නැති නිසයී බදාගත්තේ  කොට්ට.... ඇවිස්සුනා  ප්‍රෙමය නම් දිමි ගොට්ට... දශඨ් කරපන් මගේ මැණික පොඩ්ඩ...  #kaizerkaiz,නුබ නැතුව මම කන කට්‍ට උනත් පට්ට... මෙට්ටේ උබ නැති නිසයී බදාගත්තේ කොට්ට.... ඇවිස්සුනා ප්‍රෙමය නම් දිමි ගොට්ට... දශඨ් කරපන් මගේ මැණික පොඩ්ඩ... කෛළෙර්කෛළ්,Harassment,0.9463
නුඹ නැතුව මම කන කට්ට උනා පට්ට මෙට්ටේ උඹ නැති නිසයි බදා ගත්තේ කොට්ට ඇවිස්සුනා ප්‍රේමයනම් දිමි ගොට්ට ඇවිත් දෂ්ට කරපං මගේ මැනිකේ පොඩ්ඩ  #ManikeObeSinawe #KaizerKaiz #SLRap #ILLNOIZE,නුඹ නැතුව මම කන කට්ට උනා පට්ට මෙට්ටේ උඹ නැති නිසයි බදා ගත්තේ කොට්ට ඇවිස්සුනා ප්‍රේමයනම් දිමි ගොට්ට ඇවිත් දෂ්ට කරපං මගේ මැනිකේ පොඩ්ඩ මංඉකෙඔබෙසිනවෙ කෛළෙර්කෛළ් ස්ල්රප් ඉල්ල්නොඉළෙ,Harassment,0.9326
@USER නෙදකින් තෝ වගේ  පොන්නයෙක්..උබ අතේ ගහපුවාම මොනවද එන්නෙ චූද  ?,නෙදකින් තෝ වගේ පොන්නයෙක්..උබ අතේ ගහපුවාම මොනවද එන්නෙ චූද ?,Harassment,0.9146
@USER  නෙදකින් තෝ වගේ... ඔය වගේ tweet දාපුවම තමුසෙගෙ මගුලමයි අවුල් යන්නේ. අහිංසක කේතලේ මල්ල මොනවා හිතයිද?,නෙදකින් තෝ වගේ... ඔය වගේ tweet දාපුවම තමුසෙගෙ මගුලමයි අවුල් යන්නේ. අහිංසක කේතලේ මල්ල මොනවා හිතයිද?,Harassment,0.9287
"නොදකින් මං වගේ මෝඩ මූසලයෙක්. 5mp කැමරාවකින් හදේ photo ගන්න හදන හදටත් කරන අපහසයක්.. -,-","නොදකින් මං වගේ මෝඩ මූසලයෙක්. 5mp කැමරාවකින් හදේ photo ගන්න හදන හදටත් කරන අපහසයක්.. -,-",Harassment,0.9722
@USER  @USER    නොදකින් මේක හදපු අවජාතකයා මුව ජාතක කරපු එකා මෙයිට වැඩිය හොඳයි අතේ ගහලා කොමඩ් එකට දැම්මනන්,නොදකින් මේක හදපු අවජාතකයා මුව ජාතක කරපු එකා මෙයිට වැඩිය හොඳයි අතේ ගහලා කොමඩ් එකට දැම්මනන්,Harassment,0.9707
නොදකින්. ගගහ හිටපු එකාවත් runout උනා. ඒකත් 49න්,නොදකින්. ගගහ හිටපු එකාවත් runout උනා. ඒකත් 49න්,Harassment,0.915
නොදන්න හුත්තවල් tweet කරන්න ගිහින් පුක බිම ඇනගන්න සම හරක් ඉන්න තැනක් #ApiNodannaTwitter,නොදන්න හුත්තවල් tweet කරන්න ගිහින් පුක බිම ඇනගන්න සම හරක් ඉන්න තැනක් අපිනොදන්නට්විට්ටේර්,Harassment,0.9609
නොදෝකින් වහලුනේ උඹලා  තවත්  පලයන්  කඩේ   දුවලා අධෝමුඛයෙන් හිනා වෙනවා  තිරිසනුන්   අගු   පිළේ  ඉඳලා  නඩේ  ඔක්කොම  තොපිට    ඇරලා  මරා    ගන්නවා      ආන්       බෙදිලා ගඳේ  බෑ ලැට්    වළක්         කැඩිලා පණුවෝ පනිනවා පොකුරු ගැහිලා  #lka #ParliamentSL #SLPolitics,නොදෝකින් වහලුනේ උඹලා තවත් පලයන් කඩේ දුවලා අධෝමුඛයෙන් හිනා වෙනවා තිරිසනුන් අගු පිළේ ඉඳලා නඩේ ඔක්කොම තොපිට ඇරලා මරා ගන්නවා ආන් බෙදිලා ගඳේ බෑ ලැට් වළක් කැඩිලා පණුවෝ පනිනවා පොකුරු ගැහිලා ලක පර්ලිඅමෙන්ට්ස්ල් ස්ල්පොලිටිච්ස්,Harassment,0.9199
නොමඟ නොයන් පුතේ උඹට අතක් ඇතේ හිතේ හයිය අතට අරන්  උඹ ගහපන් අතේ,නොමඟ නොයන් පුතේ උඹට අතක් ඇතේ හිතේ හයිය අතට අරන් උඹ ගහපන් අතේ,Harassment,0.9248
පං පං පං පන්සි ලක  ලන්සි පක පාරු උක ඌරු පක පමල දෙක දෙමල පක පලා රික රිලා පක #මංකිවුවෙසින්දුවක් #සිරිමත්මගෙසකියහපත්ළමයෙකි මහසොහොන් @USER  · 18 Dec 2018 දැන් අර මොකක්ද කුණු හරුප සීන් එක.  අර ගස් ගෝතයෙක් නම් කුණු හරුප ගැන මොකක් හරි #මංපොර ටෝක් එකක් දාල තිබ්බ.  දැන් කාගෙන් හරි අවසර ගන්ඩෝනද කුණුහරුප කියන්න.  මේක හරි හුකන ආන්ඩුවක්නේ හුත්ත. කුණුහරුපයක් කියන්න නැති මාර පකේ සමාජයක්ද මේක. ටෞකන්ඩ. අනේ තොපේ හැදියාව හතරට නමලා ගහගං පුකේ.,පං පං පං පන්සි ලක ලන්සි පක පාරු උක ඌරු පක පමල දෙක දෙමල පක පලා රික රිලා පක #මංකිවුවෙසින්දුවක් #සිරිමත්මගෙසකියහපත්ළමයෙකි මහසොහොන් · 18 දෙක් 2018 දැන් අර මොකක්ද කුණු හරුප සීන් එක. අර ගස් ගෝතයෙක් නම් කුණු හරුප ගැන මොකක් හරි #මංපොර ටෝක් එකක් දාල තිබ්බ. දැන් කාගෙන් හරි අවසර ගන්ඩෝනද කුණුහරුප කියන්න. මේක හරි හුකන ආන්ඩුවක්නේ හුත්ත. කුණුහරුපයක් කියන්න නැති මාර පකේ සමාජයක්ද මේක. ටෞකන්ඩ. අනේ තොපේ හැදියාව හතරට නමලා ගහගං පුකේ.,Harassment,0.9727
@USER පක කේසේ වෙතත් පුක තියෙනවද බලපන් උඹේ.. පුක දෙන පුකදීමට,පක කේසේ වෙතත් පුක තියෙනවද බලපන් උඹේ.. පුක දෙන පුකදීමට,Harassment,0.9863
@USER  @USER පක තමා පරයො සර්ට පඩයක් ගියත් උබල බං පරමානු බොම්බ ගැහුව වගෙ ණෙ දගලන්නෙ මෙක පර සක්කිලි අවජාතකයින්ට හොද දෙයක් උබල වගෙ මෙ මහෙලල වගෙ උන්ට අපිට ණම් හරියන් ණැ,පක තමා පරයො සර්ට පඩයක් ගියත් උබල බං පරමානු බොම්බ ගැහුව වගෙ ණෙ දගලන්නෙ මෙක පර සක්කිලි අවජාතකයින්ට හොද දෙයක් උබල වගෙ මෙ මහෙලල වගෙ උන්ට අපිට ණම් හරියන් ණැ,Harassment,0.9521
පක තමා. ඉස්පිරිතාලෙකට ගිහින් බලපිය මෝඩ පකයා. සිරෝසිස් හැදෙන්නේ කොහොමද කියලා.,පක තමා. ඉස්පිරිතාලෙකට ගිහින් බලපිය මෝඩ පකයා. සිරෝසිස් හැදෙන්නේ කොහොමද කියලා.,Harassment,0.9126
@USER පක පයන්නෙන් හුක හුයන්න කරලා ඒකේ රසය නිසාම දැන් අඩුවෙන් ගෝපි එන්නේ.,පක පයන්නෙන් හුක හුයන්න කරලා ඒකේ රසය නිසාම දැන් අඩුවෙන් ගෝපි එන්නේ.,Harassment,0.9849
@USER පක පොල්ල රත්තරං ඩිංග රන් කුරුල්ලා Dick පිරිමි ඇග (මුතුන් මිත්තන්ගෙ කාලෙ),පක පොල්ල රත්තරං ඩිංග රන් කුරුල්ලා Dick පිරිමි ඇග (මුතුන් මිත්තන්ගෙ කාලෙ),Harassment,0.9478
පකයා සහ බඩුව URL via  @USER,පකයා සහ බඩුව උර්ල් via,Harassment,0.9346
පක්‍යු for the rescue   පුක හිනා වෙන එක නතර කරපන් මට දැන් මහන්සියි,පක්‍යු for the rescue පුක හිනා වෙන එක නතර කරපන් මට දැන් මහන්සියි,Harassment,0.9731
පකිස්තානයෙන් සමාව ඉල්ලනකොට ලංකාවේ ඉන්න පුක දෙන පොන්න හැත්ත මරපු එක සාදාරණීකරණය කරන්ඩ යනවා  පොඩි කාලේ මව් කිරි වෙනුවට කොනකපා ශුකාණු උන්ට බොන්ඩ දීලා තියෙන්නෙ ඒකයි එහෙම අවජාතක හැත්ත   #දැකලාහිතුනා #JusticeforPriyantha #ShameOnPakistan,පකිස්තානයෙන් සමාව ඉල්ලනකොට ලංකාවේ ඉන්න පුක දෙන පොන්න හැත්ත මරපු එක සාදාරණීකරණය කරන්ඩ යනවා පොඩි කාලේ මව් කිරි වෙනුවට කොනකපා ශුකාණු උන්ට බොන්ඩ දීලා තියෙන්නෙ ඒකයි එහෙම අවජාතක හැත්ත #දැකලාහිතුනා ජුස්ටිචෙෆොර්ප්රියන්ත ශංඑඔන්පකිස්තං,Harassment,0.9429
@USER @USER  පකේ දෙකට කැපුවම පට්ට,පකේ දෙකට කැපුවම පට්ට,Harassment,0.9321
@USER @USER  පච්චෙ බඩුව යකෝව් -___-,පච්චෙ බඩුව යකෝව් -___-,Harassment,0.9834
පට කොටි ගෑණිගෙ කටට අත් බෝම්බයක් දාල කට කඩල දාන්න ඕන... :D :D :D URL,පට කොටි ගෑණිගෙ කටට අත් බෝම්බයක් දාල කට කඩල දාන්න ඕන... ද ද ද උර්ල්,Harassment,0.9478
@USER පට්ට ඈන්ගල් එක ඔහොම තියලා හිල් දෙකටම දිවදාන්න ඕන ඊට පස්සේ පුක ඇරලා කිම්බ පලන්න ඕන,පට්ට ඈන්ගල් එක ඔහොම තියලා හිල් දෙකටම දිවදාන්න ඕන ඊට පස්සේ පුක ඇරලා කිම්බ පලන්න ඕන,Harassment,0.9697
පට්ට මෝඩ රෑලකට නම් නම් ඉතින් මේවා හුරේ දමමින් අහං ඉන්න හොදයි හිටං ...එහෙම එවුන් වත් ඉතිරිවෙලා ඉන්නවාද දැන් කියලා සැකයි   #UNPJunta #HoldELECTIONS ! #ElectionsWithheld #lka #sriLanka #Colombo  @USER  @USER   @USER  @USER,පට්ට මෝඩ රෑලකට නම් නම් ඉතින් මේවා හුරේ දමමින් අහං ඉන්න හොදයි හිටං ...එහෙම එවුන් වත් ඉතිරිවෙලා ඉන්නවාද දැන් කියලා සැකයි උන්ප්ජුන්ට හොල්දෙලෙක්තිඔන්ස ! එලෙක්තිඔන්ස්විථ්හෙල්ද ලක ශ්‍රීලංකා චොලොම්බෝ,Harassment,0.9263
@USER  @USER    පට්ට වේසි අම්මට හුකාපන්,පට්ට වේසි අම්මට හුකාපන්,Harassment,0.9844
"@USER පට්ට වේසි, බඩුව කියලා බනින්නෙ","පට්ට වේසි, බඩුව කියලා බනින්නෙ",Harassment,0.9399
පට්ට හොරු බලේ අල්ලා ගත්තාම රට බල්ලාට යන විදිහ   #UNPJunta #HoldELECTIONS  ! #ElectionsWithheld #lka #sriLanka #Colombo  @USER  @USER   @USER   @USER  @USER,පට්ට හොරු බලේ අල්ලා ගත්තාම රට බල්ලාට යන විදිහ උන්ප්ජුන්ට හොල්දෙලෙක්තිඔන්ස ! එලෙක්තිඔන්ස්විථ්හෙල්ද ලක ශ්‍රීලංකා චොලොම්බෝ,Harassment,0.9717
පණ හතක් ගියත් එපා වෙන්නෙ නෑනේ රත්ත්තං .......... මගෙ ලගට වරෙන් දැන්  අල්ලපු වැටෙන් අල්ල ගත්ත කැරකෙන මගෙ රූං පෙත්ත හතර අතේ ගස්ස ගස්ස පස්ස...පස්ස.... සැන්ඩි @USER  · 14 Sep 2021 ලස්සනට ඉදුණු වැලට හැදුනු කොමඩු පිපිඤ්ඤා  පුර හඳ දඟකර හිත විසකර පස්ස රතිඤ්ඤා  twitter.com/igurupanmalli/…,පණ හතක් ගියත් එපා වෙන්නෙ නෑනේ රත්ත්තං .......... මගෙ ලගට වරෙන් දැන් අල්ලපු වැටෙන් අල්ල ගත්ත කැරකෙන මගෙ රූං පෙත්ත හතර අතේ ගස්ස ගස්ස පස්ස...පස්ස.... සැන්ඩි · 14 සේප 2021 ලස්සනට ඉදුණු වැලට හැදුනු කොමඩු පිපිඤ්ඤා පුර හඳ දඟකර හිත විසකර පස්ස රතිඤ්ඤා ට්විට්ටේර්චොමිගුරුපන්මල්ලි,Harassment,0.9214
@USER Pana තියෙන්න ඕන Clean වෙන්න ඕන පොත්තේ පාට සුදු වෙන්න ඕන  ට වඩා වැඩි ලස්සන පස්ස ක් thattan කකුල් දෙකටම  කකුලේ ඇඟිලි ලස්සන චූටි තං Calf තියෙන්න ඕන කට ගඳ වෙන්න බැහැ  කිහිලි clean වෙන්න ඕන කාගෙ kauda කියලා නම් ලොකුවට බලන්නේ නැ,පන තියෙන්න ඕන Clean වෙන්න ඕන පොත්තේ පාට සුදු වෙන්න ඕන ට වඩා වැඩි ලස්සන පස්ස ක් තට්ටන් කකුල් දෙකටම කකුලේ ඇඟිලි ලස්සන චූටි තං Calf තියෙන්න ඕන කට ගඳ වෙන්න බැහැ කිහිලි clean වෙන්න ඕන කාගෙ කුඩා කියලා නම් ලොකුවට බලන්නේ නැ,Harassment,0.9194
පප්පේ මෙවන් තුප්පහි දරුවෙක් මේ ලෝකයට ජාතක කරවීම ගැන දුක් වෙන්න එහෙම නැතිව දැනුත් උ කරපු අවජාතක වැඩේ සාධාරණිය නොකර. ඔහෙට වඩා වේදනා විදින්නේ මේ රටේ අහිංසක ජනතාව උ කොරපු තුප්පහි වැඩෙන්. කාලකන්නියා කවදා හරි මරුනාමත් අර උඩුගම්පලයාට සමාජයෙන් එල්ලවුණු විරෝධයම එල්ල වේවි #srilanka  @USER,පප්පේ මෙවන් තුප්පහි දරුවෙක් මේ ලෝකයට ජාතක කරවීම ගැන දුක් වෙන්න එහෙම නැතිව දැනුත් උ කරපු අවජාතක වැඩේ සාධාරණිය නොකර. ඔහෙට වඩා වේදනා විදින්නේ මේ රටේ අහිංසක ජනතාව උ කොරපු තුප්පහි වැඩෙන්. කාලකන්නියා කවදා හරි මරුනාමත් අර උඩුගම්පලයාට සමාජයෙන් එල්ලවුණු විරෝධයම එල්ල වේවි ශ්‍රීලංකා,Harassment,0.9497
පපුව ඉරල ගලවල පොඩි පට්ටම් කරල හරි හොයපන්  උඹේ නම කොහෙ හරි පැළපදියමට තියාගත්ත එකෙක් ඉන්නවනං  ඉණිමං තියල හරි උඹේ හීනවලට අරන් යන්න මැරෙනවනං  අන්න එහෙම එකම එකෙක් උඹට ලැබුණ දාට   උඹව දුම ගහලවත් එළවන්න බැරි තරමට  අන්න ඒ ආත්මෙට ආදරේ කරපන්   උඹ මැරෙන තත්පරේ වෙනකල් සතුටින් ඉඳී,පපුව ඉරල ගලවල පොඩි පට්ටම් කරල හරි හොයපන් උඹේ නම කොහෙ හරි පැළපදියමට තියාගත්ත එකෙක් ඉන්නවනං ඉණිමං තියල හරි උඹේ හීනවලට අරන් යන්න මැරෙනවනං අන්න එහෙම එකම එකෙක් උඹට ලැබුණ දාට උඹව දුම ගහලවත් එළවන්න බැරි තරමට අන්න ඒ ආත්මෙට ආදරේ කරපන් උඹ මැරෙන තත්පරේ වෙනකල් සතුටින් ඉඳී,Harassment,0.9272
පපුවට දැනුන... @USER   මේව කරන උන්ගෙ පූට්වැල් එක කපල බෙල්ලෙ එල්ලන්න ඕනි..සක්කිලි.. @USER  @USER  @USER,පපුවට දැනුන... මේව කරන උන්ගෙ පූට්වැල් එක කපල බෙල්ලෙ එල්ලන්න ඕනි..සක්කිලි..,Harassment,0.9395
@USER පයින් දෙන්නෙ තොට පයින්..,පයින් දෙන්නෙ තොට පයින්..,Harassment,0.9614
@USER පයිය කපලා ලේ ගිහින් මැරෙනකම් තියන්න ඕන හන්දියක එල්ලලා.,පයිය කපලා ලේ ගිහින් මැරෙනකම් තියන්න ඕන හන්දියක එල්ලලා.,Harassment,0.9727
පයිය ලොකු කරගන්න යාළුවෙක්ගෙන් බේතක් ඇහුවම ඌ උත්තල කාඡයක් දුන්නලු නේද? — සිංහලෙන් හෝ ඉංග්‍රීසියෙන් අහන්න. අණ්ඩරදෙමළ දන්නෙ නෑ. curiouscat.live tharu__ CuriousCat is a Q&A social network that allows you to connect with your followersknow new people.,පයිය ලොකු කරගන්න යාළුවෙක්ගෙන් බේතක් ඇහුවම ඌ උත්තල කාඡයක් දුන්නලු නේද? — සිංහලෙන් හෝ ඉංග්‍රීසියෙන් අහන්න. අණ්ඩරදෙමළ දන්නෙ නෑ. කුරිඖස්කත්ලිවෙ tharu__ කුරිඖස්කත් ඉස අ ක social network that අල්ලොව්ස් you ටො connect with your ෆෝල්ලොවෙර්ස්ක්නොව් new people.,Harassment,0.9355
@USER පයියක් තියෙන හින්දා හුත්තො පයිය පෙන්නන්නෙ,පයියක් තියෙන හින්දා හුත්තො පයිය පෙන්නන්නෙ,Harassment,0.9731
පර බල්ලො රටම එපා කියද්දි තො කොහමද යකෝ බලෙන් ඒක්ටා  මෙ රට උබේ අම්මගේ ද ? URL,පර බල්ලො රටම එපා කියද්දි තො කොහමද යකෝ බලෙන් ඒක්ටා මෙ රට උබේ අම්මගේ ද ? උර්ල්,Harassment,0.9619
පරගැති දේශද්‍රෝහී අමන අවජාතක යහපාලන රෙජිමයෝ .. මුන් තාත්තාව ගස් බැදලා $$$ වලට අම්මවත් සුද්දන්ට කොටියන්ට පාවාදෙයි !!,පරගැති දේශද්‍රෝහී අමන අවජාතක යහපාලන රෙජිමයෝ .. මුන් තාත්තාව ගස් බැදලා $$$ වලට අම්මවත් සුද්දන්ට කොටියන්ට පාවාදෙයි !!,Harassment,0.9292
පරණ තීන්ත බාස්කට් එකට වතුර පුරවන් රෙන්න හැතැම්මක් විතර දුවලා කැලේට පාත් වෙලා හැලිලා ඉතුරු උන වතුර අරිකාලෙන් පුක හොදන් බඩේ අත පිහගන්න උන් එනවා SM Celebrities ලා වෙන්න. පව් කනමදු හැත්ත. මනුස්සකමට නිකන් ඔබන ෆලෝ බටන් එකනේ කියලා ෆලෝබැක් කරාම අන්ෆලෝ කරලා. ට්වීට් කවුන්ට් එකත් සීරෝ,පරණ තීන්ත බාස්කට් එකට වතුර පුරවන් රෙන්න හැතැම්මක් විතර දුවලා කැලේට පාත් වෙලා හැලිලා ඉතුරු උන වතුර අරිකාලෙන් පුක හොදන් බඩේ අත පිහගන්න උන් එනවා සම් කෙලෙබ්රිතිඑස් ලා වෙන්න. පව් කනමදු හැත්ත. මනුස්සකමට නිකන් ඔබන ෆලෝ බටන් එකනේ කියලා ෆලෝබැක් කරාම අන්ෆලෝ කරලා. ට්වීට් කවුන්ට් එකත් සීරෝ,Harassment,0.9141
පරය තෝ MONKEY හනුමන්තා @USER  · 22 May 2021 දැනට මදුරුවෝ හත්දෙනෙක් ඝාතනය කරලා ඉන්නේ...,පරය තෝ MONKEY හනුමන්තා · 22 May 2021 දැනට මදුරුවෝ හත්දෙනෙක් ඝාතනය කරලා ඉන්නේ...,Harassment,0.917
@USER  @USER පරිස්සමෙන් පලයන් එල්ලලා මරයී හොදේ,පරිස්සමෙන් පලයන් එල්ලලා මරයී හොදේ,Harassment,0.9429
@USER පල පොන්න වේසිගේ පුතා. සල්ලි දෙනවා කිව්වොත් ඕනම තුප්පැහි වැඩක් කරන තෝ සක්කිලි බල්ලා ගැන අපි දන්නවා පකෝ. තෝ පහුගිය දවසේ ගොන්ජා බිජ්ජ උරන්න යනකොට අපි දන්නවා පකෝ වෙන්න යන්නේ මොකක්ද කියලා. කරලා බලපංකො සක්කිලියා.,පල පොන්න වේසිගේ පුතා. සල්ලි දෙනවා කිව්වොත් ඕනම තුප්පැහි වැඩක් කරන තෝ සක්කිලි බල්ලා ගැන අපි දන්නවා පකෝ. තෝ පහුගිය දවසේ ගොන්ජා බිජ්ජ උරන්න යනකොට අපි දන්නවා පකෝ වෙන්න යන්නේ මොකක්ද කියලා. කරලා බලපංකො සක්කිලියා.,Harassment,0.9404
@USER  @USER පල මල් පොන්නය යන්න.කොහේහරි කුනු හුත්තක් වෙනුවෙන් ඉතින්.පක තියෙනවාද කියල අතගාල බලපන්.ජංගි මිරිකල බොනකොට තොගේ කොන්ද කොහෙද තිබුනෙ.සක්කිලියා ගැනු වෙනුවෙන් පෙනි හිටපිය වේසියො වෙනුවට,පල මල් පොන්නය යන්න.කොහේහරි කුනු හුත්තක් වෙනුවෙන් ඉතින්.පක තියෙනවාද කියල අතගාල බලපන්.ජංගි මිරිකල බොනකොට තොගේ කොන්ද කොහෙද තිබුනෙ.සක්කිලියා ගැනු වෙනුවෙන් පෙනි හිටපිය වේසියො වෙනුවට,Harassment,0.9639
@USER පල යන්න පර හම්බයා . . . තෝ දෙනවද වටලප්පං ඉල්ලුවත් ??? තෝව අඳුනන මේ අවුරුදු ගානටම වටලප්පං දුන්නෙ එකපාරයි. ඒකත් කඩෙං ගත්ත එකක්. තොපි ඔක්කොම පන්නන්න ඕනෙ . . . රෙද්ද!,පල යන්න පර හම්බයා . . . තෝ දෙනවද වටලප්පං ඉල්ලුවත් ??? තෝව අඳුනන මේ අවුරුදු ගානටම වටලප්පං දුන්නෙ එකපාරයි. ඒකත් කඩෙං ගත්ත එකක්. තොපි ඔක්කොම පන්නන්න ඕනෙ . . . රෙද්ද!,Harassment,0.9863
@USER  @USER පල යන්න. පොන්න සුනිල් මැරුනෙ පිටින් ආපු උන් පෝලිමක් දාල. උඹ බංකුවක ඉඳගෙන ඉන්න ඇති මං ID එක නැතිවෙලා complain එකක් දාන්න ගියාම.,පල යන්න. පොන්න සුනිල් මැරුනෙ පිටින් ආපු උන් පෝලිමක් දාල. උඹ බංකුවක ඉඳගෙන ඉන්න ඇති මං ඉද එක නැතිවෙලා complain එකක් දාන්න ගියාම.,Harassment,0.9092
පල වල් බල්ල කියල පිංකිට ඇගෙන්න කියන්නෙනැතුව,පල වල් බල්ල කියල පිංකිට ඇගෙන්න කියන්නෙනැතුව,Harassment,0.9434
"පල වේසි යන්න තෝ වීඩියෝ කරගනින් ප#යිය,මෙන්න ගූ වලියක්","පල වේසි යන්න තෝ වීඩියෝ කරගනින් ප#යිය,මෙන්න ගූ වලියක්",Harassment,0.9067
@USER පල සක්කිලි පර බල්ලා.  උබට දාපු ඇට කටුවට ගිහින් උබේ අම්මව විකුණපන්.,පල සක්කිලි පර බල්ලා. උබට දාපු ඇට කටුවට ගිහින් උබේ අම්මව විකුණපන්.,Harassment,0.9849
"@USER පල සක්කිලි වේසිගෙ පුතා. පකෝ තෝ පක හංගගෙන ඇට දෙකෙන් හුකන්න ට්‍රයි කරාට බයියෝ ඒවා කරන්නෙ නෑ පකෝ. සක්කිලියා තෝ කී පාරක් මගෙ ඇක් එක, පෝස්ට්, කමෙන්ට් රිපෝර්ට් කරාද සක්කිලියෝ.","පල සක්කිලි වේසිගෙ පුතා. පකෝ තෝ පක හංගගෙන ඇට දෙකෙන් හුකන්න ට්‍රයි කරාට බයියෝ ඒවා කරන්නෙ නෑ පකෝ. සක්කිලියා තෝ කී පාරක් මගෙ ඇක් එක, පෝස්ට්, කමෙන්ට් රිපෝර්ට් කරාද සක්කිලියෝ.",Harassment,0.9717
පල හරක  උඹ හැදෙනවනම් ඔහොම කියවන්නෙ නෑ හැමතැනම. කටට ආපු පලියට ගොනා කියවනව. බලු හරක,පල හරක උඹ හැදෙනවනම් ඔහොම කියවන්නෙ නෑ හැමතැනම. කටට ආපු පලියට ගොනා කියවනව. බලු හරක,Harassment,0.9751
@USER පලකො හුත්තො එක පරක් කිව්වම  . තෝ gay හුකන්නො පල එක පරක් කිව්වම වද නොදි .සිරවටම කියන්නෙ.සිරාවටම අහ්. කිම්බක් හින්ද ගෙම්බෙක් වෙන්නෙ නැතුව පල.,පලකො හුත්තො එක පරක් කිව්වම . තෝ gay හුකන්නො පල එක පරක් කිව්වම වද නොදි .සිරවටම කියන්නෙ.සිරාවටම අහ්. කිම්බක් හින්ද ගෙම්බෙක් වෙන්නෙ නැතුව පල.,Harassment,0.9819
"@USER  @USER    පලයන් අඩුකුලේ එකා යන්න..!!! තොපි අම්ම තාත්තගේ විහිළු වලින් රටේ, රටේ කරුමෙට ඉපදුන එවුන්..!!!!! අනුන්ගේ ජාතකේ හොයන්ට කලින් උබේ නියම අම්ම තාත්ත හොයාගනින්..!!!!!","පලයන් අඩුකුලේ එකා යන්න..!!! තොපි අම්ම තාත්තගේ විහිළු වලින් රටේ, රටේ කරුමෙට ඉපදුන එවුන්..!!!!! අනුන්ගේ ජාතකේ හොයන්ට කලින් උබේ නියම අම්ම තාත්ත හොයාගනින්..!!!!!",Harassment,0.9824
@USER  @USER    පලයන් අවජාතක වෙසිගේපුතා යන්න...!!! ජෝක් නැතුව ඇත්ත කතාකොරපන්; වහල්කොම අතැහැරපන්.!!!,පලයන් අවජාතක වෙසිගේපුතා යන්න...!!! ජෝක් නැතුව ඇත්ත කතාකොරපන්; වහල්කොම අතැහැරපන්.!!!,Harassment,0.9844
@USER  @USER    පලයන් කක්කුස්සි කටා යන්ට..!!! උබේ ජාතකේ වැරද්දක් තියෙනවා..!!! අම්ම උබ ඉපදෙන කාලේ කක්කුස්සියකටවත් වැටුනද කියල අහපන්; සට්ටබිකොම පවුලේ උරුමයක් ද...? තොපිට යහපාලනේ හරියන්නේ නෑ; හරියන්නේ සුදු වෑන් තමයි....!!!!!!,පලයන් කක්කුස්සි කටා යන්ට..!!! උබේ ජාතකේ වැරද්දක් තියෙනවා..!!! අම්ම උබ ඉපදෙන කාලේ කක්කුස්සියකටවත් වැටුනද කියල අහපන්; සට්ටබිකොම පවුලේ උරුමයක් ද...? තොපිට යහපාලනේ හරියන්නේ නෑ; හරියන්නේ සුදු වෑන් තමයි....!!!!!!,Harassment,0.9648
@USER පලයන් කැරි අවජාතක ඌරා පුක නොදී මගේ ට්වීට් එකෙන්,පලයන් කැරි අවජාතක ඌරා පුක නොදී මගේ ට්වීට් එකෙන්,Harassment,0.9775
"@USER පලයන් පොන්න වේසිගෙ පුතා යන්න,උබ පුලුවන්නම් මේ මිනිහ හදාපු උදාගමක් ළගට ගෙහුං මේ ගොන් කතාව කියාපන්කෝ.!!! මේ මිනිහ අර විමලසිරිය වගේ පවුලේ හැත්ත බුරුත්ත්ට ගෙවල් බෙදල දුන්නේ නෑ..!!!!!","පලයන් පොන්න වේසිගෙ පුතා යන්න,උබ පුලුවන්නම් මේ මිනිහ හදාපු උදාගමක් ළගට ගෙහුං මේ ගොන් කතාව කියාපන්කෝ.!!! මේ මිනිහ අර විමලසිරිය වගේ පවුලේ හැත්ත බුරුත්ත්ට ගෙවල් බෙදල දුන්නේ නෑ..!!!!!",Harassment,0.9653
"@USER පලයන් බාලෞකන්නො තෝව ගෲප් එකටත් ඇඩ් කරලා තෝ සැරින් සැරෙ ඇවිත් ""hi"" කියලාත් ගියේ ඒ ගෲප් එකෙ..ඒත් උබ දන්නෑ ඒක ගැන ඔව් ඉතින් ගෑනු ටිකක් එන්න කිවුවනෙ දුවන්නෙ මේම මේම පරයා",පලයන් බාලෞකන්නො තෝව ගෲප් එකටත් ඇඩ් කරලා තෝ සැරින් සැරෙ ඇවිත් හි කියලාත් ගියේ ඒ ගෲප් එකෙ..ඒත් උබ දන්නෑ ඒක ගැන ඔව් ඉතින් ගෑනු ටිකක් එන්න කිවුවනෙ දුවන්නෙ මේම මේම පරයා,Harassment,0.9448
@USER පලයන් මරක්කල වේසිගෙ පුතා යන්න..තෝ ඉවරයි දැන්..නල්ල මලේ හුවාජීන මාජ්ජවේදියා,පලයන් මරක්කල වේසිගෙ පුතා යන්න..තෝ ඉවරයි දැන්..නල්ල මලේ හුවාජීන මාජ්ජවේදියා,Harassment,0.9419
@USER පලයන් මීගමුවේ ගොලු කාන්තිට ගහන එකා මට බඩු ගැන කියන්න එනවා   වෙන්නප්පු වේසි,පලයන් මීගමුවේ ගොලු කාන්තිට ගහන එකා මට බඩු ගැන කියන්න එනවා වෙන්නප්පු වේසි,Harassment,0.9644
@USER පලයන් යන්න පොල් බූරුවා ගොහින් ලෙවකාපන් මහින්දගේ පු@. ඇත්තද උඹට කොරෝනා කියන්නේ? #lka #lk #srilanka  @USER,පලයන් යන්න පොල් බූරුවා ගොහින් ලෙවකාපන් මහින්දගේ පු@. ඇත්තද උඹට කොරෝනා කියන්නේ? ලක ලක් ශ්‍රීලංකා,Harassment,0.916
"පල්ලි වලින් කඩු හොයාගද්දි, කඩු එක්ක මුස්ලිම් උන් අත්අඩංගුවට ගද්දි කටයි පුකයි වහගෙන හිටපු පොන්න වේසිගෙ පුතාල දැන් එනව කඩු වලින් මාලු කපනව කියාගෙන. මේව දකිද්දි නම් ඇඟේ මාලු නටනව ඇත්තමයි අම්මගෙ රෙද්දෙ සහජීවනේ කියල දෙකක් කියල දාන්න. තොපි මොක්කුද?","පල්ලි වලින් කඩු හොයාගද්දි, කඩු එක්ක මුස්ලිම් උන් අත්අඩංගුවට ගද්දි කටයි පුකයි වහගෙන හිටපු පොන්න වේසිගෙ පුතාල දැන් එනව කඩු වලින් මාලු කපනව කියාගෙන. මේව දකිද්දි නම් ඇඟේ මාලු නටනව ඇත්තමයි අම්මගෙ රෙද්දෙ සහජීවනේ කියල දෙකක් කියල දාන්න. තොපි මොක්කුද?",Harassment,0.9854
@USER පල්ලෙහා එක කපලා දාලා ඉතුරු ටික..කැල්ලෙන් කැල්ල කපලා මරන්න ඔන..අර පුංචි එකාගේ දුෂණය කරන්න මොනාද තියෙන්නේ..කාලකණ්ණි හරි ජාතකයක් නැති,පල්ලෙහා එක කපලා දාලා ඉතුරු ටික..කැල්ලෙන් කැල්ල කපලා මරන්න ඔන..අර පුංචි එකාගේ දුෂණය කරන්න මොනාද තියෙන්නේ..කාලකණ්ණි හරි ජාතකයක් නැති,Harassment,0.9287
@USER පව් හුට්ටෝ ඌ.පුක හපං මැරෙයි හෙට වෙද්දී ඕකා,පව් හුට්ටෝ ඌ.පුක හපං මැරෙයි හෙට වෙද්දී ඕකා,Harassment,0.9097
@USER පවු මුගේ අම්මලට තාත්තලට බනින එක..මු නම් ජාතක වෙලා තියෙන්නේ ප්‍රන්ශේ විදියක පුක දීපු සුද්දෙකුට ජාතක වෙලා..නොදකින් කාලකන්නි පකයා,පවු මුගේ අම්මලට තාත්තලට බනින එක..මු නම් ජාතක වෙලා තියෙන්නේ ප්‍රන්ශේ විදියක පුක දීපු සුද්දෙකුට ජාතක වෙලා..නොදකින් කාලකන්නි පකයා,Harassment,0.9839
@USER පස්ස අල්ලල අත හේදුවද,පස්ස අල්ලල අත හේදුවද,Harassment,0.9272
පස්ස පාගා ඇඟ දාගෙන පිරුවට ඇඳල..  #MisHeardSinhalaLyrics,පස්ස පාගා ඇඟ දාගෙන පිරුවට ඇඳල.. මිශෙඅර්ද්සින්හලල්ය්රික්ස,Harassment,0.938
පස්ස පැත්ත ලොකුවට තියන නංගිලා වනන්න වනන්න වනන්න — feeling silly,පස්ස පැත්ත ලොකුවට තියන නංගිලා වනන්න වනන්න වනන්න — feeling silly,Harassment,0.9385
@USER පස්ස පැත්තට කිරල ඇබයක් ගහගත්තාණන් ඔයිට හොදයි ඕයි  හැදී මිටක් දෙන්නද දෙන්නද,පස්ස පැත්තට කිරල ඇබයක් ගහගත්තාණන් ඔයිට හොදයි ඕයි හැදී මිටක් දෙන්නද දෙන්නද,Harassment,0.9346
@USER  @USER පස්ස පිහිදල දැන් ඒකත් බෑ ඒකයි උඹට දෙන්න හැදුවෙ,පස්ස පිහිදල දැන් ඒකත් බෑ ඒකයි උඹට දෙන්න හැදුවෙ,Harassment,0.9741
@USER පස්ස පිහිදැම්මත් කමක් නෑ හෝදලා.. හෝදන්නේ නැතිව පිහිදැම්මොත්... ඉකේයියා.. මම යන්නෙත් නෑ හමුදාවට,පස්ස පිහිදැම්මත් කමක් නෑ හෝදලා.. හෝදන්නේ නැතිව පිහිදැම්මොත්... ඉකේයියා.. මම යන්නෙත් නෑ හමුදාවට,Harassment,0.9741
පස්ස මහල බඩ යන්න බෙහෙත් දෙනව දැන ගනින් #SriLankanThreats,පස්ස මහල බඩ යන්න බෙහෙත් දෙනව දැන ගනින් ස්රිලංකංථ්රෙඅත්ස,Harassment,0.9688
@USER පස්ස ලෙලි යනකං පැදල තියෙනව,පස්ස ලෙලි යනකං පැදල තියෙනව,Harassment,0.9048
"පසුගිය ආන්ඩුවේ ප්‍රභුද්ධ ඇමතිවරු දෙන්නෙක් කියන අන්දබූත ජාතක කථාව අසමු!   දතා ~ පවරගත්තා,   ඕන ගොනා ~ නෑනේ,   මෙව්ව හාලා පන පලයන් පෙරේදා,  @USER  @USER  @USER","පසුගිය ආන්ඩුවේ ප්‍රභුද්ධ ඇමතිවරු දෙන්නෙක් කියන අන්දබූත ජාතක කථාව අසමු! දතා ~ පවරගත්තා, ඕන ගොනා ~ නෑනේ, මෙව්ව හාලා පන පලයන් පෙරේදා,",Harassment,0.9248
පහලට යද්දී බලාගෙන පලයන් වැස්ස නිසා ලෙස්සනවා. . . . . . . . .#docz,පහලට යද්දී බලාගෙන පලයන් වැස්ස නිසා ලෙස්සනවා. . . . . . . . දොක්ළ,Harassment,0.9087
පහු ගිය දවස් වල බුකියේ රගපු ජෙප්පෝ ටිකට පුක මහල බඩ යන්න බෙහෙත් දීල වගේ ;-). වැඩිය සද්ද නෑ තටම තටම ඇබරෙනව විතරයි :-P,පහු ගිය දවස් වල බුකියේ රගපු ජෙප්පෝ ටිකට පුක මහල බඩ යන්න බෙහෙත් දීල වගේ ;-). වැඩිය සද්ද නෑ තටම තටම ඇබරෙනව විතරයි ප්,Harassment,0.9072
"පළවෙනි රිප්ලයි එක:මචන්,අයියේ,අක්කේ,හලෝ.අලෝ දෙවෙනි රිපල්යි එක:අඩෝ,ඔයා,තෝ, තොපි . . . .(n+1)රිප්ලයි එක :වේසි,පොන්$යා,පක$,උබේ අම්මට හි$කුවේ බල්ලෙද,...   #SLPageAdminsbelike","පළවෙනි රිප්ලයි එක:මචන්,අයියේ,අක්කේ,හලෝ.අලෝ දෙවෙනි රිපල්යි එක:අඩෝ,ඔයා,තෝ, තොපි . . . .(n+1)රිප්ලයි එක :වේසි,පොන්$යා,පක$,උබේ අම්මට හි$කුවේ බල්ලෙද,... ස්ල්පගෙඅද්මින්ස්බෙලිකෙ",Harassment,0.9668
P U K A rap song පුක ගැන ලංකාවේ කොල්ලෙක් හදල තියන පට්ට,ප් උ ක් අ rap song පුක ගැන ලංකාවේ කොල්ලෙක් හදල තියන පට්ට,Harassment,0.9033
PC එක පිච්චිලා යන්ඩ ගහපු හෙනේට හෙන හතම ගහපිය.... ඔක්කොටම වඩා ගෙදර උන්ට මාරම හැපි..  අයියෝ Throne Rush ගහන්ඩ... URL,ප්ක එක පිච්චිලා යන්ඩ ගහපු හෙනේට හෙන හතම ගහපිය.... ඔක්කොටම වඩා ගෙදර උන්ට මාරම හැපි.. අයියෝ Throne Rush ගහන්ඩ... උර්ල්,Harassment,0.9443
"ප්‍රධාන ටික පුරුශලිංගය=පයිය,පක ස්ත්‍රීලිංගය=හුත්ත,කිම්බ නපුංසකයා=පොන්නයා වෘෂනබිජ=ඇටදෙක ශුක්‍රාණු=කැරි සංසර්ගය - හුකනවා මේවා කුනුහරප වෙන්නෙ කොහෙමද? කොළඹ සිංහල මහාචාර්ය කෙනෙක්ම කියලා තියනවා ලංකාවේ තියෙන එකම කුනුහරපය ""ගණිකාව කියන එක විතරයි කියලා.අනිත් එවා මිනිස්සු හදාගත්ත පහත් දේවල්","ප්‍රධාන ටික පුරුශලිංගය=පයිය,පක ස්ත්‍රීලිංගය=හුත්ත,කිම්බ නපුංසකයා=පොන්නයා වෘෂනබිජ=ඇටදෙක ශුක්‍රාණු=කැරි සංසර්ගය - හුකනවා මේවා කුනුහරප වෙන්නෙ කොහෙමද? කොළඹ සිංහල මහාචාර්ය කෙනෙක්ම කියලා තියනවා ලංකාවේ තියෙන එකම කුනුහරපය ""ගණිකාව කියන එක විතරයි කියලා.අනිත් එවා මිනිස්සු හදාගත්ත පහත් දේවල්",Harassment,0.9521
"ප්‍රභාකරන්ට රෙද්ද උස්සලා, කකුල් පළල් කරපු වඳ බැල්ලියෝ. අර වෙලේ විධානෙට මේකිව කසාද බන්දල දෙන්න ඕනා. URL","ප්‍රභාකරන්ට රෙද්ද උස්සලා, කකුල් පළල් කරපු වඳ බැල්ලියෝ. අර වෙලේ විධානෙට මේකිව කසාද බන්දල දෙන්න ඕනා. උර්ල්",Harassment,0.9287
ප්‍රවෘත්ති බලලා මේ කැරි පොන්නයෝ කියන කතා දකිනකොට ඇඟේ මාලු නටනවා යකෝ....වේස පොන්නයෝ... හැම එකාම ප්‍රසිද්ධියේ සමාව අරන් ඉල්ලා අස් වෙන්න ඕන වේසිගේ පුතාලා (Sorry fot the language),ප්‍රවෘත්ති බලලා මේ කැරි පොන්නයෝ කියන කතා දකිනකොට ඇඟේ මාලු නටනවා යකෝ....වේස පොන්නයෝ... හැම එකාම ප්‍රසිද්ධියේ සමාව අරන් ඉල්ලා අස් වෙන්න ඕන වේසිගේ පුතාලා (Sorry fot the language),Harassment,0.9839
ප්‍රාඩෝ එකේ ලොක්කා..චන්ඩි උනා සොක්කා..කටු දෙනවට ලොක්කා ..ඒවා කනවා සොක්කා...කටු දෙනවට ලොක්කා ..වැඩ පෙන්නුවා සොක්කා.                    ඩිෆෙන්ඩරේ ආ සොක්කො බැස්සා ගැහැව්වා..කටු කනකොට බල්ලා එහෙම තමා..බුරනවා.අවසානෙට කොහෙන් හරි හොඳ පොලු පාරක් කනවා..,ප්‍රාඩෝ එකේ ලොක්කා..චන්ඩි උනා සොක්කා..කටු දෙනවට ලොක්කා ..ඒවා කනවා සොක්කා...කටු දෙනවට ලොක්කා ..වැඩ පෙන්නුවා සොක්කා. ඩිෆෙන්ඩරේ ආ සොක්කො බැස්සා ගැහැව්වා..කටු කනකොට බල්ලා එහෙම තමා..බුරනවා.අවසානෙට කොහෙන් හරි හොඳ පොලු පාරක් කනවා..,Harassment,0.9717
ප්‍රේමය කියන්නෙ අනා බබා උයා මුකඩ කලන්නෙ බත්ති කාවඩ බෝබෝ  බීවඩ ආදකෙයි මගෙ තුඩු අප්පත්තියෝ යන  මන්ද මානසිකත්වයට නොවේ...  තෝ කොහෙද ගියේ බල්ලො අහු වෙයන්කො මගෙ අතටම මරනවා දැනගනින් පොළොවෙ ගහලම යන  ඒකාධිපති අන්තවාදයට...!       #Copied  #lka,ප්‍රේමය කියන්නෙ අනා බබා උයා මුකඩ කලන්නෙ බත්ති කාවඩ බෝබෝ බීවඩ ආදකෙයි මගෙ තුඩු අප්පත්තියෝ යන මන්ද මානසිකත්වයට නොවේ... තෝ කොහෙද ගියේ බල්ලො අහු වෙයන්කො මගෙ අතටම මරනවා දැනගනින් පොළොවෙ ගහලම යන ඒකාධිපති අන්තවාදයට...! #Copied ලක,Harassment,0.9761
ප්‍රොපෙසර් හුක පක ජක බකා ජින් මාහත්මයා හුත්ත තිබ්බ වැව හන්දියෙ සිට. ස්පොන්සර්:ෆෙම්ස් ඇන්ඩ් ඊවා ඩේඩ්‍ හැදිච්ච ෆෙම්ස් එකක් අරන් ඔබනවා කටේ දැනගනීන් ඔය හෑල්ලට අයේ අරක මේක කියාගන අප්පට හැමනෙන්න හැදුවොත් මේකේ පරයා ( ꈍᴗꈍ) @USER  · 2 Oct 2020  @USER අදහස් ප්‍රකාශ කිරීමේ අයිතිය තියෙනවා. ඒක ලැබෙන්නේ සයිබර් අයිතිවාසිකම් අනුව. ජාත්‍යන්තර මානව අයිතිවාසිකම් පිළිබඳ කියවලා ඇවිත් ඉන්න. ඒක නොදැන ඔබ කරන්නේ cyber bullying.,ප්‍රොපෙසර් හුක පක ජක බකා ජින් මාහත්මයා හුත්ත තිබ්බ වැව හන්දියෙ සිට. ස්පොන්සර්:ෆෙම්ස් ඇන්ඩ් ඊවා ඩේඩ්‍ හැදිච්ච ෆෙම්ස් එකක් අරන් ඔබනවා කටේ දැනගනීන් ඔය හෑල්ලට අයේ අරක මේක කියාගන අප්පට හැමනෙන්න හැදුවොත් මේකේ පරයා ( ꈍᴗꈍ · 2 ඔච්ට් 2020 අදහස් ප්‍රකාශ කිරීමේ අයිතිය තියෙනවා. ඒක ලැබෙන්නේ සයිබර් අයිතිවාසිකම් අනුව. ජාත්‍යන්තර මානව අයිතිවාසිකම් පිළිබඳ කියවලා ඇවිත් ඉන්න. ඒක නොදැන ඔබ කරන්නේ ච්ය්බෙර් bullying.,Harassment,0.9321
පාටි දියන් කිව්වාම දෙන්නැතුව මඟාරින #AduKuleParaHeththa තොපිට ගහනවා පාන් වාටි වලින්. නෑ එක්කෝ ඒකත් කනවා දෙන්නෑ තොට!,පාටි දියන් කිව්වාම දෙන්නැතුව මඟාරින අඩුකුලේපරහෙත්ත තොපිට ගහනවා පාන් වාටි වලින්. නෑ එක්කෝ ඒකත් කනවා දෙන්නෑ තොට!,Harassment,0.9629
පාඩුවේ යනකොට ඇඟට කපන්‍ යන 3වීල් කාරයොන්ට හෙන ගහලා අකුලෝලම පල,පාඩුවේ යනකොට ඇඟට කපන්‍ යන 3වීල් කාරයොන්ට හෙන ගහලා අකුලෝලම පල,Harassment,0.9453
පාදඩ අවජාතක කලවං සිංහල පොන්නයන්ට රිදෙන්න.. URL,පාදඩ අවජාතක කලවං සිංහල පොන්නයන්ට රිදෙන්න.. උර්ල්,Harassment,0.9668
පාන්ද බත් ද කන්නේ ඇහුවාම  පුක කිව්වා වගේ  Dulith Kasun (DK) @USER  · 24 Sep 2019 Please take a note!  twitter.com/Rathgamaya/sta…,පාන්ද බත් ද කන්නේ ඇහුවාම පුක කිව්වා වගේ දුලිත් කසුන් දක් · 24 සේප 2019 Please take අ note! ට්විට්ටේර්චොම්රත්ගමයස්ට,Harassment,0.9688
පාන්දර 4:30ට Loudspeakers දාගෙන අල්ලා කියන එවුන්ට හෙන ගහල අකුලෝලම යන්ඩ ඕන,පාන්දර 4:30ට ලෞද්ස්පෙඅකෙර්ස දාගෙන අල්ලා කියන එවුන්ට හෙන ගහල අකුලෝලම යන්ඩ ඕන,Harassment,0.9111
"පාස්කු බෝම්බේ ගැන හොයන්න කීවාම පුකට අව්ව වැටෙනකම් නිදාගෙන උන්න අපේ පුකේ පොලීසිය, කෙල්ලේගේ පුකක් දැක්කාම දැන් පුක ඉරාගෙන ඒ පුක ගැන හොයනවා.","පාස්කු බෝම්බේ ගැන හොයන්න කීවාම පුකට අව්ව වැටෙනකම් නිදාගෙන උන්න අපේ පුකේ පොලීසිය, කෙල්ලේගේ පුකක් දැක්කාම දැන් පුක ඉරාගෙන ඒ පුක ගැන හොයනවා.",Harassment,0.9712
පැත්ත හදාගන්න ලොකු තැන්වලට පුක දෙන්න ඔනේම නෑ ඉතින් මං අරූව දන්නවා මූව දන්නවා වගෙ රඟාගෙන පුක දීගෙන ගොට්ට අල්ලගෙන හදාගන්න පැත්ත නිකන් හරියට පුක නැති ජොකා වගේ ජොකා ඇන්දට පුක එලියේ.උදේ පාන්දර මේකට ආවමත් දැක්කෙ එහෙම එකක්.කොහෙත් තියෙන ඔය තියරියනෙ දැන්...!,පැත්ත හදාගන්න ලොකු තැන්වලට පුක දෙන්න ඔනේම නෑ ඉතින් මං අරූව දන්නවා මූව දන්නවා වගෙ රඟාගෙන පුක දීගෙන ගොට්ට අල්ලගෙන හදාගන්න පැත්ත නිකන් හරියට පුක නැති ජොකා වගේ ජොකා ඇන්දට පුක එලියේ.උදේ පාන්දර මේකට ආවමත් දැක්කෙ එහෙම එකක්.කොහෙත් තියෙන ඔය තියරියනෙ දැන්...!,Harassment,0.978
"පැදපන් සීයට ගනින් වංගුව දනහිස  ගෑවෙන්න,  උන් කියයි, අඩෝ උබ පට්ට, උබ කියයි මේව යකඩ හීන,  පැදපන් උබේ ගානට මතක් කරගනින් උබේ අම්මව,හීනම නෙමෙයි බන් ජීවිතේ,  යකඩ වගේද  අම්මගේ ආදරේ පොඩ්ඩක්වත් නොවෙනස් වෙන..  #","පැදපන් සීයට ගනින් වංගුව දනහිස ගෑවෙන්න, උන් කියයි, අඩෝ උබ පට්ට, උබ කියයි මේව යකඩ හීන, පැදපන් උබේ ගානට මතක් කරගනින් උබේ අම්මව,හීනම නෙමෙයි බන් ජීවිතේ, යකඩ වගේද අම්මගේ ආදරේ පොඩ්ඩක්වත් නොවෙනස් වෙන.. #",Harassment,0.9316
පැන පැන ගොමුවේ  මී මල්       හිඳීලා හින්දා බක්මී මල සොයන්          යන විට බඹරින්දා.... බොටුවෙන් අල්ලලා        ගේ ඇතුලේ ඉන්දා... හෙල්ලෙනු එපා මේ             හදවතේ උඹ බැංදා.... @USER The following media includes potentially sensitive content. Change settings View,පැන පැන ගොමුවේ මී මල් හිඳීලා හින්දා බක්මී මල සොයන් යන විට බඹරින්දා.... බොටුවෙන් අල්ලලා ගේ ඇතුලේ ඉන්දා... හෙල්ලෙනු එපා මේ හදවතේ උඹ බැංදා.... The following media ඉන්ච්ලුදෙස් potentially sensitive content. Change සෙට්ටින්ග්ස් View,Harassment,0.9175
පැලයක් කියන එක කාන්තා හිංසනයක්.  අම්මෝ පුක,පැලයක් කියන එක කාන්තා හිංසනයක්. අම්මෝ පුක,Harassment,0.9331
"පැහැදිලි කළා අපේ අම්මා අතේ වරදක් නෑ. අර අසමජ්ජාති පූසො තමයි මේක කළේ, අම්මා කළේ ලේන් පැටියව බේරගත්ත එකයි කියලා. ඉතිං අර ලොකු ලේන්නු කියනව ඇති, ""හරි යකෝ!! දැන් අපේ ළමයව අපිට දියල්ලකො. ඇයි උඹලට අතපය නැද්ද ඔය හුළං කවුළුවෙ ඉන්න එකාව අල්ලලා අඹ ගහෙන් තියන්න?"" වගේ එකක්.","පැහැදිලි කළා අපේ අම්මා අතේ වරදක් නෑ. අර අසමජ්ජාති පූසො තමයි මේක කළේ, අම්මා කළේ ලේන් පැටියව බේරගත්ත එකයි කියලා. ඉතිං අර ලොකු ලේන්නු කියනව ඇති, ""හරි යකෝ!! දැන් අපේ ළමයව අපිට දියල්ලකො. ඇයි උඹලට අතපය නැද්ද ඔය හුළං කවුළුවෙ ඉන්න එකාව අල්ලලා අඹ ගහෙන් තියන්න?"" වගේ එකක්.",Harassment,0.9512
@USER @USER පි.ලමයා: ඔයාට මගේ වගෙ1ක් නෑ නෙ ගැ. ලමයා : අම්ම කිව්වා මේ වගෙ1 තියෙනවනම් ඔයවගේ ඒව ඕනතරං හොයාගන්න පුලුවන් කියල!,පි.ලමයා: ඔයාට මගේ වගෙ1ක් නෑ නෙ ගැ. ලමයා : අම්ම කිව්වා මේ වගෙ1 තියෙනවනම් ඔයවගේ ඒව ඕනතරං හොයාගන්න පුලුවන් කියල!,Harassment,0.9189
පිට රට නිති ර්‍ර්ති වලට පුක දීගෙන දෙකට තුනට නැමෙන උන් මව් රටට අපූවාම නිතිරිතී වලට පුකේ අරින්න යනවා..  #අත්මාර්තකාමිසිංහලයා,පිට රට නිති ර්‍ර්ති වලට පුක දීගෙන දෙකට තුනට නැමෙන උන් මව් රටට අපූවාම නිතිරිතී වලට පුකේ අරින්න යනවා.. #අත්මාර්තකාමිසිංහලයා,Harassment,0.9482
පිටකොටුවේ බාල කොසු ගන්නෙපා පරයෝ. අඩි දහයක් උඩයන්න බෑ.බිම වැටිලා පුක බිම ඇනෙනවා. නම බලලා නිම්බස්ම ගනින්!!   #IfHogwartsWasSriLankan,පිටකොටුවේ බාල කොසු ගන්නෙපා පරයෝ. අඩි දහයක් උඩයන්න බෑ.බිම වැටිලා පුක බිම ඇනෙනවා. නම බලලා නිම්බස්ම ගනින්!! ඉෆ්හොග්වර්ට්ස්වස්ස්රිලන්කන්,Harassment,0.9595
"පිට්ටනියට කෑල්ල ගෙනල්ල ඒකි ඉස්සරහා නිකං ගූ වුනා නෙහ් කෝලියා  YOu gotta fell sorry about HIm , Lole lol","පිට්ටනියට කෑල්ල ගෙනල්ල ඒකි ඉස්සරහා නිකං ගූ වුනා නෙහ් කෝලියා YOu ගොට්ට fell sorry about HIm , ලොලේ ලොල්",Harassment,0.978
පිදුරංගල පුක පෙන්නපු එකෙක් ඇවිත්.. පෞ. Dave Fernando @USER  · 28 Sep 2018  @USER Palayan ithin .. Aye awe nathuwata kamak na,පිදුරංගල පුක පෙන්නපු එකෙක් ඇවිත්.. පෞ. වේ ෆෙර්ණන්දෝ · 28 සේප 2018 පලයන් ඉතින් .. Aye awe නැතුවට කමක් න,Harassment,0.9722
පිදුරංගල සීන් එක මොකක් උනත් රෙදි ගලවලා පුක පෙන්නන එක එක අතකට හොදයි රෙදි ඇදන්ම පුක පෙන්නනවට වඩා.  උන්ව නීතියෙන් බලා ගනී.   රෙදි ඇදගෙන මූනටම පුක පෙන්නලා යන ගෝත හැතිකරයක් ඉන්නවනේ අම්මපා කොහෙන් ගියත්. ඒකත් ඇගේ හැප්පිලා පෙන්නල යන්නෙ.   හොද ෆුක්සි ෆලන්සි පාරක් වැදුන දවසට තේරෙයි.,පිදුරංගල සීන් එක මොකක් උනත් රෙදි ගලවලා පුක පෙන්නන එක එක අතකට හොදයි රෙදි ඇදන්ම පුක පෙන්නනවට වඩා. උන්ව නීතියෙන් බලා ගනී. රෙදි ඇදගෙන මූනටම පුක පෙන්නලා යන ගෝත හැතිකරයක් ඉන්නවනේ අම්මපා කොහෙන් ගියත්. ඒකත් ඇගේ හැප්පිලා පෙන්නල යන්නෙ. හොද ෆුක්සි ෆලන්සි පාරක් වැදුන දවසට තේරෙයි.,Harassment,0.9429
පිදුරන්ගල ගිහින් පුක පෙන්නපු උන් ලෝකෙ වටේ හොයලා හිරේ දැම්මා ලන්කාවෙම තමා මිනිස්සු මරපු පක්කුන්ව තාමත් රකින්නේ... — feeling terrible,පිදුරන්ගල ගිහින් පුක පෙන්නපු උන් ලෝකෙ වටේ හොයලා හිරේ දැම්මා ලන්කාවෙම තමා මිනිස්සු මරපු පක්කුන්ව තාමත් රකින්නේ... — feeling terrible,Harassment,0.9258
පියත් ට මොනවා හරි වෙලා සදනි මානසිකව වැටිලා අර පුක හුලන් ඇරපු බැලුම වගේ උනොත් මොන දෙයියට කියන්නද  Amila Chathuranga @USER  · 5 Jan රාජපක්ෂ පල කියලා පොල් ගහන්න මිරිස් අඹරන්න යද්දි බානුකයට ඕක වෙයි කියලා අපි ඒකාලෙම කිව්වා.. දෙයියො උනත් පලතුරක් දීල දුං ටිකක් අල්ලන අපිට වඩා කිරි ටිකක් දාල පෛය හෝදන vvip එකාව බේරනවා. ඉතිං උන් නොවන අනික් රාජපක්ෂ ලට කෙල වෙනවා..,පියත් ට මොනවා හරි වෙලා සදනි මානසිකව වැටිලා අර පුක හුලන් ඇරපු බැලුම වගේ උනොත් මොන දෙයියට කියන්නද අමිල චතුරංග · 5 ජන රාජපක්ෂ පල කියලා පොල් ගහන්න මිරිස් අඹරන්න යද්දි බානුකයට ඕක වෙයි කියලා අපි ඒකාලෙම කිව්වා.. දෙයියො උනත් පලතුරක් දීල දුං ටිකක් අල්ලන අපිට වඩා කිරි ටිකක් දාල පෛය හෝදන ව්විප් එකාව බේරනවා. ඉතිං උන් නොවන අනික් රාජපක්ෂ ලට කෙල වෙනවා..,Harassment,0.9312
"පියුමි හොදින් හරි නරකින් හරි තැනකට අැවිත් ඒකි සැපේ ඉන්නව...ඒක බලන් ඉන්න බැරි උබල ඒකිට හූල්ලල බඩුව, වේසි කියල හිත හදාගන්නව","පියුමි හොදින් හරි නරකින් හරි තැනකට අැවිත් ඒකි සැපේ ඉන්නව...ඒක බලන් ඉන්න බැරි උබල ඒකිට හූල්ලල බඩුව, වේසි කියල හිත හදාගන්නව",Harassment,0.978
පිරිමි ඇට කසනවා පුක කසනවා.. ගෑනු පටි හදනවා.. හැඩ බලනවා.. ඊස් සැට් කාඩ්ගහන පෝලිම්..,පිරිමි ඇට කසනවා පුක කසනවා.. ගෑනු පටි හදනවා.. හැඩ බලනවා.. ඊස් සැට් කාඩ්ගහන පෝලිම්..,Harassment,0.9258
පිරිමි ගණිකාවො සෙට් එකම චූන් වෙලානේ?  අවුලක් නෑ. එකෙක් නම් බඩ හින්දා පක පේන්නැති තන් හින්දා බඩ පේන්නැති තන් බඩෙක්. පුක එළියෙ දාගෙන නටන උන්ට හුරේ දාන්නේ ඒ ජාතියේම අවධාන ගණිකාවොම තමා ඉතින්. උන්ට ඕනේ පුක පෙන්නලා හරි අවධානයක් ගන්ඩ. මානසික අංගවිකලයෝ.,පිරිමි ගණිකාවො සෙට් එකම චූන් වෙලානේ? අවුලක් නෑ. එකෙක් නම් බඩ හින්දා පක පේන්නැති තන් හින්දා බඩ පේන්නැති තන් බඩෙක්. පුක එළියෙ දාගෙන නටන උන්ට හුරේ දාන්නේ ඒ ජාතියේම අවධාන ගණිකාවොම තමා ඉතින්. උන්ට ඕනේ පුක පෙන්නලා හරි අවධානයක් ගන්ඩ. මානසික අංගවිකලයෝ.,Harassment,0.9683
පිස්සු පීකුදු තොපි පල්හොරු ඇත්තට නෑනේ ඉඩ... අඩි තියද්දි අදින්න එපා දෙන්නේ පයින් මම. #වරෙන්තු,පිස්සු පීකුදු තොපි පල්හොරු ඇත්තට නෑනේ ඉඩ... අඩි තියද්දි අදින්න එපා දෙන්නේ පයින් මම. #වරෙන්තු,Harassment,0.9731
@USER පිස්සු මිනිස්සු or simply පිස්සෝ. And කම්බිය.,පිස්සු මිනිස්සු ඔර simply පිස්සෝ. And කම්බිය.,Harassment,0.936
"පිස්සු හැදිල තියෙන්නෙ අපේ ගමට, එකා පස්සේ එකා එලවනවා. ඉස්සර වෙච්ච එකෙක් නෑ ජීවිතේ පුරාවටම එලෝනවා.  කටු අනෙනවා, ලේ ගලනවා , හති වැටෙනවා  නැවතිල්ලක් නෑ. දුවනව දුවනව අන්තිමට මුකුත් නෑ.   හිස් අත් දෙක.","පිස්සු හැදිල තියෙන්නෙ අපේ ගමට, එකා පස්සේ එකා එලවනවා. ඉස්සර වෙච්ච එකෙක් නෑ ජීවිතේ පුරාවටම එලෝනවා. කටු අනෙනවා, ලේ ගලනවා , හති වැටෙනවා නැවතිල්ලක් නෑ. දුවනව දුවනව අන්තිමට මුකුත් නෑ. හිස් අත් දෙක.",Harassment,0.9526
@USER  @USER    පිස්සු හැදෙයි බාර් එවාගෙන්ම අසනීප හොද කොරගන්න හදන්නෙ ගම්මා කාරයා     බෙබද්දො ඔහොම්මයි,පිස්සු හැදෙයි බාර් එවාගෙන්ම අසනීප හොද කොරගන්න හදන්නෙ ගම්මා කාරයා බෙබද්දො ඔහොම්මයි,Harassment,0.9023
@USER පිස්සුද යකෝ ඕකලා වෙඩි තියලා මරලා ගෙදර ගෑනිගෙන් අර 1000 හෙ දඩෙත් ගනියි. එහෙමට බඩු,පිස්සුද යකෝ ඕකලා වෙඩි තියලා මරලා ගෙදර ගෑනිගෙන් අර 1000 හෙ දඩෙත් ගනියි. එහෙමට බඩු,Harassment,0.9155
පිහියෙන් Masturbate කරන්න ගිහින් පුක කපාගත්ත එකෙක්.,පිහියෙන් Masturbate කරන්න ගිහින් පුක කපාගත්ත එකෙක්.,Harassment,0.9858
පුංචි අම්මට හුකන අවජාතක JVP ලපයාගේ කටින්ම හම්බන්තොට වරායේ වටිනාකම හෙළිවේ URL,පුංචි අම්මට හුකන අවජාතක ජ්ව්ප් ලපයාගේ කටින්ම හම්බන්තොට වරායේ වටිනාකම හෙළිවේ උර්ල්,Harassment,0.9668
පුංචි එකා සන්ධියේ හරියට දුක් වින්ඳා නංගියේ බහ නොදුන්නොත් මේ වංගියේ එල්ලිල මැරෙනවා මං හන්දියේ  උඹ රූබරි කඩමණ්ඩියේ ආලේ හිතුනයි බොන්ඩියේ පැන්පෙරා ඒ කෙණ්ඩියේ කැන්දන් යන්නම් පැංචියේ  පැලක්අටවා වෙල් කණ්ඩියේ බතක් උයන්කමු මැටිමුට්ටියේ පැටව් හදන් ඔය බණ්ඩියේ ආදරෙන්ඉමු  අපි සුද්දියේ #කවිපොත,පුංචි එකා සන්ධියේ හරියට දුක් වින්ඳා නංගියේ බහ නොදුන්නොත් මේ වංගියේ එල්ලිල මැරෙනවා මං හන්දියේ උඹ රූබරි කඩමණ්ඩියේ ආලේ හිතුනයි බොන්ඩියේ පැන්පෙරා ඒ කෙණ්ඩියේ කැන්දන් යන්නම් පැංචියේ පැලක්අටවා වෙල් කණ්ඩියේ බතක් උයන්කමු මැටිමුට්ටියේ පැටව් හදන් ඔය බණ්ඩියේ ආදරෙන්ඉමු අපි සුද්දියේ #කවිපොත,Harassment,0.9351
පුක rox! පුකට ජය වේවා! පුක විරාජමාන වේවා! Jerry  @USER  · 17 Sep 2018 ඇයි පුකට Ass එක්කො පුප කියන්නෙ... English වචනෙ වැදගත්..! සිංහල වචනෙ අශිලාචාරයි කියලා කවුද දුන්නෙ මේ හොල්මන් ආකල්ප..! ඔයාලට තියෙන්නෙ පුකක් නෙවෙයිද යාලුවනෙ..  රෙන පුකට මොන කැටයම්ද මහත්තයෝ,පුක rox! පුකට ජය වේවා! පුක විරාජමාන වේවා! Jerry  · 17 සේප 2018 ඇයි පුකට Ass එක්කො පුප කියන්නෙ... එන්ග්ලිෂ් වචනෙ වැදගත්..! සිංහල වචනෙ අශිලාචාරයි කියලා කවුද දුන්නෙ මේ හොල්මන් ආකල්ප..! ඔයාලට තියෙන්නෙ පුකක් නෙවෙයිද යාලුවනෙ.. රෙන පුකට මොන කැටයම්ද මහත්තයෝ,Harassment,0.937
"@USER  @USER පුක ඉරාගෙන යහපාලුවො බලයට ගේන්න ගේම්දාපු 'පක්විට්' ලා දැන් පබුරැගානවා...මොකද උන්ගෙ ගැනු, ළමයි මැරෙනිට ගිහින් බේරැනානේ..දැන් දැනෙනව මරණ බිය..මුන් දැන් හුරේ දානව හමුදාවට පොලීසියට...ඔය කියන හමුදාවටම තමයි පසුගිය සෙනසුරාදා වෙනකම් මුං කියුවෙ ජනඝාතක හමුදාවක් කියල...","පුක ඉරාගෙන යහපාලුවො බලයට ගේන්න ගේම්දාපු 'පක්විට්' ලා දැන් පබුරැගානවා...මොකද උන්ගෙ ගැනු, ළමයි මැරෙනිට ගිහින් බේරැනානේ..දැන් දැනෙනව මරණ බිය..මුන් දැන් හුරේ දානව හමුදාවට පොලීසියට...ඔය කියන හමුදාවටම තමයි පසුගිය සෙනසුරාදා වෙනකම් මුං කියුවෙ ජනඝාතක හමුදාවක් කියල...",Harassment,0.9004
පුක කට පක ඉන්නවා මේකේ දැන් අඩු hutta_sl විතරයි,පුක කට පක ඉන්නවා මේකේ දැන් අඩු hutta_sl විතරයි,Harassment,0.9775
@USER පුක කහගන්න නියපොත්තක් නැති උන්ට තමයි තෙලේ වැඩි කොහොමත්,පුක කහගන්න නියපොත්තක් නැති උන්ට තමයි තෙලේ වැඩි කොහොමත්,Harassment,0.9731
පුක කියන එක පෙන්න බැ ටග්ගාලා RT කරනවා,පුක කියන එක පෙන්න බැ ටග්ගාලා රට් කරනවා,Harassment,0.9658
පුක කියල දාන tweet පේන්න බෑ පුක retweet කරනවා    @USER,පුක කියල දාන tweet පේන්න බෑ පුක රෙට්වීට් කරනවා,Harassment,0.9634
@USER පුක කිව්වට මේක පුකේ එක ඇක්සිස් එකක්.. කෙල්ලෙක් පාරේ යද්දි පුක වැනෙනවා පේන්නේ..ආන්න ඒ වැනෙන පැද්දෙන ලයින් එක තිබෙන ඉන සහ පුක අසබඩ කොටස..,පුක කිව්වට මේක පුකේ එක ඇක්සිස් එකක්.. කෙල්ලෙක් පාරේ යද්දි පුක වැනෙනවා පේන්නේ..ආන්න ඒ වැනෙන පැද්දෙන ලයින් එක තිබෙන ඉන සහ පුක අසබඩ කොටස..,Harassment,0.9736
පුක කොච්චර ලොකු උනත් හිල එකම සයිස්,පුක කොච්චර ලොකු උනත් හිල එකම සයිස්,Harassment,0.9775
@USER පුක ගන්නෙත් නෑ පුක දෙන්නෙත් නෑ !!!,පුක ගන්නෙත් නෑ පුක දෙන්නෙත් නෑ !!!,Harassment,0.9443
@USER  @USER    පුක තමයි අහල නැද්ද අපේ රජ්ජුරුවො එක රැජිනිගෙ පරහැත්තට පුකට පයින් ගහල රටෙන් පැන්නුව කියල,පුක තමයි අහල නැද්ද අපේ රජ්ජුරුවො එක රැජිනිගෙ පරහැත්තට පුකට පයින් ගහල රටෙන් පැන්නුව කියල,Harassment,0.9014
පුක තිබ්බ පලියට පඩ අරින්නේ නැතුව වැඩක් බලං හිටහං. පැත්තම ගූ ඟඳවි.,පුක තිබ්බ පලියට පඩ අරින්නේ නැතුව වැඩක් බලං හිටහං. පැත්තම ගූ ඟඳවි.,Harassment,0.9692
"පුක තියෙන කෙල්ලන්ගෙ තන් දෙක නෑ.  තන් දෙක තියෙන කෙල්ලන්ගේ පුක නෑ.  ඔය දෙකම තියෙන කෙල්ලන්ගේ මූණ ලස්සන නෑ.  තන් දෙකයි, පුකයි තියෙන ලස්සන මූණක් තියෙන කෙල්ලන්ගේ කට හොඳ නෑ...","පුක තියෙන කෙල්ලන්ගෙ තන් දෙක නෑ. තන් දෙක තියෙන කෙල්ලන්ගේ පුක නෑ. ඔය දෙකම තියෙන කෙල්ලන්ගේ මූණ ලස්සන නෑ. තන් දෙකයි, පුකයි තියෙන ලස්සන මූණක් තියෙන කෙල්ලන්ගේ කට හොඳ නෑ...",Harassment,0.9595
@USER  @USER පුක තියෙන්නෙ රෙන මිස දෙන්න නෙවෙයි,පුක තියෙන්නෙ රෙන මිස දෙන්න නෙවෙයි,Harassment,0.9204
පුක තියෙන්නෙ රෙන්න මිස දෙන්න නෙවේ,පුක තියෙන්නෙ රෙන්න මිස දෙන්න නෙවේ,Harassment,0.917
පුක දීගෙන හරි තුවක්කුව උදුර ගන්නවා.. වෙඩි කන්න බෑ මහත්තයෝ.. Amila Chathuranga @USER  · 3 Feb 2021 තමා පුක දෙනවද? වෙඩි කනවද? . පුක දීලම වෙඩි කමු නේද මහත්තයො..,පුක දීගෙන හරි තුවක්කුව උදුර ගන්නවා.. වෙඩි කන්න බෑ මහත්තයෝ.. අමිල චතුරංග · 3 ෆෙබ් 2021 තමා පුක දෙනවද? වෙඩි කනවද? . පුක දීලම වෙඩි කමු නේද මහත්තයො..,Harassment,0.9717
@USER පුක දුන්න නෙවෙයි සුදූ එකෙක්ව දැනුවත් කරන්න හැදුවා.  @USER,පුක දුන්න නෙවෙයි සුදූ එකෙක්ව දැනුවත් කරන්න හැදුවා.,Harassment,0.9229
පුක දුන්නට අපි තව එකෙක්ට වැඩක් තියේද අපෙ පුකෙන් ඌ හට  #පුක,පුක දුන්නට අපි තව එකෙක්ට වැඩක් තියේද අපෙ පුකෙන් ඌ හට #පුක,Harassment,0.9829
"පුක දෙනකොට පුක දිමෙ සිමාවක් තියෙන්න ඔනෙ, නැත්තං හැමොම පුකෙ අරින්න පටන් ගනි","පුක දෙනකොට පුක දිමෙ සිමාවක් තියෙන්න ඔනෙ, නැත්තං හැමොම පුකෙ අරින්න පටන් ගනි",Harassment,0.9805
@USER පුක දෙනවද වෙඩි කනවද,පුක දෙනවද වෙඩි කනවද,Harassment,0.9614
පුක දෙනවද වෙඩි කනවද කියල අපෙන් ඇහුවට ඉතින් .. අන්තිමට වෙන්නෙ පුකත් දීලා වෙඩිත් කන්න තමා,පුක දෙනවද වෙඩි කනවද කියල අපෙන් ඇහුවට ඉතින් .. අන්තිමට වෙන්නෙ පුකත් දීලා වෙඩිත් කන්න තමා,Harassment,0.9766
@USER පුක දෙනවද වෙඩි කනවද වගේ ඒව ඇරෙන්න මොනවද බං ඒකෙ තිබුනෙ?,පුක දෙනවද වෙඩි කනවද වගේ ඒව ඇරෙන්න මොනවද බං ඒකෙ තිබුනෙ?,Harassment,0.9814
පුක දෙනවද සර්ල නැත්තං වෙඩි ම කනවද? මල්ලි ඒනම් පුක ටිකක් දීල අපි ඉඩතීන විදියට වෙඩි කමු..,පුක දෙනවද සර්ල නැත්තං වෙඩි ම කනවද? මල්ලි ඒනම් පුක ටිකක් දීල අපි ඉඩතීන විදියට වෙඩි කමු..,Harassment,0.9844
පුක දෙනවද? වෙඩි කනවද ? නෙවෙයි පුකත් දීලා වෙඩිත් කන්න ඕනි මරාල තමා මටනම් සෙට් වෙන්නෙ,පුක දෙනවද? වෙඩි කනවද ? නෙවෙයි පුකත් දීලා වෙඩිත් කන්න ඕනි මරාල තමා මටනම් සෙට් වෙන්නෙ,Harassment,0.9707
පුක දෙන්න හිතුනාම සැඟැවී හොරෙං කවි ලියල සැතපෙන්න දුවනෝ ඉතිං අපි නම් නොදැන්නවාය ඕ කැටයං හැමිනෙන්න මක්කටද මේ කෝ ලං  #කවි #ලව් #කොටු,පුක දෙන්න හිතුනාම සැඟැවී හොරෙං කවි ලියල සැතපෙන්න දුවනෝ ඉතිං අපි නම් නොදැන්නවාය ඕ කැටයං හැමිනෙන්න මක්කටද මේ කෝ ලං #කවි #ලව් #කොටු,Harassment,0.9756
පුක නැත්තං වනන්න එපා කෙල්ලේ තුනටිය පනී,පුක නැත්තං වනන්න එපා කෙල්ලේ තුනටිය පනී,Harassment,0.9009
@USER පුක නේ.. නිතබ සලනෝ කියන්නෙ  ...බඩ හොලවන්න බෑනෙ .ලේසියෙන්,පුක නේ.. නිතබ සලනෝ කියන්නෙ ...බඩ හොලවන්න බෑනෙ .ලේසියෙන්,Harassment,0.9814
@USER පුක නොදි  හිටපං පරයො තොපි අප්පල අතෙ ගහල සරමෙ පිහදාගන්න තිබ්බ උන් අවජාතක සක්කිලි ngo පකයි රටට වින කටින්න තොපි සෙරම එකතු වෙලා ඉන්නෙ කොරොනා හැදෙන්නෙ තොපිට මොකද වින කටිනවට රට ජාතිය ආගමට,පුක නොදි හිටපං පරයො තොපි අප්පල අතෙ ගහල සරමෙ පිහදාගන්න තිබ්බ උන් අවජාතක සක්කිලි නගෝ පකයි රටට වින කටින්න තොපි සෙරම එකතු වෙලා ඉන්නෙ කොරොනා හැදෙන්නෙ තොපිට මොකද වින කටිනවට රට ජාතිය ආගමට,Harassment,0.9897
@USER  @USER    පුක පලන ඒවා කරන්නේ උබලාගේ උන් නේ දැක්කේ නැද්ද මේ ලගදිත් එකෙක්ගේ පුක පලනවා ඇදක් උඩ දාගෙන අර කාවිංද ඩොස්තර,පුක පලන ඒවා කරන්නේ උබලාගේ උන් නේ දැක්කේ නැද්ද මේ ලගදිත් එකෙක්ගේ පුක පලනවා ඇදක් උඩ දාගෙන අර කාවිංද ඩොස්තර,Harassment,0.9819
@USER පුක පලල් කරලා අල්ලගන්න දිවදාලා ලේව කලා මොට්ටුව උරලා වතුර ටික එලියට ගන්නං,පුක පලල් කරලා අල්ලගන්න දිවදාලා ලේව කලා මොට්ටුව උරලා වතුර ටික එලියට ගන්නං,Harassment,0.9019
පුක පලාගන්න එපා.. අපේ ගමේ එකියක් - ආ ඔට්ටුයි බෑ පලපිය බලන්න. කොළඹ එකියක්- මෙච්චර අත් තියෙද්දි පලා ගන්න පුකෙන්... පිස්සුවක් ඇතැ..,පුක පලාගන්න එපා.. අපේ ගමේ එකියක් - ආ ඔට්ටුයි බෑ පලපිය බලන්න. කොළඹ එකියක්- මෙච්චර අත් තියෙද්දි පලා ගන්න පුකෙන්... පිස්සුවක් ඇතැ..,Harassment,0.9624
@USER පුක පිහිදාගන්නත් පත්තර කොලයක් swap එකක් විදියට ගන්න වෙයි එයාට නම්,පුක පිහිදාගන්නත් පත්තර කොලයක් swap එකක් විදියට ගන්න වෙයි එයාට නම්,Harassment,0.9688
පුක පුක තමා පුක පුකට දුන්න වදේ ඔයි.. පැය 8කට වැඩි කාල සීමාවක් පුක තියන්  මහ පොලව   @USERෙට්ට්‍රල් සෙඩ්  #KandyPerahera,පුක පුක තමා පුක පුකට දුන්න වදේ ඔයි.. පැය 8කට වැඩි කාල සීමාවක් පුක තියන් මහ පොලව ෙට්ට්‍රල් සෙඩ් කන්ද්‍ය්පෙරහෙර,Harassment,0.9849
පුක පුම්බං හිටපු උන්ගේ පුකට කටු ඇනලා වගේ දැන්නම්,පුක පුම්බං හිටපු උන්ගේ පුකට කටු ඇනලා වගේ දැන්නම්,Harassment,0.9873
@USER පුක බ්ලොක් කරල මොකද්ද එයා බලාපොරොත්තු වෙන්නෙ? වවුලා වගේ කටින් රෙන්නද?,පුක බ්ලොක් කරල මොකද්ද එයා බලාපොරොත්තු වෙන්නෙ? වවුලා වගේ කටින් රෙන්නද?,Harassment,0.9517
පුක මදිවට කට  තව මොනව follow කරාවිද දන්නෑ,පුක මදිවට කට තව මොනව follow කරාවිද දන්නෑ,Harassment,0.9653
@USER පුක රත්වෙච්ච ගමන් ඉන්න එකෙක්ට සක්‍රයගේ අම්ම උනත් වැඩි අවදානයක් දෙන්න ඔන,පුක රත්වෙච්ච ගමන් ඉන්න එකෙක්ට සක්‍රයගේ අම්ම උනත් වැඩි අවදානයක් දෙන්න ඔන,Harassment,0.9561
පුක ලස්සන ඇති නේද පැංචගේ.. පයියෙත් ලාමක මයිල් ඇවිත් ඇති ලස්සනට...,පුක ලස්සන ඇති නේද පැංචගේ.. පයියෙත් ලාමක මයිල් ඇවිත් ඇති ලස්සනට...,Harassment,0.9814
@USER පුක ලෑලී මාකර් කරන්න බෑ,පුක ලෑලී මාකර් කරන්න බෑ,Harassment,0.9556
@USER පුක ලෙලි යවන් වරෙන්  අරකේ ලිස්සලා,පුක ලෙලි යවන් වරෙන් අරකේ ලිස්සලා,Harassment,0.9829
පුක ලොකු එකා අක්කර පුකා #ChildhoodNicknamesLK,පුක ලොකු එකා අක්කර පුකා චිල්ධූද්නිච්ක්නමෙස්ල්ක්,Harassment,0.979
පුක වන වන පාරෙ යද්දි බල්ලෙක් බුරාගෙන පස්සෙන් ආවා කියාන්කො. තා පොඩ්ඩෙන් බල්ලෙකුට පුක ඩෙන්න වෙනවා.. 󾌴󾌴,පුක වන වන පාරෙ යද්දි බල්ලෙක් බුරාගෙන පස්සෙන් ආවා කියාන්කො. තා පොඩ්ඩෙන් බල්ලෙකුට පුක ඩෙන්න වෙනවා.. 󾌴󾌴,Harassment,0.9302
@USER පුක විකුණන් ජිවත් වෙන උන්නේ ඕකුන්.ඔය පිට කොටුවෙත් ඉන්නේ රෝස පාට කලිසම් එහෙම ගහගෙන  #lka #lol  @USER  @USER,පුක විකුණන් ජිවත් වෙන උන්නේ ඕකුන්.ඔය පිට කොටුවෙත් ඉන්නේ රෝස පාට කලිසම් එහෙම ගහගෙන ලක ලොල්,Harassment,0.9526
පුක විකුණපු ගොඩක් උන් දැන් ඇමතිවරු  WinD @USER  · 12 May 2019 දුක විකුනුවා නම් මම අද ප්‍රකෝටිපතියෙක් බෝ twitter.com/Sudumameduvada…,පුක විකුණපු ගොඩක් උන් දැන් ඇමතිවරු WinD · 12 May 2019 දුක විකුනුවා නම් මම අද ප්‍රකෝටිපතියෙක් බෝ ට්විට්ටේර්චොම්සුදුමමෙදුවද,Harassment,0.9453
"පුක වෙනයි, පුප වෙනයි. පුප කියන්නේ පුෂ්ප පදාසය කියන එකේ කෙටි යෙදුම. උඹලා අපි වගේ උන්ට තියෙන නිකම්ම නිකම් පුක වගේ නෙවෙයි ඒක.","පුක වෙනයි, පුප වෙනයි. පුප කියන්නේ පුෂ්ප පදාසය කියන එකේ කෙටි යෙදුම. උඹලා අපි වගේ උන්ට තියෙන නිකම්ම නිකම් පුක වගේ නෙවෙයි ඒක.",Harassment,0.9287
@USER  පුකට ඇනිලා තියෙන්නෙ... ආතල්. රියල් එකෙන් එන්නේ නැහැනේ මේ වේසි සැහ්...,පුකට ඇනිලා තියෙන්නෙ... ආතල්. රියල් එකෙන් එන්නේ නැහැනේ මේ වේසි සැහ්...,Harassment,0.9873
"@USER පුකයි, කට්ටමයි ,සිදුරයි මේ ඔක්කොගෙම එකතුවද පුක නැත්නම් පුක කියල වෙන මොකක් හරි තියේද","පුකයි, කට්ටමයි ,සිදුරයි මේ ඔක්කොගෙම එකතුවද පුක නැත්නම් පුක කියල වෙන මොකක් හරි තියේද",Harassment,0.98
@USER  @USER පුකෙන් කලිසන් අඳිනයද අලේ මේකිට පිස්සු ලාදුරැහැදිලා,පුකෙන් කලිසන් අඳිනයද අලේ මේකිට පිස්සු ලාදුරැහැදිලා,Harassment,0.9771
පුකෙන් රෙන අය මෙන් ම පුකෙන් කන ඇත්තෝද සිටිති. #PukaFacts,පුකෙන් රෙන අය මෙන් ම පුකෙන් කන ඇත්තෝද සිටිති. පුකඵච්ට්ස්,Harassment,0.9492
@USER  @USER පුකේ අරින්න දන්සැලක් දාන්න බැරිද? ඔව් පුකේ අරින්න ?  එක කැරි රැවුලෙක්ට නම්කිගේ තන් එක්ක සෙල්ලම් දාන්න දෙම්නෙ නෑ මුළු දන්සැලම මං කනෝ,පුකේ අරින්න දන්සැලක් දාන්න බැරිද? ඔව් පුකේ අරින්න ? එක කැරි රැවුලෙක්ට නම්කිගේ තන් එක්ක සෙල්ලම් දාන්න දෙම්නෙ නෑ මුළු දන්සැලම මං කනෝ,Harassment,0.978
පුකේ ඉත්තෑවො දුවන්න නම් එක්කො පුක අක්කරයක් තරම් ලොකු වෙන්න ඕනෙ. ඇත්නම් ඉත්තෑවො කූඹි තරම් පොඩි වෙන්න ඕනෙ.,පුකේ ඉත්තෑවො දුවන්න නම් එක්කො පුක අක්කරයක් තරම් ලොකු වෙන්න ඕනෙ. ඇත්නම් ඉත්තෑවො කූඹි තරම් පොඩි වෙන්න ඕනෙ.,Harassment,0.9829
@USER පුකේ ගිනිපෙලෙල්ලක් ගහ ගත්ත එකෙක්...  බලපං පුක ඉස්සිලාම තියෙන්නෙ ඒ නිසා  රත් වෙන ගානට ඇක්සලේටර් එක කැර⁣කැවෙනවා උගෙ අතින්...ඒකයි ඔය..,පුකේ ගිනිපෙලෙල්ලක් ගහ ගත්ත එකෙක්... බලපං පුක ඉස්සිලාම තියෙන්නෙ ඒ නිසා රත් වෙන ගානට ඇක්සලේටර් එක කැර⁣කැවෙනවා උගෙ අතින්...ඒකයි ඔය..,Harassment,0.9785
@USER @USER  පුකේ පයන්නේ යට කෑල්ල කපලා ගනින්,පුකේ පයන්නේ යට කෑල්ල කපලා ගනින්,Harassment,0.9521
"පුකේ හංගං ඉන්න කුඩු මිලිග්‍රෑම් 2 අල්ලන්න පුලුවන් පොන්න පොලිසියට, කිලෝ 70 ක් විතර බර බදුර්දීන් හොයාගන්න බෑරි ඇයි.?","පුකේ හංගං ඉන්න කුඩු මිලිග්‍රෑම් 2 අල්ලන්න පුලුවන් පොන්න පොලිසියට, කිලෝ 70 ක් විතර බර බදුර්දීන් හොයාගන්න බෑරි ඇයි.?",Harassment,0.9316
පුකේ හිල...  කක්කා බෙට්ට...  හුකනවා...  තන්  ලැජ්ජයි වගේද... ආ ඉන්නෙ  ..  . . . .    Asshole   Shit  Fuck  Boobies    හරි නේද,පුකේ හිල... කක්කා බෙට්ට... හුකනවා... තන් ලැජ්ජයි වගේද... ආ ඉන්නෙ .. . . . . අස්ශෝලේ ෂිට් ෆුච්ක් බූබිඑස් හරි නේද,Harassment,0.9873
@USER  @USER    පුක⁣⁣ට දාගන්න ඒව කන්න පුලුවන්ද බං,පුක⁣⁣ට දාගන්න ඒව කන්න පුලුවන්ද බං,Harassment,0.9644
පුත්තලමට දෙනව හිටගෙන #පුක හෝදන්ඩ   #slweather,පුත්තලමට දෙනව හිටගෙන #පුක හෝදන්ඩ ස්ල්වෙඅතෙර්,Harassment,0.9341
පුතා නෙවෙයි තෝ මරන්න තිබ්බ,පුතා නෙවෙයි තෝ මරන්න තිබ්බ,Harassment,0.9648
පුතේ..අද උඹ සතුටින් ඉගිලියන්..අත්තටු බර නෑ උඹේ..හැබැයි උඹ දවසක තේරුම් ගනියි..read more..#manusatha #මනුසතා,පුතේ..අද උඹ සතුටින් ඉගිලියන්..අත්තටු බර නෑ උඹේ..හැබැයි උඹ දවසක තේරුම් ගනියි..read මොරෙමනුසත #මනුසතා,Harassment,0.9448
@USER  @USER පුප නෙමෙයි ඕයි! පුක. හරියට කියනවා බස මරන්නේ නැතුව..,පුප නෙමෙයි ඕයි! පුක. හරියට කියනවා බස මරන්නේ නැතුව..,Harassment,0.9653
පුරුදු වෙයං පුක කහ කහ ඉන්නෙ නැතුව වෙලාවට පනුබේත් ටික බොන්න...,පුරුදු වෙයං පුක කහ කහ ඉන්නෙ නැතුව වෙලාවට පනුබේත් ටික බොන්න...,Harassment,0.9561
පුරුදුවෙයල්ල අම්ම නැතිවෙලාවටවත් උයාගෙන කන්න. ඒක පට්ට  — cooking,පුරුදුවෙයල්ල අම්ම නැතිවෙලාවටවත් උයාගෙන කන්න. ඒක පට්ට — cooking,Harassment,0.9614
@USER පුලුවන් අර ඇග ලොකු මහත මෝඩ  මුස්ලිම් ගෑනිත් (මතක නෑ අප්පා නම ) ඕකත් බොරු වක් කියල ඔප්පු කරන්න හදයි ඒකිගේ ජාතිය බේරගන්න බැල්ලි.ඔක්කෝම එකයි තම්බි,පුලුවන් අර ඇග ලොකු මහත මෝඩ මුස්ලිම් ගෑනිත් (මතක නෑ අප්පා නම ) ඕකත් බොරු වක් කියල ඔප්පු කරන්න හදයි ඒකිගේ ජාතිය බේරගන්න බැල්ලි.ඔක්කෝම එකයි තම්බි,Harassment,0.937
@USER  @USER    පුලුවන් නම් ගලවල පෙන්නපන්. තොගේ බිජ්ජ කපලා poster ගහවි! වහල් රිලවා!,පුලුවන් නම් ගලවල පෙන්නපන්. තොගේ බිජ්ජ කපලා poster ගහවි! වහල් රිලවා!,Harassment,0.9805
"පුවත 1: අම්පාරෙ කඩේක හොද්දක පිටි ගුලියක්.  "" යකෝ හම්බයො පෙති දාල ජාතිය වඳ කරනෝ රට ජාතිය අනතුරේ සිංහල ලේ කකියනෝ යන්නෙත් මේව බලා කුඩුකරපියෝ ඉන්නේ කෝමදෝ ඇස්ගෙඩිවලට හෙණ ගහල ද සිහළුන්නේ  පුවත 2: ඉතිහාසයේ සොයාගත් දෙවැනි විශාලතම කුඩු තොගය ආණ්ඩුසමයේ බේරුවලින් හමු වේ. -රැහැයියන්ගේ මී නාදය","පුවත 1: අම්පාරෙ කඩේක හොද්දක පිටි ගුලියක්. "" යකෝ හම්බයො පෙති දාල ජාතිය වඳ කරනෝ රට ජාතිය අනතුරේ සිංහල ලේ කකියනෝ යන්නෙත් මේව බලා කුඩුකරපියෝ ඉන්නේ කෝමදෝ ඇස්ගෙඩිවලට හෙණ ගහල ද සිහළුන්නේ පුවත 2: ඉතිහාසයේ සොයාගත් දෙවැනි විශාලතම කුඩු තොගය ආණ්ඩුසමයේ බේරුවලින් හමු වේ. -රැහැයියන්ගේ මී නාදය",Harassment,0.9487
"@USER  @USER පුස්කොලේක නෙමේ තිබ්බෙ. ""ලදන්න නොබ්බක"" තඹ සන්නසේ. එ්කෙ තිබ්බ එකේ සිංහල තේරුම තමා ""රෙන්න තියන පුක දෙන්න එපා""","පුස්කොලේක නෙමේ තිබ්බෙ. ""ලදන්න නොබ්බක"" තඹ සන්නසේ. එ්කෙ තිබ්බ එකේ සිංහල තේරුම තමා ""රෙන්න තියන පුක දෙන්න එපා""",Harassment,0.9072
පුස්පේ කියන්නේ කෞද අර තඩි බඩා නේද,පුස්පේ කියන්නේ කෞද අර තඩි බඩා නේද,Harassment,0.9692
"@USER පූජ කරල වේලුනාම , අව්වෙ වේලල තේ වගේ බොන එක diabetic අයට හොදයිලු.තව අය ඔය මල් හොදට වේලල කොට්ට හදනව.sinus අමාරු එහෙම හරියනවලු.අපේ පාරම්පරික වෙදකං . නිකං කිව්වෙ","පූජ කරල වේලුනාම , අව්වෙ වේලල තේ වගේ බොන එක diabetic අයට හොදයිලු.තව අය ඔය මල් හොදට වේලල කොට්ට හදනව.sinus අමාරු එහෙම හරියනවලු.අපේ පාරම්පරික වෙදකං . නිකං කිව්වෙ",Harassment,0.9653
පූජිත පොන්නයෝ..පොලිස්පතිකම බල්ලට දාපු තොගෙ හත්මුතු පරම්පරාවටම හෙනගහපං අවජාතක බල්ලා..කොටින්ට පුක දෙන බල්ලා URL,පූජිත පොන්නයෝ..පොලිස්පතිකම බල්ලට දාපු තොගෙ හත්මුතු පරම්පරාවටම හෙනගහපං අවජාතක බල්ලා..කොටින්ට පුක දෙන බල්ලා උර්ල්,Harassment,0.9858
පූස් පැටියා නම් පට්ට හුරතල් නේ  ඒකටත් එක්ක අර කට පුක කරන් කිසිම හුරතලයක් නැති මනුස්ස ජීවියා  URL,පූස් පැටියා නම් පට්ට හුරතල් නේ ඒකටත් එක්ක අර කට පුක කරන් කිසිම හුරතලයක් නැති මනුස්ස ජීවියා උර්ල්,Harassment,0.9541
පූසා=Pet=සුරතලා=බල්ලා=බැල්ලි=ඩොගි=සෙස්=69=අරක්කු=බාර්=ක්ලබ්=gay pub=කොල්ලෝකාරයා  අවසාන ප්‍රතිඵලය  පූසා=Gay   පූසන්ගේ ඩීපියට හේතුව   #සහන්ලොජි,පූසා=Pet=සුරතලා=බල්ලා=බැල්ලි=ඩොගි=සෙස්=69=අරක්කු=බාර්=ක්ලබ්=gay pub=කොල්ලෝකාරයා අවසාන ප්‍රතිඵලය පූසා=Gay පූසන්ගේ ඩීපියට හේතුව #සහන්ලොජි,Harassment,0.9575
පෙති ගසල සුදිය දාන ගමන් වේස නිරූපණ සිල් පිනියන්ට ඕන ලෙසට පාසල් දරුවන්ව අව්වේ පුච්චවා ..ජෝඩුවගේ රෙද්ද උස්සපු... URL,පෙති ගසල සුදිය දාන ගමන් වේස නිරූපණ සිල් පිනියන්ට ඕන ලෙසට පාසල් දරුවන්ව අව්වේ පුච්චවා ..ජෝඩුවගේ රෙද්ද උස්සපු... උර්ල්,Harassment,0.9038
"පෙති ගහල, සුදු වෙලා උබ බොරු පොස් වෙන්න දැගලුවට නංගි... උබට අම්ම කෙනෙක් වෙන්න ඔනි උනාම තේරෙයි.... බිබුවේ සුදු පෙති නෙවේ, වද පෙති බව!","පෙති ගහල, සුදු වෙලා උබ බොරු පොස් වෙන්න දැගලුවට නංගි... උබට අම්ම කෙනෙක් වෙන්න ඔනි උනාම තේරෙයි.... බිබුවේ සුදු පෙති නෙවේ, වද පෙති බව!",Harassment,0.9741
පෙරවන රෙද්ද දැක්කත් තරහ යන නිසා හැංගුව  Good night,පෙරවන රෙද්ද දැක්කත් තරහ යන නිසා හැංගුව Good night,Harassment,0.9219
"@USER පෙරේරලා කොහෙද වේසියේ බෞද්ධ, එක එකා කියන ඒවා අහගෙන මෙතන හැමිනෙන්න එපා. අවජාතක වේසියොත් එක්ක මම කැමති නැහැ මේ ගැන තර්ක කරන්න. නැත්නම් මට සිද්ද වෙන්නේ උඹව කඩවතට හන්දියට ගෙනල්ලා පුකේ ඇරලා කටට දෙන්නේ ගූ රහ බල බල ඉන්න කැරි පඳුරු බැල්ලි","පෙරේරලා කොහෙද වේසියේ බෞද්ධ, එක එකා කියන ඒවා අහගෙන මෙතන හැමිනෙන්න එපා. අවජාතක වේසියොත් එක්ක මම කැමති නැහැ මේ ගැන තර්ක කරන්න. නැත්නම් මට සිද්ද වෙන්නේ උඹව කඩවතට හන්දියට ගෙනල්ලා පුකේ ඇරලා කටට දෙන්නේ ගූ රහ බල බල ඉන්න කැරි පඳුරු බැල්ලි",Harassment,0.9775
පෙලක් උන් කෑල්ල අත ඇරියම ඒකි බඩුව කියනවා..ඕකනන් ඕනි එකෙක්ට ටෝක් කරලා ගහත හැකිය කියනවා.. උන්ගේ කීමවල් අහලා ඒවගේ ඒවට ගහන්න ගියානම් අපේ ඇට දැන් මුං ඇට වෙන්න තැලිලා..,පෙලක් උන් කෑල්ල අත ඇරියම ඒකි බඩුව කියනවා..ඕකනන් ඕනි එකෙක්ට ටෝක් කරලා ගහත හැකිය කියනවා.. උන්ගේ කීමවල් අහලා ඒවගේ ඒවට ගහන්න ගියානම් අපේ ඇට දැන් මුං ඇට වෙන්න තැලිලා..,Harassment,0.9502
@USER පේන බඩ බලාගෙන ඉඳපන් නරියො .. තෝ හිතුවද තොට සාරිය උස්සල පුක පෙන්නයි කියලා..  සත්තයි ඕම රිප්ලයි කලොත් අහපු එකා වාශ්ප..,පේන බඩ බලාගෙන ඉඳපන් නරියො .. තෝ හිතුවද තොට සාරිය උස්සල පුක පෙන්නයි කියලා.. සත්තයි ඕම රිප්ලයි කලොත් අහපු එකා වාශ්ප..,Harassment,0.9575
@USER පොකිරිස්සො දැල්වල ගැමට කකුළුවො අහුවෙන්නෙ බේරන්න ලොකු අඩු දෙක කඩන්නම වෙනො නැත්තන් ඇගිලක් ඇල්ලුවොත් ඉවරයි අඩු දෙක කැඩුවම පිස්සු බල්ල වගේ. කකුළුවො සුද්ද කරන්න ගියාම මේ පැතිවලනන් ම්ට මහත නැති හැදිම්ටක් කටට දාල කට්ට අයින්කරන්නෙ එතකොට කකුළුවා දගලනො දැක්කොත් කකුළුවො කන්නෑ කට්ට්ය,පොකිරිස්සො දැල්වල ගැමට කකුළුවො අහුවෙන්නෙ බේරන්න ලොකු අඩු දෙක කඩන්නම වෙනො නැත්තන් ඇගිලක් ඇල්ලුවොත් ඉවරයි අඩු දෙක කැඩුවම පිස්සු බල්ල වගේ. කකුළුවො සුද්ද කරන්න ගියාම මේ පැතිවලනන් ම්ට මහත නැති හැදිම්ටක් කටට දාල කට්ට අයින්කරන්නෙ එතකොට කකුළුවා දගලනො දැක්කොත් කකුළුවො කන්නෑ කට්ට්ය,Harassment,0.9521
පොඩ්ඩියෙ අම්ම අම්මාමයි තාම වැරදුනෙ අපි නිසයි ඈ වැරදිද කෝම බක්මහෙ කොවුල් බිජු පුපුරන දාක පොඩ්ඩියෙ අම්මගෙං උඹ ඉල්ලනවද ගේම  තනේ කඩා විසිකර පත්තිනි වේනම් අනේ හාමතේ අපි මැරිලා එහෙනම්  (අම්ම වේසියක් යැයි කියා අලුත් අවුරුදු දින අම්මට වැදීමට බෑ කී නංගිට අයියාගෙ තරවටුව)  උපුටාගැනීම,පොඩ්ඩියෙ අම්ම අම්මාමයි තාම වැරදුනෙ අපි නිසයි ඈ වැරදිද කෝම බක්මහෙ කොවුල් බිජු පුපුරන දාක පොඩ්ඩියෙ අම්මගෙං උඹ ඉල්ලනවද ගේම තනේ කඩා විසිකර පත්තිනි වේනම් අනේ හාමතේ අපි මැරිලා එහෙනම් (අම්ම වේසියක් යැයි කියා අලුත් අවුරුදු දින අම්මට වැදීමට බෑ කී නංගිට අයියාගෙ තරවටුව) උපුටාගැනීම,Harassment,0.9448
පොඩ්ඩියේ අම්මා අම්මයි තාම  වැරදුනේ අපි නිසයි ඈ වැරදිද කෝම  බක්මහෙ කොවුල් බිජු පුපුරණ දාක  නංගියේ අම්මගෙන් උඹ ඉල්ලනවද ගේම   තනේ කඩා විසි කර පත්තිනි වී නම්  අනේ හාමතේ අපි මැරිලා එහෙනම්  වණේ පරන්නේ වණ පල විස වී නම්  නගේ දැන් යමං පඩිපුර ගිනි තියපන්   මාර විදිහකට දැනුනා මේක,පොඩ්ඩියේ අම්මා අම්මයි තාම වැරදුනේ අපි නිසයි ඈ වැරදිද කෝම බක්මහෙ කොවුල් බිජු පුපුරණ දාක නංගියේ අම්මගෙන් උඹ ඉල්ලනවද ගේම තනේ කඩා විසි කර පත්තිනි වී නම් අනේ හාමතේ අපි මැරිලා එහෙනම් වණේ පරන්නේ වණ පල විස වී නම් නගේ දැන් යමං පඩිපුර ගිනි තියපන් මාර විදිහකට දැනුනා මේක,Harassment,0.9258
පොඩ්ඩියේ අම්මා අම්මාමයි තාම  වැරදුනෙ අපි නිසයි ඈ වැරදිද කෝම  බක්මහෙ කොවුල් බිජු පුපුරණ දාක  නංගියෙ අම්මගෙන් උඹ ඉල්ලනවද ගේම   තනේ කඩා විසිකර පත්තිනි වී නම්  අනේ හාමතේ අපි මැරිලා එහෙනම්  වනේ පාරන්නේ වන පල විස වී නම්  නගේ දැං යමං පඬි පුර ගිනි තියපන්,පොඩ්ඩියේ අම්මා අම්මාමයි තාම වැරදුනෙ අපි නිසයි ඈ වැරදිද කෝම බක්මහෙ කොවුල් බිජු පුපුරණ දාක නංගියෙ අම්මගෙන් උඹ ඉල්ලනවද ගේම තනේ කඩා විසිකර පත්තිනි වී නම් අනේ හාමතේ අපි මැරිලා එහෙනම් වනේ පාරන්නේ වන පල විස වී නම් නගේ දැං යමං පඬි පුර ගිනි තියපන්,Harassment,0.9355
පොඩ්ඩියේ අම්මා අම්මාමයි තාම වැරදුනෙ අපි නිසයි ඈ වැරදිද කෝම බක්මහෙ කොවුල් බින්ජු පුපුරණ දාක නංගියෙ අම්මගෙන් උඹ ඉල්ලනවද ගේම  තනේ කඩා විසිකර පත්තිනි වී නම් අනේ හාමතේ අපි මැරිලා එහෙනම් වනේ පාරන්නේ වන පල විස වී නම් නගේ දැං යමං පඬි පුර ගිනි තියපන්!,පොඩ්ඩියේ අම්මා අම්මාමයි තාම වැරදුනෙ අපි නිසයි ඈ වැරදිද කෝම බක්මහෙ කොවුල් බින්ජු පුපුරණ දාක නංගියෙ අම්මගෙන් උඹ ඉල්ලනවද ගේම තනේ කඩා විසිකර පත්තිනි වී නම් අනේ හාමතේ අපි මැරිලා එහෙනම් වනේ පාරන්නේ වන පල විස වී නම් නගේ දැං යමං පඬි පුර ගිනි තියපන්!,Harassment,0.9067
@USER පොඩි එකෙකුට තියා මහ එකෙකුටවත් අහන්න බැරි වනචර වචන දාල cartoon  dubin කරල පොඩි උන්ගෙ ඔලු කනව මඩිවට එව අස්සෙ දෙවැනි ඉනිමෙ love කෑලි දාන උන්  පොඩිවුන් ට ජීවත්වීමට සුදුසුකම රට හොයනව මෙකෙ reality වලට ගියපු පොඩිවුන්  ට කරපුදෙවලුත් අපට මතකයිනෙ,පොඩි එකෙකුට තියා මහ එකෙකුටවත් අහන්න බැරි වනචර වචන දාල cartoon දුබින් කරල පොඩි උන්ගෙ ඔලු කනව මඩිවට එව අස්සෙ දෙවැනි ඉනිමෙ love කෑලි දාන උන් පොඩිවුන් ට ජීවත්වීමට සුදුසුකම රට හොයනව මෙකෙ reality වලට ගියපු පොඩිවුන් ට කරපුදෙවලුත් අපට මතකයිනෙ,Harassment,0.9233
පොඩි කාලේ මරඳ වැල්ලේ.. වැලි බත් උයා පුක එල්ලේ.. #MisheardSinhalaLyrics,පොඩි කාලේ මරඳ වැල්ලේ.. වැලි බත් උයා පුක එල්ලේ.. මිශෙඅර්ද්සින්හලල්ය්රික්ස,Harassment,0.9619
පොඩි කෙල්ලගේ කිම්බෙ පයිය අතුල්ලනවා,පොඩි කෙල්ලගේ කිම්බෙ පයිය අතුල්ලනවා,Harassment,0.9644
"පොඩි ගෑනු ලමයෙකුයි අම්ම කෙනෙකුයි  බස්1ට නැග්ග.ලමය ඉස්සරහ seat1 ඉදගන්න හදද්දි අම්ම ලමයට කතා කල පස්සට ඇවිත්වාඩි වෙන්න කියල.ලමය ආවාම කියනව ""ඉස්සරහ ඉදගත්තාම වයසක අය. හාමුදුරුවෝ නැග්ගාම seat දෙන්න වෙනවනෙ"" කියල.ගතිගුන උගන්නව වෙනුවට එවා නොකර ඉන්න පොඩි කාලෙ ඉදන්ම උගන්නන අරුම පුදුම අම්මල.","පොඩි ගෑනු ලමයෙකුයි අම්ම කෙනෙකුයි බස්1ට නැග්ග.ලමය ඉස්සරහ seat1 ඉදගන්න හදද්දි අම්ම ලමයට කතා කල පස්සට ඇවිත්වාඩි වෙන්න කියල.ලමය ආවාම කියනව ""ඉස්සරහ ඉදගත්තාම වයසක අය. හාමුදුරුවෝ නැග්ගාම seat දෙන්න වෙනවනෙ"" කියල.ගතිගුන උගන්නව වෙනුවට එවා නොකර ඉන්න පොඩි කාලෙ ඉදන්ම උගන්නන අරුම පුදුම අම්මල.",Harassment,0.9194
@USER  @USER පොන්න අවජාතක ''සම්පත්'' කොටියො...උඕෙ අම්ම අල්ලන්නද යුදහමුදාකුමන්ත්‍රණ????,පොන්න අවජාතක ''සම්පත්'' කොටියො...උඕෙ අම්ම අල්ලන්නද යුදහමුදාකුමන්ත්‍රණ????,Harassment,0.9868
@USER  පොන්න කෙරියා තොගෙ අම්මට....,පොන්න කෙරියා තොගෙ අම්මට....,Harassment,0.9834
පොන්න තක්කඩි දේශපාලක වේසිගෙ පුතාලා ටිකට හෙන ගහපං,පොන්න තක්කඩි දේශපාලක වේසිගෙ පුතාලා ටිකට හෙන ගහපං,Harassment,0.9756
පොන්න තම්බී තමංගේ මිත්‍යා දෘෂ්ටි නිසා අහිංසක ළමයි මරනවා.. තොපිට කන්‍යාවීයෝ ඕන නම් මැරියවු. ඔය අහිංසක ළමයි අපිට දීලා.. අපි හදා ගන්නං #lka #EasterAttackSL,පොන්න තම්බී තමංගේ මිත්‍යා දෘෂ්ටි නිසා අහිංසක ළමයි මරනවා.. තොපිට කන්‍යාවීයෝ ඕන නම් මැරියවු. ඔය අහිංසක ළමයි අපිට දීලා.. අපි හදා ගන්නං ලක එඅස්තෙරත්තක්ක්ස්ල,Harassment,0.9746
"@USER පොන්න පකෝ, තොගෙ තාත්තව  ලබන ආත්මෙදි හරි හම්බුනොත් අහපං ""ඇයි තාත්තෙ එදා සරමෙ පිහදා ගන්නෙ නැතුව අම්මට මාව දුන්නෙ"" කැරි තම්බියෙක්වත් කියපු නැති කතා කියන්න තොගෙ බූදලයක්ද පකො මේක","පොන්න පකෝ, තොගෙ තාත්තව ලබන ආත්මෙදි හරි හම්බුනොත් අහපං ""ඇයි තාත්තෙ එදා සරමෙ පිහදා ගන්නෙ නැතුව අම්මට මාව දුන්නෙ"" කැරි තම්බියෙක්වත් කියපු නැති කතා කියන්න තොගෙ බූදලයක්ද පකො මේක",Harassment,0.9868
@USER පොන්න බල්ලා තෝ පාරක බැහලා මගේ අතටනම් අහුවෙන්න එපා කොලුකාර වේසිගේ පුතා මගේ රට නැතිකරන පරයා,පොන්න බල්ලා තෝ පාරක බැහලා මගේ අතටනම් අහුවෙන්න එපා කොලුකාර වේසිගේ පුතා මගේ රට නැතිකරන පරයා,Harassment,0.9858
@USER පොන්න වේසොයියෝ මටනම් පේන්න බෑ පාහර හැතිකරේ ඕකුන් මැරෙන්නේ පණුවො ගහලා son of bitches,පොන්න වේසොයියෝ මටනම් පේන්න බෑ පාහර හැතිකරේ ඕකුන් මැරෙන්නේ පණුවො ගහලා son ඔෆ් බිත්චෙස්,Harassment,0.9844
@USER  @USER    පොන්න සම්පත්...උඹෙ අම්මට කරන්නද දොරකඩට එන්නෙ යක්‍ෂයො...???,පොන්න සම්පත්...උඹෙ අම්මට කරන්නද දොරකඩට එන්නෙ යක්‍ෂයො...???,Harassment,0.9639
@USER  @USER පොන්න හුකන්නො කියන්නෙ ඔය වගෙ එවුන්ට තමයි අයියේ..  හැම එකකම ඇදයක් හොයන පොන්න හුකන්නෝ,පොන්න හුකන්නො කියන්නෙ ඔය වගෙ එවුන්ට තමයි අයියේ.. හැම එකකම ඇදයක් හොයන පොන්න හුකන්නෝ,Harassment,0.9814
@USER පොන්නය කියන්නේ හරියට කෙලින් වෙන්නැති හු..බැරි උන්ට.ඒක හරියටම දැනගන්න පුලුවන් උන් එක්ක නිදිවදින්න ගිය උන්ට.පුක ආදයම් මාර්ගයක් කරගන්න එක මේකාලේ හරි ජනප්‍රියයි.මොනවට ලෝ කරනවද ලොල්ලො එක්ක බුදිය ගන්න උන්,පොන්නය කියන්නේ හරියට කෙලින් වෙන්නැති හු..බැරි උන්ට.ඒක හරියටම දැනගන්න පුලුවන් උන් එක්ක නිදිවදින්න ගිය උන්ට.පුක ආදයම් මාර්ගයක් කරගන්න එක මේකාලේ හරි ජනප්‍රියයි.මොනවට ලෝ කරනවද ලොල්ලො එක්ක බුදිය ගන්න උන්,Harassment,0.9404
@USER පොන්නයා ඔක්කොම තොගෙ prediction එක නිසා තමා. වල් සුදු උරා,පොන්නයා ඔක්කොම තොගෙ prediction එක නිසා තමා. වල් සුදු උරා,Harassment,0.9624
පොන්නයො තොට බැරිනම් පුලුවන් කෙනෙකුට රට බාරදීපිය තෝ විජයහුකලත් එක්ක හැ#නිය. URL,පොන්නයො තොට බැරිනම් පුලුවන් කෙනෙකුට රට බාරදීපිය තෝ විජයහුකලත් එක්ක හැ#නිය. උර්ල්,Harassment,0.9185
@USER  @USER පොන්නයෝ ජාතීන් දෙකකි. . කටට ගන්න උන් . පුකේ අරින්න දෙන උන්  මේ දෙකම කරන පොන්නයෝ නොවන වර්ජින් අයද ඇත. ඒ අතර කොන්ද පණ ඇති අයද ඇත.,පොන්නයෝ ජාතීන් දෙකකි. . කටට ගන්න උන් . පුකේ අරින්න දෙන උන් මේ දෙකම කරන පොන්නයෝ නොවන වර්ජින් අයද ඇත. ඒ අතර කොන්ද පණ ඇති අයද ඇත.,Harassment,0.9722
@USER පොල්ල පොල්ල පොල්ල අරන්  තොට ගහල ගහල ගහල,පොල්ල පොල්ල පොල්ල අරන් තොට ගහල ගහල ගහල,Harassment,0.9844
@USER @USER  පොලා එන්නෙත් නෑ.....  යකෝ මිනිහෙක් හැදෙන්න යනකොට අත දීපන්.. :D   @USER  @USER  @USER  @USER  @USER,පොලා එන්නෙත් නෑ..... යකෝ මිනිහෙක් හැදෙන්න යනකොට අත දීපන්.. ද,Harassment,0.9551
"පොලිසිය සිලින්ඩරේ උස්සලා බලලා පුකට පයින් ගහනවා මෙක කොහෙද හුත්තෝ ඉවර, තෝ එනවද අපිට බොරු කරන්න කියලා Dinal @USER  · 24 May 2021 යකෝ මුන් ඔක්කොගෙම ගෑස් ඉවර වෙලා තියෙන්නේ අද ද .?","පොලිසිය සිලින්ඩරේ උස්සලා බලලා පුකට පයින් ගහනවා මෙක කොහෙද හුත්තෝ ඉවර, තෝ එනවද අපිට බොරු කරන්න කියලා දිනාල් · 24 May 2021 යකෝ මුන් ඔක්කොගෙම ගෑස් ඉවර වෙලා තියෙන්නේ අද ද .?",Harassment,0.9175
පොෂ් කෂ්ටිය කොස් මුට්ටි දෙල් මුට්ටි මඤ්ඤොක්කා මුට්ටි...දුං දා ඉදෙන කන් බංකුවකට පස්ස තියන් මමී කුවීන් පස්ස අඹර අඹර අඹරන ලුණු මිරිස එක්ක බස බස ගා කොටාබාන්න පිළිකන්නේ කොටේ ට ඇන තියන් ඉන්න ඩැඩී කිං ලා ප්‍රින්ස්ලා එ'න්ජල්ලා ටොයියෝ දකිද්දී..මේ දින වල අප්පේ දුක වාවන්නෙ ම නෑ....අප්පා,පොෂ් කෂ්ටිය කොස් මුට්ටි දෙල් මුට්ටි මඤ්ඤොක්කා මුට්ටි...දුං දා ඉදෙන කන් බංකුවකට පස්ස තියන් මමී කුවීන් පස්ස අඹර අඹර අඹරන ලුණු මිරිස එක්ක බස බස ගා කොටාබාන්න පිළිකන්නේ කොටේ ට ඇන තියන් ඉන්න ඩැඩී කිං ලා ප්‍රින්ස්ලා එ'න්ජල්ලා ටොයියෝ දකිද්දී..මේ දින වල අප්පේ දුක වාවන්නෙ ම නෑ....අප්පා,Harassment,0.9609
පොෂ් වේවා  ගොඩේ වේවා හොඳ වේවා බඩු වේවා නිළියො වේවා උබලගෙ ඇඟේ ගෑවෙන්නෙ නැත්තං උඹලට නෑකමක් නැත්තන් මොන හු$@;&/-කටද මං දන්නෑ නිකන් ගොන් කෑලි ෆෝම් කරන්නෙ ඉඳගෙන ලබ්බ,පොෂ් වේවා ගොඩේ වේවා හොඳ වේවා බඩු වේවා නිළියො වේවා උබලගෙ ඇඟේ ගෑවෙන්නෙ නැත්තං උඹලට නෑකමක් නැත්තන් මොන හු$@;&/-කටද මං දන්නෑ නිකන් ගොන් කෑලි ෆෝම් කරන්නෙ ඉඳගෙන ලබ්බ,Harassment,0.9082
පොහොට්ටු පක්ෂය අවජාතක පක්ෂයක්! URL via  @USER  News Alert,පොහොට්ටු පක්ෂය අවජාතක පක්ෂයක්! උර්ල් via News Alert,Harassment,0.9175
පොහොට්ටුව අවජාතක දරුවෙක්. හරියට උප්පැන්නයක් නෑ.. පොහොට්ටුව නෙළුමක් උනාට කරුමෙට හරි පිපුනොත් මැද තියෙන්නේ කිඩාරම්... URL,පොහොට්ටුව අවජාතක දරුවෙක්. හරියට උප්පැන්නයක් නෑ.. පොහොට්ටුව නෙළුමක් උනාට කරුමෙට හරි පිපුනොත් මැද තියෙන්නේ කිඩාරම්... උර්ල්,Harassment,0.9438
පොහොට්‌ටුව අම්මෙක්‌ තාත්තෙක්‌ නැති අවජාතක පක්‌ෂයක්‌ – පා. ම. ආනන්ද අලුත්ගමගේ URL,පොහොට්‌ටුව අම්මෙක්‌ තාත්තෙක්‌ නැති අවජාතක පක්‌ෂයක්‌ – පා. ම. ආනන්ද අලුත්ගමගේ උර්ල්,Harassment,0.9463
"@USER පොළොං දශ්ඨනයකදී, ඇඟේ ලේ කැටි ගැහෙනවා කියලා හොයාගත්තු research එක කියහං එහෙනං ගොබ්බයො !!! (රෙද්ද, හොඳිං කිව්වම පුකේ ටෝක් දෙන්න එනවා)","පොළොං දශ්ඨනයකදී, ඇඟේ ලේ කැටි ගැහෙනවා කියලා හොයාගත්තු research එක කියහං එහෙනං ගොබ්බයො !!! (රෙද්ද, හොඳිං කිව්වම පුකේ ටෝක් දෙන්න එනවා)",Harassment,0.9541
පෝයට යන්නේ සිල් ගන්න මහමෙව්නාවේ ඇවිල්ලා දෙන්නේ සත්තුන්ට පොලු වලින්.. අම්බේ සීලේ..රෙද්ද පල්ලේ බේරනවා පූසට කවුරු හරි ගහලා ඌ මැරුණා අද කවුද කරේ කියලත් දන්නවා.වරෙන්කෝ හුත්ති අද සිල් ගත්තා කියාගෙන.8 සීලෙම කියාදෙන්නම් මං..  #පට්ටෟත්ති,පෝයට යන්නේ සිල් ගන්න මහමෙව්නාවේ ඇවිල්ලා දෙන්නේ සත්තුන්ට පොලු වලින්.. අම්බේ සීලේ..රෙද්ද පල්ලේ බේරනවා පූසට කවුරු හරි ගහලා ඌ මැරුණා අද කවුද කරේ කියලත් දන්නවා.වරෙන්කෝ හුත්ති අද සිල් ගත්තා කියාගෙන.8 සීලෙම කියාදෙන්නම් මං.. #පට්ටෟත්ති,Harassment,0.9644
@USER  @USER පෝශ්‍යදායි ගුල්ලන් බහුල ආහරයකි   *බෙදිලා ගියාම හැංගෙන්න ලේසී තමා.මං උඹ් මහරගම පලයන්.මං හෝමගමට යනවා,පෝශ්‍යදායි ගුල්ලන් බහුල ආහරයකි *බෙදිලා ගියාම හැංගෙන්න ලේසී තමා.මං උඹ් මහරගම පලයන්.මං හෝමගමට යනවා,Harassment,0.9399
@USER පෞ...  බොගෙ අයිම්සක රන්දෝලිලා.  දවසකට හරි තොටත් පට ඇරපු එවුන් නේදැ ඒ අයිම්සකාවියො. තොට හිතක් පපුවක් නැද්ද ගෙරි යමයෝ? මූදෙ නැව් ගියාට පාර හිටින්නෙ නෑ කියලා තෝ අහලා නැද්දැ මූකලම් බස්සෝ?,පෞ... බොගෙ අයිම්සක රන්දෝලිලා. දවසකට හරි තොටත් පට ඇරපු එවුන් නේදැ ඒ අයිම්සකාවියො. තොට හිතක් පපුවක් නැද්ද ගෙරි යමයෝ? මූදෙ නැව් ගියාට පාර හිටින්නෙ නෑ කියලා තෝ අහලා නැද්දැ මූකලම් බස්සෝ?,Harassment,0.9727
facebook එකේ කොයි වෙලෙත් නහයෙන් අඩන love post දනා උන් මේකටත් අවොත් අනේ අම්මපා .... හොයාගෙන ගෙදර ගිහින් කුඩුවෙන්න ගහනවා මුන්ගේ ඔලුවට ... රෙද්ද,ඵචෙබූක් එකේ කොයි වෙලෙත් නහයෙන් අඩන love post දනා උන් මේකටත් අවොත් අනේ අම්මපා .... හොයාගෙන ගෙදර ගිහින් කුඩුවෙන්න ගහනවා මුන්ගේ ඔලුවට ... රෙද්ද,Harassment,0.9229
Facebook කියන්නෙ තනිකරම බොරැවක් මේකෙ ඇත්ත යුක්තිය කතාකරන්න බැහැ  block කරලා  දානවා. මාර්ක්.කාරයගෙ අම්මට හුකන්න ආයෙ හදන්නෙ නැහැ facebook.මේකෙ ඇත්ත යුක්තිය කතාකරන්න බැහැ මොන හුත්තක්ද අපි කන්නෙ බොන්නෙ මේ කිම්බ නිසාද.block කරන එවුන්ගෙ.අම්මලට හුකලා තියෙන්නෙ නරි.,ඵචෙබූක් කියන්නෙ තනිකරම බොරැවක් මේකෙ ඇත්ත යුක්තිය කතාකරන්න බැහැ block කරලා දානවා. මාර්ක්.කාරයගෙ අම්මට හුකන්න ආයෙ හදන්නෙ නැහැ facebook.මේකෙ ඇත්ත යුක්තිය කතාකරන්න බැහැ මොන හුත්තක්ද අපි කන්නෙ බොන්නෙ මේ කිම්බ නිසාද.block කරන එවුන්ගෙ.අම්මලට හුකලා තියෙන්නෙ නරි.,Harassment,0.9824
"#PhraseOfTheDay ""තොගෙ අම්මට බයත් නෑ යකෝ“","ඵ්රසෙඔෆ්ථෙදය් ""තොගෙ අම්මට බයත් නෑ යකෝ“",Harassment,0.9873
බට ලන්දේ පිස්සු පුසා දෙරණට දෙහි කපයි? URL,බට ලන්දේ පිස්සු පුසා දෙරණට දෙහි කපයි? උර්ල්,Harassment,0.938
@USER  @USER    බඩ ගියා වගේ නෙවේ ඔය බුරුලට පහුවට අමාරු වෙයි ඔයිටත් බඩ හනිකට ඩේසි අක්කේ ගොස් කඩේකට ගෙනැවිත් බොන්න අසමෝදගම් හැන්දකට,බඩ ගියා වගේ නෙවේ ඔය බුරුලට පහුවට අමාරු වෙයි ඔයිටත් බඩ හනිකට ඩේසි අක්කේ ගොස් කඩේකට ගෙනැවිත් බොන්න අසමෝදගම් හැන්දකට,Harassment,0.9756
බඩ තඩි එකා.  බඩා බතලයා තඩියා ජොලා දඩොරියා  #ChildhoodNicknamesLK,බඩ තඩි එකා. බඩා බතලයා තඩියා ජොලා දඩොරියා චිල්ධූද්නිච්ක්නමෙස්ල්ක්,Harassment,0.9702
බඩ තඩි මල්ලි  පනින්නෙපා උඩ පොලොව යයි හෙල්ලී පඩ ටෝක් දෙන්න එපා ගොං වඳ වේසී... අල්ලපන් කකුල් දෙක දෙකට නැමිලා පදිරී...,බඩ තඩි මල්ලි පනින්නෙපා උඩ පොලොව යයි හෙල්ලී පඩ ටෝක් දෙන්න එපා ගොං වඳ වේසී... අල්ලපන් කකුල් දෙක දෙකට නැමිලා පදිරී...,Harassment,0.9707
බඩ තියෙන එක වාසනාවක්  ඒ වාසනාව හැමෝටම නෑ — eating තඩි කොත්තුවක්,බඩ තියෙන එක වාසනාවක් ඒ වාසනාව හැමෝටම නෑ — eating තඩි කොත්තුවක්,Harassment,0.9165
බඩ නැති අලි හෙන කැතයි . Imagine කරල බලපන් ..,බඩ නැති අලි හෙන කැතයි . Imagine කරල බලපන් ..,Harassment,0.9727
"@USER බඩ පපුව දනව යකෝ හිනා වෙලාම..  මේක තනිකරම ""මං පොර"" ජාතකයක්නේ. ඒකත් සුද්ද සිංහලෙන්..","බඩ පපුව දනව යකෝ හිනා වෙලාම.. මේක තනිකරම ""මං පොර"" ජාතකයක්නේ. ඒකත් සුද්ද සිංහලෙන්..",Harassment,0.9683
@USER බඩ පලයන් ඒස් වාහ් පුහ්,බඩ පලයන් ඒස් වාහ් පුහ්,Harassment,0.9087
@USER  @USER බඩ පලයන් ඔයාට,බඩ පලයන් ඔයාට,Harassment,0.9307
@USER  @USER බඩ පලයන් තට්ටයා.,බඩ පලයන් තට්ටයා.,Harassment,0.9126
@USER බඩ පලයන් තොට පෙන්න පෙන්න කනවට..,බඩ පලයන් තොට පෙන්න පෙන්න කනවට..,Harassment,0.9839
@USER  @USER බඩ පලයන් වේසි. දවස් හතට පාට හතක් බඩ පල,බඩ පලයන් වේසි. දවස් හතට පාට හතක් බඩ පල,Harassment,0.9448
@USER බඩ පලයන්.. කාපු ගමන්ම කකුල දිගේ  වැක්කිරිලා... දුවනකොට වැසිකිළියට  සද්දෙට ප.ඩ පලයන් බොර බොර සුස් චුස් බුස් ගලා...   අවාසානෙට පුග්හ් ගලා.. වැසිකිලිය පුරාවට ම විසිරියං..,බඩ පලයන්.. කාපු ගමන්ම කකුල දිගේ වැක්කිරිලා... දුවනකොට වැසිකිළියට සද්දෙට ප.ඩ පලයන් බොර බොර සුස් චුස් බුස් ගලා... අවාසානෙට පුග්හ් ගලා.. වැසිකිලිය පුරාවට ම විසිරියං..,Harassment,0.9775
@USER බඩ පලයන්.... බඩ පලයාන්.... ඉදියප්පන් වක්කරන ගානය බඩ පලයන්,බඩ පලයන්.... බඩ පලයාන්.... ඉදියප්පන් වක්කරන ගානය බඩ පලයන්,Harassment,0.978
@USER  @USER බඩ මැද්දෙන් පහලට ඊතලේ ගහලා පක කියල ගහපන් පිට මැද්දෙන් පහලට ඊතලේ ගහලා පුක කියල ගහපන්,බඩ මැද්දෙන් පහලට ඊතලේ ගහලා පක කියල ගහපන් පිට මැද්දෙන් පහලට ඊතලේ ගහලා පුක කියල ගහපන්,Harassment,0.9326
බඩබොකුවැල් ටික අයින් කරන්නත් ඇහැකි. පෝමලින් පුරෝන්නත් ඇහැකි. ටී ජන්සන් කෝට්ට ගහන්ඩනෙ අමාරු.,බඩබොකුවැල් ටික අයින් කරන්නත් ඇහැකි. පෝමලින් පුරෝන්නත් ඇහැකි. ටී ජන්සන් කෝට්ට ගහන්ඩනෙ අමාරු.,Harassment,0.9385
"@USER  @USER බඩී කියල ඌ විශ් කරල තියෙන්නෙ. උඹ අදාල කරගන්න එපා. උඹ බඩී නෙමේ, උඹ මෙගා","බඩී කියල ඌ විශ් කරල තියෙන්නෙ. උඹ අදාල කරගන්න එපා. උඹ බඩී නෙමේ, උඹ මෙගා",Harassment,0.9702
බඩු 25ක්ම ලැබුන එකේ 26වෙනි බඩුව ලැබුන් නෑ කියල රෙද්ද කරේ තියන් කුනුහබ්බ කියන්න බෑ..ඒත් දෙයියනෙ $145ක්.. කජුඇටද? කොස්සැටද?,බඩු 25ක්ම ලැබුන එකේ 26වෙනි බඩුව ලැබුන් නෑ කියල රෙද්ද කරේ තියන් කුනුහබ්බ කියන්න බෑ..ඒත් දෙයියනෙ $145ක්.. කජුඇටද? කොස්සැටද?,Harassment,0.9561
බඩු කාරයකුට අහුවුන එකියක් ...  ඌ වටේ යවනව...  ඒකි වටේ යැවෙනව..  නොදැන නෙවෙයි.. දැන දැනම ඈ බඩ්ඩ ...   අවසානයේ ගොං බඩ්ඩ..,බඩු කාරයකුට අහුවුන එකියක් ... ඌ වටේ යවනව... ඒකි වටේ යැවෙනව.. නොදැන නෙවෙයි.. දැන දැනම ඈ බඩ්ඩ ... අවසානයේ ගොං බඩ්ඩ..,Harassment,0.9736
"@USER @USER  බඩු මල්ලි යනු ඕනෑම රෙද්දකට පුක දෙන ඖටෝ චූන් වෙන ඩයල් එකකි, බදු මල්ලී කියල නම වෙනස කරා ගත්තා නුම් හොදා","බඩු මල්ලි යනු ඕනෑම රෙද්දකට පුක දෙන ඖටෝ චූන් වෙන ඩයල් එකකි, බදු මල්ලී කියල නම වෙනස කරා ගත්තා නුම් හොදා",Harassment,0.9531
"බඩු, හද්ද බඩු, ගොන් බඩු, ජානමය බඩු, උබ නොදන්න බඩු, බඩුව වී දැන් යසෝදරා වෙන්න දගලන බඩු, කැටගරි ගොඩයි නමුත් ඒ සේරම බඩු.  ඇන්ටි බඩු සබේ විසිට් එක දානකොට, ඇන්ටියෙක් නිසා කෙලවුන තවත් මල්ලියෙක් වෙන්නෙපා. පින්තූරෙ හැඩයි. ඇන්ටිලා නැති තැනක දාපං. WA මීටින් දැන් ඉවර වුනේ. @USER","බඩු, හද්ද බඩු, ගොන් බඩු, ජානමය බඩු, උබ නොදන්න බඩු, බඩුව වී දැන් යසෝදරා වෙන්න දගලන බඩු, කැටගරි ගොඩයි නමුත් ඒ සේරම බඩු. ඇන්ටි බඩු සබේ විසිට් එක දානකොට, ඇන්ටියෙක් නිසා කෙලවුන තවත් මල්ලියෙක් වෙන්නෙපා. පින්තූරෙ හැඩයි. ඇන්ටිලා නැති තැනක දාපං. ව මීටින් දැන් ඉවර වුනේ.",Harassment,0.9663
@USER බඩුව උඩ ඇවිත්  පරණ බඩුව යට ගිහින්,බඩුව උඩ ඇවිත් පරණ බඩුව යට ගිහින්,Harassment,0.9268
බඩුව කියන්නෙ :D Thisaranie (තිසරණී) @USER  · 14 Apr 2016  @USER @USER oki kohomath baduwa @USER,බඩුව කියන්නෙ ද ථිසරංඉඑ (තිසරණී) · 14 අප‍ 2016 oki කොහොමත් බඩුව,Harassment,0.9805
@USER  @USER බඩුව කොහොමද මනුස්සයෙක් වෙන්නෙ.බඩුවක් කියන්නෙ බඩුවක්! Thing is a thing,බඩුව කොහොමද මනුස්සයෙක් වෙන්නෙ.බඩුවක් කියන්නෙ බඩුවක්! Thing ඉස අ thing,Harassment,0.9756
@USER  බඩුව තෝ උදේ නිදාගෙන ඉද්දි ඇයි මට මෙහෙම කරේ..,බඩුව තෝ උදේ නිදාගෙන ඉද්දි ඇයි මට මෙහෙම කරේ..,Harassment,0.9297
@USER @USER  බඩුව යහනට සරම අහකට,බඩුව යහනට සරම අහකට,Harassment,0.9673
@USER @USER  @USER  @USER  @USER  බඩුව වගේ,බඩුව වගේ,Harassment,0.957
බඩුව..  අපේ වුන්ම පතිවතට කෙල මාරැ වි. ආදරයක් ඉදිරියේ අසරණ වන ගැහැණියෙක්ව  රවටා එකා දෙන්නා නිදි වැද පෝළිමකුත් දා... URL,බඩුව.. අපේ වුන්ම පතිවතට කෙල මාරැ වි. ආදරයක් ඉදිරියේ අසරණ වන ගැහැණියෙක්ව රවටා එකා දෙන්නා නිදි වැද පෝළිමකුත් දා... උර්ල්,Harassment,0.9551
බඩුවක් (ලංකාවේ තියරිය)  . කොටට ඇන්දොත් බඩුවක් . හිරට ඇන්දොත් බඩුවක් . පස්ස ලොකුවට තිබ්බොත් බඩුවක් . තන් දෙක ලොකුවට තිබ්බොත් බඩුවක් . කොල්ලො යාලුවො ඉන්නවනම් බඩුවක් . කොල්ලොත් එක්ක ට්‍රිප් යනවනම් බඩුවක් . කොල්ලෙක් එක්ල චැට් කරොත් බඩුවක් .ෆේස්බුක් එකට පොටෝ දානවනම් බඩුවක්,බඩුවක් (ලංකාවේ තියරිය) . කොටට ඇන්දොත් බඩුවක් . හිරට ඇන්දොත් බඩුවක් . පස්ස ලොකුවට තිබ්බොත් බඩුවක් . තන් දෙක ලොකුවට තිබ්බොත් බඩුවක් . කොල්ලො යාලුවො ඉන්නවනම් බඩුවක් . කොල්ලොත් එක්ක ට්‍රිප් යනවනම් බඩුවක් . කොල්ලෙක් එක්ල චැට් කරොත් බඩුවක් .ෆේස්බුක් එකට පොටෝ දානවනම් බඩුවක්,Harassment,0.9717
බඩුවක් නෙවෙයි ඒකි බඩුවකත් හොදම එකක්නෙහ්. ඉතිං මෙහෙ ඇට්ටි බැට්ටි බඩු වලට ගේමක්ම නෑ,බඩුවක් නෙවෙයි ඒකි බඩුවකත් හොදම එකක්නෙහ්. ඉතිං මෙහෙ ඇට්ටි බැට්ටි බඩු වලට ගේමක්ම නෑ,Harassment,0.957
බඩුවට බඩුව නොකියා පුටුව කියඩෑ,බඩුවට බඩුව නොකියා පුටුව කියඩෑ,Harassment,0.9204
@USER බඩේ අමාරු හැදෙයි යකු,බඩේ අමාරු හැදෙයි යකු,Harassment,0.9404
"බඩේ අමාරු, උණ, හෙම්බිරිස්සාව හැදුන අය නිදි ඇති නෙහ්","බඩේ අමාරු, උණ, හෙම්බිරිස්සාව හැදුන අය නිදි ඇති නෙහ්",Harassment,0.9146
@USER බඩේ කොහෙද බොල බත්  වමනේ ගොඩක් නේ බඩේ තියෙන්න්,බඩේ කොහෙද බොල බත් වමනේ ගොඩක් නේ බඩේ තියෙන්න්,Harassment,0.9185
බඩේ දරුවෙක් ඉදිද්දි බෝම්බ පුපුරව ගන්න අම්ම කෙනෙක්ට පුලවන්ද ? මුංගෙ මොළ කොයිතරම් හෝදලද..,බඩේ දරුවෙක් ඉදිද්දි බෝම්බ පුපුරව ගන්න අම්ම කෙනෙක්ට පුලවන්ද ? මුංගෙ මොළ කොයිතරම් හෝදලද..,Harassment,0.9404
බත් කන වෙලාවෙ ඔයි ඉකමනට ගනියන් ඕක අරුන් එන්න කලින්. අඩො බිත්තරෙ මගේ අල කෑල්ල කෝ ප** මෙතන බඩු ඉවරය් එහපන්තියට යමන්   #SLSchoolTalks,බත් කන වෙලාවෙ ඔයි ඉකමනට ගනියන් ඕක අරුන් එන්න කලින්. අඩො බිත්තරෙ මගේ අල කෑල්ල කෝ ප** මෙතන බඩු ඉවරය් එහපන්තියට යමන් ස්ල්ස්චූල්ටල්ක්ස්,Harassment,0.9482
@USER බදින්න ඔනිද යකෝ ලමයි හදන්න........,බදින්න ඔනිද යකෝ ලමයි හදන්න........,Harassment,0.9248
බදුර්ඩීන් ගස් වැද්දා නිසා අනාගතේ අපේ ලමයිට සල්ලි දීලා පිරිසුදු වාතය හුස්මගන්න වෙයි... ගස් වැද්දා අකුලෝලම පලයන් URL,බදුර්ඩීන් ගස් වැද්දා නිසා අනාගතේ අපේ ලමයිට සල්ලි දීලා පිරිසුදු වාතය හුස්මගන්න වෙයි... ගස් වැද්දා අකුලෝලම පලයන් උර්ල්,Harassment,0.918
"බන්දු සමරසිංහ කියනකොට ඒක සුපිරි ආතල්... මැක්සා කතාව...  වෙන එකෙක් ඒකම කියද්දී,   අඩෝ...උබ ලංකා අම්මට ජාතක එකෙක් නෙවෙයි...  පරදේසක්කාර පහත් ගති තියෙන පර බල්ලෙක් යකෝ උබ..  #මාරවැඩේලංකාවටඋනේ #බයිලන්නතෙ","බන්දු සමරසිංහ කියනකොට ඒක සුපිරි ආතල්... මැක්සා කතාව... වෙන එකෙක් ඒකම කියද්දී, අඩෝ...උබ ලංකා අම්මට ජාතක එකෙක් නෙවෙයි... පරදේසක්කාර පහත් ගති තියෙන පර බල්ලෙක් යකෝ උබ.. #මාරවැඩේලංකාවටඋනේ #බයිලන්නතෙ",Harassment,0.9741
බම්බුවේ තැම්බුවත් ගොට්ටේ තැම්බුවත් හැලියේ කටට අමුඩ කොණ බැඳලා තැම්බුවත් කුරක්කන් පිට්ටු නං  කුරක්කන් පිට්ටුම බව... URL,බම්බුවේ තැම්බුවත් ගොට්ටේ තැම්බුවත් හැලියේ කටට අමුඩ කොණ බැඳලා තැම්බුවත් කුරක්කන් පිට්ටු නං කුරක්කන් පිට්ටුම බව... උර්ල්,Harassment,0.9668
බඹර වගේ විසේ කාරයා මම දෙඹරා වගේ ගනන් කාරයා  කට වක්කඩේ වගේ බොම්බයි මොටයි කාරයා  තොට වැඩිය හොඳයි යකෝ මාලුකාරයා   #copied #lka,බඹර වගේ විසේ කාරයා මම දෙඹරා වගේ ගනන් කාරයා කට වක්කඩේ වගේ බොම්බයි මොටයි කාරයා තොට වැඩිය හොඳයි යකෝ මාලුකාරයා #copied ලක,Harassment,0.9404
බඹරා වගෙ විසේකාරයා  දෙඹරා වගේ ගනන්කාරයා  කට වක්කඩේ වඩේ බොම්බයිමොටයිකාරයා තොට වැඩිය හොදයි මාලුකාරයා,බඹරා වගෙ විසේකාරයා දෙඹරා වගේ ගනන්කාරයා කට වක්කඩේ වඩේ බොම්බයිමොටයිකාරයා තොට වැඩිය හොදයි මාලුකාරයා,Harassment,0.9771
බයික් එකේ...ආපු දාට.. පන කඩාගෙන වහිනව... රෙද්ද...ටවුකන්න,බයික් එකේ...ආපු දාට.. පන කඩාගෙන වහිනව... රෙද්ද...ටවුකන්න,Harassment,0.9668
බයියෙක් වරෙන්කො පුක පොඩ්ඩක් අතගාන්න ආසයි,බයියෙක් වරෙන්කො පුක පොඩ්ඩක් අතගාන්න ආසයි,Harassment,0.9448
බලන් හිටපන් උබට ලැබෙන ගෑණි තේ එක නිවලම අතටම ගෙනත් දේවි.   #LankanMomQuotes,බලන් හිටපන් උබට ලැබෙන ගෑණි තේ එක නිවලම අතටම ගෙනත් දේවි. ලංකංමොම්කුඔතෙස්,Harassment,0.9731
බලන් හිටපන්.. ලමය බඩේ ඉද්දි අම්ම ක්ලාස් යන කාලයක් ඉස්සරහට එන්නෙ..  URL This Tweet is unavailable.,බලන් හිටපන්.. ලමය බඩේ ඉද්දි අම්ම ක්ලාස් යන කාලයක් ඉස්සරහට එන්නෙ.. උර්ල් This Tweet ඉස unavailable.,Harassment,0.9092
බලන්න ගනිගෙ පුක මිරිකන්න කොහොම ද කියලා,බලන්න ගනිගෙ පුක මිරිකන්න කොහොම ද කියලා,Harassment,0.9634
බලපන් අපි කනවා! කන්න කට විතරයි සාමාන්‍යයෙන් පොඩ්ඩක් හොල්ලන්න ඔනේ! ඕනේ නම් දිවත් පොඩ්ඩක් හොල්ලනවා! ඊට පස්සේ මහත් වෙනෝ! බඩ එනෝ! එතකොට ඊලඟට ඇඟ බඩ බස්සගන්න ගියාම යකඩකෑලී උස්සන් මුලු ඇග පතම හොල්ලන්න ඔනේ!   යකෝ මේ මොන විකාරයක්ද!,බලපන් අපි කනවා! කන්න කට විතරයි සාමාන්‍යයෙන් පොඩ්ඩක් හොල්ලන්න ඔනේ! ඕනේ නම් දිවත් පොඩ්ඩක් හොල්ලනවා! ඊට පස්සේ මහත් වෙනෝ! බඩ එනෝ! එතකොට ඊලඟට ඇඟ බඩ බස්සගන්න ගියාම යකඩකෑලී උස්සන් මුලු ඇග පතම හොල්ලන්න ඔනේ! යකෝ මේ මොන විකාරයක්ද!,Harassment,0.9048
බලපන් අරූ ඇට ගලවන්න ඇවිත් කරගත්ත වින්නැහිය  කෝ දැන් අර පුක වනන එකි @USER,බලපන් අරූ ඇට ගලවන්න ඇවිත් කරගත්ත වින්නැහිය කෝ දැන් අර පුක වනන එකි,Harassment,0.9556
බලපන් මාර ඩිකිය පූජගෙ පිට පූජපිටිය  තොරණක් වාගෙ තොට ලඟ කරාබුවක් ඇගෙ හොට ලඟ බෙල්ලට මාල පහයි නංගිට ළමයි දෙකයි වයස fifty.. ඇන්ටි Course Degree,බලපන් මාර ඩිකිය පූජගෙ පිට පූජපිටිය තොරණක් වාගෙ තොට ලඟ කරාබුවක් ඇගෙ හොට ලඟ බෙල්ලට මාල පහයි නංගිට ළමයි දෙකයි වයස fifty.. ඇන්ටි Course Degree,Harassment,0.9004
"බල්ලගෙ නමත් සමීර කීවොත් තොගෙ පුක කනවා... බල්ලගෙ නම ජෝති, ජෝති සමීර   DEADED","බල්ලගෙ නමත් සමීර කීවොත් තොගෙ පුක කනවා... බල්ලගෙ නම ජෝති, ජෝති සමීර දෙඅදෙඩ්",Harassment,0.9341
@USER බල්ලට මේකිව පේනවැත්තේ කාලි අම්ම වගේ.. සෙහ් අම්මප මේමත් ඝෑනු..,බල්ලට මේකිව පේනවැත්තේ කාලි අම්ම වගේ.. සෙහ් අම්මප මේමත් ඝෑනු..,Harassment,0.9307
"@USER බල්ලට මොකුත් කරදරයක් නැ නෙ, උබව හපල ඌට හෙන upset ඇති","බල්ලට මොකුත් කරදරයක් නැ නෙ, උබව හපල ඌට හෙන upset ඇති",Harassment,0.9692
@USER @USER  බල්ලට විදින්න වෙන්නෙ ටෝ බල්ලා හැපුවොත්,බල්ලට විදින්න වෙන්නෙ ටෝ බල්ලා හැපුවොත්,Harassment,0.9424
@USER බල්ලන්ට එහෙම කරල අහුවෙන්න එපා තෝ.,බල්ලන්ට එහෙම කරල අහුවෙන්න එපා තෝ.,Harassment,0.9248
බල්ලා ලබුත් එක්ක බත් කාලා බොක්කේ බුදි  #TongueTwistersSL,බල්ලා ලබුත් එක්ක බත් කාලා බොක්කේ බුදි තොඞුඑත්විස්තෙර්ෂ්ල,Harassment,0.9688
බල්ලෙක් බිරූවිට කන්දක් පාත්වේයයි සිතූ අවජාතක බල්ලෙකුගේ අවජාතක වැඩක්. පව් ඉතින්... @USER  පල gay පොන්න තම්බියා යන්න,බල්ලෙක් බිරූවිට කන්දක් පාත්වේයයි සිතූ අවජාතක බල්ලෙකුගේ අවජාතක වැඩක්. පව් ඉතින්... පල gay පොන්න තම්බියා යන්න,Harassment,0.9829
@USER බල්ලෙක් හදන එකේ අර හොද වංසෙකින් පැවත එන එකෙක් හැදුවනම් කැත නැතුව photo shoot වලට ගන්න තිබ්බනේ......,බල්ලෙක් හදන එකේ අර හොද වංසෙකින් පැවත එන එකෙක් හැදුවනම් කැත නැතුව photo shoot වලට ගන්න තිබ්බනේ......,Harassment,0.9546
බල්ලෙක් හෙන පොන්න වොයිස් එකකින් බුරනෝ..ඒ ගෙට පැනල කකුල් දෙකෙන් අල්ලලා පොලොවෙ ගහල එන්න හිතයි,බල්ලෙක් හෙන පොන්න වොයිස් එකකින් බුරනෝ..ඒ ගෙට පැනල කකුල් දෙකෙන් අල්ලලා පොලොවෙ ගහල එන්න හිතයි,Harassment,0.9624
@USER  @USER බල්ලො ගහන්නෙ නෑ iසේ.. උඹ වගේ වේසියෙක් දාව ජාතක වෙච්ච එකෙක් එක්ක කියවනවට වඩා හොඳයි උඹට උඹේ සබ්ජෙක්ට් එකේ යන්න දෙන එක.. රෙන පුක විකුණන් කාපන්.. අවුලක් නෑ.,බල්ලො ගහන්නෙ නෑ iසේ.. උඹ වගේ වේසියෙක් දාව ජාතක වෙච්ච එකෙක් එක්ක කියවනවට වඩා හොඳයි උඹට උඹේ සබ්ජෙක්ට් එකේ යන්න දෙන එක.. රෙන පුක විකුණන් කාපන්.. අවුලක් නෑ.,Harassment,0.9839
@USER  @USER බල්ලෝ  තෝ අපේ එකා වෙලා   නිකමට call කරලා ඇහුවද යුනේෂය මොකක්ද මේ සීං එක කියල  ඇයි උඹල මැරෙනවා බලන්න ආස එකේද මං,බල්ලෝ තෝ අපේ එකා වෙලා නිකමට call කරලා ඇහුවද යුනේෂය මොකක්ද මේ සීං එක කියල ඇයි උඹල මැරෙනවා බලන්න ආස එකේද මං,Harassment,0.9175
@USER  @USER බලාගෙන අම්තේ ගහන්න ගිහිම් පයිය නැවෙයි,බලාගෙන අම්තේ ගහන්න ගිහිම් පයිය නැවෙයි,Harassment,0.9487
@USER බලෙන් කවුරුත් අරගෙන ගිය නෑ .අවජාතක බල්ලෙක් උඹ ඒකයි බොරු කියනිනේ පරයා,බලෙන් කවුරුත් අරගෙන ගිය නෑ .අවජාතක බල්ලෙක් උඹ ඒකයි බොරු කියනිනේ පරයා,Harassment,0.9551
බව් බව් ගාපු එවුනට දෙන්නේ         මක්කා සව් බාගයට පුක උලපති දෙනු         දැක්කා සිව් හෙල දෙරණෙ කුස පුරවන්නට  ලොක්කා නැව් පුරවලා චීනෙන් ගේනව          කක්කා   Copied from: Sugath Nandanatha,බව් බව් ගාපු එවුනට දෙන්නේ මක්කා සව් බාගයට පුක උලපති දෙනු දැක්කා සිව් හෙල දෙරණෙ කුස පුරවන්නට ලොක්කා නැව් පුරවලා චීනෙන් ගේනව කක්කා Copied from: සුගත් නන්දනත,Harassment,0.9673
බව්වෙක් අරන් හදාන්න ඕනෙ. පූසො හෙන ආඩම්බර වේ** පුතාලා.,බව්වෙක් අරන් හදාන්න ඕනෙ. පූසො හෙන ආඩම්බර වේ** පුතාලා.,Harassment,0.9072
BCD 1975 මේ පොන්න හුකන්නා ආයේ පුත්තලමේ මගේ ඇස් දෙකට පේන්නනම් එන්න එපා කැරි හම්බයා,බ්ච්ඩ් 1975 මේ පොන්න හුකන්නා ආයේ පුත්තලමේ මගේ ඇස් දෙකට පේන්නනම් එන්න එපා කැරි හම්බයා,Harassment,0.9839
බ්ලූ ෆැල්කන්ගේ පුකට පයින් දෙකක් ගහලා මෝඩ ඇලට දාන්න හිතුනෙ මට විතරද?,බ්ලූ ෆැල්කන්ගේ පුකට පයින් දෙකක් ගහලා මෝඩ ඇලට දාන්න හිතුනෙ මට විතරද?,Harassment,0.9395
බැට් කරන්න එන එකාගෙන් නීලීගෙද ජම්බෝලෙගෙද පස්ස ලොකු අහනවා උගේ system malfunction වෙනවා. #TCLSLGamePlans,බැට් කරන්න එන එකාගෙන් නීලීගෙද ජම්බෝලෙගෙද පස්ස ලොකු අහනවා උගේ system malfunction වෙනවා. ට්ච්ල්ස්ල්ගමෙප්ලන්ස්,Harassment,0.9355
@USER බැද ගෙන යන්නේ අලපෙති කරවල වගේ දේවල්   බැඳගෙන යන්න තියෙන්නේ කරත්තෙට ගොනා තමා ඉතිං....   පව් ගොනා මස් කඩේට යන ඕසම් ෆ්ලීන් එක එනවා ඇති,බැද ගෙන යන්නේ අලපෙති කරවල වගේ දේවල් බැඳගෙන යන්න තියෙන්නේ කරත්තෙට ගොනා තමා ඉතිං.... පව් ගොනා මස් කඩේට යන ඕසම් ෆ්ලීන් එක එනවා ඇති,Harassment,0.9233
"බැදලා ඉන්නකන්  බරපතල විදිහට අම්මව දූෂණය කරපු එකාව සාදරයෙන් වඩම්මලා ""දික්කසාද ඇනවසරි"" එක සමරන වේ$& පුතාලා දැකලා නැද්ද?    වෙනිදට ගෝල්ෆේස් එකට ගිහින් බලාගනිල්ලා...  මුන් මේ බඩින් ආවට ඒ අප්පගේ අවජාතක පුත්තුනේ..!   #Feb4 #lka #IndependenceSL","බැදලා ඉන්නකන් බරපතල විදිහට අම්මව දූෂණය කරපු එකාව සාදරයෙන් වඩම්මලා ""දික්කසාද ඇනවසරි"" එක සමරන වේ$& පුතාලා දැකලා නැද්ද? වෙනිදට ගෝල්ෆේස් එකට ගිහින් බලාගනිල්ලා... මුන් මේ බඩින් ආවට ඒ අප්පගේ අවජාතක පුත්තුනේ..! #Feb4 ලක ඉන්දෙපෙන්දෙන්චෙස්ල්",Harassment,0.9604
@USER  @USER    බැද්දගේ ගොනා ... බඩු කාපර්. මටත් අරින්න ආවනෙ. කොහෙද .. මම දුන්න සිද්ධාලේප අසමෝදගම්.,බැද්දගේ ගොනා ... බඩු කාපර්. මටත් අරින්න ආවනෙ. කොහෙද .. මම දුන්න සිද්ධාලේප අසමෝදගම්.,Harassment,0.9668
බැඳලත් නාකි විසේ නිසා මේකේ කෙල්ලොන්ට එලිපිට පැණි හැලීම. වැදියන් මේකනම්. ඩෝං.  #HowToBeATwitterLegendSL,බැඳලත් නාකි විසේ නිසා මේකේ කෙල්ලොන්ට එලිපිට පැණි හැලීම. වැදියන් මේකනම්. ඩෝං. හොව්තොබෙඅත්විත්තෙර්ලෙගෙස්ල,Harassment,0.9692
බැලමෙහෙවර කරන කුස්සි අම්මගෙ කොදු ඇට බබා කඩනවා ඒ අම්මගෙ මෝඩ පුත්තු බෝකුව මත සිටගෙන සිම්පත් දෙකට කඩනවා,බැලමෙහෙවර කරන කුස්සි අම්මගෙ කොදු ඇට බබා කඩනවා ඒ අම්මගෙ මෝඩ පුත්තු බෝකුව මත සිටගෙන සිම්පත් දෙකට කඩනවා,Harassment,0.9663
"@USER @USER   බැල්ලි උසයි බැලලි කොටයි, කොටයි කිව්වේ කපුටෝ කොටනවා වගේ නෙමෙයි උසෙන් අඩුයි","බැල්ලි උසයි බැලලි කොටයි, කොටයි කිව්වේ කපුටෝ කොටනවා වගේ නෙමෙයි උසෙන් අඩුයි",Harassment,0.9014
බැල්ලි මළා.. මන් බාරෙ ඔප්පු කරා...තව එකෙක් මළොත් සරම,බැල්ලි මළා.. මන් බාරෙ ඔප්පු කරා...තව එකෙක් මළොත් සරම,Harassment,0.9521
බැල්ලියෝ බිරුවට කදු පාත් වෙන්නෙ නෑ බන්. බුරන බල්ලො සපා කන්නෙත් නෑ. පස්ස හෝදන්න වතුර නැති උන් ටොයිලට් නෙමේ මේකත් ගද ගස්සනෝ #OsariAkka,බැල්ලියෝ බිරුවට කදු පාත් වෙන්නෙ නෑ බන්. බුරන බල්ලො සපා කන්නෙත් නෑ. පස්ස හෝදන්න වතුර නැති උන් ටොයිලට් නෙමේ මේකත් ගද ගස්සනෝ ඔසරිඅක්ක,Harassment,0.9028
බැල්ලියෝ බිරුවට කදු පාත් වෙන්නෙ නෑ බන්. බුරන බල්ලො සපා කන්නෙත් නෑ. පස්ස හෝදන්න වතුර නැති උන් ටොයිලට් නෙමේ මේකත් ගද ගස්සනෝ #LankanReactions,බැල්ලියෝ බිරුවට කදු පාත් වෙන්නෙ නෑ බන්. බුරන බල්ලො සපා කන්නෙත් නෑ. පස්ස හෝදන්න වතුර නැති උන් ටොයිලට් නෙමේ මේකත් ගද ගස්සනෝ ලංකංරෙඅක්තිඔන්ස,Harassment,0.9561
@USER  @USER බැහැ!? නැමියං දෙකට දෙන්ට තොපෙ පස්සා අණ්ඩ පස්ස මරගාත වෙන්ඩ,බැහැ!? නැමියං දෙකට දෙන්ට තොපෙ පස්සා අණ්ඩ පස්ස මරගාත වෙන්ඩ,Harassment,0.9771
@USER බෑ පොලීසියෙන් පුක පලයි අහු උනොත්,බෑ පොලීසියෙන් පුක පලයි අහු උනොත්,Harassment,0.9155
@USER @USER  @USER  බින්න බහින්න කියලා හිතාගෙන අවේ බලන්ට මාව එලොනවනේ තෝ. අර Spermනස්ගල කිව්වා වගේ තොට හෙණම ගහපිය.,බින්න බහින්න කියලා හිතාගෙන අවේ බලන්ට මාව එලොනවනේ තෝ. අර Spermනස්ගල කිව්වා වගේ තොට හෙණම ගහපිය.,Harassment,0.958
"බිම බලං පලයව් ""සිංහල"" හුත්*ගෙ පුතාලා...  මාලිගාවත්තෙ කොනනැති පක්කො ග්‍රවුන්ඩ් එකේදි ""සිංහලයන්""ට පු* ඇරපු හැටි.  තවත් සහජීවනේට දීපියව් පුක...","බිම බලං පලයව් ""සිංහල"" හුත්*ගෙ පුතාලා... මාලිගාවත්තෙ කොනනැති පක්කො ග්‍රවුන්ඩ් එකේදි ""සිංහලයන්""ට පු* ඇරපු හැටි. තවත් සහජීවනේට දීපියව් පුක...",Harassment,0.9395
@USER බීපන් බීපන් අල්ලපු ගෙදට ඇන්ටි කිව්වා උබව ඉක්ම්නට මරන්න ඔනී කියලා තෝත් මෝඩය වගේ බොනවා ඉටිම් පෙරේත කමට අනේ හරකා,බීපන් බීපන් අල්ලපු ගෙදට ඇන්ටි කිව්වා උබව ඉක්ම්නට මරන්න ඔනී කියලා තෝත් මෝඩය වගේ බොනවා ඉටිම් පෙරේත කමට අනේ හරකා,Harassment,0.9771
@USER  @USER බීරලු හැට්ටෙත් එක්ක ඇන්දේ කම්බා රෙද්ද,බීරලු හැට්ටෙත් එක්ක ඇන්දේ කම්බා රෙද්ද,Harassment,0.9102
@USER බීල ඇවිත් ගස් මුලට හුජ්ජ කලාම ⁣ගහේ ගෙඩි වෙරිවෙනව. ඒකයිඔය.,බීල ඇවිත් ගස් මුලට හුජ්ජ කලාම ⁣ගහේ ගෙඩි වෙරිවෙනව. ඒකයිඔය.,Harassment,0.9316
@USER  @USER බුඈක්කා බඩෙ අමාරු හැදෙයි,බුඈක්කා බඩෙ අමාරු හැදෙයි,Harassment,0.9609
බුදු අම්මේ.... අප්පච්චී..  බඩ යනව අප්පච්චී... පුක රතු වෙලා අප්පච්චී... #GenElecSL,බුදු අම්මේ.... අප්පච්චී.. බඩ යනව අප්පච්චී... පුක රතු වෙලා අප්පච්චී... ගෙනෙලේච්ස්ල්,Harassment,0.938
"බුරිය,පුක,තන් කොච්චර පදාස පදාස පෙන්නුවත් කලගෙඩි බඩ දැක්කම ඒ නාරිලතාව මාර ගහක් වගෙ පේන්න ගන්නවා .","බුරිය,පුක,තන් කොච්චර පදාස පදාස පෙන්නුවත් කලගෙඩි බඩ දැක්කම ඒ නාරිලතාව මාර ගහක් වගෙ පේන්න ගන්නවා .",Harassment,0.9624
@USER  @USER බෙල්ලේ වැල දා ගන්න ගිය attempt එකක් වැරදිලා රෙද්ද ඇග වටේ එතිලා.,බෙල්ලේ වැල දා ගන්න ගිය attempt එකක් වැරදිලා රෙද්ද ඇග වටේ එතිලා.,Harassment,0.9502
@USER බේත් අරන් දියු බඩේ අමාරු හැදුනොත්,බේත් අරන් දියු බඩේ අමාරු හැදුනොත්,Harassment,0.9468
බේබද්දගෙ ලේලි හිටපු ගමන් ගෙදර දුනන්නෙත් ඒකිගෙ මහඑකා ආරූඪ වෙච්ච වෙලාවට වෙන්ඩ ඇති. තෝ මාව හදන්ඩ කලින් තොගෙ එවුන් හදා ගනිං වේසියෙ,බේබද්දගෙ ලේලි හිටපු ගමන් ගෙදර දුනන්නෙත් ඒකිගෙ මහඑකා ආරූඪ වෙච්ච වෙලාවට වෙන්ඩ ඇති. තෝ මාව හදන්ඩ කලින් තොගෙ එවුන් හදා ගනිං වේසියෙ,Harassment,0.9795
@USER බේරා ගත්තවත් කියලා ගුනේ තියෙන්නේ කීයෙන් කී දෙනාගේද බං. හුස්මක් කටක් නිදහසේ අරං ඒ දේ කරලා දුන්නු උන්ටම කෙලවන්න හදනවා. වේස හැතිකරේ.,බේරා ගත්තවත් කියලා ගුනේ තියෙන්නේ කීයෙන් කී දෙනාගේද බං. හුස්මක් කටක් නිදහසේ අරං ඒ දේ කරලා දුන්නු උන්ටම කෙලවන්න හදනවා. වේස හැතිකරේ.,Harassment,0.9326
"බොක්කට බොක්ක  ටොක්කට ටොක්ක  මර්සි නම් , කොක්කට කොක්ක  නාස් ලණුව දාලා අරන් යන්න හු*තෝ දක්ක දක්ක  #PanchLine #SinhalaRap","බොක්කට බොක්ක ටොක්කට ටොක්ක මර්සි නම් , කොක්කට කොක්ක නාස් ලණුව දාලා අරන් යන්න හු*තෝ දක්ක දක්ක පන්ච්ලිනේ සින්හලරප්",Harassment,0.9399
@USER බොගේ ලමයින්ගේ අම්ම ඉවරයි.. දැන් පල,බොගේ ලමයින්ගේ අම්ම ඉවරයි.. දැන් පල,Harassment,0.9331
@USER බොට හැදෙන් නෑ ඔය සක්කිලි ලෙඩ..හැදෙන්නේ බඩේ අමාරුවක් මිසක්,බොට හැදෙන් නෑ ඔය සක්කිලි ලෙඩ..හැදෙන්නේ බඩේ අමාරුවක් මිසක්,Harassment,0.915
@USER @USER  බොතලයකට දලා තියගනින් පාස්සේ tweet කරන ගමන් බොන්න පුලුවන් තොට ලොල්,බොතලයකට දලා තියගනින් පාස්සේ tweet කරන ගමන් බොන්න පුලුවන් තොට ලොල්,Harassment,0.9854
බොනකොට ගානකට වෙරි වෙයං.. . . . . . . . . . . . . . . දැං දෙහි පට්ට ගනං.. #lka,බොනකොට ගානකට වෙරි වෙයං.. . . . . . . . . . . . . . . දැං දෙහි පට්ට ගනං.. ලක,Harassment,0.9541
බොරැවෙන්ම රජවී බොරැවෙන්ම රට කාලා විනාශ කරන සිරිසේන... තොගේ...අම්මට තෝ...වාගේ තව එකෙක් හිටියනම් මේ ලෝකේම කාල විනාස කරනවා !!!,බොරැවෙන්ම රජවී බොරැවෙන්ම රට කාලා විනාශ කරන සිරිසේන... තොගේ...අම්මට තෝ...වාගේ තව එකෙක් හිටියනම් මේ ලෝකේම කාල විනාස කරනවා !!!,Harassment,0.9165
බොරුවට අඩලා කිමද හැපෙන්නෙ විමලා. කලබල කරලා මොකටද නෑ ලෙඩක් වෙලා. උඹ හොදට මිරිකලා දෙහිටික ගනින්කො විමලා.. අනේ උබේ පෙම්බර සයිමා කට් වෙලා.  සුනිලුත් එහෙනම් ගියා ඈ..,බොරුවට අඩලා කිමද හැපෙන්නෙ විමලා. කලබල කරලා මොකටද නෑ ලෙඩක් වෙලා. උඹ හොදට මිරිකලා දෙහිටික ගනින්කො විමලා.. අනේ උබේ පෙම්බර සයිමා කට් වෙලා. සුනිලුත් එහෙනම් ගියා ඈ..,Harassment,0.9272
බොරුවට අඩලා කිමද හැපෙන්නෙ විමලා.... කලබල කරලා මොකටද නෑ ලෙඩක් වෙලා.... උඹ හොදට මිරිකලා දෙහිටික ගනින්කො විමලා.... අනේ උබේ පෙම්බර සයිමා කට් වෙලා.... #සාජ්ජෙ #sajje,බොරුවට අඩලා කිමද හැපෙන්නෙ විමලා.... කලබල කරලා මොකටද නෑ ලෙඩක් වෙලා.... උඹ හොදට මිරිකලා දෙහිටික ගනින්කො විමලා.... අනේ උබේ පෙම්බර සයිමා කට් වෙලා.... #සාජ්ජෙ සාජ්ජේ,Harassment,0.9624
බොලා දන්නවද වැඩක්... මං මේ රෙන පුකට කැටයම් කපනවා,බොලා දන්නවද වැඩක්... මං මේ රෙන පුකට කැටයම් කපනවා,Harassment,0.9204
බොලාලයේ අම්ම අප්පුච්ච.. බොලාලවත්.. බොලාට දාව මෙලෝව හුස්ම ඇදි හරි..  බොලාලාට දාව හුස්ම අදින්නට මනාප දරු පැටික්කි... URL,බොලාලයේ අම්ම අප්පුච්ච.. බොලාලවත්.. බොලාට දාව මෙලෝව හුස්ම ඇදි හරි.. බොලාලාට දාව හුස්ම අදින්නට මනාප දරු පැටික්කි... උර්ල්,Harassment,0.9058
"බෝඩිමේ එහා කාමරේ හිටියා ගොන් හුට්ටෙක් Kumarika Hair Oil කියල හිතාගෙන Kumarika Shampoo ගාගෙන ගිය එකෙක්. රෑ වෙලා ඇවිත් බෝතලේ නිකමට චෙක් කරද්දි සීන් ටෝන් අහුවුණාට පස්සෙ කියනවා ""ඒක තමයි පෙන පෙන වගේ ආවෙ"" ලු. අනේ සුකේ... V I S H W A @USER  · 9 Mar 2019 දම් පාටයි කියල සන්ලයිට් ඇඟේ ගාපු කොල්ලොත් අපි අතරෙ ඉන්නවා.  twitter.com/NightWingzzz/s…","බෝඩිමේ එහා කාමරේ හිටියා ගොන් හුට්ටෙක් කුමාරික Hair Oil කියල හිතාගෙන කුමාරික Shampoo ගාගෙන ගිය එකෙක්. රෑ වෙලා ඇවිත් බෝතලේ නිකමට චෙක් කරද්දි සීන් ටෝන් අහුවුණාට පස්සෙ කියනවා ""ඒක තමයි පෙන පෙන වගේ ආවෙ"" ලු. අනේ සුකේ... ව ඉ ස හ ව අ · 9 Mar 2019 දම් පාටයි කියල සන්ලයිට් ඇඟේ ගාපු කොල්ලොත් අපි අතරෙ ඉන්නවා. ත්විත්තෙර්කොම්නිඝ්ත්විඞ්ළ්ළ්ළ්ස",Harassment,0.9106
බෝලෙන් ගහල දිනන්න යන්නෙ පරය! තෝ වරකො ලංකාවට LPL ගහන්න,බෝලෙන් ගහල දිනන්න යන්නෙ පරය! තෝ වරකො ලංකාවට ල්ප්ල් ගහන්න,Harassment,0.9707
@USER  භානුක වැරදියි අර බඩු කාරයෝ තුන් දෙනා වැරදි නැ  හරි බං එල.තොපිත් එකයි තොපේ වේස ක්‍රිකටුත් එකයි.,භානුක වැරදියි අර බඩු කාරයෝ තුන් දෙනා වැරදි නැ හරි බං එල.තොපිත් එකයි තොපේ වේස ක්‍රිකටුත් එකයි.,Harassment,0.9424
භොක්කෙන්ම කරපු ලව් එක නවත්තලා..  තව එකෙක්ට සිරාවට ලව් කරනවා දකිනකොට හිනා යන්නේ කටින් නේමේ යකෝ..  #හ_හ_පුක_හිනාව_නවත්තපන්  #සතුටින්ඉන්නකොසුදුනෝනා_නෙමේහුකෝලාගන්නේ,භොක්කෙන්ම කරපු ලව් එක නවත්තලා.. තව එකෙක්ට සිරාවට ලව් කරනවා දකිනකොට හිනා යන්නේ කටින් නේමේ යකෝ.. #හ_හ_පුක_හිනාව_නවත්තපන් #සතුටින්ඉන්නකොසුදුනෝනා_නෙමේහුකෝලාගන්නේ,Harassment,0.9062
@USER ම ලකිංබේ රෙන පැණිබිං දු හරිද ස්පේසිං,ම ලකිංබේ රෙන පැණිබිං දු හරිද ස්පේසිං,Harassment,0.9409
මං Candy Crush Saga  ගහන්නේ නෑ හත් ඉලව්වේ.. තේරුම් ගනිල්ලකො රෙද්ද,මං Candy Crush Saga ගහන්නේ නෑ හත් ඉලව්වේ.. තේරුම් ගනිල්ලකො රෙද්ද,Harassment,0.9263
මං ඉස්සර TV බැලුවා. බත් කන වෙලාවට #Harpic වේසිගෙ පුතාලා ලැට් හෝදන ඇඩ් පෙන්නන්න ගත්තම අතෑරුණා.#Koombiyo එක්ක ආයෙ TV බලන්න ගත්තා. තාමත් හාපික් බැල්ලිගෙ පුත්තු ඉන්නවා. තොපි කන්න නැතුව මැරියව් සක්කිලි හැත්ත.,මං ඉස්සර ට්ව බැලුවා. බත් කන වෙලාවට හර්පික් වේසිගෙ පුතාලා ලැට් හෝදන ඇඩ් පෙන්නන්න ගත්තම අතෑරුණා.#Koombiyo එක්ක ආයෙ ට්ව බලන්න ගත්තා. තාමත් හාපික් බැල්ලිගෙ පුත්තු ඉන්නවා. තොපි කන්න නැතුව මැරියව් සක්කිලි හැත්ත.,Harassment,0.9751
@USER  @USER    මං උන්නානන් බැහැපිය පරයා දොට්ට තොට වඩු පට්ටලේ තියලා වරක්ක ලීයෙන් හම ගහලා දොට්ට දාන්ඩ කලින් ආවා ගුලි වෙද්දු කල්ක වක්කරන්න කියලා තමා කියන්නේ.   ඔය වගේ වැඩක් සැර බාල හඳුන්කුඩම ඉස්සරහාත් කරලා තියෙනවා,මං උන්නානන් බැහැපිය පරයා දොට්ට තොට වඩු පට්ටලේ තියලා වරක්ක ලීයෙන් හම ගහලා දොට්ට දාන්ඩ කලින් ආවා ගුලි වෙද්දු කල්ක වක්කරන්න කියලා තමා කියන්නේ. ඔය වගේ වැඩක් සැර බාල හඳුන්කුඩම ඉස්සරහාත් කරලා තියෙනවා,Harassment,0.9546
"@USER මං උඹට කිව්වා නේ  නේද. යන මිනිස්සුන්ට යන්න දියන්. ඉන්න උන් උඹ එක්ක ඉඳි, යන එකා අඳේ පොල්ලක ගැට ගැහුවත් ඌ හරි එකී හරි යනවා","මං උඹට කිව්වා නේ නේද. යන මිනිස්සුන්ට යන්න දියන්. ඉන්න උන් උඹ එක්ක ඉඳි, යන එකා අඳේ පොල්ලක ගැට ගැහුවත් ඌ හරි එකී හරි යනවා",Harassment,0.9053
"මං උඹට පාංසකූලය දුන්නා උඹ තාම නොමළත් දැන් මට ""උඹ"" මැරුණ එකෙක් නිසා. #උඹ_මම","මං උඹට පාංසකූලය දුන්නා උඹ තාම නොමළත් දැන් මට ""උඹ"" මැරුණ එකෙක් නිසා. #උඹ_මම",Harassment,0.9385
@USER මං එකෙක් හැදුවයින් පස්සෙ උඹ හදන තරමක් හදපන් පීස්   @USER,මං එකෙක් හැදුවයින් පස්සෙ උඹ හදන තරමක් හදපන් පීස්,Harassment,0.9722
මං ඒකිට crush නම් ඒකි මටත් crush නම් ඒකිගේ කොල්ලට තීන අමාරැව මොකක්ද?,මං ඒකිට crush නම් ඒකි මටත් crush නම් ඒකිගේ කොල්ලට තීන අමාරැව මොකක්ද?,Harassment,0.9302
මං කරවල හොද්ද උඹ සම්බෝලේ වගේ...,මං කරවල හොද්ද උඹ සම්බෝලේ වගේ...,Harassment,0.9409
මං කළු බල්ලෙක් තෝ ගොළු බෙල්ලෙක් හපලාම දානවා අල්ලලා බෙල්ලෙන්,මං කළු බල්ලෙක් තෝ ගොළු බෙල්ලෙක් හපලාම දානවා අල්ලලා බෙල්ලෙන්,Harassment,0.9604
@USER  @USER මං කොස්ස අතින්වත් ඇල්ලුවෙ නැත්නම් උඹලට වෙන්නෙ පුක කලු කරන් නැගිටින්න,මං කොස්ස අතින්වත් ඇල්ලුවෙ නැත්නම් උඹලට වෙන්නෙ පුක කලු කරන් නැගිටින්න,Harassment,0.9634
@USER @USER  මං කොළ ජාති කපන්නෙ ලෑල්ල උඩ තියලා එතකොට ඇඟිලි කැපෙන්නැහැ. මේස පිහියෙන් කපන්න ගියාමයි අමාරු. ඒත් අපේ අම්මට ලේසි එහෙම,මං කොළ ජාති කපන්නෙ ලෑල්ල උඩ තියලා එතකොට ඇඟිලි කැපෙන්නැහැ. මේස පිහියෙන් කපන්න ගියාමයි අමාරු. ඒත් අපේ අම්මට ලේසි එහෙම,Harassment,0.9092
"මං ගහනවා පුකේ පච්චයක් ""රෙන පුකට මොන කැටයම් ද"" කියලා ඊට පස්සේ යනවා පිදුරංගල","මං ගහනවා පුකේ පච්චයක් ""රෙන පුකට මොන කැටයම් ද"" කියලා ඊට පස්සේ යනවා පිදුරංගල",Harassment,0.9463
මං ට්විටර් එකට ආපු පොඩි කෙල්ලෙක් උනානම්.. වේස බඩුව වගේ හැම එකා එක්කකම කේක් කන්න යනවා..තේබොන්න යනවා විතරක් නෙමෙයි රූමුත් යනවා..  හොද වෙලාවට මම වගේ වල් අදාස් තියෙන එකෙක් කොල්ලෙක් වුනේ..,මං ට්විටර් එකට ආපු පොඩි කෙල්ලෙක් උනානම්.. වේස බඩුව වගේ හැම එකා එක්කකම කේක් කන්න යනවා..තේබොන්න යනවා විතරක් නෙමෙයි රූමුත් යනවා.. හොද වෙලාවට මම වගේ වල් අදාස් තියෙන එකෙක් කොල්ලෙක් වුනේ..,Harassment,0.937
මං තොට ගහන්නෙ තුම්මුල්ල පැනලා   #SriLankanThreats,මං තොට ගහන්නෙ තුම්මුල්ල පැනලා ස්රිලංකංථ්රෙඅත්ස,Harassment,0.9209
@USER  @USER    මං දනුක උනා නම් දැන් මගේ පුක වලක් කපල වලදාගෙන!,මං දනුක උනා නම් දැන් මගේ පුක වලක් කපල වලදාගෙන!,Harassment,0.9678
@USER  @USER මං යකෝ මේකි අරින නයි.. උබ මාව වැලා කරල ඌ එක්ක ගියා...,මං යකෝ මේකි අරින නයි.. උබ මාව වැලා කරල ඌ එක්ක ගියා...,Harassment,0.9678
@USER මං හරක්ගේ පයිය බලන්න ගිහිං නෑ. ඇඟේ හැටියට ඉතිං ලොකු ඇති.,මං හරක්ගේ පයිය බලන්න ගිහිං නෑ. ඇඟේ හැටියට ඉතිං ලොකු ඇති.,Harassment,0.9062
@USER මං හිටි බෝඩිමක ඇන්ටි ධූට බනිනො.. තෝ වේසි මගේ ඔක්කොම ලියාගෙන ඒවයින් කකා බිබී තෝ වේසකමේ යනෝ..මං මේ කීයක්වත් හම්බකරගත්තම තොට ඉවසං ඉන්න බෑ.කතන්දර කියනො.. ආදී වසේන් වලි. ඒ ආන්ටි පවුල් වෙලා උපයාගත්තේ කුනුහබ්බ කියාන රණ්ඩු වෙන්න පුළුවන් දුවෙක්.. ඒකත් වටිනෝ ඉතිං එ නාකි උන්දැට..,මං හිටි බෝඩිමක ඇන්ටි ධූට බනිනො.. තෝ වේසි මගේ ඔක්කොම ලියාගෙන ඒවයින් කකා බිබී තෝ වේසකමේ යනෝ..මං මේ කීයක්වත් හම්බකරගත්තම තොට ඉවසං ඉන්න බෑ.කතන්දර කියනො.. ආදී වසේන් වලි. ඒ ආන්ටි පවුල් වෙලා උපයාගත්තේ කුනුහබ්බ කියාන රණ්ඩු වෙන්න පුළුවන් දුවෙක්.. ඒකත් වටිනෝ ඉතිං එ නාකි උන්දැට..,Harassment,0.9468
@USER මං හිතං ඉන්නෙ වෙඩිමට ගීං කරටි කැඩෙන්න ගහල මනමාලයටත් කනට දෙකක් ගහල තෝ ආයි  මේකිත් එක්ක තරහ උනොත් තොපි දෙන්නම ඩිවෝස් කරනව කියල තර්ජනය කර්න්න. නැත්තං අපිට කනක් ඇහිල ඉන්න වෙන්නෑ..,මං හිතං ඉන්නෙ වෙඩිමට ගීං කරටි කැඩෙන්න ගහල මනමාලයටත් කනට දෙකක් ගහල තෝ ආයි මේකිත් එක්ක තරහ උනොත් තොපි දෙන්නම ඩිවෝස් කරනව කියල තර්ජනය කර්න්න. නැත්තං අපිට කනක් ඇහිල ඉන්න වෙන්නෑ..,Harassment,0.9346
මං හිතන්නේ මං කැමති එකිගේ මුණට නෙවේ.එකිගේ පපුවට ..එක නිසා වෙන්න ඇති මට එකිව අමතක කරන්න අමාරු...,මං හිතන්නේ මං කැමති එකිගේ මුණට නෙවේ.එකිගේ පපුවට ..එක නිසා වෙන්න ඇති මට එකිව අමතක කරන්න අමාරු...,Harassment,0.9517
"@USER  මං හිතුවේ පට්ට පොරක් කියලා තමුන්. ඒත් උඹ සක්කිලි පොන්න අවජාතකයෙක්. #SriLanka #lka  උඹ මේ රටටත්, මහපොළවටත් මහා බරක්. කෙටියෙන්ම කිව්වොත් උඹ මහා ජරා ගොඩක්.","මං හිතුවේ පට්ට පොරක් කියලා තමුන්. ඒත් උඹ සක්කිලි පොන්න අවජාතකයෙක්. ශ්‍රීලංකා ලක උඹ මේ රටටත්, මහපොළවටත් මහා බරක්. කෙටියෙන්ම කිව්වොත් උඹ මහා ජරා ගොඩක්.",Harassment,0.9683
"මං: යකෝ හාමුදුරුවො වඩිනකොට කව්ද පොප්කෝන් ඉහින්නෙ. කපුටො එයි ඊටපස්සෙන් පොප්කෝන් කන්න. හාමුදුරුවොන්ට ඉහින්නෙ විලඳ පොරි, ඒව බෙහෙත් බඩු කඩෙන් ගන්න තියෙනව...   මේකි තව පොඩ්ඩෙන් පොප්කෝන් හදාගෙන ගිහින් හාමුදුරුවන්ට ඉහිනව..","මං: යකෝ හාමුදුරුවො වඩිනකොට කව්ද පොප්කෝන් ඉහින්නෙ. කපුටො එයි ඊටපස්සෙන් පොප්කෝන් කන්න. හාමුදුරුවොන්ට ඉහින්නෙ විලඳ පොරි, ඒව බෙහෙත් බඩු කඩෙන් ගන්න තියෙනව... මේකි තව පොඩ්ඩෙන් පොප්කෝන් හදාගෙන ගිහින් හාමුදුරුවන්ට ඉහිනව..",Harassment,0.9419
"මග හිටියොත් තෝ නසී , ගෙදර ගියොත් අඹු නසී. #VoiceofAparekka","මග හිටියොත් තෝ නසී , ගෙදර ගියොත් අඹු නසී. වොඉකෙඔෆපරෙක්ක",Harassment,0.937
"මගින් හැරෙන්න ඔනේ නම්  උඹට තිබ්බේ, මගේ අතින් අල්ල ගන්නේ නැතුව ඉන්න.... තෙරෙයි දවසක උඹ ඔය යන්නේ නිදහසේ හිර වෙන්න( copied )","මගින් හැරෙන්න ඔනේ නම් උඹට තිබ්බේ, මගේ අතින් අල්ල ගන්නේ නැතුව ඉන්න.... තෙරෙයි දවසක උඹ ඔය යන්නේ නිදහසේ හිර වෙන්න( copied )",Harassment,0.9482
මගෙ Phone එක උස්සපු එකාට හෙනම ගහපිය... කොටියම කාපිය... හත් කඩකට පැලිය... තූ නොදකින් කාලකන්නියා....  කඩේක එහෙම... URL,මගෙ Phone එක උස්සපු එකාට හෙනම ගහපිය... කොටියම කාපිය... හත් කඩකට පැලිය... තූ නොදකින් කාලකන්නියා.... කඩේක එහෙම... උර්ල්,Harassment,0.9702
@USER මගෙ අම්ම අප්පා පල්ලා..මේක ටයිප් කරද්දිත් තෝව මතක් උනා..  ඔයා ඕක ටුවිට් කරපු දවසකත් මට උනේ ඕකමයි බෝලේ..දැන් තී කාපිය බැස්ටිය...,මගෙ අම්ම අප්පා පල්ලා..මේක ටයිප් කරද්දිත් තෝව මතක් උනා.. ඔයා ඕක ටුවිට් කරපු දවසකත් මට උනේ ඕකමයි බෝලේ..දැන් තී කාපිය බැස්ටිය...,Harassment,0.9473
@USER @USER  මගෙ එකට වෙච්ච දෙයක් නෑ කියහන්කො. Original බඩුව. LOL :-P,මගෙ එකට වෙච්ච දෙයක් නෑ කියහන්කො. Original බඩුව. ලොල් ප්,Harassment,0.9634
මගෙ ඔනී පොටො එකකට හා හා බැරිනම් ඔනී එකක් දාපන් මට ප්‍රස්නයක්  නෑ...ඒත් කාබෙරී අවජාතක  අන්ගවිකල මන්ද බුද්දික තුන්වෙල කන්න නැති කනවැද්දුම් වැද්දෝ වගෙ උන් අපෙ පොටො වලට හා හා දාද්දි පුක ලාවට හිනා වෙනවා .,මගෙ ඔනී පොටො එකකට හා හා බැරිනම් ඔනී එකක් දාපන් මට ප්‍රස්නයක් නෑ...ඒත් කාබෙරී අවජාතක අන්ගවිකල මන්ද බුද්දික තුන්වෙල කන්න නැති කනවැද්දුම් වැද්දෝ වගෙ උන් අපෙ පොටො වලට හා හා දාද්දි පුක ලාවට හිනා වෙනවා .,Harassment,0.9497
"මගෙ කොණ්ඩෙ නැතත් ඉන ගාවට, රෙද්ද හැට්ටෙ නොඇන්දාට, හැදිච්චකම තාම තියනවා,,,, අහ අහ","මගෙ කොණ්ඩෙ නැතත් ඉන ගාවට, රෙද්ද හැට්ටෙ නොඇන්දාට, හැදිච්චකම තාම තියනවා,,,, අහ අහ",Harassment,0.9521
මගෙ කොස්ස නැතත් ඉන ගාවට.. රෙද්ද හැට්ට නොඇන්දාට හැදිච්ච කම තාම තියනවා.. #ReplaceASongTitleWithKossa,මගෙ කොස්ස නැතත් ඉන ගාවට.. රෙද්ද හැට්ට නොඇන්දාට හැදිච්ච කම තාම තියනවා.. රෙප්ලකෙඅසොඞ්තිත්ලෙවිථ්කොෂ,Harassment,0.96
@USER මගෙ නම ගැන තෝ පුප නොදී තොගෙ ඔළුව හොයාගනිම්කො ගිහින්.. අහුවෙච්ච එක ඔලුව කියල හයිකරගෙන එනව මෙතන කියෝන්ඩ.. වලස් මාමා..,මගෙ නම ගැන තෝ පුප නොදී තොගෙ ඔළුව හොයාගනිම්කො ගිහින්.. අහුවෙච්ච එක ඔලුව කියල හයිකරගෙන එනව මෙතන කියෝන්ඩ.. වලස් මාමා..,Harassment,0.9092
@USER මගෙ පුකේ ගෙඩි ආවේ කවුරුවත් පුකේ ඇරලා නෙවෙයි අානන්ද! රාජ සිංහ රජ්ජුරුවොත් මැරුණෙත් උන කට්ටක් අැනිලා. රිස්ක් එකක් ගන්න නරකයි.  අනික පක තම්බන්න හිතුවේ වැඩ නැති නිසා නෙවෙයි. ඕන වැඩකට හරි බෙහෙත නිසා. මේ පක නිසා මම කරගෙන තියන වැඩ ඔයා දන්නෙ නැහැ ආනන්ද.,මගෙ පුකේ ගෙඩි ආවේ කවුරුවත් පුකේ ඇරලා නෙවෙයි අානන්ද! රාජ සිංහ රජ්ජුරුවොත් මැරුණෙත් උන කට්ටක් අැනිලා. රිස්ක් එකක් ගන්න නරකයි. අනික පක තම්බන්න හිතුවේ වැඩ නැති නිසා නෙවෙයි. ඕන වැඩකට හරි බෙහෙත නිසා. මේ පක නිසා මම කරගෙන තියන වැඩ ඔයා දන්නෙ නැහැ ආනන්ද.,Harassment,0.9062
@USER  @USER මගෙ බර තියෙන්නෙ මගෙ බයික්කෙ සොකට් උඩයි ටයර් උඩයි.. තොගෙ කරට ඒ බර වැටුනොත් විතරක් තෝ බෙරිහන් දියම්.. එතකං කටින් පඩින්නැතුව ඉටු...,මගෙ බර තියෙන්නෙ මගෙ බයික්කෙ සොකට් උඩයි ටයර් උඩයි.. තොගෙ කරට ඒ බර වැටුනොත් විතරක් තෝ බෙරිහන් දියම්.. එතකං කටින් පඩින්නැතුව ඉටු...,Harassment,0.9678
මගෙත් තියෙනවා.. පපුවේ පැත්තක්.. උඹම හොය හොය අඬනවා නෑ  ඌට නින්දක්... සුදු නෝනා උඹට  දුක නැද්ද ඩිංගක්.. මට තියෙනෙත්  උඹේ වගේම ලේ මස් වලින් හැදුන පපුවක්.. වෙනසකට තිබ්බේ ඌ ගැහෙන්නම උඹ හිංදා විතරක්..,මගෙත් තියෙනවා.. පපුවේ පැත්තක්.. උඹම හොය හොය අඬනවා නෑ ඌට නින්දක්... සුදු නෝනා උඹට දුක නැද්ද ඩිංගක්.. මට තියෙනෙත් උඹේ වගේම ලේ මස් වලින් හැදුන පපුවක්.. වෙනසකට තිබ්බේ ඌ ගැහෙන්නම උඹ හිංදා විතරක්..,Harassment,0.9312
මගේ Account එකට පුක දීපු පරබල්ලෝ. දවස් 7 මේ Account එකෙන් FB පොස්ට් දාන්න බැරි වුනට මං FB ආවා බල්ලො.තොපි හිතන තරම් ලේසියෙන් මගේ කට වහන එක ලේසි නෑ හිකනල් කැරි වේස තම්බියෝ. පුලුවන් තරම් Report කරපිය.තව Account හදන් එනව බල්ලො,මගේ Account එකට පුක දීපු පරබල්ලෝ. දවස් 7 මේ Account එකෙන් ෆ්බ් පොස්ට් දාන්න බැරි වුනට මං ෆ්බ් ආවා බල්ලො.තොපි හිතන තරම් ලේසියෙන් මගේ කට වහන එක ලේසි නෑ හිකනල් කැරි වේස තම්බියෝ. පුලුවන් තරම් Report කරපිය.තව Account හදන් එනව බල්ලො,Harassment,0.9731
@USER මගේ ඇට දෙක දෙක  දෙන්නේ කටට කට කට,මගේ ඇට දෙක දෙක දෙන්නේ කටට කට කට,Harassment,0.9644
මගේ ගෑනිගේ හොද කම කියන්නේ එකී මට හැම වෙලේම කියන්නේ කොච්චර වේස කමේ ගියත් කමක් නෑ ගිහින් ගෙදර එනකොට පයිය හොදට... URL,මගේ ගෑනිගේ හොද කම කියන්නේ එකී මට හැම වෙලේම කියන්නේ කොච්චර වේස කමේ ගියත් කමක් නෑ ගිහින් ගෙදර එනකොට පයිය හොදට... උර්ල්,Harassment,0.9761
@USER මගේ ජීවිතේ මම දැකපු පට්ටම වේස බඩුව ඔය කියන නුවර වංශවත් අම්මණ්ඩියෙක් තමයි...,මගේ ජීවිතේ මම දැකපු පට්ටම වේස බඩුව ඔය කියන නුවර වංශවත් අම්මණ්ඩියෙක් තමයි...,Harassment,0.9458
මගේ ජීවිතේ ලබපු ලොකුම achievement එකක් තමයි රීලා කොලේකින් පුක පිහිදගන්න පුරුදුවුන එක..,මගේ ජීවිතේ ලබපු ලොකුම achievement එකක් තමයි රීලා කොලේකින් පුක පිහිදගන්න පුරුදුවුන එක..,Harassment,0.9512
"මගේ නං පුකේ අවුට්ගොයිං විතරයි මල්ලි, ඉන්කමිං නෑ. උඹේ පුක රෝමිං දාලා ඉන්කමින් විතරනේ. කටින් රෙන ගමන් පුක දිදී වටේ යන්න එපා.  උඹේ මට්ටමෙන් මාව මනින්නත් එපා. හා, දැන් ඇඟිල්ල දාගන්න. යන්න. මතක් කරලා අත හෝදගන්න.","මගේ නං පුකේ අවුට්ගොයිං විතරයි මල්ලි, ඉන්කමිං නෑ. උඹේ පුක රෝමිං දාලා ඉන්කමින් විතරනේ. කටින් රෙන ගමන් පුක දිදී වටේ යන්න එපා. උඹේ මට්ටමෙන් මාව මනින්නත් එපා. හා, දැන් ඇඟිල්ල දාගන්න. යන්න. මතක් කරලා අත හෝදගන්න.",Harassment,0.9678
මගේ පයිය හොඳට ලෙවකන්න බබා,මගේ පයිය හොඳට ලෙවකන්න බබා,Harassment,0.9858
මගේ පුකෙන්නම් පඩේ ඇරියේ ඇයි උබලගේ පුක කහන්නේ  නහය වහන් යන්න පීස්,මගේ පුකෙන්නම් පඩේ ඇරියේ ඇයි උබලගේ පුක කහන්නේ නහය වහන් යන්න පීස්,Harassment,0.9844
මගේ මාලු ටැංකියේ මාලු පැටැව් ටික හොරකම් කරපු එකාල එකීලට වැහි නැති හෙන ගහන්න ඕන.,මගේ මාලු ටැංකියේ මාලු පැටැව් ටික හොරකම් කරපු එකාල එකීලට වැහි නැති හෙන ගහන්න ඕන.,Harassment,0.9224
@USER  @USER මගේ ලගට එවන්න අල්ලල..මම ගන්නම් පුක බෝර් කරල.... #imgay,මගේ ලගට එවන්න අල්ලල..මම ගන්නම් පුක බෝර් කරල.... ඉම්ගය්,Harassment,0.9795
මගේ හෙළුවැලි කය විකුණාගෙන කෑ තොපට හෙන හතම වැදියවු - URL URL,මගේ හෙළුවැලි කය විකුණාගෙන කෑ තොපට හෙන හතම වැදියවු - උර්ල් උර්ල්,Harassment,0.9512
"@USER මචං  @USER  - හැප්පිලා මැරෙන්න, ගගේ මූදේ නාන්න බය වෙන්න එපා. උඹ මලොත්, ධම්මරතන උඹේ වත්කම් බලාගනී.","මචං - හැප්පිලා මැරෙන්න, ගගේ මූදේ නාන්න බය වෙන්න එපා. උඹ මලොත්, ධම්මරතන උඹේ වත්කම් බලාගනී.",Harassment,0.9502
මචං ඔය කියන විදියට උඹට ගෑණිට හු#න්න බෑ.. මොකද උඹ ඒකිගේ රෙද්ද ගලෝපු ගමන් උඹේ මතේ අනුව උඹේ ගෑණි ගණිකාව.. යකෝ රෙද්ද එක්ක හු#න කොට උඹේ බිජ්ජ හිරි වැටෙයි.. ආහ් නෑනේ  කොන කපලනේ..   නැට්ට පිටින් අලි මැරෙනෝ කියලා අහලා තිබ්බට අද තමා දන්නේ රෙද්ද පිටින් හු#න්න පුලුවන් කියලත් ගැම්ම අහ්.. URL This Tweet is unavailable.,මචං ඔය කියන විදියට උඹට ගෑණිට හු#න්න බෑ.. මොකද උඹ ඒකිගේ රෙද්ද ගලෝපු ගමන් උඹේ මතේ අනුව උඹේ ගෑණි ගණිකාව.. යකෝ රෙද්ද එක්ක හු#න කොට උඹේ බිජ්ජ හිරි වැටෙයි.. ආහ් නෑනේ කොන කපලනේ.. නැට්ට පිටින් අලි මැරෙනෝ කියලා අහලා තිබ්බට අද තමා දන්නේ රෙද්ද පිටින් හු#න්න පුලුවන් කියලත් ගැම්ම අහ්.. උර්ල් This Tweet ඉස unavailable.,Harassment,0.979
මචං බලපංකෝ අරකිගේ පුක  මම - ඇයි ගූ කන්නද..?  තූ නොදකිං කොල්ලෝ කාරයා,මචං බලපංකෝ අරකිගේ පුක මම - ඇයි ගූ කන්නද..? තූ නොදකිං කොල්ලෝ කාරයා,Harassment,0.9043
"@USER @USER  මචං,  උඹ/උඹට ටොක් කරන කෙල්ලෙක්ද? නැත්තං අපේ  @USER  ගෙ හුට පටයද? @USER","මචං, උඹ/උඹට ටොක් කරන කෙල්ලෙක්ද? නැත්තං අපේ ගෙ හුට පටයද?",Harassment,0.9629
මචන් මන් ඔසරි අදින්න ගත්තේ උබ ඉපදෙන්නත් කලින්. නයි නෙමේ හැපින්නක් නයි රෙද්ද අස්සේ නෙමේ බෙල්ල වටේ ඔතා ගන්නේ පිම්පි දුස්හෙන්,මචන් මන් ඔසරි අදින්න ගත්තේ උබ ඉපදෙන්නත් කලින්. නයි නෙමේ හැපින්නක් නයි රෙද්ද අස්සේ නෙමේ බෙල්ල වටේ ඔතා ගන්නේ පිම්පි දුස්හෙන්,Harassment,0.978
මට cleaning ජොබක්වත් දෙන්නේ නැති කඩකාරයන්ට හෙන ගහල ගං වතුර ගලපන්. රෙද්ද!!,මට cleaning ජොබක්වත් දෙන්නේ නැති කඩකාරයන්ට හෙන ගහල ගං වතුර ගලපන්. රෙද්ද!!,Harassment,0.9287
"@USER මට ආදල සීන්ස් කියන්නේ මර්වින්, කැත කතා කිව්වොත් ගස් බඳිනව තෝව","මට ආදල සීන්ස් කියන්නේ මර්වින්, කැත කතා කිව්වොත් ගස් බඳිනව තෝව",Harassment,0.915
මට උඹේ බෙල්ල බදාගෙන නහය හපන්ඩෝන රැවුල්ගස් දත්වලින් අල්ලල කටින් අදින්ඩෝන රිදිල යක්සාරූඪ උනොත් පස්ස මිරිකල දුවන්ඩෝන   ආයෙ ටිකකින් දුවගෙන ඇවිත් පෙරලගන්ඩෝන බෙල්ල  අයිනෙ උරහිස ලඟ ඉඹින්ඩෝන කම්මුල්දෙකට මාරුවෙන් මාරුවට හාදු 100ක්වත් එක දිගට දෙන්ඩෝන   අන්න ඒම ඕන රාස්සයො හාද,මට උඹේ බෙල්ල බදාගෙන නහය හපන්ඩෝන රැවුල්ගස් දත්වලින් අල්ලල කටින් අදින්ඩෝන රිදිල යක්සාරූඪ උනොත් පස්ස මිරිකල දුවන්ඩෝන ආයෙ ටිකකින් දුවගෙන ඇවිත් පෙරලගන්ඩෝන බෙල්ල අයිනෙ උරහිස ලඟ ඉඹින්ඩෝන කම්මුල්දෙකට මාරුවෙන් මාරුවට හාදු 100ක්වත් එක දිගට දෙන්ඩෝන අන්න ඒම ඕන රාස්සයො හාද,Harassment,0.9009
@USER  @USER    මට එහෙම ගැහුවොත් ඔකගේ දත් ටික පුකෙන් එන්න දෙන්නේ බල්ලා.පුදුම තරහක් එන්නේ .ලමයෙක්ට ගහන්න තරම් මු.... වරදක් කරපු එකෙක්ට සමාව දෙන්න ඔන වරද පිලිගත්ත නම්.එකයි යුතුකම.,මට එහෙම ගැහුවොත් ඔකගේ දත් ටික පුකෙන් එන්න දෙන්නේ බල්ලා.පුදුම තරහක් එන්නේ .ලමයෙක්ට ගහන්න තරම් මු.... වරදක් කරපු එකෙක්ට සමාව දෙන්න ඔන වරද පිලිගත්ත නම්.එකයි යුතුකම.,Harassment,0.9458
@USER මට ඕන නිසා මම private hospital  එකකට යනවා.. උඹට අමාරුද. නිකන් ණයට කහින් නැතුව හිටපන්. එක එකාගේ වලං හෝදන්න එනවා. කොන්ද පණ  තියනවා නං හරි මුනත් තහඩුව දාගෙන වරෙං.. තොපේ මහ උන් වගේම තමා තොපි ඔක්කොම. කොන්ද පණ  නැති පොන්න හැත්ත,මට ඕන නිසා මම private hospital එකකට යනවා.. උඹට අමාරුද. නිකන් ණයට කහින් නැතුව හිටපන්. එක එකාගේ වලං හෝදන්න එනවා. කොන්ද පණ තියනවා නං හරි මුනත් තහඩුව දාගෙන වරෙං.. තොපේ මහ උන් වගේම තමා තොපි ඔක්කොම. කොන්ද පණ නැති පොන්න හැත්ත,Harassment,0.9624
@USER මට කඩේ යනවද නැද්ද කියන්න උඹ එන්න ඔනි නෑ පොඩි එකෝ.. කට පුක පියාගෙන සූප්පුවක් උර උර හිටපන්..   මන් දානවා බලන් ඉන්න බැරිනන් mute කරපන්,මට කඩේ යනවද නැද්ද කියන්න උඹ එන්න ඔනි නෑ පොඩි එකෝ.. කට පුක පියාගෙන සූප්පුවක් උර උර හිටපන්.. මන් දානවා බලන් ඉන්න බැරිනන් mute කරපන්,Harassment,0.9478
"මට කරපු බලු වැඩේට තොට වැහි නැති හෙනගහපන් , තෝ බයික් එකෙන් යද්දි වැටිලා අතක් පයක් කැඩිලා මැරියන් හු&%&#තා තොට... URL","මට කරපු බලු වැඩේට තොට වැහි නැති හෙනගහපන් , තෝ බයික් එකෙන් යද්දි වැටිලා අතක් පයක් කැඩිලා මැරියන් හු&%&#තා තොට... උර්ල්",Harassment,0.9785
මට කරපු වරදකුත් නෑ. ඒත් මට අර කට පුක වගේ Dp තියන කෙල්ලගේ dp ය දැක්කාම හිනා යනවා.,මට කරපු වරදකුත් නෑ. ඒත් මට අර කට පුක වගේ දප් තියන කෙල්ලගේ දප් ය දැක්කාම හිනා යනවා.,Harassment,0.9243
මට තියන එකම බය රත්ගමයා වගේ අපේ මිනිහගෙත් වෙඩින් එකට කලින් ලොන් හැලිලා නාකි වෙයිද කියලා  URL This Tweet is unavailable.,මට තියන එකම බය රත්ගමයා වගේ අපේ මිනිහගෙත් වෙඩින් එකට කලින් ලොන් හැලිලා නාකි වෙයිද කියලා උර්ල් This Tweet ඉස unavailable.,Harassment,0.9482
මට දැන් ඇසුරු කරන්න වෙලා තියෙන්නේ ඉබි මස් හිටන් කන වේස හැත්තක් එක්ක බන්.කරන්න දෙයක් නැති කමට ඉන්නවා මිසන් වෙන කරන්න දෙයක් නැ ඔයි :/ :/,මට දැන් ඇසුරු කරන්න වෙලා තියෙන්නේ ඉබි මස් හිටන් කන වේස හැත්තක් එක්ක බන්.කරන්න දෙයක් නැති කමට ඉන්නවා මිසන් වෙන කරන්න දෙයක් නැ ඔයි :/ :/,Harassment,0.9106
@USER මට නම් අයියා ඔය ලයික් හිගාකන වේසිගෙ පුතාලා පෙන්නන්න බෑ. ඊට එහා ඉරාජ් ට පුක දෙන මේකේ ඉන්න ජංගි අඳින පිරිමි ටික,මට නම් අයියා ඔය ලයික් හිගාකන වේසිගෙ පුතාලා පෙන්නන්න බෑ. ඊට එහා ඉරාජ් ට පුක දෙන මේකේ ඉන්න ජංගි අඳින පිරිමි ටික,Harassment,0.9424
@USER මට ප්‍රශ්නේ තියෙන්නෙ ඌ හැමදාම උදේට පුක සුදුද කලුද කියලා බලනවද එතකොට ??,මට ප්‍රශ්නේ තියෙන්නෙ ඌ හැමදාම උදේට පුක සුදුද කලුද කියලා බලනවද එතකොට ??,Harassment,0.9028
@USER මට පුකේ අමාරැව කියලා උබ දන්නේ කොහොමද දැනුනද උබට මට කෙසේ වෙතත් වැල්ලෙ රෙන උබටනම් එසෙ මෙසේ පුක් ගායක් නෙමේ තියෙන්නේ උබට,මට පුකේ අමාරැව කියලා උබ දන්නේ කොහොමද දැනුනද උබට මට කෙසේ වෙතත් වැල්ලෙ රෙන උබටනම් එසෙ මෙසේ පුක් ගායක් නෙමේ තියෙන්නේ උබට,Harassment,0.9722
මට බැහැ මේ වේස Code  එක්ක හැමනෙන්න,මට බැහැ මේ වේස Code එක්ක හැමනෙන්න,Harassment,0.9858
මට වර 3ක් හම්බුනොත්.  ඕන පුකක් වෙයං.   ( ඇග පුරාම පුකවල් සෑදේ) .මේ සේරම පුකවල් ටික නැති වේවා.. (තිබ්බ පුකත් නැතිවේ) .තිබ්බ පුක විතරක් ආයි එන්න. ඩම්බල්ඩෝර් @USER  · 21 Oct 2018 මට වරයක් හම්බුනොත්...  . හිමාගෙ ඉමෝජි කීබෝඩ් එක අයින් කරනවා . ලිලීගෙන් හොදක් කියල ට්වීට් එකක් දම්මගන්නව . ටීනිගෙ උස අඩු කරනවා . ටික්ටොක් අයින් කරනවා  ම්ම් තව මොනවද?,මට වර 3ක් හම්බුනොත්. ඕන පුකක් වෙයං. ( ඇග පුරාම පුකවල් සෑදේ) .මේ සේරම පුකවල් ටික නැති වේවා.. (තිබ්බ පුකත් නැතිවේ) .තිබ්බ පුක විතරක් ආයි එන්න. ඩම්බල්ඩෝර් · 21 ඔච්ට් 2018 මට වරයක් හම්බුනොත්... . හිමාගෙ ඉමෝජි කීබෝඩ් එක අයින් කරනවා . ලිලීගෙන් හොදක් කියල ට්වීට් එකක් දම්මගන්නව . ටීනිගෙ උස අඩු කරනවා . ටික්ටොක් අයින් කරනවා ම්ම් තව මොනවද?,Harassment,0.96
මට සරළව කියන්න තියෙන්නෙ 'අවජාතක බල්ලොනේ තොපිට හෙන හත ගහනවා'󾌹󾌹󾌹 URL,මට සරළව කියන්න තියෙන්නෙ 'අවජාතක බල්ලොනේ තොපිට හෙන හත ගහනවා'󾌹󾌹󾌹 උර්ල්,Harassment,0.9419
මට හිතෙන්නෙ ඉන්දියාවෙ උන් අපේ team එකේ උන්ට දෙහි කපලා. ඇයි යකෝ දැන් කීයක් injured ද. 12කට කිට්ටු වෙන්න ඉන්නවා.,මට හිතෙන්නෙ ඉන්දියාවෙ උන් අපේ team එකේ උන්ට දෙහි කපලා. ඇයි යකෝ දැන් කීයක් injured ද. 12කට කිට්ටු වෙන්න ඉන්නවා.,Harassment,0.9272
මට හුකන්න තෝ කවුද පකයෝ URL,මට හුකන්න තෝ කවුද පකයෝ උර්ල්,Harassment,0.981
@USER  @USER මට හුලංබෑව කියන්න තෝ මොකාද හුලං බොකන්නා..,මට හුලංබෑව කියන්න තෝ මොකාද හුලං බොකන්නා..,Harassment,0.9673
මට්ට හම්බ තම්බි කොච්චි ඔක්කොම එකතු වී.. ලට්ට පට්ට එකතු කරල ගිලිනව පොදි ගැහී.. දවස් හතක් කන ඒවා එක රෑකට බුදී.. දාවලෙ සර්දාවෙන් වගෙ නිරාහාරෙ සිටී.. #තූ,මට්ට හම්බ තම්බි කොච්චි ඔක්කොම එකතු වී.. ලට්ට පට්ට එකතු කරල ගිලිනව පොදි ගැහී.. දවස් හතක් කන ඒවා එක රෑකට බුදී.. දාවලෙ සර්දාවෙන් වගෙ නිරාහාරෙ සිටී.. #තූ,Harassment,0.936
"මඩකුඹුරයා, පුක කැඩිච්ච කඩියා වගේ ෆොම්වෙලා හතර අතේ reply ගගහා යනවා. පව් ඉතින් හම්බකරන් කන එකට කෙල උනාම දුක ඇති  #PMChangedSL","මඩකුඹුරයා, පුක කැඩිච්ච කඩියා වගේ ෆොම්වෙලා හතර අතේ reply ගගහා යනවා. පව් ඉතින් හම්බකරන් කන එකට කෙල උනාම දුක ඇති ප්ම්චන්ගේඩ්ස්ල්",Harassment,0.9756
@USER @USER  මඩු වලිගේ යකෝ. මුන් මුහුද අල්ලපු වැටේ තියන් මඩු වලිගෙ මොකක්ද අහනවනේ. ඔක්කොටම කලින් මේකට තමා මඩු වලිගෙන් ගහන්න ඕනා.,මඩු වලිගේ යකෝ. මුන් මුහුද අල්ලපු වැටේ තියන් මඩු වලිගෙ මොකක්ද අහනවනේ. ඔක්කොටම කලින් මේකට තමා මඩු වලිගෙන් ගහන්න ඕනා.,Harassment,0.915
මතක තියාගනින් මොන ගෑණි එක්ක හිටියත්  අන්තිමේට මිනිය  දෙන්නේ  කසාඳ ගෑණිට .,මතක තියාගනින් මොන ගෑණි එක්ක හිටියත් අන්තිමේට මිනිය දෙන්නේ කසාඳ ගෑණිට .,Harassment,0.912
Madhu Roxට මෝඩ හුකන්නා කියා හිනා වෙවි ඌ ගැන post share කර කර ඒ මෝඩ හුකන්නව ජනප්‍රිය කරන මෝඩ හුකන ජාතියක් බං අපි.  #ලංකාව #lka #srilanka #miracleoffuckingasia,මධු Roxට මෝඩ හුකන්නා කියා හිනා වෙවි ඌ ගැන post share කර කර ඒ මෝඩ හුකන්නව ජනප්‍රිය කරන මෝඩ හුකන ජාතියක් බං අපි. #ලංකාව ලක ශ්‍රීලංකා මිරක්ලෙඔෆ්ෆුක්කිඞසිඅ,Harassment,0.9858
මන් ඒකිට love නම්        ඒකි මට love නම්  මොකද්ද  යකො ඒකිගෙ මිනිහට තියන අමාරුව,මන් ඒකිට love නම් ඒකි මට love නම් මොකද්ද යකො ඒකිගෙ මිනිහට තියන අමාරුව,Harassment,0.9468
මන් ඕර්ඩර් කරපු චිකන් කෑම එක හොරාට කාල මට වෙජි කෑම එකක් තියපු එකාට දවස් 7ක් බඩ පලයන්. #බඩගිනිSL,මන් ඕර්ඩර් කරපු චිකන් කෑම එක හොරාට කාල මට වෙජි කෑම එකක් තියපු එකාට දවස් 7ක් බඩ පලයන්. #බඩගිනිSL,Harassment,0.9185
මන් තොගෙ අම්මට බයත් නෑ යකෝ! #TheWaliya2015,මන් තොගෙ අම්මට බයත් නෑ යකෝ! #TheWaliya2015,Harassment,0.9512
@USER මන් දැක්ක තෝව. මන් අත වැනුව. තෝ යන්න ගියානෙ,මන් දැක්ක තෝව. මන් අත වැනුව. තෝ යන්න ගියානෙ,Harassment,0.9258
@USER මන් බෞද්ධ තමයි කැරි පොන්න හුත්තිගේ පුතෝ. තෝ ගිහින් තොගේ අම්මාට හුකපන් පොන්න ඌරා. තෝ වගේ කැරි පොන්න වේස බල්ලන්ට කතා කරන්න ඕන භාෂාව තමයි මේ. තෝ ගිහින් පුකේ ඇරපන් තොගේ අම්මාට. එහෙම නැත්නම් තොට අසහනේ නම් යකඩ උලක් රත් කරලා තියා ගනින් තොගේ අහවල් එකට.,මන් බෞද්ධ තමයි කැරි පොන්න හුත්තිගේ පුතෝ. තෝ ගිහින් තොගේ අම්මාට හුකපන් පොන්න ඌරා. තෝ වගේ කැරි පොන්න වේස බල්ලන්ට කතා කරන්න ඕන භාෂාව තමයි මේ. තෝ ගිහින් පුකේ ඇරපන් තොගේ අම්මාට. එහෙම නැත්නම් තොට අසහනේ නම් යකඩ උලක් රත් කරලා තියා ගනින් තොගේ අහවල් එකට.,Harassment,0.9883
මන් මේ උඹ කියනකන් හිටියේ.. උඹ වගේ ගෙවල පකෙක් මට උඅපදෙස් දෙනකන් මම මේ බලන් හිටියේ.. අනේ වැලලියන් බන් ගිහින් කකුස්සි වලක් හාරන්.. තෝ වගේ රෙන පුක උකස් කරන පාන් පක්කු මම ඕන තරම් දැකලා තියනවා.. King Of Happiness @USER  · 22 Aug 2020  @USER@USER මොනවද මේ භාවිතා කරන වචන. ලැජ්ජ නැද්ද බං උඹට. යකෝ උඹට මං එක නරක වචනය කියලා නෑ දැනට වත්. වචන සෙට් එක මුලින්ම හදාගනින්. මිනිස්සුන්ට කේන්ති යන එක සාමාන්‍යයයි. නමුත් මනුස්සකම කියන එකෙන් පහතට වැටෙන්නේ පා. ප්ලීස්,මන් මේ උඹ කියනකන් හිටියේ.. උඹ වගේ ගෙවල පකෙක් මට උඅපදෙස් දෙනකන් මම මේ බලන් හිටියේ.. අනේ වැලලියන් බන් ගිහින් කකුස්සි වලක් හාරන්.. තෝ වගේ රෙන පුක උකස් කරන පාන් පක්කු මම ඕන තරම් දැකලා තියනවා.. King ඔෆ් Happiness · 22 ඖග් 2020 මොනවද මේ භාවිතා කරන වචන. ලැජ්ජ නැද්ද බං උඹට. යකෝ උඹට මං එක නරක වචනය කියලා නෑ දැනට වත්. වචන සෙට් එක මුලින්ම හදාගනින්. මිනිස්සුන්ට කේන්ති යන එක සාමාන්‍යයයි. නමුත් මනුස්සකම කියන එකෙන් පහතට වැටෙන්නේ පා. ප්ලීස්,Harassment,0.9463
මන් හේනෙ හිටවපු දේවල් -මායා බෝංචි වැල -ගංජ -කංස -අබින් -කල්ප වෘක්ෂ ආ තොපිට කන්න දෙන්න කනේරුත් හිටෙව්වා  රෙද්ද,මන් හේනෙ හිටවපු දේවල් -මායා බෝංචි වැල -ගංජ -කංස -අබින් -කල්ප වෘක්ෂ ආ තොපිට කන්න දෙන්න කනේරුත් හිටෙව්වා රෙද්ද,Harassment,0.938
@USER මනුස්සකමට රෙද්ද ඉස්සුවම පුපේ අරින්න එනව ගොඩක් යාලුවො,මනුස්සකමට රෙද්ද ඉස්සුවම පුපේ අරින්න එනව ගොඩක් යාලුවො,Harassment,0.9189
මම - අම්මේ මම කැමතී අම්මගේ දූව කසාද බදින්න   එයාගෙ අම්ම - මොකදො#$$%% කියන්නෙ උබ *&%$# මගේ දූ බදින්න පලෑං *$$## පුතේ යන්ඩ   මම -,මම - අම්මේ මම කැමතී අම්මගේ දූව කසාද බදින්න එයාගෙ අම්ම - මොකදො#$$%% කියන්නෙ උබ *&%$# මගේ දූ බදින්න පලෑං *$$## පුතේ යන්ඩ මම -,Harassment,0.9282
මම online ආවම උඹේ හෙන ලොකු line දැන් මම ofline ඉන්කොට ඇයිද මේ උඹේ වෙන line......,මම online ආවම උඹේ හෙන ලොකු line දැන් මම ඔෆ්ලිනේ ඉන්කොට ඇයිද මේ උඹේ වෙන line......,Harassment,0.9805
මම අරයට love ...  අරයා උට love .. ඌ අරකිට love .. ඒකි මට love ..  මේක මාර වැඩක් යකෝ #සිතුවිලි,මම අරයට love ... අරයා උට love .. ඌ අරකිට love .. ඒකි මට love .. මේක මාර වැඩක් යකෝ #සිතුවිලි,Harassment,0.9604
@USER  @USER මම කාගේ රැවුල හෙව්වත් තොට තියන පුකේ අමාරුව මොකක්ද හුත්තෝ?,මම කාගේ රැවුල හෙව්වත් තොට තියන පුකේ අමාරුව මොකක්ද හුත්තෝ?,Harassment,0.9312
@USER @USER  @USER  මම කාලා එනවා. .හිටිහොත් තොට බත් කටේ හිර කරලා මරනවා,මම කාලා එනවා. .හිටිහොත් තොට බත් කටේ හිර කරලා මරනවා,Harassment,0.9556
@USER මම ජැපනීස් ඉගෙන ගන්ට ආසාවක් ඇතිවුණෙ අල්ලපු ගෙදර ඉඳපු ජැපනීස් කපල් එක නිකමට හුකමුකො මයත්තයයි හුක හුක ඉමුකො නෝනයි නිසා...,මම ජැපනීස් ඉගෙන ගන්ට ආසාවක් ඇතිවුණෙ අල්ලපු ගෙදර ඉඳපු ජැපනීස් කපල් එක නිකමට හුකමුකො මයත්තයයි හුක හුක ඉමුකො නෝනයි නිසා...,Harassment,0.9673
මම තොගෙ කෙල්ලත් එක්ක class එකේදි එකට නිදාගෙන තියෙනවා යකෝ #SriLankanThreats,මම තොගෙ කෙල්ලත් එක්ක class එකේදි එකට නිදාගෙන තියෙනවා යකෝ ස්රිලංකංථ්රෙඅත්ස,Harassment,0.918
මම දැකපු ගොන්ම තර්ක වලින් එකක් තමයි සුද්දෝ බෙට්ට දාලා පුක පිහිදානවා උඹලා පුක හෝදනවා ඒ නිසා එහේ රැප්වල කුණුහරුප... URL,මම දැකපු ගොන්ම තර්ක වලින් එකක් තමයි සුද්දෝ බෙට්ට දාලා පුක පිහිදානවා උඹලා පුක හෝදනවා ඒ නිසා එහේ රැප්වල කුණුහරුප... උර්ල්,Harassment,0.9468
මම දැන් හුරතලේට හදන්නේ තඩි කොටියෙක්,මම දැන් හුරතලේට හදන්නේ තඩි කොටියෙක්,Harassment,0.9082
@USER මම මගෙ වැදගත්කම බලාගන්නම්. මට උබ වගෙ පොන්න හුත්තිගෙ පුතාලව කොහොමත් දිරවන්නෙ නෑ. මේවා උබගෙ අම්මගෙයි තාත්තගෙයි වැරදි වගේම හරි හමන් යාළුවො නැතිකම.   දැන් මෙතන පුක නොදී ආ ආතක් බලාගෙන චුත වෙයන්.,මම මගෙ වැදගත්කම බලාගන්නම්. මට උබ වගෙ පොන්න හුත්තිගෙ පුතාලව කොහොමත් දිරවන්නෙ නෑ. මේවා උබගෙ අම්මගෙයි තාත්තගෙයි වැරදි වගේම හරි හමන් යාළුවො නැතිකම. දැන් මෙතන පුක නොදී ආ ආතක් බලාගෙන චුත වෙයන්.,Harassment,0.98
මම මුට කොහොම කතා කරන්නද මෛත්‍රී කැරියෝ පයිය තියාගෙන ඇට දෙකෙන් හුකන්න හදන්න එපා,මම මුට කොහොම කතා කරන්නද මෛත්‍රී කැරියෝ පයිය තියාගෙන ඇට දෙකෙන් හුකන්න හදන්න එපා,Harassment,0.9561
@USER  @USER මම මෙහෙම ඉදලා තනිකඩව මැරිච්ච දෙන්කො. මම තෝ මැරෙනකම්ම තොගෙ වටේ හොල්මන් කරනවා,මම මෙහෙම ඉදලා තනිකඩව මැරිච්ච දෙන්කො. මම තෝ මැරෙනකම්ම තොගෙ වටේ හොල්මන් කරනවා,Harassment,0.9653
"My version:  රිලවා, ඔටුවා, උලමා, කබරයා,ගංකබරයා, ඌරා, හැකරැල්ලා, හිකනැල්ලා, ගොනා, ගොනා බඳින කණුව....  URL This Tweet is unavailable.","මය් version: රිලවා, ඔටුවා, උලමා, කබරයා,ගංකබරයා, ඌරා, හැකරැල්ලා, හිකනැල්ලා, ගොනා, ගොනා බඳින කණුව.... උර්ල් This Tweet ඉස unavailable.",Harassment,0.9424
@USER  @USER  @USER  @USER  මයිත්රීපාල උඹේ අම්ම මතක් කලා කියපන් වේස බල්ලා,මයිත්රීපාල උඹේ අම්ම මතක් කලා කියපන් වේස බල්ලා,Harassment,0.9243
"මරනවා, කපනවා, අනිනවා වෙඩි තියනවා. හෙන හැපනිං දැන් ලංකාව ආයේ","මරනවා, කපනවා, අනිනවා වෙඩි තියනවා. හෙන හැපනිං දැන් ලංකාව ආයේ",Harassment,0.9282
මරියසිලෝ මගේ මරියසිලෝ රිදී වැල්ලේ දැල් තෝරන මරියසිලෝ  අඹකඳවිල ඔරු තොටුපොළ මේ මම උන් කල දැල් එල එල උඹ දුන් බර කැඳ ගොටුකොල පිනවයි බොල මගේ මන දොල  නෙරියට හැට්ටේ ඇඳන් තියලා සුරුක්කූ සෙව්වට උඹ යනකොට දමලා මුරුක්කූ උඹ දනිය වහන් සුළං සාය උඩට උරුක්කූ,මරියසිලෝ මගේ මරියසිලෝ රිදී වැල්ලේ දැල් තෝරන මරියසිලෝ අඹකඳවිල ඔරු තොටුපොළ මේ මම උන් කල දැල් එල එල උඹ දුන් බර කැඳ ගොටුකොල පිනවයි බොල මගේ මන දොල නෙරියට හැට්ටේ ඇඳන් තියලා සුරුක්කූ සෙව්වට උඹ යනකොට දමලා මුරුක්කූ උඹ දනිය වහන් සුළං සාය උඩට උරුක්කූ,Harassment,0.9326
මලක මෙළෙක් සුසිනිදු  පෙතිත් තලා.. බඹරෙකු වී එහි පැණි ද උරා සුනෙත් සර් උඹ කලානෙ ගුරුකමට නිගා..    හොදම හරිය මෙතනයි  බලපන් පුතා කියමින් ම⁣ගෙ නොහොබිනා ගජා සර්ගේ සංසිද්ධියම  වට්සැප් කලා හුටා  හිටං කවි ලියවෙනවා ඕයි ශාන්ත..     #බොක්කෙයාළුවා,මලක මෙළෙක් සුසිනිදු පෙතිත් තලා.. බඹරෙකු වී එහි පැණි ද උරා සුනෙත් සර් උඹ කලානෙ ගුරුකමට නිගා.. හොදම හරිය මෙතනයි බලපන් පුතා කියමින් ම⁣ගෙ නොහොබිනා ගජා සර්ගේ සංසිද්ධියම වට්සැප් කලා හුටා හිටං කවි ලියවෙනවා ඕයි ශාන්ත.. #බොක්කෙයාළුවා,Harassment,0.9111
මලක් ගැහුවනං එකෙන්ම ශේප් ආ. අපේ ඩෙංගු හැදිල හොඳ උන එකෙකුට ගැස්සුව. අඟේ පතේ අමාරු සුන්නත්දූලී,මලක් ගැහුවනං එකෙන්ම ශේප් ආ. අපේ ඩෙංගු හැදිල හොඳ උන එකෙකුට ගැස්සුව. අඟේ පතේ අමාරු සුන්නත්දූලී,Harassment,0.9438
මල්ලි උඹ නැගිටපන් උඹ කියපන් පුක ගැන කියපන් ඉතින් එකෙක් හිනාවෙන්නැ ඇයි හිනාවෙන්නේ උඹලා පුකට පුක නෙමේද කියන්නේ තෝ මොකද හිනාවෙන්නේ නැගිටපිය පරයා පුරවගනින් කටට වතුරපුරවගනින් ගිලින්නැ තෝ හරිද  අරුපුක.ගැන කියනවා අම්මෝ හිනාවෙන්නැතුව වතුරකටේ පුරවන් හිටියේ,මල්ලි උඹ නැගිටපන් උඹ කියපන් පුක ගැන කියපන් ඉතින් එකෙක් හිනාවෙන්නැ ඇයි හිනාවෙන්නේ උඹලා පුකට පුක නෙමේද කියන්නේ තෝ මොකද හිනාවෙන්නේ නැගිටපිය පරයා පුරවගනින් කටට වතුරපුරවගනින් ගිලින්නැ තෝ හරිද අරුපුක.ගැන කියනවා අම්මෝ හිනාවෙන්නැතුව වතුරකටේ පුරවන් හිටියේ,Harassment,0.9634
@USER  @USER මල්ලි ගෑනු ලමයිට පාඩුවේ ඉන්න දීපන් පුක පලාගන්නේ නැතුව. අසහනේ හොද කරගන්න වෙන සයිට් තියෙන්නේ ඒවට පල. මෙතන ඇවිල්ල අපේ නන්ගිලාට පව්දේන්නේ නැතුව.,මල්ලි ගෑනු ලමයිට පාඩුවේ ඉන්න දීපන් පුක පලාගන්නේ නැතුව. අසහනේ හොද කරගන්න වෙන සයිට් තියෙන්නේ ඒවට පල. මෙතන ඇවිල්ල අපේ නන්ගිලාට පව්දේන්නේ නැතුව.,Harassment,0.9453
මල්ලී  කොමද ලොක්කගේ වැඩ.උඹලට හෝදලා මුගේ අසුචි වහන්න බෑ.දැන් පුක හපාගෙන මැරියල්ලා.මතක තියාගනිල්ලා උඹලා කන්නේ අපේ සල්ලී #lka  @USER,මල්ලී කොමද ලොක්කගේ වැඩ.උඹලට හෝදලා මුගේ අසුචි වහන්න බෑ.දැන් පුක හපාගෙන මැරියල්ලා.මතක තියාගනිල්ලා උඹලා කන්නේ අපේ සල්ලී ලක,Harassment,0.9849
@USER @USER  මල්ලේ නයා. ගෙදර ගියොත් අඹු නසී. මඟ හිටියොත් තෝ නසී.,මල්ලේ නයා. ගෙදර ගියොත් අඹු නසී. මඟ හිටියොත් තෝ නසී.,Harassment,0.9585
@USER මව් කුසෙන් අම්මා කෙනෙක් ගේ නෙමයි. උට්ටෝ තොට ලයික් ගන්න බැරි නම් රිලා ගැනිගේ පුක අස්සේ හැන්ගියන්. මෙතන පකේ වැඩ කරන්නේ නැතිව. දන්නේ නැත්නම් තමන්ව ප්‍රොමෝට් කරන්න පාසල් පල තෝ පකේ. හුකන්න තියා ගන්න එපා. තෝ නපුන්සකයා තොගේ tl එකේ ඕනෑ උට්ටටක් දා ගනින් ලයික්‌ නැති උනත් මට පයියක් ද ටෝ,මව් කුසෙන් අම්මා කෙනෙක් ගේ නෙමයි. උට්ටෝ තොට ලයික් ගන්න බැරි නම් රිලා ගැනිගේ පුක අස්සේ හැන්ගියන්. මෙතන පකේ වැඩ කරන්නේ නැතිව. දන්නේ නැත්නම් තමන්ව ප්‍රොමෝට් කරන්න පාසල් පල තෝ පකේ. හුකන්න තියා ගන්න එපා. තෝ නපුන්සකයා තොගේ තල් එකේ ඕනෑ උට්ටටක් දා ගනින් ලයික්‌ නැති උනත් මට පයියක් ද ටෝ,Harassment,0.978
@USER මස් වැද්දා කිව්වේ.... පොලට ගෙනත් මස් ටික විකුනන බඩ තඩි මුදලාලිටද.. නැත්තං කැලේ රිංගලා සතෙක් එලා ගන්න සික්ස් පැක් තියන දඩයක්කාරයෙක්ටද,මස් වැද්දා කිව්වේ.... පොලට ගෙනත් මස් ටික විකුනන බඩ තඩි මුදලාලිටද.. නැත්තං කැලේ රිංගලා සතෙක් එලා ගන්න සික්ස් පැක් තියන දඩයක්කාරයෙක්ටද,Harassment,0.9111
"මහ එකා කියනවා කැලේ කපන්න කියලා.. එකෙක් කියනව සුන්නත් කරන්න කියලා.. තව එකෙක් කියනවා හරක් මරන්න කියලා.. මේකේ ඉන්න සිoහල හම පොරෝ ගත්තු එකා කියනවා කැද හදන්න කියලා...  තොපිට මොකටද යකෝ කඩු..  කැති,පොඩි පිහි මදිද මජ්ර හැත්ත තුක් නොදකින්","මහ එකා කියනවා කැලේ කපන්න කියලා.. එකෙක් කියනව සුන්නත් කරන්න කියලා.. තව එකෙක් කියනවා හරක් මරන්න කියලා.. මේකේ ඉන්න සිoහල හම පොරෝ ගත්තු එකා කියනවා කැද හදන්න කියලා... තොපිට මොකටද යකෝ කඩු.. කැති,පොඩි පිහි මදිද මජ්ර හැත්ත තුක් නොදකින්",Harassment,0.9634
@USER මහ ලොකුවට ඩුබ්ලිකේට් ගහනව කීවට ඒකවත් හරියට කර ගන්න බැරි ගොං පරයා. ගිහිං බලපිය ඩොට් ගාන. සික් යකෝ තෝ. නව මානේ හතරට නමලා ගහ ගං පුපේ.,මහ ලොකුවට ඩුබ්ලිකේට් ගහනව කීවට ඒකවත් හරියට කර ගන්න බැරි ගොං පරයා. ගිහිං බලපිය ඩොට් ගාන. සික් යකෝ තෝ. නව මානේ හතරට නමලා ගහ ගං පුපේ.,Harassment,0.9165
මහ වැස්සෙ dog rescue mission එකක් කරා. බැල්ලි වලක් අස්සෙ පැටවු දාලා හිටියෙ. ඒකට වතුර පිරිලා.,මහ වැස්සෙ dog rescue mission එකක් කරා. බැල්ලි වලක් අස්සෙ පැටවු දාලා හිටියෙ. ඒකට වතුර පිරිලා.,Harassment,0.9087
"මහ වෙහෙරක් උසට - බත් අත පොවන්නත් බැරි තරම් - එළවළු සැරට අච්චාරු ළූණු එක්ක, තුනපහ රහ හතු වෑංජනේ! ඒ දෙකම කැපෙන්න තෙම්පරාදු පරිප්පුයි - කිරට අලයි යහමින් දිව ගැවෙද්දි කරස් හඬට පපඩමත් යනවා - පදමට කරුං කරුං අස්සෙන් ඇසෙයි: ""අම්මේ උඹ බුදුවෙයන්"" හැබැයි, මගේ අන්තිම වේලත් බෙදා දීලා!","මහ වෙහෙරක් උසට - බත් අත පොවන්නත් බැරි තරම් - එළවළු සැරට අච්චාරු ළූණු එක්ක, තුනපහ රහ හතු වෑංජනේ! ඒ දෙකම කැපෙන්න තෙම්පරාදු පරිප්පුයි - කිරට අලයි යහමින් දිව ගැවෙද්දි කරස් හඬට පපඩමත් යනවා - පදමට කරුං කරුං අස්සෙන් ඇසෙයි: ""අම්මේ උඹ බුදුවෙයන්"" හැබැයි, මගේ අන්තිම වේලත් බෙදා දීලා!",Harassment,0.9058
@USER මහන වෙනවා තමයි තෝ වගේ අසහන කාරයෙගේ උකුලේ ඉදගත්තම,මහන වෙනවා තමයි තෝ වගේ අසහන කාරයෙගේ උකුලේ ඉදගත්තම,Harassment,0.936
මහරජ කන්සා එකේ ළමයින්ට හඬ කවලා තියෙන හැටි ඇහෙද්දි ඔක්කාරෙට එන්නේ මට විතරද? ඒ කට හඬවල් වල කැත විතරක්. #baddubbing #uglyvoices,මහරජ කන්සා එකේ ළමයින්ට හඬ කවලා තියෙන හැටි ඇහෙද්දි ඔක්කාරෙට එන්නේ මට විතරද? ඒ කට හඬවල් වල කැත විතරක්. බද්දුබ්බින්ග් උග්ල්ය්වොඉකෙස්,Harassment,0.9268
"මහරාජාගේ අම්ම⁣ට හැමනෙන්න, කැරි කොටි වේසිඟේ පුතා..  හොඳමම දක්ෂයෝ තරඟයෙන් අයින් කරනවා. මොන පකේ නාලිකාවක්ද හුත්තෝ සිරස කියන්නේ?","මහරාජාගේ අම්ම⁣ට හැමනෙන්න, කැරි කොටි වේසිඟේ පුතා.. හොඳමම දක්ෂයෝ තරඟයෙන් අයින් කරනවා. මොන පකේ නාලිකාවක්ද හුත්තෝ සිරස කියන්නේ?",Harassment,0.9775
@USER මළ සමයං... තොගේ කෙලින් වෙන්නෙ සතියකට දෙදොහද යමයෝ?? එහෙව් එකේ තෝ කොහොමදෑ අන්තප්පුරයක් රන් කොරන්නෙ??,මළ සමයං... තොගේ කෙලින් වෙන්නෙ සතියකට දෙදොහද යමයෝ?? එහෙව් එකේ තෝ කොහොමදෑ අන්තප්පුරයක් රන් කොරන්නෙ??,Harassment,0.9448
Mmmm dots are getting connected now... හැංඟි හැංඟි වෙස් බැන්දට නටන්න වෙන්නෙ එලියෙලුනෙ.. උඹෙයි මගෙයි යාළුකම් අදින් ඉවරයි.. අනිත් උන් උඹට එක එක එව්ව කියද්දි උඹ වෙනුවෙන් කතාකරාට හොඳ පාඩම්..   Thank you...,ම්ම්ම්ම් දොට්ස් are getting connected now... හැංඟි හැංඟි වෙස් බැන්දට නටන්න වෙන්නෙ එලියෙලුනෙ.. උඹෙයි මගෙයි යාළුකම් අදින් ඉවරයි.. අනිත් උන් උඹට එක එක එව්ව කියද්දි උඹ වෙනුවෙන් කතාකරාට හොඳ පාඩම්.. Thank you...,Harassment,0.9497
මාතර උන් නම් එපා..  නොදකින් හුthiගෙ පුතාල අපිට ලජ්ජ කරනව වේེzගෙ පුතාල මංගලගේ පූk ලෙව කපං..,මාතර උන් නම් එපා.. නොදකින් හුthiගෙ පුතාල අපිට ලජ්ජ කරනව වේེzගෙ පුතාල මංගලගේ පූk ලෙව කපං..,Harassment,0.9844
මාතලන්ගෙ සින්ඩිය: පක හා පයිය.. URL,මාතලන්ගෙ සින්ඩිය: පක හා පයිය.. උර්ල්,Harassment,0.9043
@USER මාත් නවත්තලා ඉන්නෙ 2019 වගේ ඉඳන්. Acne ත් නෑ දැන්. හෙන සනීපයි ඇඟට,මාත් නවත්තලා ඉන්නෙ 2019 වගේ ඉඳන්. Acne ත් නෑ දැන්. හෙන සනීපයි ඇඟට,Harassment,0.9121
@USER  @USER මාත් මේ පුක වලලං මැරෙන්න හදනගමං,මාත් මේ පුක වලලං මැරෙන්න හදනගමං,Harassment,0.9492
මාධ්‍ය කාරයංට ඕනම දෙයක් තවත් News එකක් විතරයි.  උංට ඕන උංගේ reach හදා ගන්න. ඔය කාලකණ්ණි සත පහකට මායිම් කරන්න නරකයි.,මාධ්‍ය කාරයංට ඕනම දෙයක් තවත් News එකක් විතරයි. උංට ඕන උංගේ reach හදා ගන්න. ඔය කාලකණ්ණි සත පහකට මායිම් කරන්න නරකයි.,Harassment,0.9185
මාලු අල්ලන්න නම් ඇමට පනුවෙක් ගහන්න ඕනේ.දැන් පනුවව ගහල තියෙන්නෙ.මෝඩයො වගේ ගිහින් ආයෙත් ඇම කාපියව්.ගොන් හැත්ත.,මාලු අල්ලන්න නම් ඇමට පනුවෙක් ගහන්න ඕනේ.දැන් පනුවව ගහල තියෙන්නෙ.මෝඩයො වගේ ගිහින් ආයෙත් ඇම කාපියව්.ගොන් හැත්ත.,Harassment,0.9634
මාලු කෑවට කොරෝනා හැදෙන්නෑ මෝඩ හුත්තනේ,මාලු කෑවට කොරෝනා හැදෙන්නෑ මෝඩ හුත්තනේ,Harassment,0.9756
මාව නැතුව film බලන්න යන උන්ට බඩ පලයන්..  @USER  @USER  @USER  @USER  @USER,මාව නැතුව film බලන්න යන උන්ට බඩ පලයන්..,Harassment,0.9619
"මාස පහක බඩ දරු අම්ම කෙනෙක් , ඉක්මනින් උදව් කරන්න Rasika @USER  · 2 Dec 2021 ලකේ පංකාවෙ බබෙක් හම්බවෙන අම්ම කෙනෙක්වත් බාර ගන්නැද්ද හොස්පිටල් වලට කොරෝනා හැදුනම.යකෝ මගෙ කෙල්ල පොසිටිව් වෙලා හුස්ම ගන්න බැරිව දගලනවා ඒත් ඩොකාලා ඇඩ්මිට් කරන්න දෙන්නැ.මොන මගුලක්ද මෙ.","මාස පහක බඩ දරු අම්ම කෙනෙක් , ඉක්මනින් උදව් කරන්න රසික · 2 දෙක් 2021 ලකේ පංකාවෙ බබෙක් හම්බවෙන අම්ම කෙනෙක්වත් බාර ගන්නැද්ද හොස්පිටල් වලට කොරෝනා හැදුනම.යකෝ මගෙ කෙල්ල පොසිටිව් වෙලා හුස්ම ගන්න බැරිව දගලනවා ඒත් ඩොකාලා ඇඩ්මිට් කරන්න දෙන්නැ.මොන මගුලක්ද මෙ.",Harassment,0.9497
@USER  @USER මැණිකා කෝමත් ආතල් එකේ ඉන්න ගෑණි. මේ කොහෙවත් නැති රැලි වැටිච්ච පාංකඩ පට්ට පදුරියො දුන්කොට නැටි පුකේ ගහගෙන හැමින්නෙන්න එනකොට තමයි කෙලවලාම අරින්ඩෝන.,මැණිකා කෝමත් ආතල් එකේ ඉන්න ගෑණි. මේ කොහෙවත් නැති රැලි වැටිච්ච පාංකඩ පට්ට පදුරියො දුන්කොට නැටි පුකේ ගහගෙන හැමින්නෙන්න එනකොට තමයි කෙලවලාම අරින්ඩෝන.,Harassment,0.9658
මැණිකෙ උඹ ඇරපු නයි මමත් කෑවනම් මට අද කොරෝනා   #TukTukQuotes,මැණිකෙ උඹ ඇරපු නයි මමත් කෑවනම් මට අද කොරෝනා තුක්තුක්කුඔතෙස්,Harassment,0.9692
"මැරිච්ච තාත්තාට දන් දෙනවා, පණ පිටින් ඉන්න operation කරපු අම්මාව බලන්න එන්න බෑ. තොපි තමයි නිවන් දකින්නේ !","මැරිච්ච තාත්තාට දන් දෙනවා, පණ පිටින් ඉන්න operation කරපු අම්මාව බලන්න එන්න බෑ. තොපි තමයි නිවන් දකින්නේ !",Harassment,0.9233
@USER මැරියං තෝ. චීස්කේක් කනකොට හිරවෙලා මැරියං. කොපි බොනකොට රස්නෙට දිව පිච්චිලා මැරියං. හත්දවසක් කන්න නැතිව ඉදලා මැරියං. හෙන ගහපං. අකුලොලා ම පල. ඒ ෆොටෝ එක කැත වෙයං. යාකාම කාපිය. කඩියා කාපිය අලියා ගහපිය. නයා කාපිය. පොළඟා ගිලපිය. බල්ලා කාපිය. සීනී නැතුව මැරියං. ප්‍රේෂර් වැඩිවෙලා මැරියං.,මැරියං තෝ. චීස්කේක් කනකොට හිරවෙලා මැරියං. කොපි බොනකොට රස්නෙට දිව පිච්චිලා මැරියං. හත්දවසක් කන්න නැතිව ඉදලා මැරියං. හෙන ගහපං. අකුලොලා ම පල. ඒ ෆොටෝ එක කැත වෙයං. යාකාම කාපිය. කඩියා කාපිය අලියා ගහපිය. නයා කාපිය. පොළඟා ගිලපිය. බල්ලා කාපිය. සීනී නැතුව මැරියං. ප්‍රේෂර් වැඩිවෙලා මැරියං.,Harassment,0.9199
@USER මැරිලා පලංයකො.. පාඩුවෙ ඉන්න දීලා.. පුක වෙන රටක තියන් ලංකාව කන්නැතුව..,මැරිලා පලංයකො.. පාඩුවෙ ඉන්න දීලා.. පුක වෙන රටක තියන් ලංකාව කන්නැතුව..,Harassment,0.9307
මිට් වඩා හොදයි පර අවජාතක බල්ල උගෙ අම්මව දෙමලට නිදි වැද්දුව නම් සිරිසේනයො තොට හෙන හත වැදිය තොගෙ පව්ල් පොටින් හැදි... URL,මිට් වඩා හොදයි පර අවජාතක බල්ල උගෙ අම්මව දෙමලට නිදි වැද්දුව නම් සිරිසේනයො තොට හෙන හත වැදිය තොගෙ පව්ල් පොටින් හැදි... උර්ල්,Harassment,0.9844
මිනිස්සුන්ගේ කුහක කම් නිසා මට මගේ හොඳම යාලුවෙක් නැති උනා. උඹ මැරුනේ නෑ බන් උඹව මැරුවා. මලිඳු යෝගට් එකේ ලොක්කට මේ කියන්නේ. උඹ වගේ වේසිගෙ පුතෙක් මේ ලෝකෙ නැතුව ඇති වෙන. උඹට අමාරු උනා මගේ එකා බිස්නස් එකක් කරලා උඩට යනවා බලන් ඉන්න. උඹට කරන්න බැරි දෙයක් නැතුව ඇති. ඒත් මතක තියාගනින්,මිනිස්සුන්ගේ කුහක කම් නිසා මට මගේ හොඳම යාලුවෙක් නැති උනා. උඹ මැරුනේ නෑ බන් උඹව මැරුවා. මලිඳු යෝගට් එකේ ලොක්කට මේ කියන්නේ. උඹ වගේ වේසිගෙ පුතෙක් මේ ලෝකෙ නැතුව ඇති වෙන. උඹට අමාරු උනා මගේ එකා බිස්නස් එකක් කරලා උඩට යනවා බලන් ඉන්න. උඹට කරන්න බැරි දෙයක් නැතුව ඇති. ඒත් මතක තියාගනින්,Harassment,0.9648
මිනිහෙක් පුක ඉරාගෙන පැලවෙන්නෙ නැති පුස් බිජ්ජක් පැල කරන්න දත කනවා. ඒකෙ පුස් බව නිසාම කොහේවත් පැල වෙන්නෙ නෑ. ඊට... URL,මිනිහෙක් පුක ඉරාගෙන පැලවෙන්නෙ නැති පුස් බිජ්ජක් පැල කරන්න දත කනවා. ඒකෙ පුස් බව නිසාම කොහේවත් පැල වෙන්නෙ නෑ. ඊට... උර්ල්,Harassment,0.9062
"මියා කලීෆා ඇවිත් දණ ගහල, Will you marry me කියල ඇහුවොත් උඹ මොකෝ කියන්නේ?","මියා කලීෆා ඇවිත් දණ ගහල, Will you marry මේ කියල ඇහුවොත් උඹ මොකෝ කියන්නේ?",Harassment,0.9429
"මියා කලීෆා ඇවිත් දණ ගහල,  Will you marry me කියල ඇහුවොත් උඹ මොකෝ කියන්නේ?  #miakalifadiehardfans","මියා කලීෆා ඇවිත් දණ ගහල, Will you marry මේ කියල ඇහුවොත් උඹ මොකෝ කියන්නේ? මිඅකලිෆදිඑහර්ද්ෆංස්",Harassment,0.9805
"මිරැන්ඩා දැන් උඹ අර්ත්මාර්තකාමී වගනොකියන්න ජාතකෙට මා ප්රාර්ථනා වී කිමෝනාව කඩතුරක් ගැබත් උඹ දරාගෙන උඹේ පරාර්ථය ලතැවෙන්නේ ලය පලාගෙන වෛරය වැදෑමහක්, මතකයන් පරායන්න දෙන්න මට සැලෝලයිඩ් හීනෙට මගේ පලායන්න @USER    #රේඩියෝශෝවිත්සැන්ඩි","මිරැන්ඩා දැන් උඹ අර්ත්මාර්තකාමී වගනොකියන්න ජාතකෙට මා ප්රාර්ථනා වී කිමෝනාව කඩතුරක් ගැබත් උඹ දරාගෙන උඹේ පරාර්ථය ලතැවෙන්නේ ලය පලාගෙන වෛරය වැදෑමහක්, මතකයන් පරායන්න දෙන්න මට සැලෝලයිඩ් හීනෙට මගේ පලායන්න #රේඩියෝශෝවිත්සැන්ඩි",Harassment,0.9199
මිස්සක නැගිටපම්... තෝ ඉස්කෝලෙ එන්නෙ බුදියන්නද පරයෝ .. එලියට... දැම්ම එලියට  ... Lab එක පිටිපස්සෙ සැපට නිදාගෙන  හිටපු මං  හෑ intervel ද යං යං බඩගිනී කමු  Online Exams/Assignment Help @USER  · 30 Aug 2021 Your chemistry teacher once said?,මිස්සක නැගිටපම්... තෝ ඉස්කෝලෙ එන්නෙ බුදියන්නද පරයෝ .. එලියට... දැම්ම එලියට ... Lab එක පිටිපස්සෙ සැපට නිදාගෙන හිටපු මං හෑ ඉන්ටෙර්වෙල් ද යං යං බඩගිනී කමු Online එෂංසෂිග්න්මෙන්ත Help · 30 ඖග් 2021 Your chemistry teacher once said?,Harassment,0.9419
"මී හරක් ටිකක් රු35000 දිල මොකෙක්ද හපරුවෙක්ගෙ පුක බලල කේහිල්ල හොදකරගත්ත, ඔය සල්ලිවලින් උබල දුප්පත් ඩරුවෙකුට පොත් ටිකක් අරන් දුන්නනම් !!!!","මී හරක් ටිකක් රු35000 දිල මොකෙක්ද හපරුවෙක්ගෙ පුක බලල කේහිල්ල හොදකරගත්ත, ඔය සල්ලිවලින් උබල දුප්පත් ඩරුවෙකුට පොත් ටිකක් අරන් දුන්නනම් !!!!",Harassment,0.978
මීටප් එක දවසට මං ගානේ දෙනවා තඩි වල් ඌරෙක් එක්ක අරිශ්ටේ.  #DecemberMeetup,මීටප් එක දවසට මං ගානේ දෙනවා තඩි වල් ඌරෙක් එක්ක අරිශ්ටේ. දෙචෙම්බෙර්මීටුප්,Harassment,0.9019
@USER  @USER මු කවදා හරි මුගේ අම්මට තාත්තට මෙහෙම කරාවිද? නොදකින් පතලක් අස්සේ සරමක පිහන්න ඕනේ එකෙක් මේ ලෝකෙට ජාතක වෙලා,මු කවදා හරි මුගේ අම්මට තාත්තට මෙහෙම කරාවිද? නොදකින් පතලක් අස්සේ සරමක පිහන්න ඕනේ එකෙක් මේ ලෝකෙට ජාතක වෙලා,Harassment,0.9795
"මුං ඇට කැඳත් එපා වෙනවා, මුං ඇට ⁣පේන් නැති වෙන්නම් සව් දැම්මම.. රෙද්ද!","මුං ඇට කැඳත් එපා වෙනවා, මුං ඇට ⁣පේන් නැති වෙන්නම් සව් දැම්මම.. රෙද්ද!",Harassment,0.937
මුංගෙ අම්මට....... යකෝ AC එක 17ට අඩු කරලා. ඉතින් මැරෙන්නැතැයි සීතට.,මුංගෙ අම්මට....... යකෝ අච එක 17ට අඩු කරලා. ඉතින් මැරෙන්නැතැයි සීතට.,Harassment,0.9673
@USER  @USER මුගෙ අම්මට ඉස්සෙල්ලා මූව එල්ලලා මරපල්ලා කාලකන්නි  හැත්ත . සල්ලි වලට නොකරන බලු වැඩක් නැ .මුව උපද්දන්නෙ නැතුව මුගෙ තාත්තා සරමෙ පිහිදාගත්තෙ නැත්තෙ ඇයි දන්නැ. ( සමාවෙන්න යාලුවො  මට),මුගෙ අම්මට ඉස්සෙල්ලා මූව එල්ලලා මරපල්ලා කාලකන්නි හැත්ත . සල්ලි වලට නොකරන බලු වැඩක් නැ .මුව උපද්දන්නෙ නැතුව මුගෙ තාත්තා සරමෙ පිහිදාගත්තෙ නැත්තෙ ඇයි දන්නැ. ( සමාවෙන්න යාලුවො මට),Harassment,0.9175
මුගෙ අම්මට යකෝ.... ජොලියට ගහලා කරුමෙට හිටපු පකෙක්ද කොහෙද මූ.... මූව නම් තියන්න වටින්නේ නෑ... මං යන පරකදිවත්... URL,මුගෙ අම්මට යකෝ.... ජොලියට ගහලා කරුමෙට හිටපු පකෙක්ද කොහෙද මූ.... මූව නම් තියන්න වටින්නේ නෑ... මං යන පරකදිවත්... උර්ල්,Harassment,0.979
මුගෙ කටට පහේ කාසියක් දාපන් කිව්ව ජාති ටෝක්ස් එකට  URL This Tweet is unavailable.,මුගෙ කටට පහේ කාසියක් දාපන් කිව්ව ජාති ටෝක්ස් එකට උර්ල් This Tweet ඉස unavailable.,Harassment,0.9668
@USER මුගෙ කතාව බලපන්කෝ... වේසිගෙ පුතෝ ඉන්නව නම් ගානට ඉදපන්. තෝ වගේ සුනඛ යෝනි වලින් අකලට ජාතක වෙච්ච බල්ලොන්ට බණ කියල වැඩක් නෑ. කටට දෙන්න ඔය තරම් ආසනම් කෙල්ලෙක් යාලුවෙලා ඒකිට දීපන් අහක ඉන්න කෙල්ලොන්ට දෙන්නෙ නැතුව.. අම්මා අප්පට පව් පුරවගන්නෙපා තොපෙ එක එකාගෙන් බැනුම් අහගෙන,මුගෙ කතාව බලපන්කෝ... වේසිගෙ පුතෝ ඉන්නව නම් ගානට ඉදපන්. තෝ වගේ සුනඛ යෝනි වලින් අකලට ජාතක වෙච්ච බල්ලොන්ට බණ කියල වැඩක් නෑ. කටට දෙන්න ඔය තරම් ආසනම් කෙල්ලෙක් යාලුවෙලා ඒකිට දීපන් අහක ඉන්න කෙල්ලොන්ට දෙන්නෙ නැතුව.. අම්මා අප්පට පව් පුරවගන්නෙපා තොපෙ එක එකාගෙන් බැනුම් අහගෙන,Harassment,0.9849
@USER @USER  මුගේ අම්මගේ අප්පාගේ බූදලෙන් හදපු එව්වා වගේනේ යකෝ හදල තියෙන්නේ? branded හෙන ගහන්න ඕනේ,මුගේ අම්මගේ අප්පාගේ බූදලෙන් හදපු එව්වා වගේනේ යකෝ හදල තියෙන්නේ? branded හෙන ගහන්න ඕනේ,Harassment,0.9014
මුගේ අම්මට ******** හිටපිය *රියා. තෝ දුවන්නෙපා..  #IfJamesBondWasLankan,මුගේ අම්මට ******** හිටපිය *රියා. තෝ දුවන්නෙපා.. ඉෆ්ජමෙස්බෝන්ද්වස්ලන්කන්,Harassment,0.9878
@USER මුගේ ආරක්ෂාවට ඉන්න එවුන්ට අත පය නැද්ද...... පයිය කපල උගේ කටේ ගහල කීතු කපන්න,මුගේ ආරක්ෂාවට ඉන්න එවුන්ට අත පය නැද්ද...... පයිය කපල උගේ කටේ ගහල කීතු කපන්න,Harassment,0.9746
@USER  @USER    මුගේ කටට රීල චුවලින් පරෂ් කරන්න හිතෙනවා පකයෝ තෝ හිතන් ඉන්නේ අම්මට බැන්නම ලොකු පොරක් කියලද,මුගේ කටට රීල චුවලින් පරෂ් කරන්න හිතෙනවා පකයෝ තෝ හිතන් ඉන්නේ අම්මට බැන්නම ලොකු පොරක් කියලද,Harassment,0.979
මුගේ ජන්ගිය ඔලුවෙන් ගලවන්න ඕන සිංහරාජ වනාන්තරය මැදිනුත් පාරක් කපන්න හදපු ගොන් වස්ස !!!! URL,මුගේ ජන්ගිය ඔලුවෙන් ගලවන්න ඕන සිංහරාජ වනාන්තරය මැදිනුත් පාරක් කපන්න හදපු ගොන් වස්ස !!!! උර්ල්,Harassment,0.9106
මුට ගහ......... තොට ගහ පයින්....... මුට්ටි පනිති වේ..............  #මටඇහෙනවිදිය,මුට ගහ......... තොට ගහ පයින්....... මුට්ටි පනිති වේ.............. #මටඇහෙනවිදිය,Harassment,0.9385
මුට පුප දීපු එකා මොකාද? යකෝ උඩට ගියත් පුප පහල ගියත් පුප විතරයි  тнαяιη∂υ ツ @USER  · 27 Mar 2017 she is sooo fat  & පුක is very very බිග්,මුට පුප දීපු එකා මොකාද? යකෝ උඩට ගියත් පුප පහල ගියත් පුප විතරයි тнαяιηυ ツ · 27 Mar 2017 she ඉස සූඕ fat & පුක ඉස very very බිග්,Harassment,0.9561
"මුත්ත ඉඩං බෙදන්නා වාගෙ තන්බිට කොල, දෙමලට තැඹිලි, බෞද්ධයාට බෝකොල, සිංහලයට සිංහය දාල අපෙ කොඩියත් පට්ට සංකීර්ණ.. ජප්පො හෙම සුදු පසුබිම රතු බෝලෙ.. කොච්චර සරලද.","මුත්ත ඉඩං බෙදන්නා වාගෙ තන්බිට කොල, දෙමලට තැඹිලි, බෞද්ධයාට බෝකොල, සිංහලයට සිංහය දාල අපෙ කොඩියත් පට්ට සංකීර්ණ.. ජප්පො හෙම සුදු පසුබිම රතු බෝලෙ.. කොච්චර සරලද.",Harassment,0.9351
මුනගේ අම්මලට හු$&$&&..... වේස පැටවු....රැට රැ වෙලා ගෙවල් ඉස්සරහට ඇවිත් රතිඤ්ඤා පත්තු කරනවා....  මේ වේස පැටවු හින්දා පූසො බල්ලෝ ඇදන් යට බයේ ගැහෙනවා දැන්.. .,මුනගේ අම්මලට හු$&$&&..... වේස පැටවු....රැට රැ වෙලා ගෙවල් ඉස්සරහට ඇවිත් රතිඤ්ඤා පත්තු කරනවා.... මේ වේස පැටවු හින්දා පූසො බල්ලෝ ඇදන් යට බයේ ගැහෙනවා දැන්.. .,Harassment,0.9595
@USER  @USER මුන් එක්ක කතා කරලා වැඩක් නෑ. අනුන්ගේ tweet වලට පුක දිදී වහල්කමේ යන එකෙක්.,මුන් එක්ක කතා කරලා වැඩක් නෑ. අනුන්ගේ tweet වලට පුක දිදී වහල්කමේ යන එකෙක්.,Harassment,0.936
@USER @USER මුන්ට තියෙන සැප යකෝ... වැඩ කරන ගමන් #Twitter #socialmedia රෙද්ද,මුන්ට තියෙන සැප යකෝ... වැඩ කරන ගමන් #Twitter සොකිඅල්මෙදිඅ රෙද්ද,Harassment,0.9243
මුන්ට හරියට තාත්තා සහෝදරයෝ යාලුවෝ උම්මා එකක් ජීවිතේට දීලා නැ වගේ නේ  හැමිනෙන්නේ. පයි කොටවන්න නෙවෙයි  තොලක් දාන්න නෙවෙයි හැමිනෙන්නත් නෙවෙයි එන්න කිවේ... වනචර හැත්ත අඩුම ගානේ බෝල පුකක් වත් තිබිලා ඕම බය වුනානම් කමක් නැ ලෑටි පුක TuTu  @USER  · 7 Dec 2019  @USER@USER බුදාම්මෝ කොලු සීන්,මුන්ට හරියට තාත්තා සහෝදරයෝ යාලුවෝ උම්මා එකක් ජීවිතේට දීලා නැ වගේ නේ හැමිනෙන්නේ. පයි කොටවන්න නෙවෙයි තොලක් දාන්න නෙවෙයි හැමිනෙන්නත් නෙවෙයි එන්න කිවේ... වනචර හැත්ත අඩුම ගානේ බෝල පුකක් වත් තිබිලා ඕම බය වුනානම් කමක් නැ ලෑටි පුක TuTu  · 7 දෙක් 2019 බුදාම්මෝ කොලු සීන්,Harassment,0.9263
මුන්ව follow කරන අපිට ගහන් ඕනා පොල්ලකින් රෙද්ද :-(,මුන්ව follow කරන අපිට ගහන් ඕනා පොල්ලකින් රෙද්ද :-(,Harassment,0.9214
@USER මුන්ව මොකට ජාතක කලාද මන්ද කරුමක්කාර හැත්ත,මුන්ව මොකට ජාතක කලාද මන්ද කරුමක්කාර හැත්ත,Harassment,0.9482
@USER මුල් පිටු ටික ටිකක් අමාරු වෙන්න පුළුවන්. මැදට යනකොට අවුලක් නෑ. All the best!,මුල් පිටු ටික ටිකක් අමාරු වෙන්න පුළුවන්. මැදට යනකොට අවුලක් නෑ. All the best!,Harassment,0.9975
@USER මුලින්ම මට පුක හරවන්න අමාරු වුනා..ඒත් සදරු අයියලගෙ තරු එද්දි පුක වැනීම බත්කනවටත් වඩා සරල දෙයක් වුනා..,මුලින්ම මට පුක හරවන්න අමාරු වුනා..ඒත් සදරු අයියලගෙ තරු එද්දි පුක වැනීම බත්කනවටත් වඩා සරල දෙයක් වුනා..,Harassment,0.9189
@USER මුව හසරැලි සාගරයේ මුතු දෙකක් වෙලා නෙත් අඹරේ පායලා තන් දෙකක් වෙලා  @USER  do you see what i mean,මුව හසරැලි සාගරයේ මුතු දෙකක් වෙලා නෙත් අඹරේ පායලා තන් දෙකක් වෙලා දෝ you see what ඉ mean,Harassment,0.9204
@USER  @USER මුවෙක්ගෙ පස්සෙ පන්නගෙන එනවා. හැබැයි මේ මුවත් ගල ළඟට කිට්‍ටු කරනකොටම කොටියා ආපහු හැරිල මුවාට බයේ දුවන්න පටන් ගත්තා. කොල්ලට හරිම පුදුමයි. ඔය අතරෙදි නයෙක් පස්සෙ පන්නගෙන ආපු මුගටියෙකුත් ගල ළඟදි නයාට බය වෙලා ආපහු දුවන්න ගත්තා. ටික වෙලාවක් මේ සිද්ධ වෙච්ච පුදුම දේවල් ගැන කල්පනා කර කර,මුවෙක්ගෙ පස්සෙ පන්නගෙන එනවා. හැබැයි මේ මුවත් ගල ළඟට කිට්‍ටු කරනකොටම කොටියා ආපහු හැරිල මුවාට බයේ දුවන්න පටන් ගත්තා. කොල්ලට හරිම පුදුමයි. ඔය අතරෙදි නයෙක් පස්සෙ පන්නගෙන ආපු මුගටියෙකුත් ගල ළඟදි නයාට බය වෙලා ආපහු දුවන්න ගත්තා. ටික වෙලාවක් මේ සිද්ධ වෙච්ච පුදුම දේවල් ගැන කල්පනා කර කර,Harassment,0.9629
මුසත් හෙනම බඩුව වෙලා ඕයි දැන්  Mushaf @USER  · 13 Apr 2017 මුං nudes share කරනවා වගේ නේ යකෝ මගේ Photo එකත් share කරන්නේ #AwruduBite,මුසත් හෙනම බඩුව වෙලා ඕයි දැන් මුශාෆ් · 13 අප‍ 2017 මුං නුදෙස් share කරනවා වගේ නේ යකෝ මගේ Photo එකත් share කරන්නේ අව්රුදුබිටේ,Harassment,0.9639
@USER  @USER    මූ පිස්සු කන්නගෙ concept උස්සලා #GoogleReverseSL එකෙන් මට හම්බුනේ,මූ පිස්සු කන්නගෙ concept උස්සලා ගූග්ලෙරෙවෙර්සේස්ල් එකෙන් මට හම්බුනේ,Harassment,0.9624
"මූ බමුනෙක් වෙලාද, මේ දොඩවන්නේ.. තටමන්න එපා යකෝ ආත්මගානකටවත් තොටවත්, මටවත් සසරෙන් එතෙරවෙන්න බෑ... අපේ කැත කටට...  GIF Hi-Fi Suppa @USER  · 22 Dec 2021 ඇත්තො කති බොති සුකති නැත්තො වැලපෙති   අහලා තිබුනට ඇස් පනාපිට දකින්න ලැබෙයි කියලා හිතුවෙ නෑ සාම්ත","මූ බමුනෙක් වෙලාද, මේ දොඩවන්නේ.. තටමන්න එපා යකෝ ආත්මගානකටවත් තොටවත්, මටවත් සසරෙන් එතෙරවෙන්න බෑ... අපේ කැත කටට... GIF හිෆි සුප්පා · 22 දෙක් 2021 ඇත්තො කති බොති සුකති නැත්තො වැලපෙති අහලා තිබුනට ඇස් පනාපිට දකින්න ලැබෙයි කියලා හිතුවෙ නෑ සාම්ත",Harassment,0.9429
මූ මුගෙම පුක හපාගන්නවලු URL This Tweet is unavailable.,මූ මුගෙම පුක හපාගන්නවලු උර්ල් This Tweet ඉස unavailable.,Harassment,0.9497
"@USER මූ වගෙ උන්ව මචන් පුක පලල නෝන්ඩි කරල එලවල දාන්න ඕනා. මුන් රටට, ලෝකෙට, වැදූ දෙමව්පියන්ටත් බරක්.","මූ වගෙ උන්ව මචන් පුක පලල නෝන්ඩි කරල එලවල දාන්න ඕනා. මුන් රටට, ලෝකෙට, වැදූ දෙමව්පියන්ටත් බරක්.",Harassment,0.9175
මූ සිව්‍රක් පොරොගෙන ඉන්න පොන්න පකෙක් තො ඔක ගල්වපන් අපෙ ජාතිය විනාස කරන්නැතුව... URL,මූ සිව්‍රක් පොරොගෙන ඉන්න පොන්න පකෙක් තො ඔක ගල්වපන් අපෙ ජාතිය විනාස කරන්නැතුව... උර්ල්,Harassment,0.9683
@USER  @USER මූට ගෙවල් නෑ මල්ලිහ්.. මුගේ අම්මා අයාලේ ගිහින් මූව දොට්ට දාලා අවජාතක නිසා.. ජාතකේ හොයාගන්න බැරි වුන මූ තාම පාරක් පාරක් ගානේ ඇවිදිනවා,මූට ගෙවල් නෑ මල්ලිහ්.. මුගේ අම්මා අයාලේ ගිහින් මූව දොට්ට දාලා අවජාතක නිසා.. ජාතකේ හොයාගන්න බැරි වුන මූ තාම පාරක් පාරක් ගානේ ඇවිදිනවා,Harassment,0.9028
"@USER  @USER මූට, මුගේ පුතා චතුර... අන්න ඌට කියලා පුකේ අරින්න ඔනේ..","මූට, මුගේ පුතා චතුර... අන්න ඌට කියලා පුකේ අරින්න ඔනේ..",Harassment,0.9595
මූණ කචල් පුක සුරතල් උන් තමයි ඔය පුකේ 4tos දාන්නෙ  දැං ඩිංග බැරිවෙන්න බෑ පුක පෙන්නල දුවන්නෙ  #පුකපෙන්නීම,මූණ කචල් පුක සුරතල් උන් තමයි ඔය පුකේ 4tos දාන්නෙ දැං ඩිංග බැරිවෙන්න බෑ පුක පෙන්නල දුවන්නෙ #පුකපෙන්නීම,Harassment,0.9868
මූත් පොන්නසේකාගේ ජාතියෙම අවජාතක එකෙක් තමා... කෝ කඩේ ගිය එවුන්? #lka கரிகாலன் garikaalan @USER  · 15 Oct 2017 IGP Pujitha Jayasundara got one of his bodyguard to clean mud on his shoes in a public event held in #Jaffna yesterday pix-@USER,මූත් පොන්නසේකාගේ ජාතියෙම අවජාතක එකෙක් තමා... කෝ කඩේ ගිය එවුන්? ලක கரகலன ගරිකාලන් · 15 ඔච්ට් 2017 ඉග්ප් පුජිත ජයසුන්දර got one ඔෆ් his bodyguard ටො clean mud ඕන his ශෝඑස් ඉන් අ public event හෙල්ඩ් ඉන් ජෆ්ෆ්න yesterday pix-,Harassment,0.937
මෙ ගෙනිගෙ ඉස්සර කොල්ලා බලන් ඉන්නො.උගෙ පයියෙන් බඩු හො හො ගල බෙරෙනො...පව්,මෙ ගෙනිගෙ ඉස්සර කොල්ලා බලන් ඉන්නො.උගෙ පයියෙන් බඩු හො හො ගල බෙරෙනො...පව්,Harassment,0.9858
මෙ බර බැල්ලිට පිස්සුද ? යකෝ මෙ බැල්ලි ජාතක උනේ බන්ඩාරනායකට වෙන්න බැ.. අපි ඉතිහසය වෙනස් කරන්නේ මෙකි අමු කාලද ? පර... URL,මෙ බර බැල්ලිට පිස්සුද ? යකෝ මෙ බැල්ලි ජාතක උනේ බන්ඩාරනායකට වෙන්න බැ.. අපි ඉතිහසය වෙනස් කරන්නේ මෙකි අමු කාලද ? පර... උර්ල්,Harassment,0.9785
මෙකික්ගේ කටට කටු සහිත කොහිල අලයක් බස්සන්ඩ තිබ්බනම් කියලා හිතුනා තූ නොදකින් URL,මෙකික්ගේ කටට කටු සහිත කොහිල අලයක් බස්සන්ඩ තිබ්බනම් කියලා හිතුනා තූ නොදකින් උර්ල්,Harassment,0.9619
මෙච්චර එලි වෙලත් තාම නිදාගෙන ඉන්න වනම් අන්ම උංගෙ තමයි පුක කලු.. බිකෝස් පුකට එලිය වැටෙන කං නිදාගෙන ඉදල ඉර එලියට පුකේ පාට ගිහිං... දැං වත් නැගිටහල්ල තවත් පුක කලු වෙයි....  ගුඩ් නයිට් එහෙනම්...,මෙච්චර එලි වෙලත් තාම නිදාගෙන ඉන්න වනම් අන්ම උංගෙ තමයි පුක කලු.. බිකෝස් පුකට එලිය වැටෙන කං නිදාගෙන ඉදල ඉර එලියට පුකේ පාට ගිහිං... දැං වත් නැගිටහල්ල තවත් පුක කලු වෙයි.... ගුඩ් නයිට් එහෙනම්...,Harassment,0.915
@USER මෙච්චර දරුණුවට වලියක් ගියේ නෑ කවදාවත්. ඔක්කොම වේස ගෑණුවගේ හැමිනෙන්න යනවනෙ,මෙච්චර දරුණුවට වලියක් ගියේ නෑ කවදාවත්. ඔක්කොම වේස ගෑණුවගේ හැමිනෙන්න යනවනෙ,Harassment,0.9595
"මෙච්චර දවසක් ""හිගා කකා කොලඹ තෙක් අරන්......."" කියල හිතන් හිටපු මෝඩ මං.........  චූටි දෝණි ¸ @USER  · 10 Dec 2021 හිඟා කකා කොලපතක් අරන්...... ලුනුයි බතුයි කමුකෝ සත්තලං twitter.com/iam_AStr/statu…","මෙච්චර දවසක් ""හිගා කකා කොලඹ තෙක් අරන්......."" කියල හිතන් හිටපු මෝඩ මං......... චූටි දෝණි ¸ · 10 දෙක් 2021 හිඟා කකා කොලපතක් අරන්...... ලුනුයි බතුයි කමුකෝ සත්තලං twitter.com/iam_AStr/statu…",Harassment,0.918
මෙච්චර ලොකුවෙලත්  *කිරිපිටි කනේකයි *අම්ම පොල්ගාද්දි  පොල් කනේකයි  නවත්තගන්න බැරිවුනානේ,මෙච්චර ලොකුවෙලත් *කිරිපිටි කනේකයි *අම්ම පොල්ගාද්දි පොල් කනේකයි නවත්තගන්න බැරිවුනානේ,Harassment,0.9204
"මෙතන අර මැරිච්ච කෙල්ලව සුද්ද කරනින එන්න එපා, ඒකි මැරුනෙ බඩේ ළමයෙක් හිටිය නිසා, එකිගෙ බඩට ලමය නිකන් ආවෙ නෑ නෙ, එකි... URL","මෙතන අර මැරිච්ච කෙල්ලව සුද්ද කරනින එන්න එපා, ඒකි මැරුනෙ බඩේ ළමයෙක් හිටිය නිසා, එකිගෙ බඩට ලමය නිකන් ආවෙ නෑ නෙ, එකි... උර්ල්",Harassment,0.9702
මෙතනින් වතුර බීල නැති එකා හොයන්ඩ :       හොයන්න බෑ නේද ???  මොකද ඌ එතන නෑ.. ඌ මේ වෙලේ කට උල්කරන් මේ Tweet එක කියවනව...  Sooooo පලයන් දැන් ගිහින් වතුර බීපන් !!   #lka #රස්නෙයි_පැලෙන්ඩ,මෙතනින් වතුර බීල නැති එකා හොයන්ඩ : හොයන්න බෑ නේද ??? මොකද ඌ එතන නෑ.. ඌ මේ වෙලේ කට උල්කරන් මේ Tweet එක කියවනව... සූඌඔ පලයන් දැන් ගිහින් වතුර බීපන් !! ලක #රස්නෙයි_පැලෙන්ඩ,Harassment,0.9414
@USER @USER  මෙන්න උඹේ බඩුව පිට යනව,මෙන්න උඹේ බඩුව පිට යනව,Harassment,0.9702
මෙන්න පුක. ගහපන් අඛිල පයින්.,මෙන්න පුක. ගහපන් අඛිල පයින්.,Harassment,0.9854
මෙන්න බොරු නැති ඇත්තම පුක....අද ගොඩක් කෙල්ලො බොරු පුක දාගෙන කලිසම් ඇදන් යනවා...දකින කොල්ලො හිතන්නෙ ඇත්ත එක කියල...මතක් කරල අතෙත් ගහනවා ගෙදර ඇවිත්...ඒත් ඇත්තම ඇත්ත ලස්සන පුකක්...මම සමරිසි....ඒත් මේ පුක දිහා බලන් මම අතේ ගැහුව..මට හැගීම් ආපු නිසා....#lovethisass Amila Chathuranga @USER  · 10 Oct 2018 අපේ ගෑනිට නැති උනු නටාසාට පිම්බිලා පිහිටපු සෝ එකේ සුදුවට පෙන්නපු ලොකු පුක වේ ඉතා ගරු  සංස්කෘතියට ඕනිනම් බුර්ක අන්දගෙන බලපන් ඒකි පෙන්වනවානම් අපි ඉතුරුවත් නරබන්නම්  #තූ #කවි,මෙන්න බොරු නැති ඇත්තම පුක....අද ගොඩක් කෙල්ලො බොරු පුක දාගෙන කලිසම් ඇදන් යනවා...දකින කොල්ලො හිතන්නෙ ඇත්ත එක කියල...මතක් කරල අතෙත් ගහනවා ගෙදර ඇවිත්...ඒත් ඇත්තම ඇත්ත ලස්සන පුකක්...මම සමරිසි....ඒත් මේ පුක දිහා බලන් මම අතේ ගැහුව..මට හැගීම් ආපු නිසා....#lovethisass අමිල චතුරංග · 10 ඔච්ට් 2018 අපේ ගෑනිට නැති උනු නටාසාට පිම්බිලා පිහිටපු සෝ එකේ සුදුවට පෙන්නපු ලොකු පුක වේ ඉතා ගරු සංස්කෘතියට ඕනිනම් බුර්ක අන්දගෙන බලපන් ඒකි පෙන්වනවානම් අපි ඉතුරුවත් නරබන්නම් #තූ #කවි,Harassment,0.9556
මෙන්න මේ පොන්න කැරියට දඩුවම් නැද්ද ලංකාවේ මිනිහෙක් කරොත් විතරද දඩුවම් හුකන රටක් හුත්තෝ මෙක දෙවියොත් අතල් ගන්නෙ... URL,මෙන්න මේ පොන්න කැරියට දඩුවම් නැද්ද ලංකාවේ මිනිහෙක් කරොත් විතරද දඩුවම් හුකන රටක් හුත්තෝ මෙක දෙවියොත් අතල් ගන්නෙ... උර්ල්,Harassment,0.9258
@USER  @USER    මෙන්න මේකා ලජ්ජා නැතිවා අයෙත් මතුවෙලා! Dr පුක ලෙවාස් කෝ හලෝ තමුසෙගෙ PhD එක  නාමල් හොර ලෝයර් ඉතින් ඌට අනිත් උන හොරු උනාට අවුලක් නෑ #lka #lk #srilanka,මෙන්න මේකා ලජ්ජා නැතිවා අයෙත් මතුවෙලා! ද්‍ර පුක ලෙවාස් කෝ හලෝ තමුසෙගෙ ෆ්ඩ් එක නාමල් හොර ලෝයර් ඉතින් ඌට අනිත් උන හොරු උනාට අවුලක් නෑ ලක ලක් ශ්‍රීලංකා,Harassment,0.9019
මෙන්ෂන් කරන්න  මගෙ පුකේ කඩියෝ දුවන්නේ නැහැ තොපි එක්ක අල්ලාප සල්ලාප කරන්න  මගෙ බල්ලටවත් එපා තොපිගෙ හැතිකරේ එකෙක්වත්  අර අහවල් එකිත් තෝම තියාගනින්  තියාගෙන කුදලගනින්,මෙන්ෂන් කරන්න මගෙ පුකේ කඩියෝ දුවන්නේ නැහැ තොපි එක්ක අල්ලාප සල්ලාප කරන්න මගෙ බල්ලටවත් එපා තොපිගෙ හැතිකරේ එකෙක්වත් අර අහවල් එකිත් තෝම තියාගනින් තියාගෙන කුදලගනින්,Harassment,0.98
"මෙලෝ රහක් නැති ඉන්දියන් පඩංගු වලට වහ වැටිලා ගොබ්බ සංකෘතියක් හදාගෙන එක එකාට බැනගෙන,,, ඉරිසියා කරගෙන ...වගේ වගක් නැතුව කොට්ට පුක අස්සෙ ගහගෙන දෙමාපියන්ගෙ දේපලෙන් කකා බිබී පුක උඩ දාගෙන පෝන් ඔබ ඔබා හිටපල්ලා... ඒ ඇති...","මෙලෝ රහක් නැති ඉන්දියන් පඩංගු වලට වහ වැටිලා ගොබ්බ සංකෘතියක් හදාගෙන එක එකාට බැනගෙන,,, ඉරිසියා කරගෙන ...වගේ වගක් නැතුව කොට්ට පුක අස්සෙ ගහගෙන දෙමාපියන්ගෙ දේපලෙන් කකා බිබී පුක උඩ දාගෙන පෝන් ඔබ ඔබා හිටපල්ලා... ඒ ඇති...",Harassment,0.9238
@USER මෙවගේ Love කරොත් කරන්න ඕනා අම්ම තාත්තට,මෙවගේ Love කරොත් කරන්න ඕනා අම්ම තාත්තට,Harassment,0.9414
මෙවා බලලා හැදියන්  නැත්තම් තෝ ලිදේ පැනලා මැරියන් තෝ මැරෙද්දි මගෙ ඇදෙ මම සැපට නිදියන්,මෙවා බලලා හැදියන් නැත්තම් තෝ ලිදේ පැනලා මැරියන් තෝ මැරෙද්දි මගෙ ඇදෙ මම සැපට නිදියන්,Harassment,0.9814
"මෙහෙන්දි ඇන්දොත් පත්තිනි අම්මා, Tattoo ගැහුවොත් බඩුව! අන්න එච්චර බුද්ධිමත් විදියට මිනිස්සු මනින, රටක අපි ඉන්නේ ! ආඩම්බරයි නේද..","මෙහෙන්දි ඇන්දොත් පත්තිනි අම්මා, Tattoo ගැහුවොත් බඩුව! අන්න එච්චර බුද්ධිමත් විදියට මිනිස්සු මනින, රටක අපි ඉන්නේ ! ආඩම්බරයි නේද..",Harassment,0.9238
මෙහෙම account හදන උන්ට වෙන වැඩ නැතුව ඇති නෙහ්  හදපු එකාට හෙන ගහපං @USER,මෙහෙම account හදන උන්ට වෙන වැඩ නැතුව ඇති නෙහ් හදපු එකාට හෙන ගහපං,Harassment,0.9531
මෙහෙම එකෙක් මරන්න ඕනෙ පවුලපිටින් අවජාතක පරය... URL,මෙහෙම එකෙක් මරන්න ඕනෙ පවුලපිටින් අවජාතක පරය... උර්ල්,Harassment,0.979
"මෙහෙම කියපු සරත් රෙන්නේ පුකෙන්ද "" ඔකනේ උබලාට අනාගතයක් දිවුනුවක් නැත්තෙ ) ඇ බොල ෆොද්.... උබ වගේ අපි අනාත නැ ...... URL","මෙහෙම කියපු සරත් රෙන්නේ පුකෙන්ද "" ඔකනේ උබලාට අනාගතයක් දිවුනුවක් නැත්තෙ ) ඇ බොල ෆොද්.... උබ වගේ අපි අනාත නැ ...... උර්ල්",Harassment,0.915
"මෙහෙම කිව්වට පොර ටෝක් දුන්නට ගොඩක් මහතැන්ලටත් පුකට පුක කියාගන්නවත් බෑ සමහර වෙලාවට කියවන්නෙ පුප  ડanjaya  @USER  · 25 Jan 2019 සිංහලෙන් කුනුහර්පයක් කීවම රෙදි කරට අරන් ජාතකේ මතක් කරලා මියුට් කරලා,බ්ලොක් කරලා හෙන නාට්‍ය රඟ දක්වන කෙල්ලෝ,  පය හැප්පුනත් ohh fuck කියලා කැපිටල් වලින් ම ස්ටේටස් අප්ඩේට් කරනවා අපේ හාමුදුරුවනේ","මෙහෙම කිව්වට පොර ටෝක් දුන්නට ගොඩක් මහතැන්ලටත් පුකට පුක කියාගන්නවත් බෑ සමහර වෙලාවට කියවන්නෙ පුප ડanjaya  · 25 ජන 2019 සිංහලෙන් කුනුහර්පයක් කීවම රෙදි කරට අරන් ජාතකේ මතක් කරලා මියුට් කරලා,බ්ලොක් කරලා හෙන නාට්‍ය රඟ දක්වන කෙල්ලෝ, පය හැප්පුනත් ඔහ්හ් ෆුච්ක් කියලා කැපිටල් වලින් ම ස්ටේටස් අප්ඩේට් කරනවා අපේ හාමුදුරුවනේ",Harassment,0.9707
"@USER  @USER මෙහෙම වෙන්නත් පුළුවන්.......ඕක නිකන් ඔහොම තියෙද්දි නයාට ඒවයින් අවුලක් නැතුව ඇති,,,,,ඕකෙ කොලේ පොඩි කරපුහාම ඒ කොළ වල තියෙන ඉස්මයි,,සැරයි පිටවෙනවානෙ,,,අන්න ඒක ඌට දරන්න අමාරු ඇති....  මේක නිකන් අදහසක් විතරයි....","මෙහෙම වෙන්නත් පුළුවන්.......ඕක නිකන් ඔහොම තියෙද්දි නයාට ඒවයින් අවුලක් නැතුව ඇති,,,,,ඕකෙ කොලේ පොඩි කරපුහාම ඒ කොළ වල තියෙන ඉස්මයි,,සැරයි පිටවෙනවානෙ,,,අන්න ඒක ඌට දරන්න අමාරු ඇති.... මේක නිකන් අදහසක් විතරයි....",Harassment,0.9243
"@USER  @USER    මෙහෙමනේ ඒක වෙන්නෙ...  උඹේ උන් ඔව් උඹේ තමා, මගේ උන් මගේ තමා.. උඹේ උනුයි මගේ උනුයි  කියල වෙනසක් වෙන්න බැනේ බං.. මොකද උඹ මගෙනේ එතකොට උඹෙ උනුත් මගේ වෙනව... මං උඹේනේ මගේ උන් උඹෙත් උන් වෙනව එතකොට... ආඩලේනේ","මෙහෙමනේ ඒක වෙන්නෙ... උඹේ උන් ඔව් උඹේ තමා, මගේ උන් මගේ තමා.. උඹේ උනුයි මගේ උනුයි කියල වෙනසක් වෙන්න බැනේ බං.. මොකද උඹ මගෙනේ එතකොට උඹෙ උනුත් මගේ වෙනව... මං උඹේනේ මගේ උන් උඹෙත් උන් වෙනව එතකොට... ආඩලේනේ",Harassment,0.9697
@USER මෙහෙමයි... මන් හිතන්නෙ මේක අන්‍යාගමික අවජාතකයෙක්ගෙ වැඩක්. ගොඩක්වෙලාවට ඌ හෝ ඒකි මුස්ලිම් වෙන්නෝන. කරන්න දෙයක් නෑ අවජාතක උනාම ඔහොම තමයි.... බුදුදහමට නිගරු කරන මේ වගේ අකලට ඉපදිච්ච අවජාතකයොන්ට වැඩි පැවැත්මක් නෑ... ඕකුන් මැරෙන්නෙ විඳවලා... ඉදකින් තූහ් විතරක්.,මෙහෙමයි... මන් හිතන්නෙ මේක අන්‍යාගමික අවජාතකයෙක්ගෙ වැඩක්. ගොඩක්වෙලාවට ඌ හෝ ඒකි මුස්ලිම් වෙන්නෝන. කරන්න දෙයක් නෑ අවජාතක උනාම ඔහොම තමයි.... බුදුදහමට නිගරු කරන මේ වගේ අකලට ඉපදිච්ච අවජාතකයොන්ට වැඩි පැවැත්මක් නෑ... ඕකුන් මැරෙන්නෙ විඳවලා... ඉදකින් තූහ් විතරක්.,Harassment,0.9512
"Me -හෙට නෝම්බි. මේ මාසේවත් හැදෙන්න ඕන Others- හැදෙන්න දෙයක් නෑ,උඹ  හොඳ එකා නේ","මේ -හෙට නෝම්බි. මේ මාසේවත් හැදෙන්න ඕන ඔතෙර්ස් හැදෙන්න දෙයක් නෑ,උඹ හොඳ එකා නේ",Harassment,0.9414
මේ Waste Indies කාරයොත් අහක යන නයි සරම අස්සේ දාගන්නේ  ලුස් බෝලෙට ගහන් නෑ අමාරු බෝලෙට දීලා එනවා   සිහ්   #CWC15 #IndVsWI,මේ Waste ඉන්දිඑස් කාරයොත් අහක යන නයි සරම අස්සේ දාගන්නේ ලුස් බෝලෙට ගහන් නෑ අමාරු බෝලෙට දීලා එනවා සිහ් #CWC15 ඉන්ද්ව්ස්වී,Harassment,0.981
Me: අඩො අපි AL කරලා දැන් අවු 5ක් වෙනෙවා ඒ කාලේ ලමයෙක් හැදුවා නම් දැන් ඌ ඉස්කොලෙ යන වයස Buddy: දැන් එකෙක් හදපන් එතොකොට අවු 10න් වෙනකොට යවතැකි,මේ අඩො අපි අල කරලා දැන් අවු 5ක් වෙනෙවා ඒ කාලේ ලමයෙක් හැදුවා නම් දැන් ඌ ඉස්කොලෙ යන වයස Buddy: දැන් එකෙක් හදපන් එතොකොට අවු 10න් වෙනකොට යවතැකි,Harassment,0.9668
Me: අම්මටහුඩු මෙතන තිබ්බ මේස රෙද්ද කෝ....????  Zendaya:,මේ අම්මටහුඩු මෙතන තිබ්බ මේස රෙද්ද කෝ....???? ළෙඬ්ය,Harassment,0.9644
@USER මේ අයිසේ. මං ඉන්නේ මගේ මුඩුක්කුවේ තමා. උඹනේ මේ ෆලෝ කරං වැනි බණ පද තුණ්ඩු දික් කරන්ට එන්නේ.  තොගේ නාරි සොමනේ පුක වට බැඳං වැදි බණ හක්කේ තියං නටන්ඩ අහගන්ඩ තමා ඔය ලෑස්තිය. බැහැපිය පරයා දොට්ට මගේ ට්වීට් යට රඟන්නේ නැතුව. ආවා ඇම්බැට්ටයා ධර්මේ උගන්නන්ඩ,මේ අයිසේ. මං ඉන්නේ මගේ මුඩුක්කුවේ තමා. උඹනේ මේ ෆලෝ කරං වැනි බණ පද තුණ්ඩු දික් කරන්ට එන්නේ. තොගේ නාරි සොමනේ පුක වට බැඳං වැදි බණ හක්කේ තියං නටන්ඩ අහගන්ඩ තමා ඔය ලෑස්තිය. බැහැපිය පරයා දොට්ට මගේ ට්වීට් යට රඟන්නේ නැතුව. ආවා ඇම්බැට්ටයා ධර්මේ උගන්නන්ඩ,Harassment,0.9312
මේ අර අපි ගැන කැක්කුම තියන ඇමතියා.. ඇත්ත කියනකොට මුන්ට තිත්තයි.. අවජාතක හොර සුනඛයෝ..,මේ අර අපි ගැන කැක්කුම තියන ඇමතියා.. ඇත්ත කියනකොට මුන්ට තිත්තයි.. අවජාතක හොර සුනඛයෝ..,Harassment,0.9346
මේ අහපන්               උඹ කොල්ලෙක්ද          Like කරලා RT කරපන්,මේ අහපන් උඹ කොල්ලෙක්ද Like කරලා රට් කරපන්,Harassment,0.9263
මේ අහපන් හිගන්නෝ දැන් මෙතන මන් කියලා නෑ තෙල් ලබ්බක් ගැන් මෙතන කියලා තියෙන්නෙ කේශරගේ පුකේ හිල ගැන ඒක නිසා උබ මැද්දෙන් පුක දෙන්නෙ නැතුව කොහෙට හරි වෙලා හිගාකාපන් බන් මෙතන මගෙ tweet අස්සේ reach එක හිගාකන්නෙ නැතුව  නයිජීරියානු හිගන්නා @USER  · 27 Jan  @USER නයිජීරියාවෙන් තෙල් සහන ඉල්ලුවේ මේ සිංහයා තමයි.,මේ අහපන් හිගන්නෝ දැන් මෙතන මන් කියලා නෑ තෙල් ලබ්බක් ගැන් මෙතන කියලා තියෙන්නෙ කේශරගේ පුකේ හිල ගැන ඒක නිසා උබ මැද්දෙන් පුක දෙන්නෙ නැතුව කොහෙට හරි වෙලා හිගාකාපන් බන් මෙතන මගෙ tweet අස්සේ reach එක හිගාකන්නෙ නැතුව නයිජීරියානු හිගන්නා · 27 ජන නයිජීරියාවෙන් තෙල් සහන ඉල්ලුවේ මේ සිංහයා තමයි.,Harassment,0.9482
මේ ආත්මෙත් උඹ තනිකඩයි.. Yoooo @USER  · 30 Mar 2021 බැන්ඳොත් බඳින්නේ කන්‍යාවියක්,මේ ආත්මෙත් උඹ තනිකඩයි.. යූඌ · 30 Mar 2021 බැන්ඳොත් බඳින්නේ කන්‍යාවියක්,Harassment,0.9272
මේ ඉන්නේ අනිත් අවජාතක ටියුෂන් ගුරා .ජාතියක් ජන්මයක් නැති කාලකන්ණි බල්ලෝ .මේ වගේ ජාතිද්‍රෝහීන් කරේ තියන් යන... URL,මේ ඉන්නේ අනිත් අවජාතක ටියුෂන් ගුරා .ජාතියක් ජන්මයක් නැති කාලකන්ණි බල්ලෝ .මේ වගේ ජාතිද්‍රෝහීන් කරේ තියන් යන... උර්ල්,Harassment,0.9097
@USER මේ උඹේ මිනිහට කියපන් හරියට කතාකරන්න කියල පයිය ගැනයි පොන්නද නැද්ස කියල බලන එකද උගේ ගේම හුකන කතා නැතුව පාඩුවෙ හිටපන් හුත්ති,මේ උඹේ මිනිහට කියපන් හරියට කතාකරන්න කියල පයිය ගැනයි පොන්නද නැද්ස කියල බලන එකද උගේ ගේම හුකන කතා නැතුව පාඩුවෙ හිටපන් හුත්ති,Harassment,0.9868
මේ කටට ........................  කක්කි පොඩ්ඩක් දාන්න කවුරුත් නැතිද ? #srilanka #srilankan,මේ කටට ........................ කක්කි පොඩ්ඩක් දාන්න කවුරුත් නැතිද ? ශ්‍රීලංකා ශ්‍රීලන්කන්,Harassment,0.9282
@USER මේ කිව්ව කතාවට තඩි නේත්‍රම්පලම් ගෙඩියක් කටේ ඔබන්න ඕන,මේ කිව්ව කතාවට තඩි නේත්‍රම්පලම් ගෙඩියක් කටේ ඔබන්න ඕන,Harassment,0.9229
@USER මේ කොල්ලොකාර සමනල වන්නිල පක අවජාතක හුත්තිගෙ පුතා  තව වචන තියේ එන්නෑ ඒවා මොකෙක්ද මේ,මේ කොල්ලොකාර සමනල වන්නිල පක අවජාතක හුත්තිගෙ පුතා තව වචන තියේ එන්නෑ ඒවා මොකෙක්ද මේ,Harassment,0.9873
මේ ගල හරියට අර පොල් ගහට වැදුනොත් මට එකිව සෙට් වෙනව    Years Old me,මේ ගල හරියට අර පොල් ගහට වැදුනොත් මට එකිව සෙට් වෙනව යෙඅර්ස් Old මේ,Harassment,0.9067
@USER මේ ගෑනිට සින්හල ජාතියත් එක්ක පුදුම තරහක් තියෙන්නෙ? උබ අදින්නෙ උබගෙ තාත්ත ගෙදර මහන කලිසම්ද ? පර ගැති අවජාතක කාලකන්නි. අහින්සක බලාපොරොත්තුවට පවා ගරහන හැටි. #SriLanka,මේ ගෑනිට සින්හල ජාතියත් එක්ක පුදුම තරහක් තියෙන්නෙ? උබ අදින්නෙ උබගෙ තාත්ත ගෙදර මහන කලිසම්ද ? පර ගැති අවජාතක කාලකන්නි. අහින්සක බලාපොරොත්තුවට පවා ගරහන හැටි. ශ්‍රීලංකා,Harassment,0.9614
මේ ගොතයාගේ පඩලයින් තමා පෙන්න බැරි.. එදා නම් පම්කයාගේ පුක තැලුවා මිලර්..  #SAvPAK,මේ ගොතයාගේ පඩලයින් තමා පෙන්න බැරි.. එදා නම් පම්කයාගේ පුක තැලුවා මිලර්.. සව්පක්,Harassment,0.9536
මේ තව කාලකණ්ණි යෙක්... නිවන් දැක්ක කිව්වම ඇගේ නහර පුප්පගෙන කෑ ගහන බහුජ්ජයො මේවට මීක් නෑ.. Chandu Rashmika (wiz) @USER  · 6 Sep 2020 මන් හිතුවෙ අපේ හාමුදුරුවො සිගරට් වලට  පිරිත් කරනවා කියලා බොන මිනිස්සුන්ගෙ පව් සමාවෙන්න...  මොකද මේ වෙන්නෙ ලන්කාවට :43  views,මේ තව කාලකණ්ණි යෙක්... නිවන් දැක්ක කිව්වම ඇගේ නහර පුප්පගෙන කෑ ගහන බහුජ්ජයො මේවට මීක් නෑ.. Chandu රශ්මික (wiz) · 6 සේප 2020 මන් හිතුවෙ අපේ හාමුදුරුවො සිගරට් වලට පිරිත් කරනවා කියලා බොන මිනිස්සුන්ගෙ පව් සමාවෙන්න... මොකද මේ වෙන්නෙ ලන්කාවට :43 විඑව්ස්,Harassment,0.9346
මේ තවත් බැල්ලියෙක්....තමන්ව ජාතක කල පියාව මාලඹේ බස් නැවතුම්පලේ අතරමං කරදමා ගිය බැල්ලි...(මේආත්මේම විදවන්න ඕනා මේවා) URL,මේ තවත් බැල්ලියෙක්....තමන්ව ජාතක කල පියාව මාලඹේ බස් නැවතුම්පලේ අතරමං කරදමා ගිය බැල්ලි...(මේආත්මේම විදවන්න ඕනා මේවා) උර්ල්,Harassment,0.9702
මේ තුප්පහි ට්වීට් එක පිළිකුල් සහගතව හෙළා දකිමි. එක්කො තෝ කොල්ලෙක් .නැත්නම් දෙකටම නැති මල් පොන්නයෙක්. වරෙන් හුත්තක්වගේ වෙන්න තොගේ පුකට පෝලිමක් දාන්න. කැරි පොන්නයෝ යෝනියකින් තමයි තෝත් මාත් ජාතක උනේ. තොගේ අම්මට තාත්ත හිකුවෙත් ඒ යෝනියට. කිබි හුකන්නො ටිකක් ලංකාවේ ලගදි ඉදන් ඉන්නව _Heshu_ @USER  · 3 May 2021 හායි guys කොහොමද ඔයාලට.. බලමු මගේ යෝනියට කරන්න පුලුවන් දේවල් මොනාද කියලා,මේ තුප්පහි ට්වීට් එක පිළිකුල් සහගතව හෙළා දකිමි. එක්කො තෝ කොල්ලෙක් .නැත්නම් දෙකටම නැති මල් පොන්නයෙක්. වරෙන් හුත්තක්වගේ වෙන්න තොගේ පුකට පෝලිමක් දාන්න. කැරි පොන්නයෝ යෝනියකින් තමයි තෝත් මාත් ජාතක උනේ. තොගේ අම්මට තාත්ත හිකුවෙත් ඒ යෝනියට. කිබි හුකන්නො ටිකක් ලංකාවේ ලගදි ඉදන් ඉන්නව _Heshu_ · 3 May 2021 හායි ගුය්ස් කොහොමද ඔයාලට.. බලමු මගේ යෝනියට කරන්න පුලුවන් දේවල් මොනාද කියලා,Harassment,0.978
@USER මේ පකයෝ ⁣අම්මට  මිනිස්සු පාවලා දෙන්නේ තෝ පකය අවජාතක අම්ම තාත්ත නැතිව උපන්න පොන්නයෙක්ද හුත්තෝ,මේ පකයෝ ⁣අම්මට මිනිස්සු පාවලා දෙන්නේ තෝ පකය අවජාතක අම්ම තාත්ත නැතිව උපන්න පොන්නයෙක්ද හුත්තෝ,Harassment,0.9878
මේ පර බල්ල කියන්වා ඌට ඊළමක් ඕනීලු. මු ඉන්දියාවේ එකෙක්. මූන්ටනේ යකෝ අපේ රටේ උන් ගැන කැක්කුමක් තියෙන්නෙ...! Report this account! We want to see we are the SL. #NoMoreEelamInSL,මේ පර බල්ල කියන්වා ඌට ඊළමක් ඕනීලු. මු ඉන්දියාවේ එකෙක්. මූන්ටනේ යකෝ අපේ රටේ උන් ගැන කැක්කුමක් තියෙන්නෙ...! Report this account! වේ want ටො see වේ are the සල් නොමොරෙඑඑලංඉන්ස්ල,Harassment,0.9619
@USER  @USER මේ පාඩුවෙ හිටාං අහිම්සක කලවැදි එක තෝ වගේ වලත්ත නොකර,මේ පාඩුවෙ හිටාං අහිම්සක කලවැදි එක තෝ වගේ වලත්ත නොකර,Harassment,0.9819
මේ පොඩි දරුවට වද දෙන මේ මූසල වෙස ගෑණිට හෙන හතම වැදියන් කියලා share කරපල්ලා.... ඔයා බලලා තව කෙනෙකුට බලන්න share... URL,මේ පොඩි දරුවට වද දෙන මේ මූසල වෙස ගෑණිට හෙන හතම වැදියන් කියලා share කරපල්ලා.... ඔයා බලලා තව කෙනෙකුට බලන්න share... උර්ල්,Harassment,0.9351
@USER මේ පොන්න පකයාට මෝල් ගහකින් අරන්න ඕන  #කටගඳපසංක,මේ පොන්න පකයාට මෝල් ගහකින් අරන්න ඕන #කටගඳපසංක,Harassment,0.9639
මේ පොසොන් එක ලං වෙලා මේක ලියපු එකා හරියට ජාතක වෙච්ච එකෙක් නෙමෙයි. අනිවාර්යෙන් මුගේ අම්ම මුදලට යන ගැනියක් වෙන්න ඇති.,මේ පොසොන් එක ලං වෙලා මේක ලියපු එකා හරියට ජාතක වෙච්ච එකෙක් නෙමෙයි. අනිවාර්යෙන් මුගේ අම්ම මුදලට යන ගැනියක් වෙන්න ඇති.,Harassment,0.9619
මේ බඩුව ගැන දන්නැත්තෙ මම විතරද? URL This Tweet is unavailable.,මේ බඩුව ගැන දන්නැත්තෙ මම විතරද? උර්ල් This Tweet ඉස unavailable.,Harassment,0.9512
මේ බලහන්කෝ අපේ කෙල්ලෝ පුක හදාගන්න දරන මහන්සිය:,මේ බලහන්කෝ අපේ කෙල්ලෝ පුක හදාගන්න දරන මහන්සිය:,Harassment,0.9307
මේ බෙහෙත් බොනවට වඩා  හොඳයි  ගංජා  ටිකක් ගහනව...  රෙද්ද :3 — feeling panadeine,මේ බෙහෙත් බොනවට වඩා හොඳයි ගංජා ටිකක් ගහනව... රෙද්ද :3 — feeling පංඅදෙඉනෙ,Harassment,0.9307
මේ මයෙ ගෑනි. මේං ඒකිගෙ පුක මේ ඒක උඩපනින හැටි මෙහෙමයි ඒක නැවුනම තං වරදක් නෑනෙ ඔන්න මම කට කෑවා අපි දැන් ඇලී ඇමිනී හපොයි මේකිගෙ බර  #ඇල්බම්,මේ මයෙ ගෑනි. මේං ඒකිගෙ පුක මේ ඒක උඩපනින හැටි මෙහෙමයි ඒක නැවුනම තං වරදක් නෑනෙ ඔන්න මම කට කෑවා අපි දැන් ඇලී ඇමිනී හපොයි මේකිගෙ බර #ඇල්බම්,Harassment,0.9492
මේ මල්ලි කටට දෙනවා..ගිහින් ගන්න ලමායි  rozairownz @USER  · 10 Feb 2021 එන්න පෝලිමට .. කට කට දෙනවා හැමෝටම,මේ මල්ලි කටට දෙනවා..ගිහින් ගන්න ලමායි රොළෛරොව්න්ළ · 10 ෆෙබ් 2021 එන්න පෝලිමට .. කට කට දෙනවා හැමෝටම,Harassment,0.9336
@USER  @USER මේ මල්ලී උඹ වගේ UNP එකට ඕන විදියට වේස කමේ යන එකෙක් නංවේ මං... උඹලට රනිල් හාමුගේ පස්ස ලෙවකාලා පුරුදු ඇති.. අනිත් උං ඒ ගානට දාලා හිතන්න එපා.. රස්සාවක් නැත්තං වරෙං මං රස්සාවක් දෙන්නං..,මේ මල්ලී උඹ වගේ උන්ප් එකට ඕන විදියට වේස කමේ යන එකෙක් නංවේ මං... උඹලට රනිල් හාමුගේ පස්ස ලෙවකාලා පුරුදු ඇති.. අනිත් උං ඒ ගානට දාලා හිතන්න එපා.. රස්සාවක් නැත්තං වරෙං මං රස්සාවක් දෙන්නං..,Harassment,0.938
@USER  @USER මේ මේ.. මාරියෝ.. තෝ පල අහිංසක පොඩි ලමයි නරක් කරන්නේ නැතුව,මේ මේ.. මාරියෝ.. තෝ පල අහිංසක පොඩි ලමයි නරක් කරන්නේ නැතුව,Harassment,0.9438
@USER මේ මොකද එයාගේ කිම්බ ඔයාගේ පුකේ උලනවද කිම්බේ ගු ගදගහයි,මේ මොකද එයාගේ කිම්බ ඔයාගේ පුකේ උලනවද කිම්බේ ගු ගදගහයි,Harassment,0.9868
මේ මොන උත්තක්ද? යකෝ පුක ඉරාගෙන මෙලඩි හද හද ඉන්නෙ නැතුව අපිත් දෙමල හරි හින්දි හරි කොරියන් හරි කොපියක් ගහනව,මේ මොන උත්තක්ද? යකෝ පුක ඉරාගෙන මෙලඩි හද හද ඉන්නෙ නැතුව අපිත් දෙමල හරි හින්දි හරි කොරියන් හරි කොපියක් ගහනව,Harassment,0.9722
@USER මේ මොන සමයක්ද? තෝ කාගෙන් අහලද වල් බල්ලෝ මගේ photo ගත්තේ? ගස් බල්ලා. තෝ ඕන ලබ්බක් දානින්. මගේ photo අයින් කරලා. ගල් මූසලයා.,මේ මොන සමයක්ද? තෝ කාගෙන් අහලද වල් බල්ලෝ මගේ photo ගත්තේ? ගස් බල්ලා. තෝ ඕන ලබ්බක් දානින්. මගේ photo අයින් කරලා. ගල් මූසලයා.,Harassment,0.9243
මේ රට රැකගන්න ආයෙත්  සටනක් සුද්දොයි  අවජාතක කලුසුද්දොයි එක්ක  කරන්න වෙලා  !!!,මේ රට රැකගන්න ආයෙත් සටනක් සුද්දොයි අවජාතක කලුසුද්දොයි එක්ක කරන්න වෙලා !!!,Harassment,0.9224
"@USER මේ රටේ ඔව්වා සා වාව් කියන වේස දූල පුතාලා හිතන් ඉන්නේ උන් බල්ලෝ බලල්ලු කියලා. ඕනේ තැනක හැමිනෙන එක, රෙන එක නෙවෙයි ප්‍රශ්නය, එව්වා මානසික රෝග බව නොදැන සමාජය මත පටවලා එව්වා සරල දේවල් හැටියට පෙන්වන්න දඟලන එක.  ඉස්සර හිපියෝ කියලා උන්ට කිව්වේ. ගේකට වද්දගන්න හොඳ නෑ","මේ රටේ ඔව්වා සා වාව් කියන වේස දූල පුතාලා හිතන් ඉන්නේ උන් බල්ලෝ බලල්ලු කියලා. ඕනේ තැනක හැමිනෙන එක, රෙන එක නෙවෙයි ප්‍රශ්නය, එව්වා මානසික රෝග බව නොදැන සමාජය මත පටවලා එව්වා සරල දේවල් හැටියට පෙන්වන්න දඟලන එක. ඉස්සර හිපියෝ කියලා උන්ට කිව්වේ. ගේකට වද්දගන්න හොඳ නෑ",Harassment,0.9268
@USER මේ රේල්ලුවේ අවජාතක වේසිගෙ පුතාල මිනිස්සු බිල්ලට දීල වළව්ව වෙනුවෙන් වේසකොමේ යනවා..!!!!,මේ රේල්ලුවේ අවජාතක වේසිගෙ පුතාල මිනිස්සු බිල්ලට දීල වළව්ව වෙනුවෙන් වේසකොමේ යනවා..!!!!,Harassment,0.9897
"මේ වගේ එකක් අපේ කිරි අම්මට දුන්නා නම් බනී යකෝ.""තෝ පර බල්ලා.තොගෙ  අම්ම අප්පටත් නව නින්ගිරාවක්.තෝව හැදුවට වඩා හොදයි කූඩුවක දාල කිරි වව්ලෙක් ඇති කරානම් වනචර බල්ලා.තොගේ කේන්දරෙත් තිබ්බේ වලත්තයෙක් වෙනව කියලා.කොහෙද... URL","මේ වගේ එකක් අපේ කිරි අම්මට දුන්නා නම් බනී යකෝ.""තෝ පර බල්ලා.තොගෙ අම්ම අප්පටත් නව නින්ගිරාවක්.තෝව හැදුවට වඩා හොදයි කූඩුවක දාල කිරි වව්ලෙක් ඇති කරානම් වනචර බල්ලා.තොගේ කේන්දරෙත් තිබ්බේ වලත්තයෙක් වෙනව කියලා.කොහෙද... උර්ල්",Harassment,0.9878
මේ වගේ ඒවා හදන උන් අම්මලගෙන් නෙවේ ඉපදිලා තියෙන්නේ  වේස හැත්ත URL,මේ වගේ ඒවා හදන උන් අම්මලගෙන් නෙවේ ඉපදිලා තියෙන්නේ වේස හැත්ත උර්ල්,Harassment,0.9761
මේ වගේ කැරි හැනිනුන්ට රාජ කාරි කරල වැඩක් නැ...මේකිට උල තියල මරන්න ඔන පොන්න වෙසි බැල්ලි URL,මේ වගේ කැරි හැනිනුන්ට රාජ කාරි කරල වැඩක් නැ...මේකිට උල තියල මරන්න ඔන පොන්න වෙසි බැල්ලි උර්ල්,Harassment,0.9878
"@USER මේ වගේ කෙල්ලෙක් නම්.හා අම්මේ,,,,,අම්ම අකමැති වෙන එකක් නැ ,,,","මේ වගේ කෙල්ලෙක් නම්.හා අම්මේ,,,,,අම්ම අකමැති වෙන එකක් නැ ,,,",Harassment,0.936
"මේ වගේ ගොන් තකතිරු අණ්ඩුවක්, තාම වනතුරු කිසිම action එකක් අරං නැහැ වෙඩි ගහපු, හොන් ගහපු අය වෙනුවෙන්,all this inside a NATIONAL PARK!  මේ tweet බඩුවක් දැම්මනං අණ්ඩුවේ මොල් නෙම්බො ටික  මෙලහටත් උලුප්පන්  අැවිල්ා!  #SriLanka  @USER  @USER URL","මේ වගේ ගොන් තකතිරු අණ්ඩුවක්, තාම වනතුරු කිසිම action එකක් අරං නැහැ වෙඩි ගහපු, හොන් ගහපු අය වෙනුවෙන්,all this inside අ NATIONAL PARK! මේ tweet බඩුවක් දැම්මනං අණ්ඩුවේ මොල් නෙම්බො ටික මෙලහටත් උලුප්පන් අැවිල්ා! ශ්‍රීලංකා උර්ල්",Harassment,0.9619
මේ වගේ පාහර බල්ලො එක්කයි අපිට රට හදන්න වෙන්නේ.  අවජාතක දතෝ ! තෝ ජාතක උනේ් කැණහිලෙකුට කියලයි අපිට කියන්න තියෙන්නේ... URL,මේ වගේ පාහර බල්ලො එක්කයි අපිට රට හදන්න වෙන්නේ. අවජාතක දතෝ ! තෝ ජාතක උනේ් කැණහිලෙකුට කියලයි අපිට කියන්න තියෙන්නේ... උර්ල්,Harassment,0.9775
@USER  @USER මේ වගේ පුක ඉරන් රෙප් කරන නිසා වෙන්න ඇතිඋම්බව අර tweet eke මෙන්සන් කරන්න ඇත්තේ,මේ වගේ පුක ඉරන් රෙප් කරන නිසා වෙන්න ඇතිඋම්බව අර tweet eke මෙන්සන් කරන්න ඇත්තේ,Harassment,0.9268
මේ වගේ පොන්න හු@#$ට කියන්න මට වාචන නැහැ. පොන්න Logic. -_-  SOB :@   URL,මේ වගේ පොන්න හු@#$ට කියන්න මට වාචන නැහැ. පොන්න Logic. -_- SOB :@ උර්ල්,Harassment,0.979
මේ වගේ වේස බඩුවක් අපේ රටේ ජනාධිපති වෙලා හිටියලු....හිටං... URL,මේ වගේ වේස බඩුවක් අපේ රටේ ජනාධිපති වෙලා හිටියලු....හිටං... උර්ල්,Harassment,0.979
"මේ වැක්සින් ගහන වැඩෙ සෑහෙන අවුල් ගොඩක් තියෙනවා සමහර PHI ලට මූළික දැනුමවත් නෑ උන්ට ඕනෙ දෙන එක ගහලා දාන්න විතරයි කොහෙද ඉතින් මහ එකාලට ඕනෙ අපි තමයි හොදටම කලෙ කියන්නනෙ ඒකටම හරියන වේස වහල්ලු ටිකකුත් අල්ලගෙන හෝද හෝද අරිනවා උනුත් 3%ට බැන බැන වැරදි වහලා පුක දෙනවා හෙන ගහන්න එපැයි ඉතින්. Suraj  @USER  · 30 Aug 2021 අවුරුදු 30 පහළ මිනිස්සු මැරෙන් නැ ,කොවිඩ් ආසාදනය වෙන් නැ කියලා හිතාන ඉන්නවද දන් නැ.  අගෝස්තුවේ අග ඉදන් 30 පහළ අයට වැක්සීන් එක දෙනවා කීවා තමා නැ.  වැඩ්ඩෝ අයින් කරලා පිඩ්ඩෝ දැම්මම මෙහෙම වෙනවා.","මේ වැක්සින් ගහන වැඩෙ සෑහෙන අවුල් ගොඩක් තියෙනවා සමහර PHI ලට මූළික දැනුමවත් නෑ උන්ට ඕනෙ දෙන එක ගහලා දාන්න විතරයි කොහෙද ඉතින් මහ එකාලට ඕනෙ අපි තමයි හොදටම කලෙ කියන්නනෙ ඒකටම හරියන වේස වහල්ලු ටිකකුත් අල්ලගෙන හෝද හෝද අරිනවා උනුත් 3%ට බැන බැන වැරදි වහලා පුක දෙනවා හෙන ගහන්න එපැයි ඉතින්. සුරාජ්  · 30 ඖග් 2021 අවුරුදු 30 පහළ මිනිස්සු මැරෙන් නැ ,කොවිඩ් ආසාදනය වෙන් නැ කියලා හිතාන ඉන්නවද දන් නැ. අගෝස්තුවේ අග ඉදන් 30 පහළ අයට වැක්සීන් එක දෙනවා කීවා තමා නැ. වැඩ්ඩෝ අයින් කරලා පිඩ්ඩෝ දැම්මම මෙහෙම වෙනවා.",Harassment,0.9082
මේ වෙන කව්‍රුත් නෙවෙයි අර යුරේනි කියන පට්ට බඩුව.... කොරියවට ඇවිත් හිටපු විදිහ... ඔයිට වඩා හොදයි සුවෝන් වත්තේ මාන්... URL,මේ වෙන කව්‍රුත් නෙවෙයි අර යුරේනි කියන පට්ට බඩුව.... කොරියවට ඇවිත් හිටපු විදිහ... ඔයිට වඩා හොදයි සුවෝන් වත්තේ මාන්... උර්ල්,Harassment,0.9321
මේ වෙලාවට ice cream කන මට පිස්සු කියලා කියන්න එපා,මේ වෙලාවට ice cream කන මට පිස්සු කියලා කියන්න එපා,Harassment,0.916
"මේ වෙස අම්පයරය හොර අවුට් දෙනවා පොන්න වෙසිගේ පුතා හතරට පැලියන් ඕකව,ලාදුරු හැදියන්","මේ වෙස අම්පයරය හොර අවුට් දෙනවා පොන්න වෙසිගේ පුතා හතරට පැලියන් ඕකව,ලාදුරු හැදියන්",Harassment,0.9868
මේ වේස කුරුල්ලෝ එක්ක බෑ උදේ හේදුවේ,මේ වේස කුරුල්ලෝ එක්ක බෑ උදේ හේදුවේ,Harassment,0.9482
මේ වේස කූබින්ට යන්න තනක් නැතුවද බොල phone එක අස්සෙත් රිංගන්නේ.,මේ වේස කූබින්ට යන්න තනක් නැතුවද බොල phone එක අස්සෙත් රිංගන්නේ.,Harassment,0.9746
මේ වේස කොල්ලොත් එක්ක twitter ඉන්න බෑ,මේ වේස කොල්ලොත් එක්ක twitter ඉන්න බෑ,Harassment,0.979
මේ වේස නලේ හැම හුත්තවල්ම මේකස්සට ගේනවා.. කාමරයක් අස්කරන අතරතුර ඇන්ටියක් සිය පොඩි වුන් ටිකට එසේ බනින්නීය.. අමතර සුත්තක් මටද ඉල්ලාගත හැකිනම් මනාය.,මේ වේස නලේ හැම හුත්තවල්ම මේකස්සට ගේනවා.. කාමරයක් අස්කරන අතරතුර ඇන්ටියක් සිය පොඩි වුන් ටිකට එසේ බනින්නීය.. අමතර සුත්තක් මටද ඉල්ලාගත හැකිනම් මනාය.,Harassment,0.9634
මේ වේස පකයො රැස්වීම් තියන්න රතිඤ්ඤා පත්තු කරනවා.සත්තු පණ බයෙ දුවනවා.නද්දකින් ගොන් පක්කු.!,මේ වේස පකයො රැස්වීම් තියන්න රතිඤ්ඤා පත්තු කරනවා.සත්තු පණ බයෙ දුවනවා.නද්දකින් ගොන් පක්කු.!,Harassment,0.9136
මේ වේස බල්ලො බැල්ලියෙක් දැක්ක ගමන් පාර හරහා පනිනවා ඇහිල්ලක් බැලිල්ලක් නැතුව.  තව පොඩ්ඩෙන් එක බැල්ලිගේ පුතෙක් පරලොව යනවා වාහනේ වැදිලා,මේ වේස බල්ලො බැල්ලියෙක් දැක්ක ගමන් පාර හරහා පනිනවා ඇහිල්ලක් බැලිල්ලක් නැතුව. තව පොඩ්ඩෙන් එක බැල්ලිගේ පුතෙක් පරලොව යනවා වාහනේ වැදිලා,Harassment,0.9272
මේ වේස හුකන්නොන්ට ඔහොම වෙලා මදි.. සේවකයො කියන්නෙ තොපේ අත පල්ලෙන් වැටිච්ච උන් නෙමෙයි කියල දැන්වත් තේරුම් ගනිව්..... URL,මේ වේස හුකන්නොන්ට ඔහොම වෙලා මදි.. සේවකයො කියන්නෙ තොපේ අත පල්ලෙන් වැටිච්ච උන් නෙමෙයි කියල දැන්වත් තේරුම් ගනිව්..... උර්ල්,Harassment,0.9746
මේ වේස හුත්තිගෙ පුතාල 2.30 ඉඳන් 5.30 වෙනකන් කරන්ට් එක කපල. ආපහු 6 ඉඳන් 7 වෙනකම් කැපුව.,මේ වේස හුත්තිගෙ පුතාල 2.30 ඉඳන් 5.30 වෙනකන් කරන්ට් එක කපල. ආපහු 6 ඉඳන් 7 වෙනකම් කැපුව.,Harassment,0.9233
මේ වේසි... පුතා කියන විදියට සිංහල තම්බි ඉන්නවද ? සිනහල හින්දු ආගමේ ඉන්නවද ? බල්ලෝ සිංහල බව්ද්දයා ගැන උබ මොනවද දන්නේ,මේ වේසි... පුතා කියන විදියට සිංහල තම්බි ඉන්නවද ? සිනහල හින්දු ආගමේ ඉන්නවද ? බල්ලෝ සිංහල බව්ද්දයා ගැන උබ මොනවද දන්නේ,Harassment,0.9229
මේ සක්කිලි පක්ශෙ මට පෙන්නන්න්න බැරි මේ පෙරේතය නිසා.බල්ලොන්ට ජාතක වෙච්ච උන්. URL,මේ සක්කිලි පක්ශෙ මට පෙන්නන්න්න බැරි මේ පෙරේතය නිසා.බල්ලොන්ට ජාතක වෙච්ච උන්. උර්ල්,Harassment,0.979
"@USER මේ සක්කිලි වේසාවගේ් ඇඟේ කොටි පුල්ලි, ප්‍රභාකරන්ගේ භූතාත්මේ වැහිලද කොහෙද සක්කිලි දෙමලා","මේ සක්කිලි වේසාවගේ් ඇඟේ කොටි පුල්ලි, ප්‍රභාකරන්ගේ භූතාත්මේ වැහිලද කොහෙද සක්කිලි දෙමලා",Harassment,0.9849
@USER @USER  මේ සිංහල හරියට type කරාපිය ----> දැක පුක ල්???,මේ සිංහල හරියට type කරාපිය ----> දැක පුක ල්???,Harassment,0.9414
මේ හුත්ත හෙණ අවුලක් වගේ දොඩං ගෙඩි පහහයක්කුස පොඩි හුකමො ටික දෙනෙක් රසිකයගේ tweet එකක් අල්ලං කිංඩියට QT කරල දාලා මාරුවෙන්නේ නිකං හර්කියුලීස් මහාමේරු පර්වතේ දෙබෑවෙන්න පයියෙං ගැහුවා වගේ ගැම්මක් පුකෙං හදාගෙන. ඔය සූට්බූට්පකයි මගෙං හැවුවා නම් ලස්සනට කියලා දෙනවා ගොං බිජ්ජන්ට.,මේ හුත්ත හෙණ අවුලක් වගේ දොඩං ගෙඩි පහහයක්කුස පොඩි හුකමො ටික දෙනෙක් රසිකයගේ tweet එකක් අල්ලං කිංඩියට ක්ත කරල දාලා මාරුවෙන්නේ නිකං හර්කියුලීස් මහාමේරු පර්වතේ දෙබෑවෙන්න පයියෙං ගැහුවා වගේ ගැම්මක් පුකෙං හදාගෙන. ඔය සූට්බූට්පකයි මගෙං හැවුවා නම් ලස්සනට කියලා දෙනවා ගොං බිජ්ජන්ට.,Harassment,0.9746
@USER මේ හුත්තිගෙ මොල හොද කරන්න ලොකු පයියක් පුකට බස්සන ඔනි හුත්තෝ. සිරා තන දෙකක් තියෙන්නෙ තන් දෙකට හුකන්න ඔනි කැරි මුනට විසි වෙන්න. ඔක සතියෙන් ලොකු වෙන්න මිරිකලා හපපන් බොඩියක් අදින්න බැරි වෙන්න .,මේ හුත්තිගෙ මොල හොද කරන්න ලොකු පයියක් පුකට බස්සන ඔනි හුත්තෝ. සිරා තන දෙකක් තියෙන්නෙ තන් දෙකට හුකන්න ඔනි කැරි මුනට විසි වෙන්න. ඔක සතියෙන් ලොකු වෙන්න මිරිකලා හපපන් බොඩියක් අදින්න බැරි වෙන්න .,Harassment,0.9883
"මේ...!   අම්මට වැන්දෙනෑ බොල, හිස නැමුවේ මේ ගෙන්දගම් පොලොවට...","මේ...! අම්මට වැන්දෙනෑ බොල, හිස නැමුවේ මේ ගෙන්දගම් පොලොවට...",Harassment,0.9082
"මේක අවජාතක ආණ්ඩුවක් ! භික්ෂූන් 48ක් ,රණවිරුවන් 09 ක් හිරේ ...සුද්දාගේ... URL","මේක අවජාතක ආණ්ඩුවක් ! භික්ෂූන් 48ක් ,රණවිරුවන් 09 ක් හිරේ ...සුද්දාගේ... උර්ල්",Harassment,0.9351
මේක අවජාතක ආණ්ඩුවක් : අපි එකතුවුණේ නැත්නම් රටට හුළං තමයි URL,මේක අවජාතක ආණ්ඩුවක් : අපි එකතුවුණේ නැත්නම් රටට හුළං තමයි උර්ල්,Harassment,0.9175
"මේක අහපල්ලකෝ, පුක උඩ දාගෙන වැන්ඳට තොපේ අම්ම  මේ ලෝකේ හොඳම අම්ම වුනාට , තොපේ අම්මට බුදු වෙන්න බෑ වඳ පකෝ. හූ ... හූ... ඇද්ද තොපිට?","මේක අහපල්ලකෝ, පුක උඩ දාගෙන වැන්ඳට තොපේ අම්ම මේ ලෝකේ හොඳම අම්ම වුනාට , තොපේ අම්මට බුදු වෙන්න බෑ වඳ පකෝ. හූ ... හූ... ඇද්ද තොපිට?",Harassment,0.9878
"මේක කරපු එකා පුකෙන් වදාපු එකෙක්. මෝඩ මූසලයා. කරන්න වැඩක් නැත්නම් බිත්තියක හිලක් හදාගෙන ඒකට හුකපන්. අහිංසක මිනිස්සුන්ගෙ රස්සවට ගරහන්නේ නැතුව. Dione Diana @USER  · 31 Oct 2019 ඇයි අපේ රටේ මිනිස්සු මෙහෙම, ticket විකුණ එක මේ මනුස්සයගේ රස්සාව, ඉතිම් ඇයි අපෙ උන් තමන්ගෙම එකෙක්ගේ අසරණකමකට මෙහෙම හිනාවෙන්නේ","මේක කරපු එකා පුකෙන් වදාපු එකෙක්. මෝඩ මූසලයා. කරන්න වැඩක් නැත්නම් බිත්තියක හිලක් හදාගෙන ඒකට හුකපන්. අහිංසක මිනිස්සුන්ගෙ රස්සවට ගරහන්නේ නැතුව. දිඔනේ දිඅන · 31 ඔච්ට් 2019 ඇයි අපේ රටේ මිනිස්සු මෙහෙම, ticket විකුණ එක මේ මනුස්සයගේ රස්සාව, ඉතිම් ඇයි අපෙ උන් තමන්ගෙම එකෙක්ගේ අසරණකමකට මෙහෙම හිනාවෙන්නේ",Harassment,0.9756
"මේක යුරෝප් කියල හිතන් හිරට ඇඳගෙන, කොටට ඇඳගෙන පුක නලව නලව ගියාට කමක් නෑ කෙල්ලේ, තොපි Posh උනේ ඇඳුමෙන් නම් මතක... URL","මේක යුරෝප් කියල හිතන් හිරට ඇඳගෙන, කොටට ඇඳගෙන පුක නලව නලව ගියාට කමක් නෑ කෙල්ලේ, තොපි Posh උනේ ඇඳුමෙන් නම් මතක... උර්ල්",Harassment,0.916
@USER  @USER මේක හරි . යවන්න කලිං බලාං ඒකි වීගන්ද කියලා,මේක හරි . යවන්න කලිං බලාං ඒකි වීගන්ද කියලා,Harassment,0.9043
මේකට පුක කියලා රිෆ්ලයි දාන්න වැලට...  පුක 1,මේකට පුක කියලා රිෆ්ලයි දාන්න වැලට... පුක 1,Harassment,0.9077
@USER  මේකට හින්ට් ගහපු එවුන්ට දැන් පුක හපාගෙන මැරෙන්න හිතෙනවා ඇති,මේකට හින්ට් ගහපු එවුන්ට දැන් පුක හපාගෙන මැරෙන්න හිතෙනවා ඇති,Harassment,0.9014
@USER මේකනේ බං එකෙක්ට දික පූගෙන කඩේ යන ගමන් අනිත් එකාට කියනවා තෝ වහලෙක් කියලා..,මේකනේ බං එකෙක්ට දික පූගෙන කඩේ යන ගමන් අනිත් එකාට කියනවා තෝ වහලෙක් කියලා..,Harassment,0.9087
මේකාට ගැහුවහැකි තඩි ගඩොල් බාගෙකින්...  @USER  · 25 Dec 2021 Biryani + Tea  try cheyandi  Show this thread,මේකාට ගැහුවහැකි තඩි ගඩොල් බාගෙකින්... · 25 දෙක් 2021 බිර්යනි + Tea try චෙයන්දී Show this thread,Harassment,0.9395
@USER මේකි දෙව් නේද ඒකි සාරියක් ඇදල ඊ,මේකි දෙව් නේද ඒකි සාරියක් ඇදල ඊ,Harassment,0.9644
@USER මේකි යකෝ.. වෙරි හිදෙයි,මේකි යකෝ.. වෙරි හිදෙයි,Harassment,0.9653
මේකිගේ අම්මට කියලා තමා කියන්න තියෙන්නේ.. ඇයි පර බැල්ලියේ වෙන සින්දු තිබ්බෙම නැද්ද තොට විකන්න.. URL,මේකිගේ අම්මට කියලා තමා කියන්න තියෙන්නේ.. ඇයි පර බැල්ලියේ වෙන සින්දු තිබ්බෙම නැද්ද තොට විකන්න.. උර්ල්,Harassment,0.978
@USER මේකිට අර මන්නාරම පැත්තේ ඉන්න හොඳ තඩි බූරුවෙක් මස් කරලා දෙන්න ඕන කන්න. තමන්ගේ වර්ගයාගේ මස් කැවමවත් මොළේ පැදේනවද බලන්න,මේකිට අර මන්නාරම පැත්තේ ඉන්න හොඳ තඩි බූරුවෙක් මස් කරලා දෙන්න ඕන කන්න. තමන්ගේ වර්ගයාගේ මස් කැවමවත් මොළේ පැදේනවද බලන්න,Harassment,0.9639
"මේකෙ ඉන්න උන්, 2ව දාලා Film 1කිත් ගහන්ඩ හැදුවා. දැන් ඉතිං ඌට පුක හපාගෙන මැරෙන්ඩ හිතෙනවා ඇති.","මේකෙ ඉන්න උන්, 2ව දාලා Film 1කිත් ගහන්ඩ හැදුවා. දැන් ඉතිං ඌට පුක හපාගෙන මැරෙන්ඩ හිතෙනවා ඇති.",Harassment,0.9521
මේකෙ ඉන්න එවුංට උදව්වක් ගන්න DM එකක් දානවට වඩා හොදයි ... අනේ අම්මප මගේ කටට එනවා...  වදින එකාලට එකීලට වැදියන්..,මේකෙ ඉන්න එවුංට උදව්වක් ගන්න දම් එකක් දානවට වඩා හොදයි ... අනේ අම්මප මගේ කටට එනවා... වදින එකාලට එකීලට වැදියන්..,Harassment,0.9775
"මේකෙ ඉන්නවා "" අනේ හුනේ පනේ "" ගාගෙන අනුන්ගේ මගුල්ම විතරක් හොයාගෙන, හතර අතේ පතුරුවන වේස ගෑණු කීප දෙනෙක්.  එවුන්ගෙ ජීවිතේ ලාවට දෙයක් කියලා උබලගේ ජීවිතේ සියල එළියට ඇදලා වගේද. ඒනම් පුතේ අබ සරණයි. ඒකටම හරියන ඒ චීත්තෙම අඳින පිරිමි පරාණ කීපෙකුත් ඉන්නව.  ලැජ්ජයි යකෝ තොපි. බැරිම තැන. බායි.","මේකෙ ඉන්නවා "" අනේ හුනේ පනේ "" ගාගෙන අනුන්ගේ මගුල්ම විතරක් හොයාගෙන, හතර අතේ පතුරුවන වේස ගෑණු කීප දෙනෙක්. එවුන්ගෙ ජීවිතේ ලාවට දෙයක් කියලා උබලගේ ජීවිතේ සියල එළියට ඇදලා වගේද. ඒනම් පුතේ අබ සරණයි. ඒකටම හරියන ඒ චීත්තෙම අඳින පිරිමි පරාණ කීපෙකුත් ඉන්නව. ලැජ්ජයි යකෝ තොපි. බැරිම තැන. බායි.",Harassment,0.981
"@USER මේකෙත් උනා, SS වගයක් ආවම එකෙක්ව පතුරු ගහල ගහල ඌ පොලීසි ගියාම ඒක දාපු ගෑණි තනියම, උඩ ගෙඩි දුන්න අම්මන්ඩිල ඔක්කොම ටික අන්තිමට අර කොල්ලට this is great take actions ගාන්න ගත්ත","මේකෙත් උනා, සස් වගයක් ආවම එකෙක්ව පතුරු ගහල ගහල ඌ පොලීසි ගියාම ඒක දාපු ගෑණි තනියම, උඩ ගෙඩි දුන්න අම්මන්ඩිල ඔක්කොම ටික අන්තිමට අර කොල්ලට this ඉස great take අච්ටිඔන්ස් ගාන්න ගත්ත",Harassment,0.9673
@USER මේකේ tweet දදා ඉන්නෙ නැතුව පලයන් නිරෝදායනේට,මේකේ tweet දදා ඉන්නෙ නැතුව පලයන් නිරෝදායනේට,Harassment,0.9312
මේකේ ඉන්න ගොන් ඇට කිරි බ්ජ්ජ පොඩි එවුන්ගේ ටෝක්ස් දැක්කාම මල පයින්නේ මට විතර්ද ප්‍රෙන්ඩ්ස්...,මේකේ ඉන්න ගොන් ඇට කිරි බ්ජ්ජ පොඩි එවුන්ගේ ටෝක්ස් දැක්කාම මල පයින්නේ මට විතර්ද ප්‍රෙන්ඩ්ස්...,Harassment,0.9053
මේකේ ඉන්න වේස බඩු මට උගන්න එන්න ඕනේ නෑ මේකේ ඉන්න ඕනේ විදිහ..  වටේ ගිහින් පෙට්ටි කඩාගෙන එනවා මෙතන බණ දෙසන්න  :v,මේකේ ඉන්න වේස බඩු මට උගන්න එන්න ඕනේ නෑ මේකේ ඉන්න ඕනේ විදිහ.. වටේ ගිහින් පෙට්ටි කඩාගෙන එනවා මෙතන බණ දෙසන්න ව,Harassment,0.979
මේව හදන උන්ට මඩුවල්ගෙන් ගහල උල තියන්න ඕන. මෝඩ හරක්..... දන්නෙ නැත්නම් කට වහන් හිටපිය ගොන්කම රටටම පෙන්නන්නෙ නැතුව,මේව හදන උන්ට මඩුවල්ගෙන් ගහල උල තියන්න ඕන. මෝඩ හරක්..... දන්නෙ නැත්නම් කට වහන් හිටපිය ගොන්කම රටටම පෙන්නන්නෙ නැතුව,Harassment,0.9111
මේවගේ ජාතික අපරාද කරන උන්ට වදින්න ඕන එසේ මෙසේ හෙන නෙමෙයි ආයෙ අළුවෙලා යන්නම වැදියන්,මේවගේ ජාතික අපරාද කරන උන්ට වදින්න ඕන එසේ මෙසේ හෙන නෙමෙයි ආයෙ අළුවෙලා යන්නම වැදියන්,Harassment,0.9169
"මේවට like කර කර පු* දෙන උනිත් ඉන්නවා, උන් ගොඩක් දෙනෙක් අර ගොබ්බ යූන්පීකාරයෝ. යුද්දේ දිනනකම් යුද්දේ හෑල්ලු කර කර හිටියා මදිමට දැන් කොටින්ට කඩේ යනවා. තොපි වගේ උන් ලංකාවේ ජාතක උන එකත් රටේ කරුමයක් #lka Ravi Yasas @USER  · 10 Jan 2018 කොටින්ට කඩේ යන්නේ වෙන උන් නෙමෙයි, අර ඉස්සර බෝම්බයක් කිව්වම කලිසමේ චූ දාගත්ත ලංකාවෙම ඉන්න වේ*ගේ පුත්තු. මුන්ට පුදුම පු* අමාරුමක් තියෙන්නේ අර මනුස්සයා ඇප දීලා නිදහස් කරාට. #lka URL","මේවට like කර කර පු* දෙන උනිත් ඉන්නවා, උන් ගොඩක් දෙනෙක් අර ගොබ්බ යූන්පීකාරයෝ. යුද්දේ දිනනකම් යුද්දේ හෑල්ලු කර කර හිටියා මදිමට දැන් කොටින්ට කඩේ යනවා. තොපි වගේ උන් ලංකාවේ ජාතක උන එකත් රටේ කරුමයක් ලක රවී යසස් · 10 ජන 2018 කොටින්ට කඩේ යන්නේ වෙන උන් නෙමෙයි, අර ඉස්සර බෝම්බයක් කිව්වම කලිසමේ චූ දාගත්ත ලංකාවෙම ඉන්න වේ*ගේ පුත්තු. මුන්ට පුදුම පු* අමාරුමක් තියෙන්නේ අර මනුස්සයා ඇප දීලා නිදහස් කරාට. ලක උර්ල්",Harassment,0.9775
මේවට තමයි කියන්නේ ....  අලි හු&$# අපි තැලෙයි කියලා....  යකෝ කෙළෝ ගන්නකොට සීමාවකට කෙලවගනිල්ලා.....  රොත්ත බුරුත්තටම  එකට කෙලවන්නේ...   #ලකේපංකාව,මේවට තමයි කියන්නේ .... අලි හු&$# අපි තැලෙයි කියලා.... යකෝ කෙළෝ ගන්නකොට සීමාවකට කෙලවගනිල්ලා..... රොත්ත බුරුත්තටම එකට කෙලවන්නේ... #ලකේපංකාව,Harassment,0.9639
@USER  @USER මේවාගේ මිනිහ හරියට කතාකරල තියෙනවා මම පොන්නයද කියල උඹ කිවුවද ඌට නම් පුකේ අරින්න ගියේ නෑඔය කිවුව පයිය කටට අරන්ද දන්නෑ ගොන්ද නැද්ද බැලුවේ,මේවාගේ මිනිහ හරියට කතාකරල තියෙනවා මම පොන්නයද කියල උඹ කිවුවද ඌට නම් පුකේ අරින්න ගියේ නෑඔය කිවුව පයිය කටට අරන්ද දන්නෑ ගොන්ද නැද්ද බැලුවේ,Harassment,0.9712
මෛත්‍රීගේ මඩු වලිගයෙන් ඔය තලාගෙන යනගමන් මෙන්න මේ ගොන් හරකාටත් පොඩ්ඩ්ක් තලාගෙන යන්න හොදේ …හිටං….. URL,මෛත්‍රීගේ මඩු වලිගයෙන් ඔය තලාගෙන යනගමන් මෙන්න මේ ගොන් හරකාටත් පොඩ්ඩ්ක් තලාගෙන යන්න හොදේ …හිටං….. උර්ල්,Harassment,0.9019
මෛත්‍රීපාල රනිල් උබලා ජාතක කරපු එවුන්ට හත්මුතු පරම්පරාවට හෙන ගහනවා මෛත්‍රීපාල උබ වගේ කාලකන්නි හුත්තිගෙ පුතෙක් හැදුවට වඩා හොදයි සරමේ පිහියදැමිමා නම්,මෛත්‍රීපාල රනිල් උබලා ජාතක කරපු එවුන්ට හත්මුතු පරම්පරාවට හෙන ගහනවා මෛත්‍රීපාල උබ වගේ කාලකන්නි හුත්තිගෙ පුතෙක් හැදුවට වඩා හොදයි සරමේ පිහියදැමිමා නම්,Harassment,0.9731
"@USER මොක නැතත් දෝනි අක්ක ලියන්ගේ පුක අඳිද්දී නම් ලෙසට ඇඳල තියෙනව.. සිරාවට වැල චිත්‍රකතා හෙම ඇන්දනම් වේලම්මා, සවීටා බාබී කැලේ","මොක නැතත් දෝනි අක්ක ලියන්ගේ පුක අඳිද්දී නම් ලෙසට ඇඳල තියෙනව.. සිරාවට වැල චිත්‍රකතා හෙම ඇන්දනම් වේලම්මා, සවීටා බාබී කැලේ",Harassment,0.958
@USER  @USER මොකක්ද තෝ කිව්වෙ.. හැදිමීට අතට ගනිමින් මීට අම්මා..,මොකක්ද තෝ කිව්වෙ.. හැදිමීට අතට ගනිමින් මීට අම්මා..,Harassment,0.9458
මොකක්ද මේ යනව කියන වලිය? ආයේ අර පෙමිනිස්ට් පඩංගු ටික පුක ඌයියා කරගෙන අර නංගි මල්ලිව ඉස්සරහට දාගෙන නටවනවද?,මොකක්ද මේ යනව කියන වලිය? ආයේ අර පෙමිනිස්ට් පඩංගු ටික පුක ඌයියා කරගෙන අර නංගි මල්ලිව ඉස්සරහට දාගෙන නටවනවද?,Harassment,0.915
"මොකද ඔච්චර කොටට අදින්නේ.ඕකත් නැතුව හිටපංකො  : තරහ වෙන්න එපා පුංචි.මගෙ ලබ්බවල් හොයන වෙලාවෙ ගිහින් ඔයාගෙ ලමයි ගැන හොයනවද . පුලුවන්නම් කියල අර නාකි ගෑනුන්ට හුක හුක යන ඒවයි , ගංජ ගැහිල්ලයි නවත්ත ගන්නකො කියල . මගේ එව මම බලාගන්නම්  Dead  පුංචි කොහෙන් ගියාද දන්නෑ   #සිරා_සිද්ධි","මොකද ඔච්චර කොටට අදින්නේ.ඕකත් නැතුව හිටපංකො : තරහ වෙන්න එපා පුංචි.මගෙ ලබ්බවල් හොයන වෙලාවෙ ගිහින් ඔයාගෙ ලමයි ගැන හොයනවද . පුලුවන්නම් කියල අර නාකි ගෑනුන්ට හුක හුක යන ඒවයි , ගංජ ගැහිල්ලයි නවත්ත ගන්නකො කියල . මගේ එව මම බලාගන්නම් Dead පුංචි කොහෙන් ගියාද දන්නෑ #සිරා_සිද්ධි",Harassment,0.98
මොකද යකෝ මං ඇඟ සෝදනව බලන්නෙ scroll කරං පල්ලහලට යනව,මොකද යකෝ මං ඇඟ සෝදනව බලන්නෙ scroll කරං පල්ලහලට යනව,Harassment,0.9351
මොකද හු....කරන්නේ? මාර පොන්න විදිහටනේ මුන් runout වෙන්නේ,මොකද හු....කරන්නේ? මාර පොන්න විදිහටනේ මුන් runout වෙන්නේ,Harassment,0.9492
@USER  @USER    මොකාද අවජාතක එකා අඩො ගනින් කඩුව ටුට්ටේ සුප්පේ කොසේල් කසුනෝ කෝ ඩෝ චන්ඩියා,මොකාද අවජාතක එකා අඩො ගනින් කඩුව ටුට්ටේ සුප්පේ කොසේල් කසුනෝ කෝ ඩෝ චන්ඩියා,Harassment,0.9819
මොකෙක් හරි කියන හැමදෙම අහගෙන ඉන් නවනමි ආ එයා හොඩ girl එත් එහෙම නවෙයි නමි බඩුව Mru,මොකෙක් හරි කියන හැමදෙම අහගෙන ඉන් නවනමි ආ එයා හොඩ girl එත් එහෙම නවෙයි නමි බඩුව මරු,Harassment,0.9106
@USER මොකෙක්ද යකෝ තෝ උඹනෙ කිව්වෙ දැන් අනුන්ගෙ දේවල් හොයන්න එපැයි අරකයි මේකයි හම්මෝ රට හරකෙක්  මට ඕනෙනම් මම උඹේ tweet බලනව reply කරනවා RT කරනවා උඹටනෙ පුකේ අමාරුව ඒකට දරාගන්න අමාරුයි නම් ගෑණියෙක් වගෙව් අඩන්නෙ නැතුව block කරපන්  #න්න යකෙක් උඹ නම්  හම්මෝ #ඉන්දියාවෙන්ඇරගත්තඑකා,මොකෙක්ද යකෝ තෝ උඹනෙ කිව්වෙ දැන් අනුන්ගෙ දේවල් හොයන්න එපැයි අරකයි මේකයි හම්මෝ රට හරකෙක් මට ඕනෙනම් මම උඹේ tweet බලනව reply කරනවා රට් කරනවා උඹටනෙ පුකේ අමාරුව ඒකට දරාගන්න අමාරුයි නම් ගෑණියෙක් වගෙව් අඩන්නෙ නැතුව block කරපන් #න්න යකෙක් උඹ නම් හම්මෝ #ඉන්දියාවෙන්ඇරගත්තඑකා,Harassment,0.9565
@USER  @USER මොකො පකෝ බෙරිහන් දෙන්නෙ? තෝව රිපෝට් කලේ නෑ. තෝ මේ එක එක හුත්තවල් කරන්න ගිහින් බටන් එක කඩාගෙන මෙතන මට කෑගහන්න එන්න එපා.,මොකො පකෝ බෙරිහන් දෙන්නෙ? තෝව රිපෝට් කලේ නෑ. තෝ මේ එක එක හුත්තවල් කරන්න ගිහින් බටන් එක කඩාගෙන මෙතන මට කෑගහන්න එන්න එපා.,Harassment,0.978
මොණර නටනකොට ඌ දන්නෙ නෑ උගෙ පුක එලියෙ කියල. ඌ හෙන ගැම්මෙන් නටනව. පිටිපස්සෙන් ඉන්න උන් හිනාවෙනව.   වැදියන්!,මොණර නටනකොට ඌ දන්නෙ නෑ උගෙ පුක එලියෙ කියල. ඌ හෙන ගැම්මෙන් නටනව. පිටිපස්සෙන් ඉන්න උන් හිනාවෙනව. වැදියන්!,Harassment,0.9717
මොණරාගල බැදගම කාලකණ්ණි අවජාතක වේ@$පුතාල මේ අහිංසක සතාගෙ කකුල් කඩල ත්‍රීවීලර් එකක පටෝගෙන යද්දි පොලීසියට අහුවෙලා තියෙන්නෙ..... මේවගේ සක්කිලි වැඩ කරන ඕකුංගෙ පවුල් පිටින්ම හැදිගෑවිලා  දරුවන්ට එක්ක හෙන වදින්න ඕනි.... පනපිටින් කකුල් කඩනකොට මොනතරම් වේදනාවක් දැනෙන්න ඇතිද ඒ සතාට......,මොණරාගල බැදගම කාලකණ්ණි අවජාතක වේ@$පුතාල මේ අහිංසක සතාගෙ කකුල් කඩල ත්‍රීවීලර් එකක පටෝගෙන යද්දි පොලීසියට අහුවෙලා තියෙන්නෙ..... මේවගේ සක්කිලි වැඩ කරන ඕකුංගෙ පවුල් පිටින්ම හැදිගෑවිලා දරුවන්ට එක්ක හෙන වදින්න ඕනි.... පනපිටින් කකුල් කඩනකොට මොනතරම් වේදනාවක් දැනෙන්න ඇතිද ඒ සතාට......,Harassment,0.9434
මොන change වුනාත් මං හැදාම ඔයාගේ ගොන් මැට්ටී වගේ ඔයගේ කකුල් දෙක ළග වැටිලා ඉන්නවා. මං ඉල්ලන්නේ පීස් මාව එළවන්න එපා. ඔයා ගාව ඉන්න දෙන්න. මේ ආත්මේ බැරි වුනාත් කෝම හරි පිං කරලා මං ලබන ආත්මේ කොහොම හරි ඔයාගේ විතරක් වෙනවා.,මොන change වුනාත් මං හැදාම ඔයාගේ ගොන් මැට්ටී වගේ ඔයගේ කකුල් දෙක ළග වැටිලා ඉන්නවා. මං ඉල්ලන්නේ පීස් මාව එළවන්න එපා. ඔයා ගාව ඉන්න දෙන්න. මේ ආත්මේ බැරි වුනාත් කෝම හරි පිං කරලා මං ලබන ආත්මේ කොහොම හරි ඔයාගේ විතරක් වෙනවා.,Harassment,0.9116
@USER මොන පිස්සුද මොකෝ වෛරස් කියල පුක හෝදන් නැතුව ඉන්නවෑ..  කාටත් හිමි රෙන පුක නම් ඇගේ ඒක ලස්සන නම් ගලුත් සෙස්සි වටකුරු නම් දෑම තමයි සුරු විරුකම්,මොන පිස්සුද මොකෝ වෛරස් කියල පුක හෝදන් නැතුව ඉන්නවෑ.. කාටත් හිමි රෙන පුක නම් ඇගේ ඒක ලස්සන නම් ගලුත් සෙස්සි වටකුරු නම් දෑම තමයි සුරු විරුකම්,Harassment,0.9585
මොන මගුලටද ඕයි අද කියලා නිකන් නිදි මර මර ඉන්නේ :/  ඇයි පුක උඩ ගෙන හැමෝටම Msg යවනන්ද? :P  නිකන් ෆුක නොදී 12 පහු... URL,මොන මගුලටද ඕයි අද කියලා නිකන් නිදි මර මර ඉන්නේ :/ ඇයි පුක උඩ ගෙන හැමෝටම මස් යවනන්ද? ප් නිකන් ෆුක නොදී 12 පහු... උර්ල්,Harassment,0.9106
@USER මොන රෙද්දකට රින්ගනවද ඕවා අස්සෙ....සිංහල අපි අතර ඉන්නවා ඔය වගේ අවජාතක පිරිස්..,මොන රෙද්දකට රින්ගනවද ඕවා අස්සෙ....සිංහල අපි අතර ඉන්නවා ඔය වගේ අවජාතක පිරිස්..,Harassment,0.9517
මොන ලමෙක් කිව.... පස්ස ටමා භොල... මට ඩැම් ලමයි හඩල ඇටි වෙලා... අම්මපාං.... මෙ කොරියාවෙ මිනිසුම්ගෙ හැන්සම් වීමෙ රහස හොයම් උම්ව කැත කොරම්ඩෝනෙ...,මොන ලමෙක් කිව.... පස්ස ටමා භොල... මට ඩැම් ලමයි හඩල ඇටි වෙලා... අම්මපාං.... මෙ කොරියාවෙ මිනිසුම්ගෙ හැන්සම් වීමෙ රහස හොයම් උම්ව කැත කොරම්ඩෝනෙ...,Harassment,0.9688
"මොන වේස වැඩද බං මේවා, හරියට ජාතකයක් තියෙන උන් මේ වගේ ගං කබර වැඩ කරන්නේ නැහැ. කිසිම හිරිකිතයක් නැතිව වේස කමයි පොන්න කමයි පෙන්නන හැටි අප්පිරියයි බං රාක්ෂයා @USER  · 5 Jan 2021  @USER කරන්නදෙයක් නෑ මචං එන්න එන්න පොන්නයෝ සහ වේසියො වැඩිවෙනවා Twtitter එකේ. මුං හදන්නෙ මේක උන්ගෙ ගොං තිප්පලක් කරන්න....ඒකට ඉඩදෙන්නෙ නැති උන්ට ගරහනව","මොන වේස වැඩද බං මේවා, හරියට ජාතකයක් තියෙන උන් මේ වගේ ගං කබර වැඩ කරන්නේ නැහැ. කිසිම හිරිකිතයක් නැතිව වේස කමයි පොන්න කමයි පෙන්නන හැටි අප්පිරියයි බං රාක්ෂයා · 5 ජන 2021 කරන්නදෙයක් නෑ මචං එන්න එන්න පොන්නයෝ සහ වේසියො වැඩිවෙනවා ට්ව්ටිට්ටේර් එකේ. මුං හදන්නෙ මේක උන්ගෙ ගොං තිප්පලක් කරන්න....ඒකට ඉඩදෙන්නෙ නැති උන්ට ගරහනව",Harassment,0.978
මොන හුත්තිගෙ පුතාද යකෝ මේ පාන්දර ටවුන් එක මැද්දෙ බජව් දාන්නෙ අම්මට හුකන්ඩ. අපි නිදගන්නෙ නැද්ද පකෝ,මොන හුත්තිගෙ පුතාද යකෝ මේ පාන්දර ටවුන් එක මැද්දෙ බජව් දාන්නෙ අම්මට හුකන්ඩ. අපි නිදගන්නෙ නැද්ද පකෝ,Harassment,0.9785
@USER මොනවද බඩුව රත්තරන් කේල්ලක්ද,මොනවද බඩුව රත්තරන් කේල්ලක්ද,Harassment,0.9287
"@USER @USER  මොනාද බං, නිදාගෙන ඇහැරුණු ගමන් උඹ Good night කියනකොට මට ආයෙත් නිදිමත හැදෙනවනෙ බං.","මොනාද බං, නිදාගෙන ඇහැරුණු ගමන් උඹ Good night කියනකොට මට ආයෙත් නිදිමත හැදෙනවනෙ බං.",Harassment,0.9429
@USER මොනෞත්තක්ද යකෝ.. තෝ සිරාවටම රාවණා ගැන දන් නැත්තං වලක් කපං පුක වලලං මැරියං...,මොනෞත්තක්ද යකෝ.. තෝ සිරාවටම රාවණා ගැන දන් නැත්තං වලක් කපං පුක වලලං මැරියං...,Harassment,0.915
මොරටුවේ බල්ලෝ මරපු අවජාතක සක්කිලි වේසිගෙ පුතාලාට සහ මේ ආණ්ඩුවේ පොන්න හුත්තිගෙ පුතාලට හෙන 7ක් හෝ 8ක් වැදියං කියා මං නිහතමානීව ප්‍රාර්ථනා කරමි,මොරටුවේ බල්ලෝ මරපු අවජාතක සක්කිලි වේසිගෙ පුතාලාට සහ මේ ආණ්ඩුවේ පොන්න හුත්තිගෙ පුතාලට හෙන 7ක් හෝ 8ක් වැදියං කියා මං නිහතමානීව ප්‍රාර්ථනා කරමි,Harassment,0.98
Morden අම්මා=baby ටේක් ur breakfast අනේ......  අපේ අම්මා=පුතේ උදේට කාලා පලයන් නැත්තන් උබට ගෑස් වැඩිවෙයි.... #SLPoshTalks,මොර්දෙන් අම්මා=baby ටේක් උර breakfast අනේ...... අපේ අම්මා=පුතේ උදේට කාලා පලයන් නැත්තන් උබට ගෑස් වැඩිවෙයි.... ස්ල්පොෂ්ටල්ක්ස්,Harassment,0.9141
මොලේ ලොකු කර ගන්න ඕනි තැන් වල පයිය ලොකු කර ගත්තම දුක් විදින්න වෙනවා,මොලේ ලොකු කර ගන්න ඕනි තැන් වල පයිය ලොකු කර ගත්තම දුක් විදින්න වෙනවා,Harassment,0.9365
මොවුන් අසරන ලමයි. ඒම තිරිසන් සක්කිලි වැඩ කලෙ විජයකලා වගේ ලොකු එවුන්. උන්ව සුරතල් කරල රනවිරුවොඅ මරල ඔයාල ගන්න ආතල්... URL,මොවුන් අසරන ලමයි. ඒම තිරිසන් සක්කිලි වැඩ කලෙ විජයකලා වගේ ලොකු එවුන්. උන්ව සුරතල් කරල රනවිරුවොඅ මරල ඔයාල ගන්න ආතල්... උර්ල්,Harassment,0.9287
"මෝඩ ආතල් දෙන්න ආපු පොන්න පැටව් 2ක් BLOCK කරලා, blocking list එක start කරා     මොන්ටිසෝරි ආතල් දෙන වේසිගෙ පුතාලා හිතන්නෙ උන්ගේ සුරංගනා ආතල් වලට හැමොම කැමතියි කියලා","මෝඩ ආතල් දෙන්න ආපු පොන්න පැටව් 2ක් BLOCK කරලා, blocking list එක start කරා මොන්ටිසෝරි ආතල් දෙන වේසිගෙ පුතාලා හිතන්නෙ උන්ගේ සුරංගනා ආතල් වලට හැමොම කැමතියි කියලා",Harassment,0.9375
මෝඩ බයියෙක්: -   උඹේ අම්මට නම් අනිවා තම්බියෙක් කෙලළ තියෙන්නෙ..ඒකනෙ ඕයි කැක්කුම..  මම:-  දැන් උබට ෂුවර්ද උබේ අම්ම ලිංගික සන්තර්පනය ලැබුවෙ පෙරාපු සිංහලයො  එක්කො  විතරයි  කියල? ගොන් කතානෙ බම්. ඒක උබ දන්නෙත් නෑ. අම්ම... URL,මෝඩ බයියෙක්: - උඹේ අම්මට නම් අනිවා තම්බියෙක් කෙලළ තියෙන්නෙ..ඒකනෙ ඕයි කැක්කුම.. මම:- දැන් උබට ෂුවර්ද උබේ අම්ම ලිංගික සන්තර්පනය ලැබුවෙ පෙරාපු සිංහලයො එක්කො විතරයි කියල? ගොන් කතානෙ බම්. ඒක උබ දන්නෙත් නෑ. අම්ම... උර්ල්,Harassment,0.9668
@USER @USER  මෝඩ සම්පත් මොහොමඩි..ඉස්සෙල්ල ඹයා හොඳ job එකක් හොයාගෙන අම්ම ගනිකා වෘතියෙන් මුදව ගන්න..,මෝඩ සම්පත් මොහොමඩි..ඉස්සෙල්ල ඹයා හොඳ job එකක් හොයාගෙන අම්ම ගනිකා වෘතියෙන් මුදව ගන්න..,Harassment,0.9014
@USER මෝඩ හුකන්නා වාහනේ යද්දි අත වනවනවත් ගියාද දන්නෑ,මෝඩ හුකන්නා වාහනේ යද්දි අත වනවනවත් ගියාද දන්නෑ,Harassment,0.9648
මෝහිනි එක්සෙල් සයිස් බඩුවක් වුනොත් රෙද්ද අන්දවන්නට වන්නේ බෝදියවටේ කොඩිවැල් එල්ලනවාක් මෙනි..,මෝහිනි එක්සෙල් සයිස් බඩුවක් වුනොත් රෙද්ද අන්දවන්නට වන්නේ බෝදියවටේ කොඩිවැල් එල්ලනවාක් මෙනි..,Harassment,0.9058
යකාගේ කටට අත දාපු අපිට මේ පූසා මොන කජ්ජක්ද ? URL via  @USER  News Alert,යකාගේ කටට අත දාපු අපිට මේ පූසා මොන කජ්ජක්ද ? උර්ල් via News Alert,Harassment,0.9556
@USER  @USER යකාම කාපිය තෝ ඇදල හම්පඩ  ගහපු එක 1100ක්,යකාම කාපිය තෝ ඇදල හම්පඩ ගහපු එක 1100ක්,Harassment,0.9814
@USER යකො මගෙ වචන අල්ලගන් කියන්නෙ මෙ විදි බඩුව ඇක්කා හරි හරි උබට දුකයි නම් පයිය ගැන ඔනෙ නැ සොරි ඇ,යකො මගෙ වචන අල්ලගන් කියන්නෙ මෙ විදි බඩුව ඇක්කා හරි හරි උබට දුකයි නම් පයිය ගැන ඔනෙ නැ සොරි ඇ,Harassment,0.9697
@USER  @USER යකො මට වේසි කියලා මේකිට මෙච්චර හොදින් කියන්න අඩො ඇඩ්මින් දැනගනින් බාවනවා තෝවා ගොටුකොල හැලපයා,යකො මට වේසි කියලා මේකිට මෙච්චර හොදින් කියන්න අඩො ඇඩ්මින් දැනගනින් බාවනවා තෝවා ගොටුකොල හැලපයා,Harassment,0.9766
යකෝ මේ ගැනු රෙදි බගෙට ඇදං ඇවිල්ල අපි දැක්කාම ඇබරෙනව  හරියට රෙදි අපි ඇන්දුව වගේ  තූ  තොපි,යකෝ මේ ගැනු රෙදි බගෙට ඇදං ඇවිල්ල අපි දැක්කාම ඇබරෙනව හරියට රෙදි අපි ඇන්දුව වගේ තූ තොපි,Harassment,0.9478
යකෝ 39 වත් පන්නපියව්. අල්ලපු වැටේ උන්. රෙදි ටික බේරන්වත් ඉන්න ඕනා...  #INDvsSL,යකෝ 39 වත් පන්නපියව්. අල්ලපු වැටේ උන්. රෙදි ටික බේරන්වත් ඉන්න ඕනා... ඉන්ද්ව්ස්ස්ල්,Harassment,0.9624
@USER @USER  යකෝ Pun ගෙඩිය පිටින්! දාපම් පහක්   @USER,යකෝ Pun ගෙඩිය පිටින්! දාපම් පහක්,Harassment,0.9492
යකෝ  SEEKER @USER  · 9 Sep 2019  @USER@USER ඕයි වේසිගේපුතා මෙච්චර කලක් තෝ නාකියා කියලා හිතලා පොඩ්ඩක් ගරු කරලා තමයි ට්වීට් කරේ.බලන් ගිහාම තෝ දාර පොන්නයෙක්නේ.හුත්තෝ එදා මැරුණ ගාන නෙමෙයි පොන්නයෝ යුද්ධේ නිසා දවස ගානේ අවුරුදු 30ක් මැරුණ ගාන ගැන හිතලා බලපන්.තොපිට ඒවා ගානක් නැතුව ඇති අපි ඒ කාලේ කොයි වෙලේ බෝම්බයක් ගහයිද කියලා- 1/2,යකෝ SEEKER · 9 සේප 2019 ඕයි වේසිගේපුතා මෙච්චර කලක් තෝ නාකියා කියලා හිතලා පොඩ්ඩක් ගරු කරලා තමයි ට්වීට් කරේ.බලන් ගිහාම තෝ දාර පොන්නයෙක්නේ.හුත්තෝ එදා මැරුණ ගාන නෙමෙයි පොන්නයෝ යුද්ධේ නිසා දවස ගානේ අවුරුදු 30ක් මැරුණ ගාන ගැන හිතලා බලපන්.තොපිට ඒවා ගානක් නැතුව ඇති අපි ඒ කාලේ කොයි වෙලේ බෝම්බයක් ගහයිද කියලා- 1/2,Harassment,0.9819
@USER යකෝ wrong side ගිහින් නේද හප්පන්නේ. වමේ එක වාහනයක් නෑ.,යකෝ wrong side ගිහින් නේද හප්පන්නේ. වමේ එක වාහනයක් නෑ.,Harassment,0.9307
යකෝ අපිටත් කිපෙනවා මද තොපිලා ඔය විදියට නෙරිය සොලවනකොට... — feeling මද කිපිල,යකෝ අපිටත් කිපෙනවා මද තොපිලා ඔය විදියට නෙරිය සොලවනකොට... — feeling මද කිපිල,Harassment,0.9482
යකෝ අපේ Gym එකෙත් මේම Cardio Exercise එකක් තිබ්බනම් මට දැන් 16 Pack තියෙනවා.  බන්ස් | BΛNZ @USER  · 5 Oct 2018 බඩ බහිනවා හුටස් ගලා,යකෝ අපේ Gym එකෙත් මේම කර්දිඔ Exercise එකක් තිබ්බනම් මට දැන් 16 Pack තියෙනවා. බන්ස් | බλන්ළ · 5 ඔච්ට් 2018 බඩ බහිනවා හුටස් ගලා,Harassment,0.9204
@USER යකෝ අපේ ගෑනුන්ව ඔහොම ස්ප්‍රයිස් කරන්න ගියොත්  තෝ මොන ගෑනි එක්ක වේස කමේ යන ගමන් ද මේ කාර් එකේ කියලා  සයිඩ් කන්නාඩියත් ගලවලා අතට දෙයි,යකෝ අපේ ගෑනුන්ව ඔහොම ස්ප්‍රයිස් කරන්න ගියොත් තෝ මොන ගෑනි එක්ක වේස කමේ යන ගමන් ද මේ කාර් එකේ කියලා සයිඩ් කන්නාඩියත් ගලවලා අතට දෙයි,Harassment,0.9404
"යකෝ අපේ හමුදාවෙයි, STF කොල්ලොයි මෙච්චර අව්වෙ කර වෙවී, වැස්සෙ තෙමි තෙමි ඔත්තු පස්සෙයි, කාළකණ්ණි පස්සෙයි එලෝනවා.  ඒත් අපේ සමහරක්ට ලොකු අර Anonymous හාදයෝ ටික ISIS ලට තර්ජනේ කරපු එකක්. මොකාක් හරි මගුලක් කනට වැටුනම රටේ මුකුත් මතක නෑ උලුප්පලා දෙන්න තමා දන්නෙ. තකතීරු හැත්ත  #lka","යකෝ අපේ හමුදාවෙයි, ස්ට්ෆ් කොල්ලොයි මෙච්චර අව්වෙ කර වෙවී, වැස්සෙ තෙමි තෙමි ඔත්තු පස්සෙයි, කාළකණ්ණි පස්සෙයි එලෝනවා. ඒත් අපේ සමහරක්ට ලොකු අර Anonymous හාදයෝ ටික ඉසිස් ලට තර්ජනේ කරපු එකක්. මොකාක් හරි මගුලක් කනට වැටුනම රටේ මුකුත් මතක නෑ උලුප්පලා දෙන්න තමා දන්නෙ. තකතීරු හැත්ත ලක",Harassment,0.9141
යකෝ අර 6 4ක් ගහපු එකා නම් අරිස්ටෙ කල්දේරමක බැහැල උදේ හවස නාන එකෙක්ද කොහෙද බන් — feeling මුකුත් හිතා ගන්න බැරුව,යකෝ අර 6 4ක් ගහපු එකා නම් අරිස්ටෙ කල්දේරමක බැහැල උදේ හවස නාන එකෙක්ද කොහෙද බන් — feeling මුකුත් හිතා ගන්න බැරුව,Harassment,0.9287
@USER යකෝ අර බඩ තඩියත් එක්ක කොහොමද එහෙම කරන්නෙ ඌ හොදම කෝම එකක් හැදුනු ලෙඩෙක්ට රගපාන්න,යකෝ අර බඩ තඩියත් එක්ක කොහොමද එහෙම කරන්නෙ ඌ හොදම කෝම එකක් හැදුනු ලෙඩෙක්ට රගපාන්න,Harassment,0.9297
යකෝ අහින්සක මගෙ ඩ්‍රම් සෙට් එකේ BASS එක ඇතුලේ සුදු පූසි ලමයි වදලා.සුදු පූසී අද උබ මැරුම් කනවා. තොට වෙන දිහාවක් තිබ්බෙ නැද්ද යකෝ.,යකෝ අහින්සක මගෙ ඩ්‍රම් සෙට් එකේ BASS එක ඇතුලේ සුදු පූසි ලමයි වදලා.සුදු පූසී අද උබ මැරුම් කනවා. තොට වෙන දිහාවක් තිබ්බෙ නැද්ද යකෝ.,Harassment,0.9155
@USER @USER  යකෝ ඇගේ හැටියට කන්නෙපැයි :3 සයිම කෙට්ටු නිසා හොඳයි...මං ඒම නං තෝව කනව :3  @USER,යකෝ ඇගේ හැටියට කන්නෙපැයි :3 සයිම කෙට්ටු නිසා හොඳයි...මං ඒම නං තෝව කනව :3,Harassment,0.9253
යකෝ ඉනාමි අවන්ද්‍යය contact කරගන්න පුළුවන් ඒත් ඉනාමිල මාතරට බස්සල musicකරන එවුන්වනේ මල තියලවත් අල්ලගන්න බැරි...,යකෝ ඉනාමි අවන්ද්‍යය contact කරගන්න පුළුවන් ඒත් ඉනාමිල මාතරට බස්සල musicකරන එවුන්වනේ මල තියලවත් අල්ලගන්න බැරි...,Harassment,0.9639
@USER යකෝ උගේ ජාතකේ පේනවා.,යකෝ උගේ ජාතකේ පේනවා.,Harassment,0.9463
@USER  @USER    යකෝ උබේ ඇහේ සුද  බැදිලද කොහෙද,යකෝ උබේ ඇහේ සුද බැදිලද කොහෙද,Harassment,0.9292
@USER  යකෝ උඹ ටවල් එකෙන් පුපත් පිහදානවද,යකෝ උඹ ටවල් එකෙන් පුපත් පිහදානවද,Harassment,0.9033
යකෝ එක එකා liquors review කරන්න youtube channel කරන්න පුළුවන්  අරූ ගල් බෝතලේ දාපු එකයි වැරදි බ්‍රෑන්ඩ් එක මදි මගෙ හිතේ,යකෝ එක එකා ලිකුඔර්ස review කරන්න යෝඋටුබේ channel කරන්න පුළුවන් අරූ ගල් බෝතලේ දාපු එකයි වැරදි බ්‍රෑන්ඩ් එක මදි මගෙ හිතේ,Harassment,0.936
යකෝ ඔය හුලඟයි වැස්සයි නවත්තපං.... එන්නම ඕනනම් එකක් වරෙන්.. වහල ගලවන් ගියොත් තෙමිලා මැරෙයි..... අපිට විතරද දැන්... URL,යකෝ ඔය හුලඟයි වැස්සයි නවත්තපං.... එන්නම ඕනනම් එකක් වරෙන්.. වහල ගලවන් ගියොත් තෙමිලා මැරෙයි..... අපිට විතරද දැන්... උර්ල්,Harassment,0.9629
@USER  @USER යකෝ කං හැඳි වලිං පොල්ලෙලි ගහන්න බෑ  @USER @USER,යකෝ කං හැඳි වලිං පොල්ලෙලි ගහන්න බෑ,Harassment,0.9233
යකෝ කඩල විකුණන එකාගෙ තියෙන ලයින්.  තෝම කාපිය කියල ආවා,යකෝ කඩල විකුණන එකාගෙ තියෙන ලයින්. තෝම කාපිය කියල ආවා,Harassment,0.9448
@USER යකෝ කන එක අපි රස තැනින් කනවා.. තොපි වගේ කඩේ අයිති එකාගෙ අම්මට හැමිනුනේ කොන ඇති එකෙක්ද නැති එකෙක්ද කියල හොයන්න තරම් අපි ගල් යුගෙ නෙමෙ.. තොපි මේ ලෝකෙට  ණය වෙල අරාබි ඉන්න අපේ ගෑනු කිම්බත් අරාබින්ට දීල හම්බ කරන් නඩත්තු වෙන රටේ ගිනිතියනවා.. අයියලගෙ මයිල් ලොකු කරන් දඟලනවා.,යකෝ කන එක අපි රස තැනින් කනවා.. තොපි වගේ කඩේ අයිති එකාගෙ අම්මට හැමිනුනේ කොන ඇති එකෙක්ද නැති එකෙක්ද කියල හොයන්න තරම් අපි ගල් යුගෙ නෙමෙ.. තොපි මේ ලෝකෙට ණය වෙල අරාබි ඉන්න අපේ ගෑනු කිම්බත් අරාබින්ට දීල හම්බ කරන් නඩත්තු වෙන රටේ ගිනිතියනවා.. අයියලගෙ මයිල් ලොකු කරන් දඟලනවා.,Harassment,0.9375
යකෝ කඳ ලොකු එකාගෙ කං පොඩී.. දැන් බලපන් හිපෝ /ඌරා වගේ සත්තු,යකෝ කඳ ලොකු එකාගෙ කං පොඩී.. දැන් බලපන් හිපෝ /ඌරා වගේ සත්තු,Harassment,0.9155
@USER යකෝ කී පාරක් ඔබල බැලුවද wifi off කරා data දාල බැලුවා wifi විත්‍රක්.දැම්ම් නේ මන්ද පස්සෙ තෙරුනේ ගුහාව,යකෝ කී පාරක් ඔබල බැලුවද විෆි off කරා data දාල බැලුවා විෆි විත්‍රක්.දැම්ම් නේ මන්ද පස්සෙ තෙරුනේ ගුහාව,Harassment,0.9414
@USER යකෝ ගූ කාපන් ගූ. රටේ සල්ලි කන අවජාතක තෝ අම්ම අප්පටත් නිගාවක්. බීඩි ගහපන් ගෙදර ගිහින්. තෝ ඔය ගහන්නේ ඉස්කෝලේ මැච් එකක් නෙමෙයි . කාලකන්නි පරයා,යකෝ ගූ කාපන් ගූ. රටේ සල්ලි කන අවජාතක තෝ අම්ම අප්පටත් නිගාවක්. බීඩි ගහපන් ගෙදර ගිහින්. තෝ ඔය ගහන්නේ ඉස්කෝලේ මැච් එකක් නෙමෙයි . කාලකන්නි පරයා,Harassment,0.9434
@USER @USER  යකෝ ජලභීතිකාව හුළඟටත් හැදෙනවද?,යකෝ ජලභීතිකාව හුළඟටත් හැදෙනවද?,Harassment,0.9731
යකෝ තනියම පාරෙ යද්දී lift දෙන්න අය ගොඩයි.. බබා වඩන් යන්කොට එකෙක් නෑ,යකෝ තනියම පාරෙ යද්දී lift දෙන්න අය ගොඩයි.. බබා වඩන් යන්කොට එකෙක් නෑ,Harassment,0.9595
යකෝ ධවානයට මැකලමයගේ ආචිචි වැහිලද කොහේද ගහනවා ගහනවා ඉවරයක් නෑනේ :3 :v — feeling excited,යකෝ ධවානයට මැකලමයගේ ආචිචි වැහිලද කොහේද ගහනවා ගහනවා ඉවරයක් නෑනේ :3 ව — feeling excited,Harassment,0.9102
යකෝ පිටරටකට ගහින් girl bestie එක්ක අත අල්ලන් යන්න උඹලගෙන් අහන්න ඕනද?   මීට Boy Bestie,යකෝ පිටරටකට ගහින් girl බෙස්තිඑ එක්ක අත අල්ලන් යන්න උඹලගෙන් අහන්න ඕනද? මීට Boy බෙස්තිඑ,Harassment,0.9111
@USER යකෝ බඩ රිදෙන්නේ බබා හම්බුවෙන්න නං මට හැමදාම උදේට බබෙක් හම්බ වෙයි......  @USER,යකෝ බඩ රිදෙන්නේ බබා හම්බුවෙන්න නං මට හැමදාම උදේට බබෙක් හම්බ වෙයි......,Harassment,0.9067
@USER  @USER  යකෝ බඩේ අමාරු හැදුනාම දෙන්නෙ වැටකොලු උයලා #TeamWetakolu,යකෝ බඩේ අමාරු හැදුනාම දෙන්නෙ වැටකොලු උයලා ටෙඅම්වෙටකොලු,Harassment,0.9785
@USER යකෝ බේකරි කාරයෙක් දැක්කොත් හිතරිදෙයි,යකෝ බේකරි කාරයෙක් දැක්කොත් හිතරිදෙයි,Harassment,0.9595
@USER යකෝ මාමයිට් කන ගෑණිගක් කොහොමද TL එකේ තියාගන්නේ?  නෙදකින් ඒකේ ගඳ. තාර සුවඳයි ඔයිට වඩා,යකෝ මාමයිට් කන ගෑණිගක් කොහොමද තල් එකේ තියාගන්නේ? නෙදකින් ඒකේ ගඳ. තාර සුවඳයි ඔයිට වඩා,Harassment,0.9136
@USER  @USER යකෝ මාවමනේ මූ අල්ල ගන්නෙ.... කාපිය තෝව  ....,යකෝ මාවමනේ මූ අල්ල ගන්නෙ.... කාපිය තෝව ....,Harassment,0.9785
යකෝ මුන්ට වැස්ස කියලා ගානක්වත් නෑ තේමිගෙන බාර් එකේ පොලිමේ,යකෝ මුන්ට වැස්ස කියලා ගානක්වත් නෑ තේමිගෙන බාර් එකේ පොලිමේ,Harassment,0.9448
@USER යකෝ මූ මටත් හොරා හොදට tweet කොරනවනේ?? මොකො තෝ රෙදි ගැලවෙන්නෙ කියලද ආවේ?,යකෝ මූ මටත් හොරා හොදට tweet කොරනවනේ?? මොකො තෝ රෙදි ගැලවෙන්නෙ කියලද ආවේ?,Harassment,0.9297
"යකෝ මෙහෙමත් කෙල්ලක් ,මේකිට අල්ලපු විසේ බලපංකො ,කිසි ගානක් නැටි එකියක් ,මේකිට හරියිද ඉත්න් මන් අහන්නේ ???","යකෝ මෙහෙමත් කෙල්ලක් ,මේකිට අල්ලපු විසේ බලපංකො ,කිසි ගානක් නැටි එකියක් ,මේකිට හරියිද ඉත්න් මන් අහන්නේ ???",Harassment,0.9541
@USER යකෝ මෙිිවා දාන්න එපා කාලකනිනි ඉරිසියා කර ප****ට heart attack  හැදෙයි.,යකෝ මෙිිවා දාන්න එපා කාලකනිනි ඉරිසියා කර ප****ට heart attack හැදෙයි.,Harassment,0.917
යකෝ මේකට තියෙන සැප. වී අහුරකට මාගලක්ම දීලා වගේනේ ඇඳ...,යකෝ මේකට තියෙන සැප. වී අහුරකට මාගලක්ම දීලා වගේනේ ඇඳ...,Harassment,0.9336
යකෝ වේපරයිසරේ උඩත්  අපතයෙක් වගේ ලැගල ඉන්නවනෙ මූ.ගල් මූසල පොලොස් කොට්ටොරු මදුරුවා,යකෝ වේපරයිසරේ උඩත් අපතයෙක් වගේ ලැගල ඉන්නවනෙ මූ.ගල් මූසල පොලොස් කොට්ටොරු මදුරුවා,Harassment,0.9526
යකෝ සිරස බලාගෙන ඉදලා තියෙන්නේ අර නැව පුපුරනකල් නේ   හුත්තිගේ පුතාල,යකෝ සිරස බලාගෙන ඉදලා තියෙන්නේ අර නැව පුපුරනකල් නේ හුත්තිගේ පුතාල,Harassment,0.9678
යකෝ  Sukiya @USER  · 1 Sep 2019 මාශිට ලමයි 3ක් නම් සෝනට? #Twitterයුගලපද,යකෝ සුකිය · 1 සේප 2019 මාශිට ලමයි 3ක් නම් සෝනට? #Twitterයුගලපද,Harassment,0.9824
"යකෝ හිනස්සලා මරන්න එපා  Ranuka® @USER  · 18 Jul 2016 how send me this  ඒකි ටෝක් කලොත්  ""කස්සප එන්න,මගේ ගුලට රස,ඔබන්න ඔබේ ඔය දණ්ඩ"" කියයි ඕයි උ*ද්දි   #UnfollowNangi","යකෝ හිනස්සලා මරන්න එපා රනුක · 18 ජුල 2016 how send මේ this ඒකි ටෝක් කලොත් ""කස්සප එන්න,මගේ ගුලට රස,ඔබන්න ඔබේ ඔය දණ්ඩ"" කියයි ඕයි උ*ද්දි උන්ෆොල්ලොව්නැඟී",Harassment,0.9668
යකෝ #HowToTrollYourBestTweep ඊයේ අයේ හිට් වෙලා.. රෙදි ගැලවිලා ගියා අපේ හාමුදුරුවනේ..,යකෝ හොව්තොත්රොල්ල්යෞර්බෙස්ත්ත්වෙඑප් ඊයේ අයේ හිට් වෙලා.. රෙදි ගැලවිලා ගියා අපේ හාමුදුරුවනේ..,Harassment,0.9146
@USER @USER  යකෝ ළමයෙකුට දෙන්න තියෙනවනම් ඌට නොදී මන් තියාගන්නවා. උබේ අයිඩියා දීපන් ලමයෙකුට..,යකෝ ළමයෙකුට දෙන්න තියෙනවනම් ඌට නොදී මන් තියාගන්නවා. උබේ අයිඩියා දීපන් ලමයෙකුට..,Harassment,0.9004
@USER යකෝ.තෝ A/L වත් පාස්ද.එක එකාගේ පස්ස ලෙවකන්න කලින් මිනිහෙක් වෙයන්.අපි කඩේ යන්නේ රටට. එක එක සුනඛයට නෙවේ තෝවගේ  @USER  @USER,යකෝ.තෝ අල වත් පාස්ද.එක එකාගේ පස්ස ලෙවකන්න කලින් මිනිහෙක් වෙයන්.අපි කඩේ යන්නේ රටට. එක එක සුනඛයට නෙවේ තෝවගේ,Harassment,0.978
යටත් උනු අයත් මරපු එකෙක් ගෙ පුක හොදලා නම්බුයි ද   අහන්න තරම් එකෙක් වෙන්න එපා යුනෙශ්.මැරුනු මිනිස්සු ජිවිතෙ පුජා කරපු එකට සාධාරණයක් වෙන්න වචනයක් හරි කතා කරපන්.අනෙ උබලගෙ පකෙ පොලිටිකල් ලොජික්  . DailyMirror @USER  · 23 Jun 2020 We didn’t allow Karuna Amman to kill soldiers as he claims: Former Minister Sarath Fonseka #DailyMirror #NewsUpdates #SriLanka,යටත් උනු අයත් මරපු එකෙක් ගෙ පුක හොදලා නම්බුයි ද අහන්න තරම් එකෙක් වෙන්න එපා යුනෙශ්.මැරුනු මිනිස්සු ජිවිතෙ පුජා කරපු එකට සාධාරණයක් වෙන්න වචනයක් හරි කතා කරපන්.අනෙ උබලගෙ පකෙ පොලිටිකල් ලොජික් . දෛල්ය්මිර්රෝර් · 23 ජුන් 2020 වේ didn’t allow කරුණ Amman ටො kill සොල්දිඑර්ස් ඇස හේ ච්ලිම්ස් Former Minister සරත් ෆොන්සේකා දෛල්ය්මිර්රෝර් නෙව්සුප්දටෙස් ශ්‍රීලංකා,Harassment,0.9219
@USER යන්න කලින් අර ගානට පුක හදාගනිම්,යන්න කලින් අර ගානට පුක හදාගනිම්,Harassment,0.9229
@USER  @USER යහපාලනෙන් තොගෙ අම්මට ඇරලා තෝ වගේ එකෙක් අඩු වයසෙන් ජාතක කරපු එකම මදිද,යහපාලනෙන් තොගෙ අම්මට ඇරලා තෝ වගේ එකෙක් අඩු වයසෙන් ජාතක කරපු එකම මදිද,Harassment,0.9849
යාපනේ වැහිනැති හෙන ගහපු දෙමල හිගනෙක් හක්කපටස් තියලා හරක් මරන්න අහින්සක වහුපැටියෙක්ගෙ අම්මෙක් ඒක කාලා... විදින... URL,යාපනේ වැහිනැති හෙන ගහපු දෙමල හිගනෙක් හක්කපටස් තියලා හරක් මරන්න අහින්සක වහුපැටියෙක්ගෙ අම්මෙක් ඒක කාලා... විදින... උර්ල්,Harassment,0.9512
යාලුවනේ  පුක දෙන්න හොද  සජිත් ද ගෝඨද මහේෂ් ද     පුකට අවම damage එකකින් return කරන්න ඕන,යාලුවනේ පුක දෙන්න හොද සජිත් ද ගෝඨද මහේෂ් ද පුකට අවම damage එකකින් return කරන්න ඕන,Harassment,0.9351
යාලුවෙක් ගෙ බණ ගෙදර ක ආව්..ඌට ලමයගෙ වැඩ පට්ට බිසි..ලමයි හැදීමත් ලේසි නෑ,යාලුවෙක් ගෙ බණ ගෙදර ක ආව්..ඌට ලමයගෙ වැඩ පට්ට බිසි..ලමයි හැදීමත් ලේසි නෑ,Harassment,0.9746
යාලුවො කියන වේස එඋන් ට පුකේ ඇරගන්න ආස වෙලා නැමුනහම අපි පුකේ ඇරලදෙනවා අපිට පුකේ ඇරගන්න ආස වෙලා අපිනැමෙද්දි අපිිිට... URL,යාලුවො කියන වේස එඋන් ට පුකේ ඇරගන්න ආස වෙලා නැමුනහම අපි පුකේ ඇරලදෙනවා අපිට පුකේ ඇරගන්න ආස වෙලා අපිනැමෙද්දි අපිිිට... උර්ල්,Harassment,0.9868
යුරෝපයේ එක ගන්ජා මල 10 දෙනෙක් විතර ගහනව.   උදේට කන්නෙ ඔක්කොම packet කෑම.   මස් කන්නේ බාගෙට grill කරල ලේ පිටින්.   ඌරුමස් කියන්නෙ ජාතික ආහාරය වගේ.   රීලා පුක හෝදන්නෙ නෑ ටිශූ එකකින් පිහිදාගන්නෙ.   ඒ අස්සෙ celebrity chef ලත් ඉන්නව උනුත් එහෙමයි.,යුරෝපයේ එක ගන්ජා මල 10 දෙනෙක් විතර ගහනව. උදේට කන්නෙ ඔක්කොම packet කෑම. මස් කන්නේ බාගෙට grill කරල ලේ පිටින්. ඌරුමස් කියන්නෙ ජාතික ආහාරය වගේ. රීලා පුක හෝදන්නෙ නෑ ටිශූ එකකින් පිහිදාගන්නෙ. ඒ අස්සෙ celebrity chef ලත් ඉන්නව උනුත් එහෙමයි.,Harassment,0.9087
"යූරියා,සීනි මදි....තඩි පොළගෙක්,කැරපොත්තො 10,දාන්න ඕනෙ","යූරියා,සීනි මදි....තඩි පොළගෙක්,කැරපොත්තො 10,දාන්න ඕනෙ",Harassment,0.9707
යෙපි ශාමන්‍ය මිනිශු.. පොල්ලොවේ පයිය තෙමා ගාගෙන යින්නවා යෙපි..,යෙපි ශාමන්‍ය මිනිශු.. පොල්ලොවේ පයිය තෙමා ගාගෙන යින්නවා යෙපි..,Harassment,0.9224
"රංජො, පුක හපාගෙන මැරියන් තො. බන්ස් | BΛNZ @USER  · 31 Oct 2018 අම්මෝ මට බෑ...","රංජො, පුක හපාගෙන මැරියන් තො. බන්ස් | බλන්ළ · 31 ඔච්ට් 2018 අම්මෝ මට බෑ...",Harassment,0.9004
රජ කරන්නෙ මේ රැප් ලොවෙ ගහන්නෙ අපි බල්ටී  කවුද යකෝ හසිනි හු*ති විකුණං කන ෆිල්ටී,රජ කරන්නෙ මේ රැප් ලොවෙ ගහන්නෙ අපි බල්ටී කවුද යකෝ හසිනි හු*ති විකුණං කන ෆිල්ටී,Harassment,0.9595
රජයේ කැම්පස්වලට යන අහින්සක දූවරුන් බඩු කරන අවජාතක,රජයේ කැම්පස්වලට යන අහින්සක දූවරුන් බඩු කරන අවජාතක,Harassment,0.9316
රට හදන්න කලින් තෝ හැදියන්  තො හැදෙන්න පාඩම් කරපන්,රට හදන්න කලින් තෝ හැදියන් තො හැදෙන්න පාඩම් කරපන්,Harassment,0.9849
"රටක් වටින කෙල්ලො අතරෙ අවජාතක එවුවන්ද සිටී... හැබැයි brand එක ශ්‍රී ලංකන් නම් නෙවෙයි ඕං... ThisuriWanniarachchi @USER  · 8 Dec 2019 The fact that most Sri Lankan women who make it in the *Miss/Mrs world pagents happen to be of Burgher heritage speaks volumes of the world's eurocentric accepted standards of beauty. Also, why in 2019 do women have to get up on a stage to literally be judged for their beauty?","රටක් වටින කෙල්ලො අතරෙ අවජාතක එවුවන්ද සිටී... හැබැයි brand එක ශ්‍රී ලංකන් නම් නෙවෙයි ඕං... තිසුරිවන්නිආරච්චි · 8 දෙක් 2019 The fact that most Sri ලන්කන් වොමෙන් who make ඉට ඉන් the මිස්ස්ම්ර්ස් world පගේන්ට්ස් happen ටො බේ ඔෆ් Burgher heritage ස්පෙඅක්ස් වොලුමෙස් ඔෆ් the වොර්ල්ඩ්ස් එඋරොකෙන්ත්රික් accepted ස්ටන්දර්ඩ්ස් ඔෆ් beauty. Also, why ඉන් 2019 දෝ වොමෙන් have ටො get උප ඕන අ stage ටො literally බේ ජුද්ගෙඩ් for their beauty?",Harassment,0.9678
RT ''කොච්චියේ යනකොට පිටි පස්සේ ඉන්න එකා පුක අත ගානකොට පුක උගේ නෙමෙයි වගේ ඉන්න තව එවුන් මෙකේ ඉන්නවද ?,රට් ''කොච්චියේ යනකොට පිටි පස්සේ ඉන්න එකා පුක අත ගානකොට පුක උගේ නෙමෙයි වගේ ඉන්න තව එවුන් මෙකේ ඉන්නවද ?,Harassment,0.9458
RT ''යකෝ හු***න බැරි ප**යෙන් බ්ලොක් ගල් හදන්නද.,රට් ''යකෝ හු***න බැරි ප**යෙන් බ්ලොක් ගල් හදන්නද.,Harassment,0.9653
RT @USER option 1: පුක දෙනවද? Option 2 :වෙඩි කනවද? Ans: යුද්දෙ දින්න නිසා පුක දීලම වෙඩි කනව.,රට් option 1: පුක දෙනවද? Option 2 :වෙඩි කනවද? අංශ යුද්දෙ දින්න නිසා පුක දීලම වෙඩි කනව.,Harassment,0.9863
"RT ආ නංගි.......... නංගි, තෝ හිතුවද මිනිහෝ මම උඹේ අම්මගේ එක කුසේ ඉපදිච්ච එකියක් කියලා, පලයන් ^&*^)(*)* #SriLankanThreats","රට් ආ නංගි.......... නංගි, තෝ හිතුවද මිනිහෝ මම උඹේ අම්මගේ එක කුසේ ඉපදිච්ච එකියක් කියලා, පලයන් ^&*^)(*)* ස්රිලංකංථ්රෙඅත්ස",Harassment,0.9741
RT කැල්ලක් ටොක් කරලා කරලා එකි කැමති උනේ නැතුවාම එකිට බඩුව කියන එක නම් මහම මහ කුතාඩි වැඩක්,රට් කැල්ලක් ටොක් කරලා කරලා එකි කැමති උනේ නැතුවාම එකිට බඩුව කියන එක නම් මහම මහ කුතාඩි වැඩක්,Harassment,0.9634
RT: තෝ දැනගනින් මම බැහැල එන්නෙ නෑ. මට වෙලා නෑ උගන්නන්න තියනවා. අවජාතක බල්ලා :P #SriLankanThreats  K.Siri sir,රට් තෝ දැනගනින් මම බැහැල එන්නෙ නෑ. මට වෙලා නෑ උගන්නන්න තියනවා. අවජාතක බල්ලා ප් ස්රිලංකංථ්රෙඅත්ස ක්සිරි sir,Harassment,0.9844
@USER  @USER රටේම ඉන්න උන් තොට ද්දිලා හරියනවාද,රටේම ඉන්න උන් තොට ද්දිලා හරියනවාද,Harassment,0.916
"@USER  @USER රණවිරුවන් හිටියේ යුද්ධය කරපු කාලේ. දැන් උන් සේරම හෝ උන්ගෙන් 70% අමු හොරු, අමු මදාව්, කුළි මිනිමරුවන්, මේ පජාත ජනාධිපතිගේ කකුල්, සපත්තු, පුක ලෙවකන හිවලුන් වෙලා ඉවරයි.","රණවිරුවන් හිටියේ යුද්ධය කරපු කාලේ. දැන් උන් සේරම හෝ උන්ගෙන් 70% අමු හොරු, අමු මදාව්, කුළි මිනිමරුවන්, මේ පජාත ජනාධිපතිගේ කකුල්, සපත්තු, පුක ලෙවකන හිවලුන් වෙලා ඉවරයි.",Harassment,0.917
රත්තා වල් නෑ  එයා වාාාාල්ල්ල්ල්ල්ල්ල්ල්ල්,රත්තා වල් නෑ එයා වාාාාල්ල්ල්ල්ල්ල්ල්ල්ල්,Harassment,0.9185
@USER  @USER රතු වෙනකම් ඉන්න බෑ යකෝ ටක හොල්ල හොල්ල.... කහ වෙනකොටම කාපන්.. නැත්නම් වවුලො කනව,රතු වෙනකම් ඉන්න බෑ යකෝ ටක හොල්ල හොල්ල.... කහ වෙනකොටම කාපන්.. නැත්නම් වවුලො කනව,Harassment,0.957
රන් සමනල ජෝඩුව තාලේ අල්ලගෙන  නටනවා #පියුමිව උස්ස උස්ස කිරි මණ්ඩල ගොන් රැල තක්ක තක්ක නටලම ගැලවිලා දැන් රෙද්ද  RIP  @USER #රෝයල්ටොක්ක #සිප්පි The following media includes potentially sensitive content. Change settings View,රන් සමනල ජෝඩුව තාලේ අල්ලගෙන නටනවා #පියුමිව උස්ස උස්ස කිරි මණ්ඩල ගොන් රැල තක්ක තක්ක නටලම ගැලවිලා දැන් රෙද්ද RIP #රෝයල්ටොක්ක #සිප්පි The following media ඉන්ච්ලුදෙස් potentially sensitive content. Change සෙට්ටින්ග්ස් View,Harassment,0.9556
රන්ජන් ආතල් එකක් දීල නේ?  පලවෙනි tweet එකට රෙද්ද උස්සන් reply කරපු උන්ට පුක හපාගන්න හිතෙන්න ඇති.,රන්ජන් ආතල් එකක් දීල නේ? පලවෙනි tweet එකට රෙද්ද උස්සන් reply කරපු උන්ට පුක හපාගන්න හිතෙන්න ඇති.,Harassment,0.9175
රනිල් පොන්නයාගේ ඇටලේවකන 62 ලක්ෂයක පොන්න පැටව් පුලුවන්නම් උත්තර දීපන්  තොපි අපේ රටට පහලවෙච්ච මුසල වේ ## පුතාල... URL,රනිල් පොන්නයාගේ ඇටලේවකන 62 ලක්ෂයක පොන්න පැටව් පුලුවන්නම් උත්තර දීපන් තොපි අපේ රටට පහලවෙච්ච මුසල වේ ## පුතාල... උර්ල්,Harassment,0.9175
රනිල් යනු.. රටේ කරුමෙට ඉපදිච්ච අවජාතක බල්ලෙකි..  දායක සභාව plzzz 󾌱󾌱󾌱󾌴󾌴,රනිල් යනු.. රටේ කරුමෙට ඉපදිච්ච අවජාතක බල්ලෙකි.. දායක සභාව ප්ල්ළ්ළ්ළ 󾌱󾌱󾌱󾌴󾌴,Harassment,0.9185
රනිල්... මංගලගේ තොල් බලකායේ මඩ ගැන නොදද්දවාද බං... සලමන්.... ඔව් ඉතින් පොන්න පැටව් දන්නේ මඩ ගහන්න විතරනේ URL,රනිල්... මංගලගේ තොල් බලකායේ මඩ ගැන නොදද්දවාද බං... සලමන්.... ඔව් ඉතින් පොන්න පැටව් දන්නේ මඩ ගහන්න විතරනේ උර්ල්,Harassment,0.9312
@USER  @USER රනිල්ගේ ලැට් හෝදලා දැන් සුද්දන් ගේ ලැට්වල අසුචි කකා හිටපිය රනිල්ගේ ගල කොල්ලා තොගේ තාත්තා තොට කියන්නෙ අවජාතකයා කියලා නේද නැත්තම් තෝ රනිල්ගේ පයිය කකා ඉඳීයිද අවලම් බල්ලා,රනිල්ගේ ලැට් හෝදලා දැන් සුද්දන් ගේ ලැට්වල අසුචි කකා හිටපිය රනිල්ගේ ගල කොල්ලා තොගේ තාත්තා තොට කියන්නෙ අවජාතකයා කියලා නේද නැත්තම් තෝ රනිල්ගේ පයිය කකා ඉඳීයිද අවලම් බල්ලා,Harassment,0.9746
"රයිස් එකක් ග්‍රෙන්න යැව්වා, මේකා කෝකියා වෙලාද රෙද්ද ,බඩේ පනුවන්ගෙ පනුවොත් බොක්සිං ගහනවා","රයිස් එකක් ග්‍රෙන්න යැව්වා, මේකා කෝකියා වෙලාද රෙද්ද ,බඩේ පනුවන්ගෙ පනුවොත් බොක්සිං ගහනවා",Harassment,0.936
රස්ති දරුකමට දෙන්න ලමයි මෙහෙ නෑ පලයන් යන්න,රස්ති දරුකමට දෙන්න ලමයි මෙහෙ නෑ පලයන් යන්න,Harassment,0.9526
රසිකගෙ තන වගේද ජම්බෝලෙගෙ පුක.,රසිකගෙ තන වගේද ජම්බෝලෙගෙ පුක.,Harassment,0.9521
@USER රාජපක්ෂලගේ ගූ කන වහල්ලු  උඹගේ තාත්තා බල්ලකටද හිකුවේ තෝ වගේ කැරි පොන්නයෙක් ලබන්ඩ අත ගාලා බලපං දෙක තියනවද ක්යලා...,රාජපක්ෂලගේ ගූ කන වහල්ලු උඹගේ තාත්තා බල්ලකටද හිකුවේ තෝ වගේ කැරි පොන්නයෙක් ලබන්ඩ අත ගාලා බලපං දෙක තියනවද ක්යලා...,Harassment,0.9756
රාජපස්සගේ වැරදි කිව්වම මේ වගේ ඉත්තෑවෝ දුවන කිහිප දෙනෙක් තාම ඉන්නවා. මේ ගොන් සක්කිලි හැතිකරය තමයි රටේ කරුමෙට ජාතක වෙච්ච එවුන්. Nimantha Jayasinghe @USER  · 17 May 2021  @USER Nodanna magul nokiya hitapan.umbe mole tharama nemei anithunta tiyenne.,රාජපස්සගේ වැරදි කිව්වම මේ වගේ ඉත්තෑවෝ දුවන කිහිප දෙනෙක් තාම ඉන්නවා. මේ ගොන් සක්කිලි හැතිකරය තමයි රටේ කරුමෙට ජාතක වෙච්ච එවුන්. නිමන්ත ජයසින්ග්හේ · 17 May 2021 නොදන්නා මගුල් නොකිය හිටපනුඹේ mole තරම නෙමෙඉ අනිතුන්ට තියෙන්නේ,Harassment,0.9829
@USER රිද්දන්න ඕනී නෑ .. දනගාලා ලෙවකාලා පුක දීලා හරි වැඩේ කරගෙන පාඩුවේ ඉන්නවා නම්  මේක අර පිදුරු ගොඩේ ඉන්න බල්ලා වගේ අපි ලං වුනොත් බුරාගෙන පැනලා .. ඌ කන්නෙත් නෑ අපිට කන්න දෙන්නෙත් නැති වෙනකොටයි එපා වෙන්නේ,රිද්දන්න ඕනී නෑ .. දනගාලා ලෙවකාලා පුක දීලා හරි වැඩේ කරගෙන පාඩුවේ ඉන්නවා නම් මේක අර පිදුරු ගොඩේ ඉන්න බල්ලා වගේ අපි ලං වුනොත් බුරාගෙන පැනලා .. ඌ කන්නෙත් නෑ අපිට කන්න දෙන්නෙත් නැති වෙනකොටයි එපා වෙන්නේ,Harassment,0.9072
රිලා නැටුම් නටන UNP පොන්න වේසිගෙ පුත්තු URL via  @USER,රිලා නැටුම් නටන උන්ප් පොන්න වේසිගෙ පුත්තු උර්ල් via,Harassment,0.9292
රුපියල පොලිස්පතිගෙන් වැහුවා පොලිස්පති කජ්ජෙන් වැහුවා කජ්ජ පුකෙන් වැහුවා පුක දැන් ජනපති ඝාතනයකින් වහනවා  හරිම සන්තෝෂයි,රුපියල පොලිස්පතිගෙන් වැහුවා පොලිස්පති කජ්ජෙන් වැහුවා කජ්ජ පුකෙන් වැහුවා පුක දැන් ජනපති ඝාතනයකින් වහනවා හරිම සන්තෝෂයි,Harassment,0.9009
@USER රුපියල් විස්සට වොශර් විකුනන පරයව අල්ලගෙන පුක රිවට් කරල බඩයන්න බේත් දෙන්නෝන,රුපියල් විස්සට වොශර් විකුනන පරයව අල්ලගෙන පුක රිවට් කරල බඩයන්න බේත් දෙන්නෝන,Harassment,0.9521
@USER  @USER රූකඩ... බලපිය තොට කවද හරි හම්බෙන්නේ honeymoon ගියහම තොව දෙහි ගෙඩියක් වගේ චොප්ප වෙන size එකේ කෙල්ලේක්ව... බලපංකෝ....,රූකඩ... බලපිය තොට කවද හරි හම්බෙන්නේ honeymoon ගියහම තොව දෙහි ගෙඩියක් වගේ චොප්ප වෙන size එකේ කෙල්ලේක්ව... බලපංකෝ....,Harassment,0.9849
@USER රෙද්ද උස්සන්නෙ පුකේ අරින්ඩ විතරක් නෙවෙයිනෙ. නයට හුලන්ඩ රෙද්ද උස්සන එවුනුත් ඉන්නව,රෙද්ද උස්සන්නෙ පුකේ අරින්ඩ විතරක් නෙවෙයිනෙ. නයට හුලන්ඩ රෙද්ද උස්සන එවුනුත් ඉන්නව,Harassment,0.9375
@USER රෙද්ද පාත් කරලා පුක දුන්නා නම් වැඩේ ලේසිනේ මේ හුක්කට අමන තට්ටයාට...,රෙද්ද පාත් කරලා පුක දුන්නා නම් වැඩේ ලේසිනේ මේ හුක්කට අමන තට්ටයාට...,Harassment,0.9648
රෙදි ටික තෙතයිද් තම.. වේල ගන්න විදිහක් නැද්ද.. එන්න අපි වගේ උත්තරත්ද්‍රවයට.. මෙහෙ පට්ට අවුව.. බලං ඉන්නැද්දි රෙදි වේලෙනව.,රෙදි ටික තෙතයිද් තම.. වේල ගන්න විදිහක් නැද්ද.. එන්න අපි වගේ උත්තරත්ද්‍රවයට.. මෙහෙ පට්ට අවුව.. බලං ඉන්නැද්දි රෙදි වේලෙනව.,Harassment,0.959
@USER  @USER රෙන පුකට ac හොයන්නේ නැතුව දෙන දෙයක් කාල ඉදපන් ඉතාලියේ රත්තරන් කක්කුස්සීවල රීපු එකෙක්ද මේ වැල්ලේ රීලා වැල්ලෙන්ම පුක හෝදපු එවුන් පොශ් වෙලා......බල්ලෝ බලල්ලූ වගේ ඉතාලියේ මැරෙන්න නොදී එන්න දුන්නු එකට පිං දීපල්ලා....රෙන පුකට නැති කැටයම්...,රෙන පුකට අච හොයන්නේ නැතුව දෙන දෙයක් කාල ඉදපන් ඉතාලියේ රත්තරන් කක්කුස්සීවල රීපු එකෙක්ද මේ වැල්ලේ රීලා වැල්ලෙන්ම පුක හෝදපු එවුන් පොශ් වෙලා......බල්ලෝ බලල්ලූ වගේ ඉතාලියේ මැරෙන්න නොදී එන්න දුන්නු එකට පිං දීපල්ලා....රෙන පුකට නැති කැටයම්...,Harassment,0.9805
රෙන පුකට ඇයි කැටයම්..? — රෙන්න තියෙන්නෙ එක පුකයි නිසා URL,රෙන පුකට ඇයි කැටයම්..? — රෙන්න තියෙන්නෙ එක පුකයි නිසා උර්ල්,Harassment,0.9829
රෙන පුකට මොන කැටයංද කිව්වට දැංකාලේ කෙල්ලෝ පුකට දාන කැටයං ඇම්බැක්කෙවත් නෑ අපේ හාන්දුන්නේ !,රෙන පුකට මොන කැටයංද කිව්වට දැංකාලේ කෙල්ලෝ පුකට දාන කැටයං ඇම්බැක්කෙවත් නෑ අපේ හාන්දුන්නේ !,Harassment,0.9844
රෙන පුකට මොන කැටයංද කිව්වට ලක්ස 6 ක විතර පුටුවක් ඔනෙ ඉදගන්න බහුකාපන් ! මෙහෙට Alienස්ලා එන්නැති එක සාදාරනයි හාන්දුන්නේ,රෙන පුකට මොන කැටයංද කිව්වට ලක්ස 6 ක විතර පුටුවක් ඔනෙ ඉදගන්න බහුකාපන් ! මෙහෙට Alienස්ලා එන්නැති එක සාදාරනයි හාන්දුන්නේ,Harassment,0.9443
@USER රෙන පුකට මොන කැටයම්ද බං අන්න අරහෙ ගිහින් තණ කොලේ පුක අතුල්ලන් වරෙන් මගුලක් නොකර.,රෙන පුකට මොන කැටයම්ද බං අන්න අරහෙ ගිහින් තණ කොලේ පුක අතුල්ලන් වරෙන් මගුලක් නොකර.,Harassment,0.9707
රෙන පුකට මොන කැටයම්ද බොක්ක... පුක මහත උනත් ලෑලි උනත්  සුදු උනත් කලු උනත්  පුකෙන් කරන්නේ රෙන එක විතරයි...,රෙන පුකට මොන කැටයම්ද බොක්ක... පුක මහත උනත් ලෑලි උනත් සුදු උනත් කලු උනත් පුකෙන් කරන්නේ රෙන එක විතරයි...,Harassment,0.9844
රෙන පුකේ කැටයමට වටේ යන වැඩිමලුන් සතේ කට වටිනවද  #දැකලාහිතුනා,රෙන පුකේ කැටයමට වටේ යන වැඩිමලුන් සතේ කට වටිනවද #දැකලාහිතුනා,Harassment,0.9307
රෙන්න තියන පුක දෙන්න එපා කියද්දි වැල්ලට බය නන් රැල්ලට පුක හෝදන්නෑ කියන උන් එමට.,රෙන්න තියන පුක දෙන්න එපා කියද්දි වැල්ලට බය නන් රැල්ලට පුක හෝදන්නෑ කියන උන් එමට.,Harassment,0.9434
රෙන්න තියන පුක දෙන්න එපා////  පුක තියෙන්නෙ රෙන්න මිස දෙන්න නෙමෙයි හෝදල ගත්තට ගඳ යයිද ලොවෙත්? වැල්මී කෑවත් පව්ඩර් ගෑවත් බෙට්ට තමයි අන්තිමට යන්නෙ කොහෙත්!  ඇයි ? රෙන පුකට නංගි ඔය කැටයම්? උදේට කෑවද ඔයා අද onion? සද්ද පඩ ගඳ නැත ගඳ පඩ... youtube.com Dimi3 - PUKA ( දෙන්න එපා ) Dimi3 - Puka is now on music stores!Spotify - URL Music - URL,රෙන්න තියන පුක දෙන්න එපා//// පුක තියෙන්නෙ රෙන්න මිස දෙන්න නෙමෙයි හෝදල ගත්තට ගඳ යයිද ලොවෙත්? වැල්මී කෑවත් පව්ඩර් ගෑවත් බෙට්ට තමයි අන්තිමට යන්නෙ කොහෙත්! ඇයි ? රෙන පුකට නංගි ඔය කැටයම්? උදේට කෑවද ඔයා අද onion? සද්ද පඩ ගඳ නැත ගඳ පඩ... යෝඋටුබෙචොම් Dimi3 - PUKA ( දෙන්න එපා ) Dimi3 - Puka ඉස now ඕන music ස්ටෝරෙස්ස්පොටිෆ්ය් - උර්ල් Music - උර්ල්,Harassment,0.9868
@USER රෙන්න තියෙන පුක දෙන්න එපා යේ..රෙන්න තියෙන පුක දෙන්න එපා..ඔයෙ.. පුක් song,රෙන්න තියෙන පුක දෙන්න එපා යේ..රෙන්න තියෙන පුක දෙන්න එපා..ඔයෙ.. පුක් song,Harassment,0.9805
"@USER  @USER    රෙන්න පුකේ ගූ නැති උනාට, මුගේ ටෝක් කොහොමද. කුලියට මඩ ගහලා, හම්බකරගත්තට වඩා හොදයි ගිහින් මංගලට පුක දීපන්. ඊට වඩා ගෙවයි. සල්ලි වලට ඕන දෙයක් කරන සක්කිලි.","රෙන්න පුකේ ගූ නැති උනාට, මුගේ ටෝක් කොහොමද. කුලියට මඩ ගහලා, හම්බකරගත්තට වඩා හොදයි ගිහින් මංගලට පුක දීපන්. ඊට වඩා ගෙවයි. සල්ලි වලට ඕන දෙයක් කරන සක්කිලි.",Harassment,0.9424
@USER රෙන්නදීපු පුක විකුනන් කනව ⁣කියන්නේ මේකට,රෙන්නදීපු පුක විකුනන් කනව ⁣කියන්නේ මේකට,Harassment,0.9839
@USER රෝස ඇලේට විසිකරල පස්ස පැත්තෙ කටු ඇනුනම බෙහෙත් දාන්නෙ කවුද ආච්චිට හාල් ගරන්න උවෑ උවෑ ඉහි ඉහි,රෝස ඇලේට විසිකරල පස්ස පැත්තෙ කටු ඇනුනම බෙහෙත් දාන්නෙ කවුද ආච්චිට හාල් ගරන්න උවෑ උවෑ ඉහි ඉහි,Harassment,0.9131
lankaxvdos: ඇන්ටි පාරක් කටට අරන් පුකේ ඇරගන්නවා URL,ලංකෂ්ව්දොස් ඇන්ටි පාරක් කටට අරන් පුකේ ඇරගන්නවා උර්ල්,Harassment,0.9756
Lanka News Alert – අවජාතක පාර්ලිමේන්තුව වහා විසුරුවනු ! URL via  @USER,ලංකා News Alert – අවජාතක පාර්ලිමේන්තුව වහා විසුරුවනු ! උර්ල් via,Harassment,0.9492
Lanka News Alert – අහක යන නයි රෙද්ද අස්සේ දා ගත් අය URL via  @USER,ලංකා News Alert – අහක යන නයි රෙද්ද අස්සේ දා ගත් අය උර්ල් via,Harassment,0.9473
Lanka News Alert – මේ අවජාතක ආණ්ඩුවක ඇරැඹූමයි URL via  @USER,ලංකා News Alert – මේ අවජාතක ආණ්ඩුවක ඇරැඹූමයි උර්ල් via,Harassment,0.9463
Lanka News Alert – විකුණන්න හොයා ගත්ත බඩුව කාගේද? URL via  @USER,ලංකා News Alert – විකුණන්න හොයා ගත්ත බඩුව කාගේද? උර්ල් via,Harassment,0.9736
Lanka C News >> මේක අවජාතක ආණ්ඩුවක්.. කවුද ආණ්ඩුවක් හදන්න රනිල්ට බලය දුන්නේ: අද ඇත්තේ අවජාතක ආණ්ඩුවක්… URL #උණසමපවත,ලංකා ච News >> මේක අවජාතක ආණ්ඩුවක්.. කවුද ආණ්ඩුවක් හදන්න රනිල්ට බලය දුන්නේ: අද ඇත්තේ අවජාතක ආණ්ඩුවක්… උර්ල් #උණසමපවත,Harassment,0.9736
ලංකාවෙ (සුළුතරයක් ) මෝඩ අහවල් ප්‍රජාව අතර කොරෝණා ව්‍යාප්තිය  වැඩී වගේ නේ.. හදිසියේවත් කොරෝන හැදිල එකෙක් හරි මලොත් ඌරෙක් එක්ක එකට දාල පුච්චන්න තියන්නෙ.. අයෙ මලාට එලි බහින්නෙ නෑ එකෙක්..,ලංකාවෙ (සුළුතරයක් ) මෝඩ අහවල් ප්‍රජාව අතර කොරෝණා ව්‍යාප්තිය වැඩී වගේ නේ.. හදිසියේවත් කොරෝන හැදිල එකෙක් හරි මලොත් ඌරෙක් එක්ක එකට දාල පුච්චන්න තියන්නෙ.. අයෙ මලාට එලි බහින්නෙ නෑ එකෙක්..,Harassment,0.9126
ලංකාවෙ උන් හරියන්නෙ නෑ. හැබැයි පස්ස හෝදන එකෙක් හොයාගන්න ඕන. පිහිදාන උන් එපා.,ලංකාවෙ උන් හරියන්නෙ නෑ. හැබැයි පස්ස හෝදන එකෙක් හොයාගන්න ඕන. පිහිදාන උන් එපා.,Harassment,0.9316
ලංකාවෙ ක්‍රිකට් හැදෙන්න නම් මැච් එකක් දෙකක් පැරදිච්ච ගමන් වේස බඩු වගේ කෑගහන රසිකයො ටික නැති බංගස්තාන වෙලා යන්න ඕනෙ.,ලංකාවෙ ක්‍රිකට් හැදෙන්න නම් මැච් එකක් දෙකක් පැරදිච්ච ගමන් වේස බඩු වගේ කෑගහන රසිකයො ටික නැති බංගස්තාන වෙලා යන්න ඕනෙ.,Harassment,0.9053
ලංකාවෙ මිනිහ දාලා ගිය ගැනී වෙන කිසි දෙයක් කර ගත නොහැකිව ගනිකාවක් වූ විට ඇය පට්ට ගොන් බඩුවක් වන අතර   ලෝකයේ... URL,ලංකාවෙ මිනිහ දාලා ගිය ගැනී වෙන කිසි දෙයක් කර ගත නොහැකිව ගනිකාවක් වූ විට ඇය පට්ට ගොන් බඩුවක් වන අතර ලෝකයේ... උර්ල්,Harassment,0.9297
ලංකාවෙ ලොකු පුටුවල ගොඩක් ඉන්නෙ කොන්ද පන නැති උන්. පරයන්ට පරයො කියන්න බැරි. පරයන්ට ගහනකොට රිදෝගන්න අවජාතක හැත්තක්. URL,ලංකාවෙ ලොකු පුටුවල ගොඩක් ඉන්නෙ කොන්ද පන නැති උන්. පරයන්ට පරයො කියන්න බැරි. පරයන්ට ගහනකොට රිදෝගන්න අවජාතක හැත්තක්. උර්ල්,Harassment,0.9766
@USER ලංකාවේ ඉන්න තක්කඩිම වේසිගේ පුතාල කිහිප දෙනාගෙන් එකෙක්. අනිකා විමලා,ලංකාවේ ඉන්න තක්කඩිම වේසිගේ පුතාල කිහිප දෙනාගෙන් එකෙක්. අනිකා විමලා,Harassment,0.9761
"ලංකාවේ කෙල්ලෙක් කොටට ඇඳල ගියාම වැරදී වේසි කියනවා...  තම්බි කෙල්ලෙක් මුලු ඇඟම වහං ගියාම ""ටෞකන්ඩ මුම් වහං යනව රට අල්ලන්ඩ වේසියෝ"" කියනවා...  ඇයි එහෙම!!","ලංකාවේ කෙල්ලෙක් කොටට ඇඳල ගියාම වැරදී වේසි කියනවා... තම්බි කෙල්ලෙක් මුලු ඇඟම වහං ගියාම ""ටෞකන්ඩ මුම් වහං යනව රට අල්ලන්ඩ වේසියෝ"" කියනවා... ඇයි එහෙම!!",Harassment,0.9492
@USER ලංකාවේ හරක් හිතගෙන ඉන්නේ hybrid කියන්නේ හෙන luxury වාහන ජාතියක් කියල  @USER,ලංකාවේ හරක් හිතගෙන ඉන්නේ hybrid කියන්නේ හෙන luxury වාහන ජාතියක් කියල,Harassment,0.9414
ලක්ශණ යුවතියන් දෙදෙනෙක් ගේ අස්සේ.. හිටං කොමල දානෝ කිචි කිචි සද්දේ.. කලුසුදු කැත බඩුද ඒවා නෑ දැක්කේ.. ඇන්ටී නිතර ඉන්නව නේ උලුවස්සේ..,ලක්ශණ යුවතියන් දෙදෙනෙක් ගේ අස්සේ.. හිටං කොමල දානෝ කිචි කිචි සද්දේ.. කලුසුදු කැත බඩුද ඒවා නෑ දැක්කේ.. ඇන්ටී නිතර ඉන්නව නේ උලුවස්සේ..,Harassment,0.9414
@USER  ලක්ෂ 62 ක මී හරක් රැල දැන් හොදට කනවා බොනවා ඇති නේද යන්නේ කාර් එකෙන්ද පඩි 10000 වැඩි උනාලු නේද බඩු පට්ට ලාබලු නේ අනේ මගේ කට,ලක්ෂ 62 ක මී හරක් රැල දැන් හොදට කනවා බොනවා ඇති නේද යන්නේ කාර් එකෙන්ද පඩි 10000 වැඩි උනාලු නේද බඩු පට්ට ලාබලු නේ අනේ මගේ කට,Harassment,0.9053
ලක්සපති බලලත් ඉවරයි!!  අම්ම පටන් ගත්ත දේසනාව  තොපි මොනාද දන්නෙ අර බලපන් අර පොඩි එවුන්........read more,ලක්සපති බලලත් ඉවරයි!! අම්ම පටන් ගත්ත දේසනාව තොපි මොනාද දන්නෙ අර බලපන් අර පොඩි එවුන්........read more,Harassment,0.9424
ලකේ ගල පෙන්නලා පටන් ගන්නෙ  #ගිනියම්රෑ #GiniyamRae,ලකේ ගල පෙන්නලා පටන් ගන්නෙ #ගිනියම්රෑ ගිනියම්රේ,Harassment,0.9482
@USER ලකේ පන්කාව කියන්නේ මොකක්ද හු#තෝ එතකොට,ලකේ පන්කාව කියන්නේ මොකක්ද හු#තෝ එතකොට,Harassment,0.9775
ලජ්ජා වෙයන් තොපි වගේ එවන් ජාතක උනාට. ලජ්ජා වෙයන් තොපි අහිංසක මිනිස්සු මරපු කොටියට උද ගෙඩි දෙන එකට. කාලකන්නින්ගෙන්... URL,ලජ්ජා වෙයන් තොපි වගේ එවන් ජාතක උනාට. ලජ්ජා වෙයන් තොපි අහිංසක මිනිස්සු මරපු කොටියට උද ගෙඩි දෙන එකට. කාලකන්නින්ගෙන්... උර්ල්,Harassment,0.937
ලන්කාවෙ ඉන්නෙ අමු කුහක .වෙසා.අමන.බලු.සක්කිලි ජාතියක්  බස් එකෙ යන ගමන් කෑම කනවා ඒත් කමක් නෑ ඉතුරු  වෙන කුනු ටික... URL,ලන්කාවෙ ඉන්නෙ අමු කුහක .වෙසා.අමන.බලු.සක්කිලි ජාතියක් බස් එකෙ යන ගමන් කෑම කනවා ඒත් කමක් නෑ ඉතුරු වෙන කුනු ටික... උර්ල්,Harassment,0.9009
#LapTopDance                         අම්මෙ මට ලැප්ටෙප් එකක්.   මොකො තෝ නටන්නද,ලප්ටෝප්දන්චේ අම්මෙ මට ලැප්ටෙප් එකක්. මොකො තෝ නටන්නද,Harassment,0.9292
ලබ් ඩබ්...ලබ් ඩබ්...ලබ් ඩබ්...ලබ් ඩබ්  *වල් බල්ලෙක් එලවන් එනව දකිනව*  ලබ්බ ඩබ්බ..ලබ්බ ඩබ්බ..ලබ්බ ඩබ්බ.. ලබ්බ ඩබ්බ,ලබ් ඩබ්...ලබ් ඩබ්...ලබ් ඩබ්...ලබ් ඩබ් *වල් බල්ලෙක් එලවන් එනව දකිනව* ලබ්බ ඩබ්බ..ලබ්බ ඩබ්බ..ලබ්බ ඩබ්බ.. ලබ්බ ඩබ්බ,Harassment,0.9653
@USER ලබ්බ නෙවෙයි ඒක කිම්බ...ඇට දෙක නෙවෙයි ඒක තම් දෙක....,ලබ්බ නෙවෙයි ඒක කිම්බ...ඇට දෙක නෙවෙයි ඒක තම් දෙක....,Harassment,0.9336
ලබ්බ බහිනවා නම් යටට ඇදපන්  Chamal Kanishka @USER  · 6 Nov 2017  @USER හැ  මේ ලබ්බ බහිනවනේ බලං ඉදිද්දි,ලබ්බ බහිනවා නම් යටට ඇදපන් Chamal කනිෂ්ක · 6 නොව 2017 හැ මේ ලබ්බ බහිනවනේ බලං ඉදිද්දි,Harassment,0.9312
ලමයි 5 හදන්නලු  යකෝ ඇද පුටු මේස එක්කද ලමයි හදන්නේ ??  දාස් ගානක් අපරාදෙ හැමදාම රෙදිකෑලි වල  එනවා මෙතන ලමයි හදන්න කියන්න,ලමයි 5 හදන්නලු යකෝ ඇද පුටු මේස එක්කද ලමයි හදන්නේ ?? දාස් ගානක් අපරාදෙ හැමදාම රෙදිකෑලි වල එනවා මෙතන ලමයි හදන්න කියන්න,Harassment,0.9644
ලමයි බලනවා කියම්නෙ හෙන ලෙසි ගේමක් නෙවෙයි iසෙ,ලමයි බලනවා කියම්නෙ හෙන ලෙසි ගේමක් නෙවෙයි iසෙ,Harassment,0.9023
ලමයි ලෑස්ති වෙන්න සෙල්ලන් බඩු තෝරන්න යන්න   හා අම්මේ   උබට නෙවෙයි යකෝ නංගිට කිව්වෙ,ලමයි ලෑස්ති වෙන්න සෙල්ලන් බඩු තෝරන්න යන්න හා අම්මේ උබට නෙවෙයි යකෝ නංගිට කිව්වෙ,Harassment,0.9707
@USER ලමයින්වත් නරක් කරනවා අෆ්ෆ ලමයි දෙන්නෙක් ඉන්න අම්ම කෙනෙක් විදියට ඔහොම කෙයාලස් වෙලා හරියනවද,ලමයින්වත් නරක් කරනවා අෆ්ෆ ලමයි දෙන්නෙක් ඉන්න අම්ම කෙනෙක් විදියට ඔහොම කෙයාලස් වෙලා හරියනවද,Harassment,0.9097
@USER @USER  ලව් කරන්න ??? අපි???  හම්මේ ඉතිං හෑ????? හුරේ.... තෝ විනාසයි.... පයිං තමා එන්න වෙන්නෙ උඹට ... පව් ඈ,ලව් කරන්න ??? අපි??? හම්මේ ඉතිං හෑ????? හුරේ.... තෝ විනාසයි.... පයිං තමා එන්න වෙන්නෙ උඹට ... පව් ඈ,Harassment,0.9868
"ලව් බ්‍රේක් උනාම හොටු පෙරන් අඩන උන්ටයි මේ කියන්නෙ,,, තොට හොදනම් මටත් හොදයි කියලා ජොලියෙ හිටපල්ලා....   #Duplicate_tweet","ලව් බ්‍රේක් උනාම හොටු පෙරන් අඩන උන්ටයි මේ කියන්නෙ,,, තොට හොදනම් මටත් හොදයි කියලා ජොලියෙ හිටපල්ලා.... #Duplicate_tweet",Harassment,0.9312
ලස්සන ත්‍රෙඩ් එකක් දාල අතිමට උගෙම පුක ඌම ලෙව කාගෙන,ලස්සන ත්‍රෙඩ් එකක් දාල අතිමට උගෙම පුක ඌම ලෙව කාගෙන,Harassment,0.9619
"@USER  LTTE එකට කඩේ යන වේස බල්ලෝ form කරන්න එපා මේකේ. කිසිම තේරුමක් නෑ, නිකම් ඇගේ ලේ පිච්චෙන එක විතරයි වෙන්නේ අපේ.","ල්ට්ටේ එකට කඩේ යන වේස බල්ලෝ form කරන්න එපා මේකේ. කිසිම තේරුමක් නෑ, නිකම් ඇගේ ලේ පිච්චෙන එක විතරයි වෙන්නේ අපේ.",Harassment,0.9673
#LTTE ට  @USER  කඩේ යන  @USER  මේ වේසි.... පුතාගෙන් #SriLanka ට සහනයක් බලාපොරොත්තු වෙන්න පුලුවන්ද ?  @USER  @USER  @USER,ල්ට්ටේ ට කඩේ යන මේ වේසි.... පුතාගෙන් ශ්‍රීලංකා ට සහනයක් බලාපොරොත්තු වෙන්න පුලුවන්ද ?,Harassment,0.9648
ලාංකික පොන්න ආණ්ඩුව හෙන ගහපන්.....  තොපි සිංහල ජාතියක් වශයෙන් මෙහෙම කට වහගෙන ඉන්න එපව් බොල... හෙට වෙද්දි දන්නෙම නැතුව අපිටම හුකල යයි...තොපි කාල බීල රීලා කට වහගෙන ඉන්න හැකිතාක් මේ පොන්න හුත්තේ ආණ්ඩුව තව තවත් කැලෑ... URL,ලාංකික පොන්න ආණ්ඩුව හෙන ගහපන්..... තොපි සිංහල ජාතියක් වශයෙන් මෙහෙම කට වහගෙන ඉන්න එපව් බොල... හෙට වෙද්දි දන්නෙම නැතුව අපිටම හුකල යයි...තොපි කාල බීල රීලා කට වහගෙන ඉන්න හැකිතාක් මේ පොන්න හුත්තේ ආණ්ඩුව තව තවත් කැලෑ... උර්ල්,Harassment,0.9653
@USER ලැජ්ජ වෙන්න ඕන මුන් වගේ කුලියට කහින් වේස ගෑණු ජාතක කරාට,ලැජ්ජ වෙන්න ඕන මුන් වගේ කුලියට කහින් වේස ගෑණු ජාතක කරාට,Harassment,0.9722
"@USER  @USER ලැජ්ජයි යකෝ.. මට තේරුම් ගන්න බැරි අපේ වේසිගෙ පුතලා ඉන්දියාවට් ඔච්චර පුක දෙන හේතුව.  CWC යන්න කලින් දිමුත් කිව්වේ , මට හොද කන්ඩායමක් ලැබිලා තියෙනවා කියලා. ඉවරවෙද්දි කියනවා , ඉන්දියාව කප් එක ගනියි කියලා.  උඹ මොන නායකයෙක්ද දිමුත් ?","ලැජ්ජයි යකෝ.. මට තේරුම් ගන්න බැරි අපේ වේසිගෙ පුතලා ඉන්දියාවට් ඔච්චර පුක දෙන හේතුව. ක්ව්ක යන්න කලින් දිමුත් කිව්වේ , මට හොද කන්ඩායමක් ලැබිලා තියෙනවා කියලා. ඉවරවෙද්දි කියනවා , ඉන්දියාව කප් එක ගනියි කියලා. උඹ මොන නායකයෙක්ද දිමුත් ?",Harassment,0.9204
"@USER  @USER    ලැජ්ජයි හුත්තෝ තෝ ගැන ,සක්කිලි බල්ලා!...ජාතකයක් නැති කාලකණ්ණි අවජාතක කැරි බල්ලා. සතුට අඩුවෙයි,  හෙට ඇප දෙනකොට","ලැජ්ජයි හුත්තෝ තෝ ගැන ,සක්කිලි බල්ලා!...ජාතකයක් නැති කාලකණ්ණි අවජාතක කැරි බල්ලා. සතුට අඩුවෙයි, හෙට ඇප දෙනකොට",Harassment,0.9663
ලෑල්ල වගේ පස්සක් තිබ්බ එකා - පුක පුන්චා  #ChildhoodNicknamesLK,ලෑල්ල වගේ පස්සක් තිබ්බ එකා - පුක පුන්චා චිල්ධූද්නිච්ක්නමෙස්ල්ක්,Harassment,0.9131
ලෙ අම්ම: චූටි බබා ඔතනට වෙලා ඉන්න බ්ලා බ්ලා... ලෙ පොඩි එකා: ඈඈඈඈඈ ලෙ අම්ම: පහලට බහින්ඩ එපා යකො බෙල්ල කැඩෙයි ඕක ඔතනිං තියල පල බූරුව  හම්බෝ!!,ලෙ අම්ම: චූටි බබා ඔතනට වෙලා ඉන්න බ්ලා බ්ලා... ලෙ පොඩි එකා: ඈඈඈඈඈ ලෙ අම්ම: පහලට බහින්ඩ එපා යකො බෙල්ල කැඩෙයි ඕක ඔතනිං තියල පල බූරුව හම්බෝ!!,Harassment,0.9644
ලෙඩා- ඒකට තමයි පකෝ අපි බදු ගෙවන්නෙ. තෝ අම්මට හු.. නැතුව තොට උගන්නපු සල්ලිවලට හරියන්න වෙදකං කරපං. අපිට හැදෙන හැටි උගන්නන්න එන්නෙ නැතුව.  දොස්තර- තෝ එන්න එපා ආපහු. ලෙඩා- ඔය නලාව ගහගහනිං පුකේ.  (සැබෑ සිදුවීමක් නොවේ.  Hasalaka Thusharaගේ මවාපෑමකි),ලෙඩා- ඒකට තමයි පකෝ අපි බදු ගෙවන්නෙ. තෝ අම්මට හු.. නැතුව තොට උගන්නපු සල්ලිවලට හරියන්න වෙදකං කරපං. අපිට හැදෙන හැටි උගන්නන්න එන්නෙ නැතුව. දොස්තර- තෝ එන්න එපා ආපහු. ලෙඩා- ඔය නලාව ගහගහනිං පුකේ. (සැබෑ සිදුවීමක් නොවේ. හසලක Thusharaගේ මවාපෑමකි),Harassment,0.9697
ලෙබනීස් බඩු පට්ට ලස්සනයි ඔයි,ලෙබනීස් බඩු පට්ට ලස්සනයි ඔයි,Harassment,0.9409
@USER @USER ලෙව කකා ඉන්නේ බං.ඉන්දියන් සක්කිලි ක්‍රිකට් කනවා.කනවා කියන්නේ විනාසම කරනවා. උන්ට අවුල් වගේනම් බෝලර් ඔන්න ඌ චක්. උන්ගේ උන් බබාලා,ලෙව කකා ඉන්නේ බං.ඉන්දියන් සක්කිලි ක්‍රිකට් කනවා.කනවා කියන්නේ විනාසම කරනවා. උන්ට අවුල් වගේනම් බෝලර් ඔන්න ඌ චක්. උන්ගේ උන් බබාලා,Harassment,0.937
"ලේ කිරි කරලා පොවලා,හිල් පොල්කට්ටෙන්  නාවලා... සුවද පවුඩර් ගාලා... ඇහේ මූණේ තියාගෙන... අනේ උඹව හදන්න ඇති උඹේ අම්මා... උඹගේ කෙසේ වෙතත්.. අපේ ඇස් කදුළින් තෙත් වුණා..... වැදූ අම්මට දුකක් දෙන්න එපා.... අන්තිමට උඹ වෙනුවෙන් මැරෙන්න හරි ඉතුරු වෙන්නේ  එච්චරයි..... C H I K U U @USER  · 30 Nov 2020 අම්මා...  මේ දෙන ගින්දරට සාප වේවා කියනවා හැර වෙන කියන්න දෙයක් නැ තොපිට.","ලේ කිරි කරලා පොවලා,හිල් පොල්කට්ටෙන් නාවලා... සුවද පවුඩර් ගාලා... ඇහේ මූණේ තියාගෙන... අනේ උඹව හදන්න ඇති උඹේ අම්මා... උඹගේ කෙසේ වෙතත්.. අපේ ඇස් කදුළින් තෙත් වුණා..... වැදූ අම්මට දුකක් දෙන්න එපා.... අන්තිමට උඹ වෙනුවෙන් මැරෙන්න හරි ඉතුරු වෙන්නේ එච්චරයි..... ච හ ඉ ක් උ උ · 30 නොව 2020 අම්මා... මේ දෙන ගින්දරට සාප වේවා කියනවා හැර වෙන කියන්න දෙයක් නැ තොපිට.",Harassment,0.9624
"<<le me watching timeits 2300h>> රට ඔක්කම ඒක විකාරයක් කොරල, මිනිස්සුන්ට පිස්සු පිඉකුදු කරවල දැන් ඉතින් අරකා දොයි ඇති හොදට  #PMChangedSL","ලේ මේ watching ටිමෙඉට්ස් 2300h>> රට ඔක්කම ඒක විකාරයක් කොරල, මිනිස්සුන්ට පිස්සු පිඉකුදු කරවල දැන් ඉතින් අරකා දොයි ඇති හොදට ප්ම්චන්ගේඩ්ස්ල්",Harassment,0.9487
"Le me: මට විස්සක් වෙන්න යනවා කියලා දැනෙනකොට හෙන අවුල්.  Le amma: මට දැන් පනහක් වෙනවා. මම කොච්චර අවුලෙන් ඉන්න ඕනිද? -,-","ලේ මේ මට විස්සක් වෙන්න යනවා කියලා දැනෙනකොට හෙන අවුල්. ලේ amma: මට දැන් පනහක් වෙනවා. මම කොච්චර අවුලෙන් ඉන්න ඕනිද? -,-",Harassment,0.9185
"Let's be hypothetical. අපේ අම්ම ම⁣ට ප්‍රපෝසල් අරං ආවොත්,  ඒ එන උන්ට මට උයන්න පිහින්න පුළුවන් කියල මාව දීග දෙන්න හැදුවොත් එයින් එකෙක් ඒව අහල මට කැමති වුණොත්  බැන්දොත්,  අම්මපල්ල මං ඕකට ජාපාල ඇට දාල කන්න හදල දෙනව.","ලේට්ස් බේ hypothetical. අපේ අම්ම ම⁣ට ප්‍රපෝසල් අරං ආවොත්, ඒ එන උන්ට මට උයන්න පිහින්න පුළුවන් කියල මාව දීග දෙන්න හැදුවොත් එයින් එකෙක් ඒව අහල මට කැමති වුණොත් බැන්දොත්, අම්මපල්ල මං ඕකට ජාපාල ඇට දාල කන්න හදල දෙනව.",Harassment,0.9761
"ලොකු දෝණි call කරලා අහනවා අප්පොච්චා නංගී is beautiful than me noh කියලා මම කිව්වා නෑ රත්තරන් you both are very beautiful කියලා. සමහර මහ උන් හරි ගොන් උන් දන්නේ නෑ ළමයි ගාව මොනවද කථා කරන්නේ කියලා. යකෝ ළමයි මල් වගේ ටක් ගාල හිත රිදෝගන්නවා,  කතා කරන්න දැන්නේ නැත්තං කට වහගෙන හිටූ.","ලොකු දෝණි call කරලා අහනවා අප්පොච්චා නංගී ඉස beautiful than මේ නොහ කියලා මම කිව්වා නෑ රත්තරන් you both are very beautiful කියලා. සමහර මහ උන් හරි ගොන් උන් දන්නේ නෑ ළමයි ගාව මොනවද කථා කරන්නේ කියලා. යකෝ ළමයි මල් වගේ ටක් ගාල හිත රිදෝගන්නවා, කතා කරන්න දැන්නේ නැත්තං කට වහගෙන හිටූ.",Harassment,0.9541
ලොකු පුක පොඩි පුක කෙට්ටු පුක මහත පුක කැත පුක එල පුක අලි පුක flat පුක පුක පුක පුක රෙන පුක පුක පුක පුක රෙන පුක රෙන්න තියන පුක දෙන්න එපා…..  #maruhabay,ලොකු පුක පොඩි පුක කෙට්ටු පුක මහත පුක කැත පුක එල පුක අලි පුක flat පුක පුක පුක පුක රෙන පුක පුක පුක පුක රෙන පුක රෙන්න තියන පුක දෙන්න එපා….. මරුහබය්,Harassment,0.9854
"@USER  ලොකු පුක,මහත පුක කෙට්ටු පුක,අලි පුක.. පුක,පුක... පුක රෙන පුක","ලොකු පුක,මහත පුක කෙට්ටු පුක,අලි පුක.. පුක,පුක... පුක රෙන පුක",Harassment,0.9375
@USER  @USER    ලොකුම ප්‍රශ්ණය උන් කියාපි. යකෝ බොගෙ අම්මටත් ඕක තිබ්බ නේ අරකයි මේකයි.. මං නම් අහන්නෙ අම්මට තිබ්බෙ ඕක ව්ක්තරද ක්ක්‍යල.. 7 ඉලව්වෙ.. එහෙම හිතුවොත් මලාට කසාදයක් බැඳල ලමයක් හදාගන්න වෙන්නෙ නෑ.. අම්මට ම්තක් වෙනවනෙ..,ලොකුම ප්‍රශ්ණය උන් කියාපි. යකෝ බොගෙ අම්මටත් ඕක තිබ්බ නේ අරකයි මේකයි.. මං නම් අහන්නෙ අම්මට තිබ්බෙ ඕක ව්ක්තරද ක්ක්‍යල.. 7 ඉලව්වෙ.. එහෙම හිතුවොත් මලාට කසාදයක් බැඳල ලමයක් හදාගන්න වෙන්නෙ නෑ.. අම්මට ම්තක් වෙනවනෙ..,Harassment,0.9058
@USER ලොකුම හොරු කන්ඩයම තම මහ බන්කුව කඩුවෙ. එකතම අල්ලන්න බරි.,ලොකුම හොරු කන්ඩයම තම මහ බන්කුව කඩුවෙ. එකතම අල්ලන්න බරි.,Harassment,0.9199
"@USER @USER  ලොකුවට පුක කියලා ඉස්පරෙ පෙන්ටි කරන්න ඔනි කුලමිබු තාප්පෙක, නිදහසේ.","ලොකුවට පුක කියලා ඉස්පරෙ පෙන්ටි කරන්න ඔනි කුලමිබු තාප්පෙක, නිදහසේ.",Harassment,0.9795
"@USER  @USER    ලොල් මේ මොන බිජ්ජ කොල්ලෙක්ද!ඇයි උම්බෙ අම්ම තාම permission දීල නැද්ද කුනුහරප කියන්න?Sorry උක්කුන්! උම්බ උම්බෙ තාත්තගෙ ඇටේ ඉන්න කාලෙ ඉන්දන් හුත්තො අපි match බලන්නෙ! මේ ඊයෙ පෙරේද ජන්ගි අන්දින්න ගත්ත කියල හිතන් ඉන්නෙ පොර කියල. අහ් හොන්දයි,දැන් අම්මගෙන් කිරි බීල චූ කරල බුදියන්!","ලොල් මේ මොන බිජ්ජ කොල්ලෙක්ද!ඇයි උම්බෙ අම්ම තාම permission දීල නැද්ද කුනුහරප කියන්න?Sorry උක්කුන්! උම්බ උම්බෙ තාත්තගෙ ඇටේ ඉන්න කාලෙ ඉන්දන් හුත්තො අපි match බලන්නෙ! මේ ඊයෙ පෙරේද ජන්ගි අන්දින්න ගත්ත කියල හිතන් ඉන්නෙ පොර කියල. අහ් හොන්දයි,දැන් අම්මගෙන් කිරි බීල චූ කරල බුදියන්!",Harassment,0.9785
@USER @USER  @USER  ලොල්!!  උයා වල් වනචරලු,ලොල්!! උයා වල් වනචරලු,Harassment,0.9062
@USER  @USER ලොල්. ඒකාලෙ පුක උඩදාගෙන කැගහපු උන් එකෙක් නෑ දැන්.  මේකෙත් හිටිය එහෙම උන්. :D,ලොල්. ඒකාලෙ පුක උඩදාගෙන කැගහපු උන් එකෙක් නෑ දැන්. මේකෙත් හිටිය එහෙම උන්. ද,Harassment,0.9824
@USER ලොල්...අපරාදේ පැපීව උඩ දාන්න තිබ්බ..ඒකි අඩනවා උඩ දැම්ම මදි කියල අපි  @USER,ලොල්...අපරාදේ පැපීව උඩ දාන්න තිබ්බ..ඒකි අඩනවා උඩ දැම්ම මදි කියල අපි,Harassment,0.9619
@USER ලොවෙත් ඒ වැඩේ නම් කරන්නෙ නෑ බෝපෙ. ගෑණුන්ට ගහන උන් මට පේන්ඩ බෑ. ඔය වගේ පොන්න පකයලා මගේ ඉස්සරහා එහෙම ගෑණියෙකුට අත උස්සගෙන ආවොත් ඒකගෙ හතර හන්දි කැඩෙන්ඩ ගහනව.,ලොවෙත් ඒ වැඩේ නම් කරන්නෙ නෑ බෝපෙ. ගෑණුන්ට ගහන උන් මට පේන්ඩ බෑ. ඔය වගේ පොන්න පකයලා මගේ ඉස්සරහා එහෙම ගෑණියෙකුට අත උස්සගෙන ආවොත් ඒකගෙ හතර හන්දි කැඩෙන්ඩ ගහනව.,Harassment,0.9106
"ලෝකේ පලවෙනියට තොල් කිස් කරපු එකාට උගේ ගෑණි කොහොම react කරන්න ඇද්ද?  ""ඉදකින් මිනිහෝ කටට කට තියලා උරන්නෙපා අප්පිරියයි""","ලෝකේ පලවෙනියට තොල් කිස් කරපු එකාට උගේ ගෑණි කොහොම react කරන්න ඇද්ද? ""ඉදකින් මිනිහෝ කටට කට තියලා උරන්නෙපා අප්පිරියයි""",Harassment,0.9565
ලෝගා ගේ ගොන් මොරාල් එක කොච්චරද කියනව නම් ඌ තමා හැම වටේම මුලින්ම මැරෙන්නෙ   #TwitterPaintBallLeague,ලෝගා ගේ ගොන් මොරාල් එක කොච්චරද කියනව නම් ඌ තමා හැම වටේම මුලින්ම මැරෙන්නෙ ත්විත්තෙර්පෛන්ත්බල්ල්ලෙඅගුඑ,Harassment,0.9111
වචන ටික හෑ!  නෑ! අම්මේ! බොරු! ඉතිං! අයියෝ! අනේ! අප්පා! ටහි^කේ! මොංගල්ද! පාංද! පිස්සු! ජාති! ඇහ්! බොල! ගෑණියේ! මිනිහෝ! සහොදරවරුනි! සැ වෑව්! වට් එවර්! #ජාතිවදං,වචන ටික හෑ! නෑ! අම්මේ! බොරු! ඉතිං! අයියෝ! අනේ! අප්පා! ටහි^කේ! මොංගල්ද! පාංද! පිස්සු! ජාති! ඇහ්! බොල! ගෑණියේ! මිනිහෝ! සහොදරවරුනි! සැ වෑව්! වට් එවර්! #ජාතිවදං,Harassment,0.96
@USER වට්ටක්කා පලු වගේ පුක නොකියා මාරි පෙට්ටිය වගේ පුක කියන්න තිබ්බ,වට්ටක්කා පලු වගේ පුක නොකියා මාරි පෙට්ටිය වගේ පුක කියන්න තිබ්බ,Harassment,0.9819
@USER  @USER වට්ටක්කා බෑ දෙක වගේ පුක නැත්තම් වැඩක් නැ,වට්ටක්කා බෑ දෙක වගේ පුක නැත්තම් වැඩක් නැ,Harassment,0.9082
වටේ ඉදං බෝල අල්ලන එකෙක්ව  කවුද යකෝ අම්පයර් කොරේ  #lka #SLvWI,වටේ ඉදං බෝල අල්ලන එකෙක්ව කවුද යකෝ අම්පයර් කොරේ ලක ස්ල්ව්වී,Harassment,0.9507
වටේ පුක දිලා පුක ලොද කරගෙන හුතු සෙවල වටේ කැරකෙන අබ්බගාත ඇඹලයා දෙකට නැවිලා පක හපන් මැරියන් ඒක සැපයි බල්ලො ගහනවට වඩා කෝ ඇවිත් කොටපන් ගැම්මට,වටේ පුක දිලා පුක ලොද කරගෙන හුතු සෙවල වටේ කැරකෙන අබ්බගාත ඇඹලයා දෙකට නැවිලා පක හපන් මැරියන් ඒක සැපයි බල්ලො ගහනවට වඩා කෝ ඇවිත් කොටපන් ගැම්මට,Harassment,0.9888
වටේ යන එකීට යකඩ ජංගියක් අන්දලා ඉබ්බෙක් දැම්මත්   ඒකි කම්මල්කාරයෙක් එක්ක හරි වටේ යනවා,වටේ යන එකීට යකඩ ජංගියක් අන්දලා ඉබ්බෙක් දැම්මත් ඒකි කම්මල්කාරයෙක් එක්ක හරි වටේ යනවා,Harassment,0.9775
වටේම ගිහින් කර ගන්න ඕන දේවල් කරගෙන අනාත උනාම කියනවා තාත්තා විතරලු ආදරේ.  වේස දරුවෝ මූන්,වටේම ගිහින් කර ගන්න ඕන දේවල් කරගෙන අනාත උනාම කියනවා තාත්තා විතරලු ආදරේ. වේස දරුවෝ මූන්,Harassment,0.9199
වඩේ විකුනන එකෙක් වද යකෝ කීපරයාට අරන් තියෙන්නේ,වඩේ විකුනන එකෙක් වද යකෝ කීපරයාට අරන් තියෙන්නේ,Harassment,0.9448
වත්තේ ජරා කරලා යන බලල්ලු ටික අල්ලලා ඕකුන්ට පුක මහලා බඩ යන්න බේත් දෙන්න ඕනේ..,වත්තේ ජරා කරලා යන බලල්ලු ටික අල්ලලා ඕකුන්ට පුක මහලා බඩ යන්න බේත් දෙන්න ඕනේ..,Harassment,0.9614
වද නොදී කන මාරියක් කාපන් හු*තෝ!,වද නොදී කන මාරියක් කාපන් හු*තෝ!,Harassment,0.918
වන වන හැමදාම උඹේ  ඔය ලොකු තන  රෙදි අපුල්ලනවා නේද  උඹ ගල ලග,වන වන හැමදාම උඹේ ඔය ලොකු තන රෙදි අපුල්ලනවා නේද උඹ ගල ලග,Harassment,0.936
@USER වනචරයා කොකටුවා ගස් පත්තෑයා  හෝතම්බුවා නරි කුකුලා ගොටුකල හුක#නා කොකාකෝලා පො#නයා බෝතල් බි#ජා හොට දිග පිළිහුඩුවා  පොතු හැර කබරගොයා දළඹු හුක#නා වේ# උණහපුලුවා  පුත්තලන් හිකනලා රංග ශ්‍රී,වනචරයා කොකටුවා ගස් පත්තෑයා හෝතම්බුවා නරි කුකුලා ගොටුකල හුක#නා කොකාකෝලා පො#නයා බෝතල් බි#ජා හොට දිග පිළිහුඩුවා පොතු හැර කබරගොයා දළඹු හුක#නා වේ# උණහපුලුවා පුත්තලන් හිකනලා රංග ශ්‍රී,Harassment,0.9775
වඳුරු පැටව් කෙඳිරි       ගාන  කෑඩැල්ලන් පහුරු           ගාන අජර මජර මාජු                වාන තූ නොදකින් මාජු              වාන   URL This Tweet is unavailable.,වඳුරු පැටව් කෙඳිරි ගාන කෑඩැල්ලන් පහුරු ගාන අජර මජර මාජු වාන තූ නොදකින් මාජු වාන උර්ල් This Tweet ඉස unavailable.,Harassment,0.9448
වයිෆ් ගෙන සැප මදි උනාම twitter එන එවුනුත් ඉන්නවද යකෝ   ටෞකන්ඩ,වයිෆ් ගෙන සැප මදි උනාම twitter එන එවුනුත් ඉන්නවද යකෝ ටෞකන්ඩ,Harassment,0.9414
@USER  @USER වයිෆ්ට බය වෙන්නෙ ඔය ෆෙමිනිස්ට්ස් ලගෙ වටේ ඉන්න පොන්න හැතිකරේ වගේ පොරවල් තමා. අර අපේ ඇට ගලවන්න ආවේ? තව උන් ඉන්නෙ රඹ ටෝක්ස් දීගෙන ඒත් තාම කටේ කිරිසුවද වත් ගිහින් නැති. ආන් උන් තමා වයිෆ් ලගෙන් ගුටි කන උන්.,වයිෆ්ට බය වෙන්නෙ ඔය ෆෙමිනිස්ට්ස් ලගෙ වටේ ඉන්න පොන්න හැතිකරේ වගේ පොරවල් තමා. අර අපේ ඇට ගලවන්න ආවේ? තව උන් ඉන්නෙ රඹ ටෝක්ස් දීගෙන ඒත් තාම කටේ කිරිසුවද වත් ගිහින් නැති. ආන් උන් තමා වයිෆ් ලගෙන් ගුටි කන උන්.,Harassment,0.9355
වර්තමානය වන විට මොන්ටිසෝරි ලමයාගේ සිට මහලු අය දක්වාම ඉතා සුලු බැන වැදීමකදී පවා පල හුත්තා ඇයි හුත්තා කැරි හුත්තා පොන්න හුත්තා  මොනාද හුත්තෝ කියවන්නේ?  ආදී විශේෂණයන් එක් කරමින් ඉතාමත් අලන්කාරවත් ලෙස මෙම හුත්තා යන නාම පදය භාවිතා කරනු ලැබේ...,වර්තමානය වන විට මොන්ටිසෝරි ලමයාගේ සිට මහලු අය දක්වාම ඉතා සුලු බැන වැදීමකදී පවා පල හුත්තා ඇයි හුත්තා කැරි හුත්තා පොන්න හුත්තා මොනාද හුත්තෝ කියවන්නේ? ආදී විශේෂණයන් එක් කරමින් ඉතාමත් අලන්කාරවත් ලෙස මෙම හුත්තා යන නාම පදය භාවිතා කරනු ලැබේ...,Harassment,0.9263
වරෙන් මයේ අම්ම හරහට දාල නලවන්න  URL This Tweet is unavailable.,වරෙන් මයේ අම්ම හරහට දාල නලවන්න උර්ල් This Tweet ඉස unavailable.,Harassment,0.9312
වරෙන්කො එකෙක් පිට්ටනි හදන්ඩ ඕනෙ කියාගෙන. පුකේ අරින්නෙ පුකේ.   යකෝ look at that uv index. Almost at extreme,වරෙන්කො එකෙක් පිට්ටනි හදන්ඩ ඕනෙ කියාගෙන. පුකේ අරින්නෙ පුකේ. යකෝ look ඇත that උව index. Almost ඇත extreme,Harassment,0.9839
@USER වලහා කේතලයක් ලිප තියෙනො දැක්ක. ඇඟිල්ල තිබ්බ පිච්චුනා. ඌට තරා ගිහිම් ටෞකන්ඩ මේ ලබ්බ නෙ මා පිච්චුවෙ කියල ඒක බදාගත්තා. ඇඟම පිච්චිලා ඌ ICU.,වලහා කේතලයක් ලිප තියෙනො දැක්ක. ඇඟිල්ල තිබ්බ පිච්චුනා. ඌට තරා ගිහිම් ටෞකන්ඩ මේ ලබ්බ නෙ මා පිච්චුවෙ කියල ඒක බදාගත්තා. ඇඟම පිච්චිලා ඌ ඉචු,Harassment,0.9619
වල් බල්ල හරි හොඳ බල්ල හරි ඌ අපි හදනවනම් ඌ අපේ එකෙක්. එන්න එපා එක එක එව්වො වල් බල්ල වල් බල්ල ගාන්න කපනව පෙති පෙති.,වල් බල්ල හරි හොඳ බල්ල හරි ඌ අපි හදනවනම් ඌ අපේ එකෙක්. එන්න එපා එක එක එව්වො වල් බල්ල වල් බල්ල ගාන්න කපනව පෙති පෙති.,Harassment,0.9307
@USER වහලියකට වගේ වද දිදී කිම්බ කන්න අසයි වස්තු,වහලියකට වගේ වද දිදී කිම්බ කන්න අසයි වස්තු,Harassment,0.9546
වහාම උස් බිමකට පලයන් ලට්ට ලොට්ට අරන්,වහාම උස් බිමකට පලයන් ලට්ට ලොට්ට අරන්,Harassment,0.979
වහින්න හදන්නේ හිටගෙන පුක හෝදන්න,වහින්න හදන්නේ හිටගෙන පුක හෝදන්න,Harassment,0.9443
Whatsapp බලන වෙන එවුන් Be like..  තෝ කුඩු ගහලද ගංජා ගහලද.,ව්හට්සාප්ප් බලන වෙන එවුන් බේ like.. තෝ කුඩු ගහලද ගංජා ගහලද.,Harassment,0.9751
"ව්හිලුවක් උනත් සීරියස් මූඩ් එකකින් අහං ඉන්න ඕනේ,  හිනා උනොත් ඒකි බඩුව! # කිසිම ගෑණියෙක් ට්කක් කොටට ගවුම්,කලිසම් එහෙම අදින්න හොදනෑ.... පවු පිරිම් ඒකෙන් ඇව්ස්සිලා වැරදි කරන්න පුලුවන්..... (4/5)","ව්හිලුවක් උනත් සීරියස් මූඩ් එකකින් අහං ඉන්න ඕනේ, හිනා උනොත් ඒකි බඩුව! # කිසිම ගෑණියෙක් ට්කක් කොටට ගවුම්,කලිසම් එහෙම අදින්න හොදනෑ.... පවු පිරිම් ඒකෙන් ඇව්ස්සිලා වැරදි කරන්න පුලුවන්..... (4/5)",Harassment,0.9087
"වාද විවාද වලට වෙලාව නෙවෙයි මේක, හැබැයි මේ වගෙ අදහස් සමාජගත කරන උන් ඉන්නකන් දෙපැත්තෙම අන්තවාදය දළුලන එක නම් නවත්තන්න අමාරු වෙයි. Sajith Neyomal @USER  · 22 Apr 2019 BBS එක කරපු දේවල් 100% හරි","වාද විවාද වලට වෙලාව නෙවෙයි මේක, හැබැයි මේ වගෙ අදහස් සමාජගත කරන උන් ඉන්නකන් දෙපැත්තෙම අන්තවාදය දළුලන එක නම් නවත්තන්න අමාරු වෙයි. සජිත් නෙයෝමල් · 22 අප‍ 2019 බ්බ්ස් එක කරපු දේවල් 100% හරි",Harassment,0.9104
"වාරකන් කාලෙට හඳ මෝරනවාලු, හඳ මෝරන කාලෙට පිස්සු තද වෙනවාලු. #lka #ThingsIHaveHeard #මාඅසාඇතිදේ related or not to #Politics","වාරකන් කාලෙට හඳ මෝරනවාලු, හඳ මෝරන කාලෙට පිස්සු තද වෙනවාලු. ලක ථිඞ්සිහවෙහෙඅර්ද #මාඅසාඇතිදේ related ඔර not ටො #Politics",Harassment,0.9692
@USER  @USER    වාව් පට්ට සෙක්සි...  උයාගේ අතේ බැදල තීන ඔරලෝසුව...,වාව් පට්ට සෙක්සි... උයාගේ අතේ බැදල තීන ඔරලෝසුව...,Harassment,0.9351
වැටක ප්‍රශ්නයකට පැටලිලා: නහයේ පළුවක් කටට ගත් අයට ඇප URL,වැටක ප්‍රශ්නයකට පැටලිලා: නහයේ පළුවක් කටට ගත් අයට ඇප උර්ල්,Harassment,0.9517
වැටකොලු වලින් smoothly හදල බීල බලල තියෙනවද? පුක මෝල් වෙනව #TeamAanamalu,වැටකොලු වලින් smoothly හදල බීල බලල තියෙනවද? පුක මෝල් වෙනව ටෙඅමානමලු,Harassment,0.9785
"@USER @USER වැඩක් නැත්නම් චු කරලා නිදාගන්න ,බබාට ඕවා තේරෙන්නේ නෑ බබාට බබෙක් හම්බ උනාට පස්සේ තේරෙයි . එකා අවජාතක තුප්පහියෙක් කියලා. @USER","වැඩක් නැත්නම් චු කරලා නිදාගන්න ,බබාට ඕවා තේරෙන්නේ නෑ බබාට බබෙක් හම්බ උනාට පස්සේ තේරෙයි . එකා අවජාතක තුප්පහියෙක් කියලා.",Harassment,0.9531
@USER  @USER වැඩට යන්න කලින් වැදලා පලයන්.. මුණට මුරිච්චි වෙන එකා මුසලනම් මගහැරපන්..  #මානසික්ගෙඩයරියෙන්,වැඩට යන්න කලින් වැදලා පලයන්.. මුණට මුරිච්චි වෙන එකා මුසලනම් මගහැරපන්.. #මානසික්ගෙඩයරියෙන්,Harassment,0.9312
වැඩිම අහක යන තොප්පි රෙද්ද පල්ලේ දාගන්නා අකෞන්ටෙක  #SuggestApeAwuruduGames,වැඩිම අහක යන තොප්පි රෙද්ද පල්ලේ දාගන්නා අකෞන්ටෙක සුග්ගෙස්තපෙඅවුරුදුගංඑස්,Harassment,0.9185
වැඩියෙන්ම පොස් කියල හිතන් ඉන්න පොලොස් කෙල්ලො ටිකක් තමා ඔය පඩ ශෝ දෙන්නෙ. පුක කහගන්ඩවත් නියපොත්ත නැතුව ඇති ඔය නඩේට  URL This Tweet is unavailable.,වැඩියෙන්ම පොස් කියල හිතන් ඉන්න පොලොස් කෙල්ලො ටිකක් තමා ඔය පඩ ශෝ දෙන්නෙ. පුක කහගන්ඩවත් නියපොත්ත නැතුව ඇති ඔය නඩේට උර්ල් This Tweet ඉස unavailable.,Harassment,0.9639
"@USER  @USER වැදගෙන වගේ ඉන්නේ,ගෙවපුවාම හරි බං ගගා ඉන්නවා.උගේ කඩේට බඩුවක් ගන්න ගියොත් කෙල්ල call එකේ ඉන්නවා නම් අපි ගන්න ගිය බඩුව නැ කියනවා. දවසෙම ෆොනේ එක කනේ,කෙල්ල මොකක් හරි වැඩක් නම මේකා call කරන කොට බනිනවා,එකී ගන්න කොට මු answer කරන්න ම උනේ,කෙල්ල මේ හම්බන්තොට පැත්තේ එකියක්,","වැදගෙන වගේ ඉන්නේ,ගෙවපුවාම හරි බං ගගා ඉන්නවා.උගේ කඩේට බඩුවක් ගන්න ගියොත් කෙල්ල call එකේ ඉන්නවා නම් අපි ගන්න ගිය බඩුව නැ කියනවා. දවසෙම ෆොනේ එක කනේ,කෙල්ල මොකක් හරි වැඩක් නම මේකා call කරන කොට බනිනවා,එකී ගන්න කොට මු answer කරන්න ම උනේ,කෙල්ල මේ හම්බන්තොට පැත්තේ එකියක්,",Harassment,0.9248
@USER වැදලා කියන්නම් බුදු මහත්තෙයෝ. ළමයී හදන්න එපා. උඹ වාගේ ගොන් බානකගේ බර දාරා ගන්න මේ දූපතට බැහැ.,වැදලා කියන්නම් බුදු මහත්තෙයෝ. ළමයී හදන්න එපා. උඹ වාගේ ගොන් බානකගේ බර දාරා ගන්න මේ දූපතට බැහැ.,Harassment,0.9053
"වැදිලා ඉන්නෙ හු%තෝ,එකෙක්වත් මට කැ#යෝ නැ....මුඩියක් පෑගිලා කල්දේරමක් බිව්වා වගේ මේ වගේ ලොකු Talk දෙන පොඩිඑකෙක් Bigmatch  එකේදි Set වුනා..බීපුටික වමනේ යනකම්ම Sorry අයියෙ කිය කිය  ගහක් බදන් අඩ අඩ ඉන්න තැනටම අපේ එවුන් සැලකුවා2000 පොඩිඑවුන්....","වැදිලා ඉන්නෙ හු%තෝ,එකෙක්වත් මට කැ#යෝ නැ....මුඩියක් පෑගිලා කල්දේරමක් බිව්වා වගේ මේ වගේ ලොකු Talk දෙන පොඩිඑකෙක් බිග්මට්ච් එකේදි Set වුනා..බීපුටික වමනේ යනකම්ම Sorry අයියෙ කිය කිය ගහක් බදන් අඩ අඩ ඉන්න තැනටම අපේ එවුන් සැලකුවා2000 පොඩිඑවුන්....",Harassment,0.978
@USER @USER වැදුනා තමා තෝ පාඩම් වැඩ පාඩු කරගත්තොත් එල්ලනවා තෝව වල්ලෙ හරිය    @USER,වැදුනා තමා තෝ පාඩම් වැඩ පාඩු කරගත්තොත් එල්ලනවා තෝව වල්ලෙ හරිය,Harassment,0.9722
වැන්දඹුව .......බඩුව මාව උඹ ගෙනාවෙ උඹේ ආදර අඹුව කරල උඹ මාව දාල කොහෙදෝ යන්න ගියෙ මාව වැන්දඹුව කරල තනියෙන් ජීවිතය... URL,වැන්දඹුව .......බඩුව මාව උඹ ගෙනාවෙ උඹේ ආදර අඹුව කරල උඹ මාව දාල කොහෙදෝ යන්න ගියෙ මාව වැන්දඹුව කරල තනියෙන් ජීවිතය... උර්ල්,Harassment,0.9058
වැරදි දේට වැරදී කිව්වාට කොටින්නටනම් කඩේ යන්නේ නෑ මේ පන තියනකම්. වේස බල්ලො,වැරදි දේට වැරදී කිව්වාට කොටින්නටනම් කඩේ යන්නේ නෑ මේ පන තියනකම්. වේස බල්ලො,Harassment,0.9517
වැල්ලේ රිලා කුල්ලෙන් වහලා රැල්ලෙන් පුක හොදන් ආපු උන් කොමඩ් වල වාඩි උනාම තියෙන සැර,වැල්ලේ රිලා කුල්ලෙන් වහලා රැල්ලෙන් පුක හොදන් ආපු උන් කොමඩ් වල වාඩි උනාම තියෙන සැර,Harassment,0.936
@USER වැල්ලේ රීලා..... රැල්ලෙන් පුක සෝදාලා.....,වැල්ලේ රීලා..... රැල්ලෙන් පුක සෝදාලා.....,Harassment,0.9531
@USER වැවේ ලොකුයි නේ එතනොට පැටව් ගොඩක් දාලා ගොඩක් හැදෙනවනේ  කන වෙගෙට වඩා හැදෙන වේගේ වැඩිනේ  අනික ලොකු අයට වඩා පොඩි අයව අල්ලන්න අමාරු නේ මාලුන්ට,වැවේ ලොකුයි නේ එතනොට පැටව් ගොඩක් දාලා ගොඩක් හැදෙනවනේ කන වෙගෙට වඩා හැදෙන වේගේ වැඩිනේ අනික ලොකු අයට වඩා පොඩි අයව අල්ලන්න අමාරු නේ මාලුන්ට,Harassment,0.9326
"@USER වැස්ස කියන feeling එක තිබ්බාම දුම් දාන පොල්රොටියේ කටට සැරට ලුනුමිරිසක් හැපෙද්දි , කටට දාගෙන එද්දි රස්නෙට තේ එක බොද්දි   ආයේ මොනවද මහත්තයෝ.. අන්න ජිවිතේ රසවිදින්න නියම feeling එක","වැස්ස කියන feeling එක තිබ්බාම දුම් දාන පොල්රොටියේ කටට සැරට ලුනුමිරිසක් හැපෙද්දි , කටට දාගෙන එද්දි රස්නෙට තේ එක බොද්දි ආයේ මොනවද මහත්තයෝ.. අන්න ජිවිතේ රසවිදින්න නියම feeling එක",Harassment,0.9028
වැස්සට තෙමෙන්නේ නෑනේ මගේ කිඹුල් හම අල්ලන්නේ බෙල්ලෙන් උඹව මම අද වන වන හැමදාම උඹේ ඔය ලොකු තන රෙදි අපුල්ලනවා නේද උඹ ගල ලග,වැස්සට තෙමෙන්නේ නෑනේ මගේ කිඹුල් හම අල්ලන්නේ බෙල්ලෙන් උඹව මම අද වන වන හැමදාම උඹේ ඔය ලොකු තන රෙදි අපුල්ලනවා නේද උඹ ගල ලග,Harassment,0.9067
වැස්සෙ කන්න බයිට් එකක් හදලා අම්මා.. මංඤොඤ්කා තඩි කැලී බැදලා. Outside crisp inside breaddy,වැස්සෙ කන්න බයිට් එකක් හදලා අම්මා.. මංඤොඤ්කා තඩි කැලී බැදලා. Outside crisp inside බ්රෙඅද්ද්ය,Harassment,0.9727
වැස්සෙ තෙමීගෙන යද්දි කලිසමේ හුජ්ජ කරගත්තට ලෝකෙයාට පේන්නෙ නෑ.. ඒත් තමුන් හොඳ ටම දන්නවා ඒ වතුර එක්ක හුජ්ජත් බේරි බේරි ඇඟතෙමාගෙන බිමට වැක්කෙරෙනවා කියල ..,වැස්සෙ තෙමීගෙන යද්දි කලිසමේ හුජ්ජ කරගත්තට ලෝකෙයාට පේන්නෙ නෑ.. ඒත් තමුන් හොඳ ටම දන්නවා ඒ වතුර එක්ක හුජ්ජත් බේරි බේරි ඇඟතෙමාගෙන බිමට වැක්කෙරෙනවා කියල ..,Harassment,0.9229
"විකටයා  වුනාට  උඹ , කියන  ඒවට  හිනත්  වුනාට  ඔක්කෝම , තිත්ත  ඇත්තත්  තියෙනවා  වි "" කට "" මලේ ..... . . . . . -- U Rasta G --","විකටයා වුනාට උඹ , කියන ඒවට හිනත් වුනාට ඔක්කෝම , තිත්ත ඇත්තත් තියෙනවා වි "" කට "" මලේ ..... . . . . . -- උ රසට ග --",Harassment,0.9487
විකීට පුක නැතිවෙන්න ගහපු උන්  ඉරාජ් මරාගෙන කලා විකීගේ ගුණ වයනවා  බැසිල්ට පුක නැතිවෙන්න ගහපු උන් දැන් සිරස කුඩු කරලාබැසිල් සිල් ඇත්තේක් කරනවා,විකීට පුක නැතිවෙන්න ගහපු උන් ඉරාජ් මරාගෙන කලා විකීගේ ගුණ වයනවා බැසිල්ට පුක නැතිවෙන්න ගහපු උන් දැන් සිරස කුඩු කරලාබැසිල් සිල් ඇත්තේක් කරනවා,Harassment,0.9331
@USER  @USER විකුණනවෝ.. විකුණනවෝ.. අම්මෝ.. විකුණනවෝ.. අම්මව විකුණනවෝ.. කොටි නැගි- ආ සොරි- උන් නිදි.. විකුණනවෝ.. විකුණනවෝ.. පුක විකනවෝ.. සොරි.. විකුණනවෝ..,විකුණනවෝ.. විකුණනවෝ.. අම්මෝ.. විකුණනවෝ.. අම්මව විකුණනවෝ.. කොටි නැගි- ආ සොරි- උන් නිදි.. විකුණනවෝ.. විකුණනවෝ.. පුක විකනවෝ.. සොරි.. විකුණනවෝ..,Harassment,0.9814
විකුණනවෝ.. විකුණනවෝ.. අම්මෝ.. විකුණනවෝ.. අම්මව විකුණනවෝ.. කොටි නැගි- ආ සොරි- උන් නිදි.. විකුණනවෝ.. විකුණනවෝ.. පුක... URL,විකුණනවෝ.. විකුණනවෝ.. අම්මෝ.. විකුණනවෝ.. අම්මව විකුණනවෝ.. කොටි නැගි- ආ සොරි- උන් නිදි.. විකුණනවෝ.. විකුණනවෝ.. පුක... උර්ල්,Harassment,0.9727
විද්දා උඩහ ගල රෙදි අන්දන සුද්දා හද්දා පිටිසරලු ලජකාවේ වැද්දා වද්දා ගන්න කොලඹින් එපිටෙන් පද්දා කරදිය වලල්ලේ උන්ටික නිදිවැද්දා Oshanda ඔෂඳ Samarawickrama @USER  · 27 Apr 2020 සූද්දා ක්‍රිපූ අපරාධයක්,විද්දා උඩහ ගල රෙදි අන්දන සුද්දා හද්දා පිටිසරලු ලජකාවේ වැද්දා වද්දා ගන්න කොලඹින් එපිටෙන් පද්දා කරදිය වලල්ලේ උන්ටික නිදිවැද්දා ඔස්හඬ ඔෂඳ සමරවිච්ක්රම · 27 අප‍ 2020 සූද්දා ක්‍රිපූ අපරාධයක්,Harassment,0.9287
@USER  @USER විනාකීරි දාන්න ඕනෙ උඹෙ කටට,විනාකීරි දාන්න ඕනෙ උඹෙ කටට,Harassment,0.9507
"විමලේ කෝ උබගේ කට කටේ පිට්ටු නේද උබලා පෝස්ටර් ගෙහුවේ රනවිරුවන්ව දංගෙඩියට යවන ""අල් හුසේන්""කියලනේ යකෝ දංගෙඩියට යවලා... URL","විමලේ කෝ උබගේ කට කටේ පිට්ටු නේද උබලා පෝස්ටර් ගෙහුවේ රනවිරුවන්ව දංගෙඩියට යවන ""අල් හුසේන්""කියලනේ යකෝ දංගෙඩියට යවලා... උර්ල්",Harassment,0.9424
විමලේ කෝ මේ විමලේ???? උභ තාම එතුලේ ද???? Airport වහල නේ තෝ පලයන් තොලන්චි වෙල.. URL,විමලේ කෝ මේ විමලේ???? උභ තාම එතුලේ ද???? Airport වහල නේ තෝ පලයන් තොලන්චි වෙල.. උර්ල්,Harassment,0.9888
"@USER විමලෝ විමලෝ බෝම්බ ලොරි ගණන් ගෙදරටම ගෙනල්ලා බස්සගෙන විනාශ වෙන්න කැමති නම් පිස්සු කෙලලා මේ රට විනාශයට ඇද ගෙන පලයන්- එහෙම නැත්තං ඔය ඉන්න පොන්න වේසිගේ  පුතාලත් එක්ක එකතු වෙලා මේ රට ඇදගෙන පලයන්, අපි උඹලට තුනෙන් දෙකක් දුන්නෙ උඹලට කියලා අපේ ඇට මිරිකගන්න නොවේ","විමලෝ විමලෝ බෝම්බ ලොරි ගණන් ගෙදරටම ගෙනල්ලා බස්සගෙන විනාශ වෙන්න කැමති නම් පිස්සු කෙලලා මේ රට විනාශයට ඇද ගෙන පලයන්- එහෙම නැත්තං ඔය ඉන්න පොන්න වේසිගේ පුතාලත් එක්ක එකතු වෙලා මේ රට ඇදගෙන පලයන්, අපි උඹලට තුනෙන් දෙකක් දුන්නෙ උඹලට කියලා අපේ ඇට මිරිකගන්න නොවේ",Harassment,0.9492
Vimasha Vimarshi බල්ලෙක්ට ජාතක උන වේස බල්ලා මෛත්‍රීපාල සිරිසෙන..තොගෙ වේස කතාවට තොට හෙන වැදිල කෑලි කෑලි කුඩු වෙන්න... URL,විමෂ විමර්ශී බල්ලෙක්ට ජාතක උන වේස බල්ලා මෛත්‍රීපාල සිරිසෙන..තොගෙ වේස කතාවට තොට හෙන වැදිල කෑලි කෑලි කුඩු වෙන්න... උර්ල්,Harassment,0.9844
"වියන් තනවාපු, මංගල පැය, මුදවාපු කිරි සමඟ, රස වෙද්දී,  ස්වයං ජාත වන, අරුමෝසම් ලමයින්ට, නෑ ගහන්නේ, අවජාතක කියලා,... URL","වියන් තනවාපු, මංගල පැය, මුදවාපු කිරි සමඟ, රස වෙද්දී, ස්වයං ජාත වන, අරුමෝසම් ලමයින්ට, නෑ ගහන්නේ, අවජාතක කියලා,... උර්ල්",Harassment,0.9438
විල්පත්තු ----------  ජාති ආලේ ගත්තු කැරි නර සත්තු කළා ගිනි පත්තු  හේත්තු වී මායිමට විල්පත්තු ඡන්දෙට බැලුවේ ඔත්තු බොරු කෙබර අතේ පත්තු තොපි කැව්ව ද වඳ කොත්තු ඌරු පුකට දැන් දීපිය තොත්තු,විල්පත්තු ---------- ජාති ආලේ ගත්තු කැරි නර සත්තු කළා ගිනි පත්තු හේත්තු වී මායිමට විල්පත්තු ඡන්දෙට බැලුවේ ඔත්තු බොරු කෙබර අතේ පත්තු තොපි කැව්ව ද වඳ කොත්තු ඌරු පුකට දැන් දීපිය තොත්තු,Harassment,0.9863
විල්සන් මාමාගේ කඩේ ලග තඩි කහ ගැරඩියෙක්.මේ පැත්තට එන එකෙක් ලාම්පු තෙල් අරන් වරෙන්... – looking for ලාම්පුතෙල් at... URL,විල්සන් මාමාගේ කඩේ ලග තඩි කහ ගැරඩියෙක්.මේ පැත්තට එන එකෙක් ලාම්පු තෙල් අරන් වරෙන්... – looking for ලාම්පුතෙල් ඇත උර්ල්,Harassment,0.9482
"විලිලජ්ජයි දුවේ, ඕක කොරනකොටම අපි කිවූ උඹ තාත්තා  @USER  #NGOs උවමනාවට විකුණාගෙන කනවා කියලා. ඔන්න ඔය විදියටම තමයි පුතේ උබේ තාත්තත් තිබුණු ආර්ථික ප්‍රශ්න වලින් මිදෙන්න මේ රටේ විකුණාගෙන කෑවෙත්. මේ ටික උබට නොවැටහෙන්නේ උබ ඒ තාත්තාගේම දුව නිසාම තමයි  @USER  @USER  #SriLanka","විලිලජ්ජයි දුවේ, ඕක කොරනකොටම අපි කිවූ උඹ තාත්තා නගොස් උවමනාවට විකුණාගෙන කනවා කියලා. ඔන්න ඔය විදියටම තමයි පුතේ උබේ තාත්තත් තිබුණු ආර්ථික ප්‍රශ්න වලින් මිදෙන්න මේ රටේ විකුණාගෙන කෑවෙත්. මේ ටික උබට නොවැටහෙන්නේ උබ ඒ තාත්තාගේම දුව නිසාම තමයි ශ්‍රීලංකා",Harassment,0.9297
"@USER විස්ව මේ, උඹ හලන පැනියක් නංකිලා බැයිනං ඕන එකෙක් එකෙක් එක්ක හලාගනිං   @USER","විස්ව මේ, උඹ හලන පැනියක් නංකිලා බැයිනං ඕන එකෙක් එකෙක් එක්ක හලාගනිං",Harassment,0.978
විසිවන අවජාතක සංශෝධනය Nayan J @USER  · 13 Sep 2020 මට දේශපාලන යුග ආර්ටිකල් එක ඉවර කරන්න ඕනෙ ඒ හින්දා කරුණාකරලා කියන්න කවුද 20 හැදුවෙ,විසිවන අවජාතක සංශෝධනය නයන් ජ · 13 සේප 2020 මට දේශපාලන යුග ආර්ටිකල් එක ඉවර කරන්න ඕනෙ ඒ හින්දා කරුණාකරලා කියන්න කවුද 20 හැදුවෙ,Harassment,0.9297
විහඟ පාවඩ ඉරක මුතුකුඩ ඕනෙ කියනවා මලකට  ඒත් උඹනන් මාරය  වව්ලො ඉගිලෙන මොහොතක සැව්ලො හැන්ගෙන යාමෙක ඉරට සට්ටන් දාගෙන සඳ කලාවත් ලාගෙන උඹ බැස්සා බන් පාරට  හෙන්දි උඹනන් මාරය ගොඩක් උන් බය ඒකට  #සසන්කා_විතානගේ,විහඟ පාවඩ ඉරක මුතුකුඩ ඕනෙ කියනවා මලකට ඒත් උඹනන් මාරය වව්ලො ඉගිලෙන මොහොතක සැව්ලො හැන්ගෙන යාමෙක ඉරට සට්ටන් දාගෙන සඳ කලාවත් ලාගෙන උඹ බැස්සා බන් පාරට හෙන්දි උඹනන් මාරය ගොඩක් උන් බය ඒකට #සසන්කා_විතානගේ,Harassment,0.917
විහිලු දන්නේ නැති පොන්න චීත්ත ඉන්නවනමි පුක නොදී දැන්ම Unfriend වෙලා පලයල්⁣ලා — feeling angry,විහිලු දන්නේ නැති පොන්න චීත්ත ඉන්නවනමි පුක නොදී දැන්ම Unfriend වෙලා පලයල්⁣ලා — feeling angry,Harassment,0.9458
වෙඩි දෙනවද පුක කනවද තත්වයක් ඇතිවෙලා තියෙන්නෙ ෆ්‍රෙන්ස්.,වෙඩි දෙනවද පුක කනවද තත්වයක් ඇතිවෙලා තියෙන්නෙ ෆ්‍රෙන්ස්.,Harassment,0.9316
@USER වෙත්තසිංහ  මෙන්න ඔයාගේ පුක මාකට් වෙනවා,වෙත්තසිංහ මෙන්න ඔයාගේ පුක මාකට් වෙනවා,Harassment,0.9043
වෙද පප්පෙක් නැද්ද මැජික් අරිෂ්ටේ ටිකක් හදාගන්න  දෙතුන් දෙනෙක් ඉන්නවා අල්ලන් තඩි බාන්න,වෙද පප්පෙක් නැද්ද මැජික් අරිෂ්ටේ ටිකක් හදාගන්න දෙතුන් දෙනෙක් ඉන්නවා අල්ලන් තඩි බාන්න,Harassment,0.9629
වෙනද Cricket team එකට බයින උන් අද Irajයගේ ඉබ්බෙකුයි යතුරකුයි අල්ලගෙන කියෝනව  ඕක නවත්තල බැනපල්ල යකෝ අරුන්ට,වෙනද Cricket team එකට බයින උන් අද Irajයගේ ඉබ්බෙකුයි යතුරකුයි අල්ලගෙන කියෝනව ඕක නවත්තල බැනපල්ල යකෝ අරුන්ට,Harassment,0.9658
වෙනදට කෝච්චියේ යන බඩ තඩි මහත්තුරු strike හින්දා බස් එකේ යනකොට මල කරදරයක්,වෙනදට කෝච්චියේ යන බඩ තඩි මහත්තුරු strike හින්දා බස් එකේ යනකොට මල කරදරයක්,Harassment,0.9253
වෙනවට කියනවා නෙමෙයි  වෙලා තියෙන දේවල හැටියට   වෙඩි කනවද පුක දෙනවද කියලා ඇහුවට අපිට වෙන්නේ අන්තිමට   පුකත් දීලා වෙඩිත් කන්න,වෙනවට කියනවා නෙමෙයි වෙලා තියෙන දේවල හැටියට වෙඩි කනවද පුක දෙනවද කියලා ඇහුවට අපිට වෙන්නේ අන්තිමට පුකත් දීලා වෙඩිත් කන්න,Harassment,0.9443
@USER  @USER වෙන්න පුලුවන් හුකන්න බැරි එකට හුකවන්න ලන්කාවෙ උන් පට්ට දක්ශයි,වෙන්න පුලුවන් හුකන්න බැරි එකට හුකවන්න ලන්කාවෙ උන් පට්ට දක්ශයි,Harassment,0.9805
වෙරි වී පනින මගේ මිනිහට මැණිකේ වුනී රන්කිරි කට ගාන පුතු වෙත අම්මා වුනී ඔත්පල අම්මා කීවේ මට සුදු දෝනී පාරට බැස්ස මට ඇහුනා බඩුව ජොනී  URL via  @USER youtube.com Weediya bala ( වීදිය බලා ) - Sahan Chamikara [Official Music Video] Artist | Sahan ChamikaraMelody | Dinesh Udugampola Music | Kalpa Gunasekara @ K sharp music studio Lyrics| Milinda Madawa Perera Mastered | Yasas Madagedara ...,වෙරි වී පනින මගේ මිනිහට මැණිකේ වුනී රන්කිරි කට ගාන පුතු වෙත අම්මා වුනී ඔත්පල අම්මා කීවේ මට සුදු දෝනී පාරට බැස්ස මට ඇහුනා බඩුව ජොනී උර්ල් via යෝඋටුබෙචොම් වීඩිය බල ( වීදිය බලා ) - සහන චාමිකර [Official Music Video] Artist | සහන චමිකරමෙලොද්ය් | දිනේෂ් උඩුගම්පොල Music | කල්ප ගුණසේකර @ ක් sharp music studio ල්ය්රිච්ස් මිලින්ද මදව පෙරේරා මස්ටෙරෙඩ් | යසස් මැදගෙදර ...,Harassment,0.9067
We Are Sri Lankans.. අම්ම අප්ප මතක වෙන්නේ මේ වෙලාවට මූන්ගේ..  සැන්ඩි @USER  · 16 Aug 2021 සිරි ලන්කන් ලොගික්    #මරුහැබැයි  #lka  #health  #උස්සපුවා,වේ Are Sri ලන්කන්ස් අම්ම අප්ප මතක වෙන්නේ මේ වෙලාවට මූන්ගේ.. සැන්ඩි · 16 ඖග් 2021 සිරි ලන්කන් ලොගික් #මරුහැබැයි ලක #health #උස්සපුවා,Harassment,0.9072
වේයන්ට වඩා කරදරයක් වෙලා තියෙන්නේ උන්ව මරන්ට SERVICE දෙන කොම්පැනිනේ.... යකෝ ලංකාවේ ඉන්න වේයන්ට වඩා උන් ව මරන... URL,වේයන්ට වඩා කරදරයක් වෙලා තියෙන්නේ උන්ව මරන්ට SERVICE දෙන කොම්පැනිනේ.... යකෝ ලංකාවේ ඉන්න වේයන්ට වඩා උන් ව මරන... උර්ල්,Harassment,0.9712
වේස අනිලය අකුලෝලම පල ගශ් බල්ල මගේ කොන්ඩෙ කෑව......ඔය්ට හොදා ඔය බාබර්කම දීපං ලමයෙකුට මෝඩ මූෂලය..,වේස අනිලය අකුලෝලම පල ගශ් බල්ල මගේ කොන්ඩෙ කෑව......ඔය්ට හොදා ඔය බාබර්කම දීපං ලමයෙකුට මෝඩ මූෂලය..,Harassment,0.9858
වේස කමටත් වැඩියෙන් ව්කිනෙන ඩියවන්නවේ.......සක්කිලි ගෙම්බෝ,වේස කමටත් වැඩියෙන් ව්කිනෙන ඩියවන්නවේ.......සක්කිලි ගෙම්බෝ,Harassment,0.939
වේස කොල්ලෝ ටිකක් ඊයේ පුක ඉරාගෙන නෙත් එකෙන් ගහපු නිව්ස් එකක් ගැන කියලා තිබුණා..කෝලි නාරාහෙන්පිට ක්‍රිකට් ගහපු හැටි... URL,වේස කොල්ලෝ ටිකක් ඊයේ පුක ඉරාගෙන නෙත් එකෙන් ගහපු නිව්ස් එකක් ගැන කියලා තිබුණා..කෝලි නාරාහෙන්පිට ක්‍රිකට් ගහපු හැටි... උර්ල්,Harassment,0.9033
@USER වේස ගෑණු වෙන්නනම් ඉතින් වටේ යන්න ඕනෙ,වේස ගෑණු වෙන්නනම් ඉතින් වටේ යන්න ඕනෙ,Harassment,0.9263
@USER වේස පුල්ලි? අර වත්තට පැන්න කොටියටද මේ බනින්නේ?,වේස පුල්ලි? අර වත්තට පැන්න කොටියටද මේ බනින්නේ?,Harassment,0.9062
@USER වේස බල්ලනේ තොපිට දැන් කීපාරක් කිව්වද මේ ලබ්බවල් block කරලා දාන්න කියලා. හිගන හැත්ත.,වේස බල්ලනේ තොපිට දැන් කීපාරක් කිව්වද මේ ලබ්බවල් block කරලා දාන්න කියලා. හිගන හැත්ත.,Harassment,0.9663
වේස බල්ලෙක් හප්පලා ලයිට් කනුවක් කඩලා දාලා ගමටම ලයට් නෑ.,වේස බල්ලෙක් හප්පලා ලයිට් කනුවක් කඩලා දාලා ගමටම ලයට් නෑ.,Harassment,0.9604
වේස බැන්ඳට හැන්ගි හොරා නටන්න වෙන්නෙ එලිපිටමයි. කට කිව්වට නොහැදෙන එකා තට මං දෙන්නෙ සම්බුව මයි..:D,වේස බැන්ඳට හැන්ගි හොරා නටන්න වෙන්නෙ එලිපිටමයි. කට කිව්වට නොහැදෙන එකා තට මං දෙන්නෙ සම්බුව මයි..:D,Harassment,0.9717
@USER වේස මීයා අහු උනොත් මරනවා!!  @USER,වේස මීයා අහු උනොත් මරනවා!!,Harassment,0.9785
@USER වේස වහලියක්... තන් දෙකට ක්ලිප් ගහන්න ඕනේ...,වේස වහලියක්... තන් දෙකට ක්ලිප් ගහන්න ඕනේ...,Harassment,0.9839
වේස හැතිකරේ මැරිලවත් යන්නෙ නෑනේ ගස් බල්ලො  URL via  @USER,වේස හැතිකරේ මැරිලවත් යන්නෙ නෑනේ ගස් බල්ලො උර්ල් via,Harassment,0.9795
"@USER  @USER වේසකමේ ගිහින් ජාතක වෙච්ච උඹ, අම්මගෙන් අහපන් පුලුවන් නම් එදා ඇනපු එකාගේ එක හිට්ටේ හරහටද කියලා පොඩ්ඩක්. ඊට කලින් පොඩ්ඩක් හොයලා බලපන් එදා කීදෙනෙක් ඉදලද කියලා. එතන අනිවාර්යයෙන්ම බිජ්ජ කොට එකෙක් ඉදලා තියනවා. ඒකයි උඹ දකින හැමඑකාගෙන්ම ලොකුද පොඩිද අහන්නේ.","වේසකමේ ගිහින් ජාතක වෙච්ච උඹ, අම්මගෙන් අහපන් පුලුවන් නම් එදා ඇනපු එකාගේ එක හිට්ටේ හරහටද කියලා පොඩ්ඩක්. ඊට කලින් පොඩ්ඩක් හොයලා බලපන් එදා කීදෙනෙක් ඉදලද කියලා. එතන අනිවාර්යයෙන්ම බිජ්ජ කොට එකෙක් ඉදලා තියනවා. ඒකයි උඹ දකින හැමඑකාගෙන්ම ලොකුද පොඩිද අහන්නේ.",Harassment,0.9321
@USER වේසි වේසි මය් ගවුමක් ඇ න්දාට,වේසි වේසි මය් ගවුමක් ඇ න්දාට,Harassment,0.9067
වේසිගෙ පුතාල එකෙක් mask දාන්නෑ බස් වල යන කොට වත්. රෙද්ද යන්න ගිය ගමනත් 3km පයින්ම ගියා. එක අතකට රටම lock down වෙනවා නම් හොදයි....,වේසිගෙ පුතාල එකෙක් mask දාන්නෑ බස් වල යන කොට වත්. රෙද්ද යන්න ගිය ගමනත් 3km පයින්ම ගියා. එක අතකට රටම lock down වෙනවා නම් හොදයි....,Harassment,0.9814
"වේසියෙක් ""වේසියෙක්"" වෙන්නෙ කොහෙ හරි ඉන්න වනචර වලත්ත වේසෙක් නිසා.  වේසියන්ට ""වේසි"" කියනවා නම් වේසොන්ට ""වේසා"" කියලත් කියපන්!  ඒත් එහෙම කියන්නෙ නෑ නේද?  ඇයි ඒ?  අනුන්ගෙ වේසකම් නෙමේ තමන්ගෙ වේසකම් හොයාගනිල්ලා!  ගතින් කළත් නොකළත් හිතින් කරපු වේසකම් තේරුම් ගනිල්ලා!  #Life #SriLanka #LKA","වේසියෙක් ""වේසියෙක්"" වෙන්නෙ කොහෙ හරි ඉන්න වනචර වලත්ත වේසෙක් නිසා. වේසියන්ට ""වේසි"" කියනවා නම් වේසොන්ට ""වේසා"" කියලත් කියපන්! ඒත් එහෙම කියන්නෙ නෑ නේද? ඇයි ඒ? අනුන්ගෙ වේසකම් නෙමේ තමන්ගෙ වේසකම් හොයාගනිල්ලා! ගතින් කළත් නොකළත් හිතින් කරපු වේසකම් තේරුම් ගනිල්ලා! #Life ශ්‍රීලංකා ලක",Harassment,0.9829
වේසියේ තෝ මළ මුත්‍රා කරන්නෙ නැතුවද මේ ලෝකෙට බිහිවුනේ.පවු යකෝ තාත්තා නේද බන් තොගෙ.වයසට ගියා කියලා මෙහෙම කරන්න... URL,වේසියේ තෝ මළ මුත්‍රා කරන්නෙ නැතුවද මේ ලෝකෙට බිහිවුනේ.පවු යකෝ තාත්තා නේද බන් තොගෙ.වයසට ගියා කියලා මෙහෙම කරන්න... උර්ල්,Harassment,0.9551
#WontGiveItBack its ok බේබි දැන් පලයන්......,වොන්ත්ගිවෙඉත්බක්ක its ඔක් බේබි දැන් පලයන්......,Harassment,0.9272
Wownidu උඹ ඕන විදිහකට celebrate කරපන් කොම්ලො විකට් අරන්.,වොව්නිදු උඹ ඕන විදිහකට celebrate කරපන් කොම්ලො විකට් අරන්.,Harassment,0.9536
@USER  @USER වෝල්පේපර් කැරියා  ඩීවීඩී හුකන්නා  වීසීඩී පොන්නයා  ස්ටිකර් පකයා  වයිෆයි හුකන්නා  මොබයිල් ඩේටා කැරියා  අගුන කොල හුත්ති  ආශකී හුත්තී  අල්ලපු ගෙදර හුත්තී  ඉස්සරා ගෙදර බැල්ලී,වෝල්පේපර් කැරියා ඩීවීඩී හුකන්නා වීසීඩී පොන්නයා ස්ටිකර් පකයා වයිෆයි හුකන්නා මොබයිල් ඩේටා කැරියා අගුන කොල හුත්ති ආශකී හුත්තී අල්ලපු ගෙදර හුත්තී ඉස්සරා ගෙදර බැල්ලී,Harassment,0.9702
@USER  @USER ශවේන්ද්‍ර කියන පිස්සු හුකන්නට (Post 2009 ශවේන්ද්‍ර) මෝඩ මරිමෝල් ටාබය රාජපක්ෂගේ පුකේ අමාරුව හැදිලා.,ශවේන්ද්‍ර කියන පිස්සු හුකන්නට (Post 2009 ශවේන්ද්‍ර) මෝඩ මරිමෝල් ටාබය රාජපක්ෂගේ පුකේ අමාරුව හැදිලා.,Harassment,0.917
"@USER ශ්‍රී  ලන්කන් එකෙන් හොරාකාපු වේස ගෑනු 95,000 ගැන කතා කරා වගේ","ශ්‍රී ලන්කන් එකෙන් හොරාකාපු වේස ගෑනු 95,000 ගැන කතා කරා වගේ",Harassment,0.9038
#srilanka #lka වේ උන්ටනම් ගු දියකරලා පෙව්වත් උන්ගේ තියෙන අවජාතක කම අරින්න බැ  @USER  @USER  @USER  @USER  @USER,ශ්‍රීලංකා ලක වේ උන්ටනම් ගු දියකරලා පෙව්වත් උන්ගේ තියෙන අවජාතක කම අරින්න බැ,Harassment,0.9722
@USER  @USER ශ්‍රේෂ්ට නායකය කිව්ව කටින් ඔහොම රනිලා කොල්ලො ගහනව කියලා කියන්න එපා යකෝ පව් යකෝ ඌ  පුකේ ඇරලා හරි උඹට වීසා දුන්නෙ ඌ. තෝ කාලා ඇදලා ඉන්නෙ ඌ නිසා. කන්න දුන්න අත හපා කන්න එපා සක්කිලියො. තොපි වගේ එවුන් තමයි වදපු අම්මව වැඩිහිටි නිවාස වලට දාන්නෙ. කෙලෙහෙගුණේ නැති අවජාතකයො,ශ්‍රේෂ්ට නායකය කිව්ව කටින් ඔහොම රනිලා කොල්ලො ගහනව කියලා කියන්න එපා යකෝ පව් යකෝ ඌ පුකේ ඇරලා හරි උඹට වීසා දුන්නෙ ඌ. තෝ කාලා ඇදලා ඉන්නෙ ඌ නිසා. කන්න දුන්න අත හපා කන්න එපා සක්කිලියො. තොපි වගේ එවුන් තමයි වදපු අම්මව වැඩිහිටි නිවාස වලට දාන්නෙ. කෙලෙහෙගුණේ නැති අවජාතකයො,Harassment,0.9399
@USER ශිරෝමිගෙ තන් රහ තන්. උඹට  දිගටම ඔක අතගහන්ඩ දුන්නා නං උඹ රහතන් වහන්සෙ කෙනෙක් වෙලා ඇති. එහෙත් නැනාගේ තන් කිවුල් තන්.  නැන්දගෙ ලේලිගෙ එ කිවුල් ගතිය නැති කරන්ඩ තමයි එක අත ගාද්දි උඹට පුකේ හම යන්ඩ ගැහැව්වෙ නැත්තෙ.,ශිරෝමිගෙ තන් රහ තන්. උඹට දිගටම ඔක අතගහන්ඩ දුන්නා නං උඹ රහතන් වහන්සෙ කෙනෙක් වෙලා ඇති. එහෙත් නැනාගේ තන් කිවුල් තන්. නැන්දගෙ ලේලිගෙ එ කිවුල් ගතිය නැති කරන්ඩ තමයි එක අත ගාද්දි උඹට පුකේ හම යන්ඩ ගැහැව්වෙ නැත්තෙ.,Harassment,0.9746
@USER  @USER ශිහ් . . .  මේ වගේ දෙමාපියන්ට ජාතක වුනානෙ තෝ වගේ පොල් කාවයියෙක් අම්මප,ශිහ් . . . මේ වගේ දෙමාපියන්ට ජාතක වුනානෙ තෝ වගේ පොල් කාවයියෙක් අම්මප,Harassment,0.981
ශුවර් එකට පැල වටේ කැරකෙන නාකි ගොනෙක්  WinD - සු - දේශිකා @USER  · 7 Apr 2018 වහලෙ උඩ මොකෙක්ඩෝ එකෙක් ඩුවනවා ඩඩං බඩං ගාලා,ශුවර් එකට පැල වටේ කැරකෙන නාකි ගොනෙක් WinD - සු - දේශිකා · 7 අප‍ 2018 වහලෙ උඩ මොකෙක්ඩෝ එකෙක් ඩුවනවා ඩඩං බඩං ගාලා,Harassment,0.9014
@USER ෂික් විතරක්. හැදෙන්න බැරි සක්කිලි,ෂික් විතරක්. හැදෙන්න බැරි සක්කිලි,Harassment,0.9731
@USER ස තමයි හොදටම කොරේ !! අපිටත් වැලලෙන්න තැනක් දියව්,ස තමයි හොදටම කොරේ !! අපිටත් වැලලෙන්න තැනක් දියව්,Harassment,0.9751
@USER ස තමා හොදටම අරින්නෙ,ස තමා හොදටම අරින්නෙ,Harassment,0.9351
"ස' ඇතුලු පරම්පරාවම අරහෙට/මෙහෙට බෝලේ පාස් කර කර ඉන්නවා..   වේස ගෑණිට පෝළිම් දැම්ම වගේ අහ්, වරෙල්ලා, ඇරපල්ලා කියලා ටොපිය කන්න දුන්නා ""ඇරියට බඩ වෙන්නෙ නෑ"" කියලා..  දැන් බඩ වුනාට පස්සේ ටොපිය බෙදපු එවුනුත් නෑ.. ඇරපු එවුනුත් ""මම නෙමේ, උඹ තමා බඩ කලේ"" කියලා එක එකාට ඇගිල්ල දික් කරගන්නවා..","ස' ඇතුලු පරම්පරාවම අරහෙට/මෙහෙට බෝලේ පාස් කර කර ඉන්නවා.. වේස ගෑණිට පෝළිම් දැම්ම වගේ අහ්, වරෙල්ලා, ඇරපල්ලා කියලා ටොපිය කන්න දුන්නා ""ඇරියට බඩ වෙන්නෙ නෑ"" කියලා.. දැන් බඩ වුනාට පස්සේ ටොපිය බෙදපු එවුනුත් නෑ.. ඇරපු එවුනුත් ""මම නෙමේ, උඹ තමා බඩ කලේ"" කියලා එක එකාට ඇගිල්ල දික් කරගන්නවා..",Harassment,0.9814
"සංචරණ සීමා ලිහිල් කිරීමෙන් පසු හැසිරිය යුතු ආකාරය කියලා හෝ ගාලා News එනවා..   වේස කමේ යන එකාට කොච්චර කොහොම හැසිරෙන විදිය කිව්වත්, ඌ යන්නේ වේස කමේමයි.. උපන් ගති අරින්න බෑ අපේ එකාලගේ.. සංචරණ සීමා තියෙද්දි දැක්කනේ හැසීරීම.. ලිහිල් කලාම කොහොමට තියෙද..","සංචරණ සීමා ලිහිල් කිරීමෙන් පසු හැසිරිය යුතු ආකාරය කියලා හෝ ගාලා News එනවා.. වේස කමේ යන එකාට කොච්චර කොහොම හැසිරෙන විදිය කිව්වත්, ඌ යන්නේ වේස කමේමයි.. උපන් ගති අරින්න බෑ අපේ එකාලගේ.. සංචරණ සීමා තියෙද්දි දැක්කනේ හැසීරීම.. ලිහිල් කලාම කොහොමට තියෙද..",Harassment,0.9814
සකර්බර්ග්  තෝ විහිලු කරනවද  හිපටුවෝ ??  මම තෝව  කනවා  ආයේ  මෙහෙම විහිලු කරොත්,සකර්බර්ග් තෝ විහිලු කරනවද හිපටුවෝ ?? මම තෝව කනවා ආයේ මෙහෙම විහිලු කරොත්,Harassment,0.9829
සක්කිලි අවජාතක වේස බැල්ලියෙක්ගෙ පුතෙක් මගේ wifi එක හැක් කරලා. හැක් කරපු බැල්ලිගෙ පුතාගේ ip එක තියෙනවා. උදේට උගේ ගේ ළගට ගිහින් හොද කුනුහරප දෙක තුනක් කියලා එනවා. වැඩ කරන්නෙ බැංකුවේ ... පාර්ට් ටයිම් හොරකමේ යාම.,සක්කිලි අවජාතක වේස බැල්ලියෙක්ගෙ පුතෙක් මගේ විෆි එක හැක් කරලා. හැක් කරපු බැල්ලිගෙ පුතාගේ ඉප එක තියෙනවා. උදේට උගේ ගේ ළගට ගිහින් හොද කුනුහරප දෙක තුනක් කියලා එනවා. වැඩ කරන්නෙ බැංකුවේ ... පාර්ට් ටයිම් හොරකමේ යාම.,Harassment,0.9438
@USER සක්කිලි පොන්නය තෝව ආරක්ෂව නැතුව එලියටනම් බහින්න එපා තෝව අනිවාර්යයෙන්ම මරානව,සක්කිලි පොන්නය තෝව ආරක්ෂව නැතුව එලියටනම් බහින්න එපා තෝව අනිවාර්යයෙන්ම මරානව,Harassment,0.9741
@USER සක්කිලි වෙසිගෙ පුතො උබෙ අම්ම අවජාතක සක්කිලියෙක් ට දාවද තොපි වගෙ පරගැති පර සක්කිලියෙක් වැදුවෙ අවජාතක පරය මෙ එඩිට් කල එවා දාන තොව ඉක්මනට සයිබර් ක්‍රිමිනල් වලට අත් අඩංගුවට ගන්න ඔන,සක්කිලි වෙසිගෙ පුතො උබෙ අම්ම අවජාතක සක්කිලියෙක් ට දාවද තොපි වගෙ පරගැති පර සක්කිලියෙක් වැදුවෙ අවජාතක පරය මෙ එඩිට් කල එවා දාන තොව ඉක්මනට සයිබර් ක්‍රිමිනල් වලට අත් අඩංගුවට ගන්න ඔන,Harassment,0.9883
Sachithra Wijesinghe   උබේ  අම්මට  හුකපන් පොන්න කැරි ලොද පිත්තමා  මගේ කැල්ල චැට් කරා කියලා චැට් එඩිට් කරලා... URL,සචිත්‍ර විජේසින්ග්හේ උබේ අම්මට හුකපන් පොන්න කැරි ලොද පිත්තමා මගේ කැල්ල චැට් කරා කියලා චැට් එඩිට් කරලා... උර්ල්,Harassment,0.979
@USER  @USER සජියා නන්දේ උනත් උන් දෙක එකක්මය එක පිට එකා ඇරියේ පොඩි අපිටමය උඹෙත් ගවුමේ මල් තිබුනේ පවකටය පුලුවනිනම් උඹ ඇදපන් චීත්තය.   කුළුනෙන් උඹේ වැක්සීනය වදිනවද? විකුණපු ඉඩම් දැන් හරි ලාබයිද? ත්‍රී'මලේ තෙල් ටැංකි දැන් සතුටෙන්ද? පුකෙන් හිනා මටනම් තොට ඇහෙනවද?,සජියා නන්දේ උනත් උන් දෙක එකක්මය එක පිට එකා ඇරියේ පොඩි අපිටමය උඹෙත් ගවුමේ මල් තිබුනේ පවකටය පුලුවනිනම් උඹ ඇදපන් චීත්තය. කුළුනෙන් උඹේ වැක්සීනය වදිනවද? විකුණපු ඉඩම් දැන් හරි ලාබයිද? ත්‍රී'මලේ තෙල් ටැංකි දැන් සතුටෙන්ද? පුකෙන් හිනා මටනම් තොට ඇහෙනවද?,Harassment,0.9233
සතියකට කලින් මාතර කොල්ලෙක් මැරුනේ..තව එකෙක් මරපු නිසා හිරේ ගියේ.උන් දෙන්නටම මුල වුනෙ කෙල්ලක් (කිබිස්සක්) නෙහ්.අන්න ඒකි අද O/L ලියනවා.ඒ කෙල්ලට හදවතින්ම සුභපතනවා හොදට O/L Pass වෙලා A/L ත් Pass වෙලා තව තවත් කොල්ලො අමාරුවෙ දාන්න ශක්තිය ධෛර්යය ලැබෙන්න කියලා  #LoveStory #lka,සතියකට කලින් මාතර කොල්ලෙක් මැරුනේ..තව එකෙක් මරපු නිසා හිරේ ගියේ.උන් දෙන්නටම මුල වුනෙ කෙල්ලක් (කිබිස්සක්) නෙහ්.අන්න ඒකි අද ඔල ලියනවා.ඒ කෙල්ලට හදවතින්ම සුභපතනවා හොදට ඔල Pass වෙලා අල ත් Pass වෙලා තව තවත් කොල්ලො අමාරුවෙ දාන්න ශක්තිය ධෛර්යය ලැබෙන්න කියලා ලොවෙස්ටෝර්ය් ලක,Harassment,0.9023
"සතුරු කැලම සඳළු තලේ හිඳිති මඳු බිබී, අපේ හැත්ත එල්ලී යති උන්ට පුක දිදී..","සතුරු කැලම සඳළු තලේ හිඳිති මඳු බිබී, අපේ හැත්ත එල්ලී යති උන්ට පුක දිදී..",Harassment,0.9238
@USER Sanath be like ඇති උඹ තිරිත් එක්ක තියෙන හුටපටේ නවත්තපන් :-D  @USER  @USER  @USER  @USER,සනත් බේ like ඇති උඹ තිරිත් එක්ක තියෙන හුටපටේ නවත්තපන් ද,Harassment,0.9702
සන්නස් ගල? තාම පුකට පයින් ගහලා නැද්ද කාගෙවත්?,සන්නස් ගල? තාම පුකට පයින් ගහලා නැද්ද කාගෙවත්?,Harassment,0.9512
සන්නස්ගලගෙ අම්මට කියල තමා අක්කෙ කියන්ඩ තියෙන්නෙ.. සින්හල එවුන් පකයො. මුස්ලිම් එවුන් මිතුරො.   මේ වගේ වේස හැත්ත තමයි වර්ගික ගැටුම් වලට මුල. URL This Tweet is unavailable.,සන්නස්ගලගෙ අම්මට කියල තමා අක්කෙ කියන්ඩ තියෙන්නෙ.. සින්හල එවුන් පකයො. මුස්ලිම් එවුන් මිතුරො. මේ වගේ වේස හැත්ත තමයි වර්ගික ගැටුම් වලට මුල. උර්ල් This Tweet ඉස unavailable.,Harassment,0.9023
සන්ලයිට් ... පුක හෝදන සබන් කැටේ ගෑවොත් නම් පුක දිලිසේ...,සන්ලයිට් ... පුක හෝදන සබන් කැටේ ගෑවොත් නම් පුක දිලිසේ...,Harassment,0.9478
සනීලියොන් ගොන් බඩුවක්   #ගම්මැද්දFRIENDS #TikTokSL :14  views,සනීලියොන් ගොන් බඩුවක් #ගම්මැද්දFRIENDS ටික්ටෝක්ස්ල් :14 විඑව්ස්,Harassment,0.9727
සබ් රිපෝර්ට් කලොත් තොගෙ පුක කනවා සුලා,සබ් රිපෝර්ට් කලොත් තොගෙ පුක කනවා සුලා,Harassment,0.9814
@USER සබාපතියෝ ඔයිට වඩා හොදයි දයාසිරියගේ කලිසම ගලවල පුක ලෙවකෑවනම්  මේ රටේ ක්‍රීඩාව හදන්න බැරි මේ වගේ පුනක්කු කන රජයේ සේවකයෝ නිසාය #Srilanka,සබාපතියෝ ඔයිට වඩා හොදයි දයාසිරියගේ කලිසම ගලවල පුක ලෙවකෑවනම් මේ රටේ ක්‍රීඩාව හදන්න බැරි මේ වගේ පුනක්කු කන රජයේ සේවකයෝ නිසාය ශ්‍රීලංකා,Harassment,0.9531
සමනල වැනි උඹ ඉන්නෙ වැනි වැනී කට පණ නැති උනොත් ලගදිම ඇන ගනී,සමනල වැනි උඹ ඉන්නෙ වැනි වැනී කට පණ නැති උනොත් ලගදිම ඇන ගනී,Harassment,0.9717
සමහර එව්න් කෙල්ලෙක් දැක්ක ගමන් ඕකි බඩුව කියන්නේ ඌ ඒකිගේ තාත්තා වගේ  #1000talks,සමහර එව්න් කෙල්ලෙක් දැක්ක ගමන් ඕකි බඩුව කියන්නේ ඌ ඒකිගේ තාත්තා වගේ #1000talks,Harassment,0.9658
සමහර එවුං ''මම මගේ පාඩුවේ මගේ ගමන යමි'' මම ''ඇයි තෝ වෙන රටකද? තොට යන්නවත් පාරක් ඉතිරි කරගන්න පෙලවට පැහැපං'',සමහර එවුං ''මම මගේ පාඩුවේ මගේ ගමන යමි'' මම ''ඇයි තෝ වෙන රටකද? තොට යන්නවත් පාරක් ඉතිරි කරගන්න පෙලවට පැහැපං'',Harassment,0.9678
සමහර එවුන් ඉන්නවා කෝලිගෙ පුක විතරයි හෝදලා නැත්තෙ,සමහර එවුන් ඉන්නවා කෝලිගෙ පුක විතරයි හෝදලා නැත්තෙ,Harassment,0.9756
"සමහර කෙල්ලො, යන්නෙ උඩින්... පය නොගහයි බිමින්.... පුක නැටුවට බන්, හැඩනෑනෙ බලන්... උඹේ බැහැල Socket, එකයි, ඇදට... URL","සමහර කෙල්ලො, යන්නෙ උඩින්... පය නොගහයි බිමින්.... පුක නැටුවට බන්, හැඩනෑනෙ බලන්... උඹේ බැහැල Socket, එකයි, ඇදට... උර්ල්",Harassment,0.9731
සමහර ගෑනු උදේ පාන්දරටත් ට්‍රේන් එකට නගින්නේ නිකන් ඒකේ ඉන්න පිරිමි ඔක්කොම ඒකිට නවලා පුකෙ අරින්න ඉන්නවා වගේ මුනත් පුක කරගෙන..නදකින්...,සමහර ගෑනු උදේ පාන්දරටත් ට්‍රේන් එකට නගින්නේ නිකන් ඒකේ ඉන්න පිරිමි ඔක්කොම ඒකිට නවලා පුකෙ අරින්න ඉන්නවා වගේ මුනත් පුක කරගෙන..නදකින්...,Harassment,0.9707
සමහර ගෑනු සතෙක් නැට්ට ඉස්සුවාම ඉඳලාම එකෙක්ට පුක විතරක් පේනවා.. ලල් එකක් නැත්තෙත් නෑ ඉතිං ..,සමහර ගෑනු සතෙක් නැට්ට ඉස්සුවාම ඉඳලාම එකෙක්ට පුක විතරක් පේනවා.. ලල් එකක් නැත්තෙත් නෑ ඉතිං ..,Harassment,0.9365
"සමහර යාලුවො ‍රස්සාවක් විදිහට Teaching පටන් ගත්තට පස්ස උන් මගෙ ලමයින්ටත් දවසක උගන්නවා නේද , මගෙ ලමයිනුත් දවසක් සම්හර විට එයලට බනිනව නේද මගෙ ලමයිත් එක්ක එකතු වෙලා මමත් බනිනව නේද් කියල මතක් උනහම","සමහර යාලුවො ‍රස්සාවක් විදිහට Teaching පටන් ගත්තට පස්ස උන් මගෙ ලමයින්ටත් දවසක උගන්නවා නේද , මගෙ ලමයිනුත් දවසක් සම්හර විට එයලට බනිනව නේද මගෙ ලමයිත් එක්ක එකතු වෙලා මමත් බනිනව නේද් කියල මතක් උනහම",Harassment,0.9351
සමහර විට අර ඉංගිරිස් ෆිල්ම් වල වගේ කටට කටතියලා අර ලමයාගේ බඩට වෙන ලමේක් හුලං පිම්බුවාද දන් නැහැ.,සමහර විට අර ඉංගිරිස් ෆිල්ම් වල වගේ කටට කටතියලා අර ලමයාගේ බඩට වෙන ලමේක් හුලං පිම්බුවාද දන් නැහැ.,Harassment,0.9277
සමහර විට මිනිහත් ඔය කඩෙංම බිත්තර රොටී කාපු පොරක්ද දන්නෙ නෑ. හරියටම දනගන්න පුලාං ඔයාගෙත් පුක කහන්න ගත්තොත්. ආර්. බැද්දගේ @USER  · 28 Mar 2019 පුක කහ කහ කඩේට ආපු අංකල් කෙනෙක්ගෙ සල්ලි මිටිය ගනන්කරපු මුදලාලි ඒ සල්ලි ලාච්චුවට දාල මට බිත්තර රොටී දෙකක් කපල හොදි දාල දුන්න. මේ කෑලි දෙකත් කෑවම හරි.,සමහර විට මිනිහත් ඔය කඩෙංම බිත්තර රොටී කාපු පොරක්ද දන්නෙ නෑ. හරියටම දනගන්න පුලාං ඔයාගෙත් පුක කහන්න ගත්තොත්. ආර්. බැද්දගේ · 28 Mar 2019 පුක කහ කහ කඩේට ආපු අංකල් කෙනෙක්ගෙ සල්ලි මිටිය ගනන්කරපු මුදලාලි ඒ සල්ලි ලාච්චුවට දාල මට බිත්තර රොටී දෙකක් කපල හොදි දාල දුන්න. මේ කෑලි දෙකත් කෑවම හරි.,Harassment,0.9619
@USER  @USER Says another racist JVP joker! අනුරගේ මඩ බලාකාය පාටලීට පුක දීම ආරම්බ කරලා වගේ! උබලා වගේ ගොන් ගෑනුට මේවා තෙරෙයිද බං!,සය්ස් another racist ජ්ව්ප් joker! අනුරගේ මඩ බලාකාය පාටලීට පුක දීම ආරම්බ කරලා වගේ! උබලා වගේ ගොන් ගෑනුට මේවා තෙරෙයිද බං!,Harassment,0.9526
සයිටම් Drama is over I guess   මුන්ව දොස්තරලා කරන්න කියලා නේ කට්ටිය පොර කන්නේ..    ආ තුවක්කුව . පුක මැද්දටම වෙඩි තියපන් මගේ,සයිටම් Drama ඉස over ඉ guess මුන්ව දොස්තරලා කරන්න කියලා නේ කට්ටිය පොර කන්නේ.. ආ තුවක්කුව . පුක මැද්දටම වෙඩි තියපන් මගේ,Harassment,0.9136
සරල සිංහලෙන් අවජාතක වේසිගෙපුත්තූ කියන්නෙ මුන්ට තමයි... පොලිස් පරයෙක් නම් පාරෙ මැරිල වැටිල හිටියත් බලන්න හොඳ නෑ..... URL,සරල සිංහලෙන් අවජාතක වේසිගෙපුත්තූ කියන්නෙ මුන්ට තමයි... පොලිස් පරයෙක් නම් පාරෙ මැරිල වැටිල හිටියත් බලන්න හොඳ නෑ..... උර්ල්,Harassment,0.9795
සරලවම කිව්වොත් මොන උට්ටක්වත් කරන්න බෑ ඕයි මොකෙක්හරි පඳුරු වස්සෙක්/වැස්සියෙක් trigger කරන්නැතුව. රෙද්ද.,සරලවම කිව්වොත් මොන උට්ටක්වත් කරන්න බෑ ඕයි මොකෙක්හරි පඳුරු වස්සෙක්/වැස්සියෙක් trigger කරන්නැතුව. රෙද්ද.,Harassment,0.9351
සර්- ඒයි කෙල්ලේ මෝනාද කතාව  ආහ් උබේ ගෑනිට කෙල්ලලු  උබට ප*ද?  අනේ වටේ යන එකියක්ව කරගහලා  ඉතින්  තෝ කටවහපන් නයිටියා  ඊයා උබට නයිටියාලු  තෝ චිච්චියානේ  ඕක නවතපියව් හු*තනේ  එපා එපා ඇදපන් ගේම  තෝ පාඩුවෙ දපන් කොට්ටෝරුවා  මොන වේසකමක්ද මේ? සර්- ඉවරද ?  තෝ ඔක්කටම මුල  එපා,සර්- ඒයි කෙල්ලේ මෝනාද කතාව ආහ් උබේ ගෑනිට කෙල්ලලු උබට ප*ද? අනේ වටේ යන එකියක්ව කරගහලා ඉතින් තෝ කටවහපන් නයිටියා ඊයා උබට නයිටියාලු තෝ චිච්චියානේ ඕක නවතපියව් හු*තනේ එපා එපා ඇදපන් ගේම තෝ පාඩුවෙ දපන් කොට්ටෝරුවා මොන වේසකමක්ද මේ? සර්- ඉවරද ? තෝ ඔක්කටම මුල එපා,Harassment,0.9614
සර්පයො මකුළුවො වගේ චාටර් සත්තු පාඩුවෙ කැලේට වෙලා ඉන්නව. මදුරුව තමයි ලේ බිබී හැමිණෙන්න හදන්නෙ පුක දිදී. බෙල්ල ගැලවිලා යන්න දෙන්නෙ පකයට,සර්පයො මකුළුවො වගේ චාටර් සත්තු පාඩුවෙ කැලේට වෙලා ඉන්නව. මදුරුව තමයි ලේ බිබී හැමිණෙන්න හදන්නෙ පුක දිදී. බෙල්ල ගැලවිලා යන්න දෙන්නෙ පකයට,Harassment,0.9409
@USER සස්ටජන් තොගේ කටට  දෙන්නේ ගුටි බැට තොපට,සස්ටජන් තොගේ කටට දෙන්නේ ගුටි බැට තොපට,Harassment,0.9678
සහය දක්වනවා කියන හැම ගොං වස්සා/වැස්සිම stage නග්ගන්න එපා යකෝ.,සහය දක්වනවා කියන හැම ගොං වස්සා/වැස්සිම stage නග්ගන්න එපා යකෝ.,Harassment,0.9326
ස්කොට් ගහගෙන පුක ලොකු කරලා පුක පිරෙන්න කලිසම ඇඳලා නංගිල යනවනෙ පුක වනලා මොළ ගෙඩිවල ගූ පුරවාලා..,ස්කොට් ගහගෙන පුක ලොකු කරලා පුක පිරෙන්න කලිසම ඇඳලා නංගිල යනවනෙ පුක වනලා මොළ ගෙඩිවල ගූ පුරවාලා..,Harassment,0.9814
#SriLankanThreats දාන එවුන්ගෙ tweets පුකේ ගහන් පුක පොලවෙ ගහපන්,ස්රිලංකංථ්රෙඅත්ස දාන එවුන්ගෙ ට්වීට්ස් පුකේ ගහන් පුක පොලවෙ ගහපන්,Harassment,0.9556
"""SLFP MPs tell Mahinda to resign""  පලයන්, පලයන්, පලයන්,පලයන්, පලයන්, පලයන්, පලයන්, පලයන්, පලයන්, පලයන්, පලයන්, පලයන්,පලයන්, පලයන්,පලයන්,   පලයන්, පලයන්,පලයන්, පලයන්, පලයන්, පලයන්, පලයන්,  පලයන්, පලයන්, පලයන්, යන්ඩ!  මූණත් කචල් .  URL","ස්ල්ෆ්ප් ම්ප්ස් tell මහින්ද ටො resign"" පලයන්, පලයන්, පලයන්,පලයන්, පලයන්, පලයන්, පලයන්, පලයන්, පලයන්, පලයන්, පලයන්, පලයන්,පලයන්, පලයන්,පලයන්, පලයන්, පලයන්,පලයන්, පලයන්, පලයන්, පලයන්, පලයන්, පලයන්, පලයන්, පලයන්, යන්ඩ! මූණත් කචල් . උර්ල්",Harassment,0.9756
"@USER සාටකයො ලගින්වත් තියන්ඩ පුලුවන්ද මුන්ව. ඔකුන් හැදිගැවිලා ගිය දවසට තමා ලංකාවට හරියන්නේ.ආතල් එකට හැmනුන සමහර උන්ගේ ජාතකයක් නැතිව ඉපදිච්ච , රාජ පස්සලාගේ තවමත් පුක ලෙව කන ලොන්තයෝ එකක්ම හෙදිලා යන්න ඔනි.","සාටකයො ලගින්වත් තියන්ඩ පුලුවන්ද මුන්ව. ඔකුන් හැදිගැවිලා ගිය දවසට තමා ලංකාවට හරියන්නේ.ආතල් එකට හැmනුන සමහර උන්ගේ ජාතකයක් නැතිව ඉපදිච්ච , රාජ පස්සලාගේ තවමත් පුක ලෙව කන ලොන්තයෝ එකක්ම හෙදිලා යන්න ඔනි.",Harassment,0.9634
සාප වැදිච්ච උන් ඉන්නේ  WinD - සු - දේශිකා @USER  · 29 Aug 2021  @USER@USER අඩෝ මේකට මොකක් දැම්මත් ඒක විනාසයි  ගොරක ගහක් ගැන දැම්මා දව්ස් දෙකින් ගහ කඩන් වැටුනා,සාප වැදිච්ච උන් ඉන්නේ WinD - සු - දේශිකා · 29 ඖග් 2021 අඩෝ මේකට මොකක් දැම්මත් ඒක විනාසයි ගොරක ගහක් ගැන දැම්මා දව්ස් දෙකින් ගහ කඩන් වැටුනා,Harassment,0.9341
@USER    සැන්ඩියා වැස්ස වෙලාවට පුක එලියෙ දාං නටන විත්තිය දැනගනිද්දි ඔයාගෙ වයස කීයද ? Cupcake never expected this @USER  · 14 Oct 2020  @USER ෂැන්ඩිට සොම්නසක් ඇත මොනරෙකුට වඩා..,සැන්ඩියා වැස්ස වෙලාවට පුක එලියෙ දාං නටන විත්තිය දැනගනිද්දි ඔයාගෙ වයස කීයද ? Cupcake never එෂ්පෙක්තෙද් this · 14 ඔච්ට් 2020 ෂැන්ඩිට සොම්නසක් ඇත මොනරෙකුට වඩා..,Harassment,0.9258
සැපතිලාන සබර ගති කපාන බත හපාන පති නසාන ඉඳි බලාන රෙදි වෙලාන හැම සමාන දවන ඉස් සොයාන මෝහන ඝන මොක් උරාන.. ඡන්ද මෝහ කැන්ද යන බලාන තොපි නටාන කට බැඳාන වමිය බඹ බලාන සිත මවාන වැන්ද ගාන සුක කරාන තව නැවීය කට ඇදාන කොඳු නවාන ගන්ද අබ්බ ගාත ලෙස හිඳීන සඳ දෙවාන කන ගසාන උන් හිතාන යන වනාන පුක බලාන,සැපතිලාන සබර ගති කපාන බත හපාන පති නසාන ඉඳි බලාන රෙදි වෙලාන හැම සමාන දවන ඉස් සොයාන මෝහන ඝන මොක් උරාන.. ඡන්ද මෝහ කැන්ද යන බලාන තොපි නටාන කට බැඳාන වමිය බඹ බලාන සිත මවාන වැන්ද ගාන සුක කරාන තව නැවීය කට ඇදාන කොඳු නවාන ගන්ද අබ්බ ගාත ලෙස හිඳීන සඳ දෙවාන කන ගසාන උන් හිතාන යන වනාන පුක බලාන,Harassment,0.9268
සැපතිලාන සබර ගති කපාන බත හපාන පති නසාන ඉඳි බලාන රෙදි වෙලාන හැම සමාන...  දවන ඉස් සොයාන මෝහන ඝන මොක් උරාන ඡන්ද මෝහ කැන්ද යන බලාන තොපි නටාන කට බැඳාන...  #KAALI,සැපතිලාන සබර ගති කපාන බත හපාන පති නසාන ඉඳි බලාන රෙදි වෙලාන හැම සමාන... දවන ඉස් සොයාන මෝහන ඝන මොක් උරාන ඡන්ද මෝහ කැන්ද යන බලාන තොපි නටාන කට බැඳාන... කාලි,Harassment,0.9634
සෑම Campus එකකම ඉන්න බල්ලන් ලවා ජාතක උනු පොන්න හැත්ත... මේවගේ උන් ගන්න  නැතුව ඉන්න ඔනේ,සෑම Campus එකකම ඉන්න බල්ලන් ලවා ජාතක උනු පොන්න හැත්ත... මේවගේ උන් ගන්න නැතුව ඉන්න ඔනේ,Harassment,0.98
සිංදුවකින් කටහඩ අයින් ක‍රන්න කියාපු බඩුව; URL,සිංදුවකින් කටහඩ අයින් ක‍රන්න කියාපු බඩුව; උර්ල්,Harassment,0.9336
සිංහයගෙ පුක දිහා බලන උන්ට කොටින්ගෙ පඩ ගඳ දැනෙන්නෙ නැහැලු. ඒ උන්ගෙ ඇස් දෙකේම නහය පිහිටලා තියෙන හින්දලු.,සිංහයගෙ පුක දිහා බලන උන්ට කොටින්ගෙ පඩ ගඳ දැනෙන්නෙ නැහැලු. ඒ උන්ගෙ ඇස් දෙකේම නහය පිහිටලා තියෙන හින්දලු.,Harassment,0.9448
"Sinhala Rap in Now be like  මම රඟන්නෙ තොපෙ කට පුක කොහොල්ල ගෑවිල... කැවිල, පෙවිල, රෙවිල, අම්මට ඉකිල.. තියාගන්න එපා උත්තො ලොකු ලොකු සෙල්ලම්.","සිංහල Rap ඉන් Now බේ like මම රඟන්නෙ තොපෙ කට පුක කොහොල්ල ගෑවිල... කැවිල, පෙවිල, රෙවිල, අම්මට ඉකිල.. තියාගන්න එපා උත්තො ලොකු ලොකු සෙල්ලම්.",Harassment,0.9878
සිංහල අවජාතක බැල්ලියෝ වෙත.      අසාද්සාලි කියන කාලකන්නි තම්බියගෙ දෙපරන්ද අස්සෙ රිංගගත්තු අවජාතක හොරිකඩ සිංහල... URL,සිංහල අවජාතක බැල්ලියෝ වෙත. අසාද්සාලි කියන කාලකන්නි තම්බියගෙ දෙපරන්ද අස්සෙ රිංගගත්තු අවජාතක හොරිකඩ සිංහල... උර්ල්,Harassment,0.9824
@USER සිංහල ගෑනු ඇඟම වහගෙන නොයන්නෙ උබලා වගේ අසහනකාරයො නෑ සිංහල සමාජෙ. උබලගෙ පිරිමින්ගෙ තියන අසහනේටනෙ ඕකුන් වහගෙන යන්නේ  පොඩි කෙල්ලෝ කසාද බැදගෙන අසහනකාර අවජාතක වැඩ කරන උන් සිංහල ජාතියෙ නෑ. උබලගෙ ජාතියෙ පිරිමින්ට තරම් සිංහල පිරිමින්ට අසහනේ නැති නිසා සිංහල ගෑනු ඒ නිදහස විදිනවා,සිංහල ගෑනු ඇඟම වහගෙන නොයන්නෙ උබලා වගේ අසහනකාරයො නෑ සිංහල සමාජෙ. උබලගෙ පිරිමින්ගෙ තියන අසහනේටනෙ ඕකුන් වහගෙන යන්නේ පොඩි කෙල්ලෝ කසාද බැදගෙන අසහනකාර අවජාතක වැඩ කරන උන් සිංහල ජාතියෙ නෑ. උබලගෙ ජාතියෙ පිරිමින්ට තරම් සිංහල පිරිමින්ට අසහනේ නැති නිසා සිංහල ගෑනු ඒ නිදහස විදිනවා,Harassment,0.9131
සිංහල ජතිය රකින්නට දරැවන් පුලුවන් තරම් හදාපල්ලා ....බොක්ක මහන්න එපා බොලව් හදාපියව් තම්බි දහයක් නම් හදන්නේ තොපි 20ක් හදාපියව් ...,සිංහල ජතිය රකින්නට දරැවන් පුලුවන් තරම් හදාපල්ලා ....බොක්ක මහන්න එපා බොලව් හදාපියව් තම්බි දහයක් නම් හදන්නේ තොපි 20ක් හදාපියව් ...,Harassment,0.939
@USER  @USER සිංහලෙනුත් කියන්නම්. තොට නැති තොගෙ ලග ඉන්න එවුන්ට තියන ලබ්බවල්වලින් ඔළුව උදුම්මගත්ත ගොන් හුත්තෙක් උඹ,සිංහලෙනුත් කියන්නම්. තොට නැති තොගෙ ලග ඉන්න එවුන්ට තියන ලබ්බවල්වලින් ඔළුව උදුම්මගත්ත ගොන් හුත්තෙක් උඹ,Harassment,0.9697
සිංහලේ ගොටාගේලු සිංහලේ මංගලගේලු අලුත්ම එක සිංහලේ O/L කරපු පොඩි උන්ගේලු  අවජාතක හැත්තකගේ තරම,සිංහලේ ගොටාගේලු සිංහලේ මංගලගේලු අලුත්ම එක සිංහලේ ඔල කරපු පොඩි උන්ගේලු අවජාතක හැත්තකගේ තරම,Harassment,0.9785
"සිගරට් එකක්, බියර් එකක් ගැහුවම කෙල්ලෙක් වෙනවද බඩුවක්  #රෙද්ද","සිගරට් එකක්, බියර් එකක් ගැහුවම කෙල්ලෙක් වෙනවද බඩුවක් #රෙද්ද",Harassment,0.9307
#SAITM එකට ගහද්දි අනෙක් private degree උන් අඬනවා #GMOA එකට ගහද්දී අනෙක් govt. uni උන් අඬනවා  තොපි මරාගනිද්දි උන් තොපේ කර පිටින් ගොඩ යනවා,සිතම් එකට ගහද්දි අනෙක් private degree උන් අඬනවා ග්මොඅ එකට ගහද්දී අනෙක් ගොව්ට් උනි උන් අඬනවා තොපි මරාගනිද්දි උන් තොපේ කර පිටින් ගොඩ යනවා,Harassment,0.9629
@USER සියලු ගෑනු දිහා එ අම්මා නංගී කියාල බලන එක එතකොට මානසික අතින් හෙනම ලොකු කමක්ද? ඒම උන් හරි ලොකු ඪෑල්ද?  අනෙ හුකෙ.. ගස් නරිය තෝ දන්න සයිකො..,සියලු ගෑනු දිහා එ අම්මා නංගී කියාල බලන එක එතකොට මානසික අතින් හෙනම ලොකු කමක්ද? ඒම උන් හරි ලොකු ඪෑල්ද? අනෙ හුකෙ.. ගස් නරිය තෝ දන්න සයිකො..,Harassment,0.9663
සිරසට අත නොතබනු. පුකට පමණක් අත තබනු. නැත්නම් සිරසට පුක තබනු. පුක ගිනිගන්නවා සත්තයි! #ඒනැතත්පුකසිනාසෙනවාසත්තයි #සිරසටපාරකියාංහුත්තො — feeling amused,සිරසට අත නොතබනු. පුකට පමණක් අත තබනු. නැත්නම් සිරසට පුක තබනු. පුක ගිනිගන්නවා සත්තයි! #ඒනැතත්පුකසිනාසෙනවාසත්තයි #සිරසටපාරකියාංහුත්තො — feeling amused,Harassment,0.9761
@USER  @USER    සිරාවට බං උබ වගේ පොන්න ඩයලුත් එනවනෙ අනුන්ගෙ කොන්වො අස්සට.ආවත් කමක් නෑ ආතල් එකක් දීල පාඩුවේ කට පුක වහගෙන ඉන්නව නම්.එක එකාගෙ ලිංග ගැන කියවන්නෙ.උබ වගේ එවුන් තමයි කාලයක් අර ග්‍රීස් යක්කු කියල හිටියෙ.ගෙවල් වලට පැනල ගෑනුන්ගෙ යට ඇඳුම් උස්සනිඩ,සිරාවට බං උබ වගේ පොන්න ඩයලුත් එනවනෙ අනුන්ගෙ කොන්වො අස්සට.ආවත් කමක් නෑ ආතල් එකක් දීල පාඩුවේ කට පුක වහගෙන ඉන්නව නම්.එක එකාගෙ ලිංග ගැන කියවන්නෙ.උබ වගේ එවුන් තමයි කාලයක් අර ග්‍රීස් යක්කු කියල හිටියෙ.ගෙවල් වලට පැනල ගෑනුන්ගෙ යට ඇඳුම් උස්සනිඩ,Harassment,0.9019
@USER සිරාවට මේ වගේ පට්ට යූස්ෆුල් ප්ලැට්ෆෝම් එකක හැමනෙන වේස කොල්ලන්ට ගහන්න ඕන ඇට දෙක පුක වටේ කැරකෙන්න,සිරාවට මේ වගේ පට්ට යූස්ෆුල් ප්ලැට්ෆෝම් එකක හැමනෙන වේස කොල්ලන්ට ගහන්න ඕන ඇට දෙක පුක වටේ කැරකෙන්න,Harassment,0.9697
සිරාවටම අරුන් ගහගද්දි වැටක පොල්ලක් කඩන් තඩි ගහන්න ලොකු එකෙක් හිටියෙම නැද්ද ඔතන,සිරාවටම අරුන් ගහගද්දි වැටක පොල්ලක් කඩන් තඩි ගහන්න ලොකු එකෙක් හිටියෙම නැද්ද ඔතන,Harassment,0.9443
@USER සිරාවටම ඌ නම් හම්බ කරන් කන පුක නේ,සිරාවටම ඌ නම් හම්බ කරන් කන පුක නේ,Harassment,0.9561
"@USER සිරාවටම දැන් තමා ලගට දැක්කෙ .ඒකි යෝදියෙක් වගේනෙහ් බැරි වෙලාවත් ඇගට පැන්නොත් ,මාව මැරෙයි","සිරාවටම දැන් තමා ලගට දැක්කෙ .ඒකි යෝදියෙක් වගේනෙහ් බැරි වෙලාවත් ඇගට පැන්නොත් ,මාව මැරෙයි",Harassment,0.9087
සිරිසේන වෙසිගේ පුතෝ තොට මේවා පේන්නේ නැද්ද..? බ්‍රා විතරද පේන්නේ තූ වේස බල්ලා....!! URL,සිරිසේන වෙසිගේ පුතෝ තොට මේවා පේන්නේ නැද්ද..? බ්‍රා විතරද පේන්නේ තූ වේස බල්ලා....!! උර්ල්,Harassment,0.9639
සිරිසේනගේ අවජාතක සුනඛයන් ජාතිය ඇමතිම..... URL,සිරිසේනගේ අවජාතක සුනඛයන් ජාතිය ඇමතිම..... උර්ල්,Harassment,0.9355
"සීගිරියේ ගල මුදුනේ accident එකක්. Accident වෙලා තියෙන්නේ කොක්කු ජෝඩුවක්. මූණ ජපන් , ඇඟ ජර්මන් ,කකුල ඉතාලී, නහය රබර් දත් ටික නන් විල්ලුද ලෑලී","සීගිරියේ ගල මුදුනේ accident එකක්. Accident වෙලා තියෙන්නේ කොක්කු ජෝඩුවක්. මූණ ජපන් , ඇඟ ජර්මන් ,කකුල ඉතාලී, නහය රබර් දත් ටික නන් විල්ලුද ලෑලී",Harassment,0.9106
සීතලයි යකෝ...... A/C එක Off කරපන්... මොන මගුලක්ද සීතලේ වෙවුලනවා.. සෙද්ද.....,සීතලයි යකෝ...... අච එක Off කරපන්... මොන මගුලක්ද සීතලේ වෙවුලනවා.. සෙද්ද.....,Harassment,0.9561
සුජි Phone එක දීපන් ලමයෙකුට :P තෝ බීලද කසිප්පු ගහලද? :D,සුජි Phone එක දීපන් ලමයෙකුට ප් තෝ බීලද කසිප්පු ගහලද? ද,Harassment,0.9731
සුජි ලමෙකුට දියන් phone එක .. ලමෙකුට දියන් .. හම්මේ හැමිනෙනවා .. කොහෙද යකෝ 69 ක් තියෙන්නේ .. තෝ කසිප්පු ගහලද ?  #lka,සුජි ලමෙකුට දියන් phone එක .. ලමෙකුට දියන් .. හම්මේ හැමිනෙනවා .. කොහෙද යකෝ 69 ක් තියෙන්නේ .. තෝ කසිප්පු ගහලද ? ලක,Harassment,0.9561
සුද්ද ටයි එක බඩ හරියට දැම්මෙ කට පිහිදාන්න...රාජපක්ෂ යො සාටකෙ දනිස්ස හරියට දිගට දාන්නෙ උන්ගෙ මුත්තල ඕකෙන් පුක පිහිදැම්මද දන් නෑ,සුද්ද ටයි එක බඩ හරියට දැම්මෙ කට පිහිදාන්න...රාජපක්ෂ යො සාටකෙ දනිස්ස හරියට දිගට දාන්නෙ උන්ගෙ මුත්තල ඕකෙන් පුක පිහිදැම්මද දන් නෑ,Harassment,0.981
@USER සුද්ද විද්ද ගලවට කර ඔප දමාපු මැතිඳු කොටි දෙකයි හතලිහක්ම සාක්කුවේ ඉන්ඳු පනාවටම රැදි මුවගින් මිනිසුන්ව  ඇන්ඳු අම්ම අප්ප මතක්කරන් දැන්කියනව සින්ඳු,සුද්ද විද්ද ගලවට කර ඔප දමාපු මැතිඳු කොටි දෙකයි හතලිහක්ම සාක්කුවේ ඉන්ඳු පනාවටම රැදි මුවගින් මිනිසුන්ව ඇන්ඳු අම්ම අප්ප මතක්කරන් දැන්කියනව සින්ඳු,Harassment,0.9014
සුද්දගෙ සැප හොදද?පලනවද? — පැලුවත් නැතත් තොට පාන්ද? URL,සුද්දගෙ සැප හොදද?පලනවද? — පැලුවත් නැතත් තොට පාන්ද? උර්ල්,Harassment,0.981
"@USER සුද්දන්ගේ ඩොලර් වලට ද දිව දික් කරල කෙලෙ හලහල උන්ගේ පු**ල් ලොවනව ඇරෙන්න මූ දන්න අටමගලයක් නැ , බලයේ ඉන්න අම්ම තාත්ත උනත් විකුනයි.","සුද්දන්ගේ ඩොලර් වලට ද දිව දික් කරල කෙලෙ හලහල උන්ගේ පු**ල් ලොවනව ඇරෙන්න මූ දන්න අටමගලයක් නැ , බලයේ ඉන්න අම්ම තාත්ත උනත් විකුනයි.",Harassment,0.936
සුද්දන්ගේ පුක ලෙවන එවුන් තෛපොංගල් බත තලු මැරිල්ල | Lanka News Web Today - URL via  @USER,සුද්දන්ගේ පුක ලෙවන එවුන් තෛපොංගල් බත තලු මැරිල්ල | ලංකා News Web Today - උර්ල් via,Harassment,0.9604
සුද්දන්ට පුක දෙන්නේ මේවගේ අවජාතක පට්ට වේසියෝ තමයි ( URL,සුද්දන්ට පුක දෙන්නේ මේවගේ අවජාතක පට්ට වේසියෝ තමයි ( උර්ල්,Harassment,0.9868
@USER @USER  සුද්දා උම්බ ලියා ගනින්  - 69ක් නෑ හු€€තෝ,සුද්දා උම්බ ලියා ගනින් - 69ක් නෑ හු€€තෝ,Harassment,0.9219
"@USER සුදු මල්ලියේ, සහරාන් කියන්නේ පොන්නයෙක්. අපි පොන්නයෝ නෙවෙයි.   සෝසියල් මීඩියා වල හැසිරෙන්න විනය දන්නෙ නැත්නම්, එක එකාට පුක නෙදී පැත්තකට වෙලා බලන් ඉන්න.","සුදු මල්ලියේ, සහරාන් කියන්නේ පොන්නයෙක්. අපි පොන්නයෝ නෙවෙයි. සෝසියල් මීඩියා වල හැසිරෙන්න විනය දන්නෙ නැත්නම්, එක එකාට පුක නෙදී පැත්තකට වෙලා බලන් ඉන්න.",Harassment,0.9023
සුදු මාමේ පුක දෙනවද බ්‍රෝට බ්‍රෝ පුක දෙනකද සුදු මාමට.  #අවුස්සමින්,සුදු මාමේ පුක දෙනවද බ්‍රෝට බ්‍රෝ පුක දෙනකද සුදු මාමට. #අවුස්සමින්,Harassment,0.9819
සුපුන් අර අළුතෙ හැදීගෙන එන කෙහෙල් කැන තියෙන ගහට දෙබලක් තියපං කඩන් වැටෙන්න කලිං.  හරේ....  මොකක්ද බූරුවො අර කලේ. අනිත් කෙහෙල් කැනට තියල තිබ්බ දෙබල නේද උබ මේකට තිබ්බෙ.  ඉතිං දෙබලක් තියන්නනෙ කිව්ව.  තොට මම....    #සුප්පගෙරසකතා,සුපුන් අර අළුතෙ හැදීගෙන එන කෙහෙල් කැන තියෙන ගහට දෙබලක් තියපං කඩන් වැටෙන්න කලිං. හරේ.... මොකක්ද බූරුවො අර කලේ. අනිත් කෙහෙල් කැනට තියල තිබ්බ දෙබල නේද උබ මේකට තිබ්බෙ. ඉතිං දෙබලක් තියන්නනෙ කිව්ව. තොට මම.... #සුප්පගෙරසකතා,Harassment,0.9419
@USER සුවර් එකටම පිගාන  බිදගෙන. අම්ම ඇදට බඩුටික බෙදල....,සුවර් එකටම පිගාන බිදගෙන. අම්ම ඇදට බඩුටික බෙදල....,Harassment,0.9219
@USER සෙට් උනා පලො වස්ල මට එක කටට මගේ එවගෙන්ම උන් කෙලියා මගේ කටට  #TweetlikeUnfollowNangi (2/2),සෙට් උනා පලො වස්ල මට එක කටට මගේ එවගෙන්ම උන් කෙලියා මගේ කටට ත්වෙඑත්ලිකෙඋන්ෆොල්ලොව්නංගි (2/2),Harassment,0.9409
@USER සෙනික ගිහින් අම්මට කියන්න ඕනෙ. අම්ම ඒකිට දෙයි ඩිශුම් කියලා    ආවා මට අත වනන්න. තෙව්ඩිච්චි,සෙනික ගිහින් අම්මට කියන්න ඕනෙ. අම්ම ඒකිට දෙයි ඩිශුම් කියලා ආවා මට අත වනන්න. තෙව්ඩිච්චි,Harassment,0.9331
#SelfMadeMidNightMeal ^_^ :D  අවුලක් නෑනේ? :3 කටට රසට සැරට :D උණු උණුවෙම ^_^ URL,සෙල්ෆ්මදෙමිද්නිඝ්ත්මෙඅල් ^_^ ද අවුලක් නෑනේ? :3 කටට රසට සැරට ද උණු උණුවෙම ^_^ උර්ල්,Harassment,0.9326
සේරම එකතු වෙලා හෑරුවට මට පනින්නට ළිඳක්.... කොමාවක් මිස කේසර තියන්නේ නෑ බොල තිතක්... #කැරිකම_නැත #මනුස්සකම_ඇත #කේසර_වදන්,සේරම එකතු වෙලා හෑරුවට මට පනින්නට ළිඳක්.... කොමාවක් මිස කේසර තියන්නේ නෑ බොල තිතක්... #කැරිකම_නැත #මනුස්සකම_ඇත #කේසර_වදන්,Harassment,0.9097
@USER සේරම ගොන් ප..ලා..උබ හොද උගතා..එහෙමද හිතාන ඉන්නෙ..වචන දිහා බලනකොට කාටත් තෝ ගැන හිතෙන්නෙ එහෙම තමයි...සමහරවිට ජාතකෙ වැරැද්දත් බලන උන්ට පේනවා..,සේරම ගොන් ප..ලා..උබ හොද උගතා..එහෙමද හිතාන ඉන්නෙ..වචන දිහා බලනකොට කාටත් තෝ ගැන හිතෙන්නෙ එහෙම තමයි...සමහරවිට ජාතකෙ වැරැද්දත් බලන උන්ට පේනවා..,Harassment,0.9619
@USER සේලෙ පලන් උබෙ කලවා පෙනෙන්නට  සුළිය වගේ නාභිය පෙන්නනන්ට ගස්සලා පස්ස ටිකාක් හදපන්  ඉඟ සේලෙ තදින් බැඳපන්,සේලෙ පලන් උබෙ කලවා පෙනෙන්නට සුළිය වගේ නාභිය පෙන්නනන්ට ගස්සලා පස්ස ටිකාක් හදපන් ඉඟ සේලෙ තදින් බැඳපන්,Harassment,0.9316
@USER සේලෙ පලන් උඹේ කලව පෙන්නෙන්ට  සුලිය වගේ නාභිය පෙන්වන්නට  උස්සලා පස්ස ටිකාක් හදපන්  ඉඟ සේලෙ තදින් ඇදපන් #sajje,සේලෙ පලන් උඹේ කලව පෙන්නෙන්ට සුලිය වගේ නාභිය පෙන්වන්නට උස්සලා පස්ස ටිකාක් හදපන් ඉඟ සේලෙ තදින් ඇදපන් සාජ්ජේ,Harassment,0.9492
සොනෝ තෝ බැලුවෙ නැතුවට කමක් නෑ මේක අම්මට පෙන්නන්න පීස්.......... PERFECT කල්පනා @USER  · 16 Dec 2018 @USER අම්මට කියන්න නාර๬ කැව්ම්.කන්න අපිට මීටප් එන්න වෙන්නෙ නෑ කියල...එක නිසා වෙන දාසක අපිට හදල.දෙන්නත් කියන්න.....  සුබම සුබ උපන් දිනයක් වේවා කියලත් කියන්න .... දීර්ගායුශ පතනව අම්මට නීරෝගි ව ඉන්න ලැබෙන්න කියලත් කිව්වා කියන්න සතුටින් ඉන්න ........අම්මෙ,සොනෝ තෝ බැලුවෙ නැතුවට කමක් නෑ මේක අම්මට පෙන්නන්න පීස්.......... PERFECT කල්පනා · 16 දෙක් 2018 අම්මට කියන්න නාර๬ කැව්ම්.කන්න අපිට මීටප් එන්න වෙන්නෙ නෑ කියල...එක නිසා වෙන දාසක අපිට හදල.දෙන්නත් කියන්න..... සුබම සුබ උපන් දිනයක් වේවා කියලත් කියන්න .... දීර්ගායුශ පතනව අම්මට නීරෝගි ව ඉන්න ලැබෙන්න කියලත් කිව්වා කියන්න සතුටින් ඉන්න ........අම්මෙ,Harassment,0.9629
"@USER සෝනම් තෝ පට්ට හුත්ති, වේස බැල්ලි..  පොන්න හුකන්නි..  ලැගැටු හුතු පිත්තලමු...             ටහුකන්ඩ හුත්ති.....       අහුවුනොත් තොගෙ කිම්බ කපලා කපලා අරන් ඩෙවල් දාලා කනවා පක්කියෝ...","සෝනම් තෝ පට්ට හුත්ති, වේස බැල්ලි.. පොන්න හුකන්නි.. ලැගැටු හුතු පිත්තලමු... ටහුකන්ඩ හුත්ති..... අහුවුනොත් තොගෙ කිම්බ කපලා කපලා අරන් ඩෙවල් දාලා කනවා පක්කියෝ...",Harassment,0.9897
"හංදියෙ තොග කඩේ #බිල්ගේල්ස් හෙන ඔලුවා,බිල ලියාගන්න පැයක් විතර පෝලීමේ ඉන්න ඕන","හංදියෙ තොග කඩේ #බිල්ගේල්ස් හෙන ඔලුවා,බිල ලියාගන්න පැයක් විතර පෝලීමේ ඉන්න ඕන",Harassment,0.9658
@USER hammooooooo mage  badaaaaa...   Latha : ආ එහෙනං උඹ උයපන් මැටි සුද්දා... මට උයන්න කියලා දෙන්න එනවා...,හංමූඌඌඔ mage බදාආඅ ලත : ආ එහෙනං උඹ උයපන් මැටි සුද්දා... මට උයන්න කියලා දෙන්න එනවා...,Harassment,0.9829
හංසි නෙවෙයි යකෝ...ඒකි හංසමාලි... Jerry  @USER  · 5 Jan 2018 ඔයි පිං ලිද ලග හංසි චන්දේ ඉල්ලනවා ඕයි.. @USER මට බෑ ඕයි,හංසි නෙවෙයි යකෝ...ඒකි හංසමාලි... Jerry  · 5 ජන 2018 ඔයි පිං ලිද ලග හංසි චන්දේ ඉල්ලනවා ඕයි.. මට බෑ ඕයි,Harassment,0.9507
හක්කේ දතක් එන එකට කටේ හම පලි නැ යකෝ...හැපෙනවා හැපෙනවා ඉවරයක් නැ රෙද්ද...,හක්කේ දතක් එන එකට කටේ හම පලි නැ යකෝ...හැපෙනවා හැපෙනවා ඉවරයක් නැ රෙද්ද...,Harassment,0.9751
@USER  @USER    හඥේ හඥේ මෝඩ #සෙලිබෙටිකමල් වැක්සින් කරහම් ඔකොම් හරිද ගැම්මක් තමා .එත් හැදිල මැරෙන්ව නෙහ් .හයියෙ එක් දන්නෙ නැද්ද   #CovidHelp,හඥේ හඥේ මෝඩ #සෙලිබෙටිකමල් වැක්සින් කරහම් ඔකොම් හරිද ගැම්මක් තමා .එත් හැදිල මැරෙන්ව නෙහ් .හයියෙ එක් දන්නෙ නැද්ද චොවිධෙල්ප්,Harassment,0.9717
හතර අතේ බඩු ගහන එකා පට්ට පොරක්  කොටට ඇදපු කෙල්ල බඩුවක් වෙන පට්ට සංස්කෘතියක් ට්ගියන රටක් බං මේක,හතර අතේ බඩු ගහන එකා පට්ට පොරක් කොටට ඇදපු කෙල්ල බඩුවක් වෙන පට්ට සංස්කෘතියක් ට්ගියන රටක් බං මේක,Harassment,0.9307
"@USER  @USER හත්වලාමයි! පරසුද්දො ඒකාලෙ පුක හෝදනවද, පිහිනවද කියනඑක විසඳනව.","හත්වලාමයි! පරසුද්දො ඒකාලෙ පුක හෝදනවද, පිහිනවද කියනඑක විසඳනව.",Harassment,0.9839
හතුරුසින්හ නෙවෙ මොන පයිය ආවත් අපේ උන්ව හදන්න බැ,හතුරුසින්හ නෙවෙ මොන පයිය ආවත් අපේ උන්ව හදන්න බැ,Harassment,0.9229
හදන වෙලේ photo 3ක් ගහල දාල උඹ හැදුව වගේ.. අනේ පලයන් කෙල්ලේ යන්න,හදන වෙලේ photo 3ක් ගහල දාල උඹ හැදුව වගේ.. අනේ පලයන් කෙල්ලේ යන්න,Harassment,0.9058
@USER  හදපු ගමන් @USER කියල එකකුත් හදලා. මාව follow කරලත් එක්ක. යකෝ අපේ ලග මඩ නෑ තොට #RETWEEET කරන්න @USER කුලියට කහින හරක්. #lka,හදපු ගමන් කියල එකකුත් හදලා. මාව follow කරලත් එක්ක. යකෝ අපේ ලග මඩ නෑ තොට රෙත්වෙඑඑත් කරන්න කුලියට කහින හරක්. ලක,Harassment,0.957
හදපු වදපු දෙමව්පියන්ටත් බොරු කරල උබත් එක්ක එන ඒකි තොට බොරු නොකර උදීද හුත්තො!   #LoveStory,හදපු වදපු දෙමව්පියන්ටත් බොරු කරල උබත් එක්ක එන ඒකි තොට බොරු නොකර උදීද හුත්තො! ලොවෙස්ටෝර්ය්,Harassment,0.9302
@USER හද්දම ගොන් කට්.  දැන් ඕක කළාම මොකක්ද වෙන්නෙ රෑ වැස්සකට තෙමෙනවාට වැඩිය? සඟ ගණයා රහත් වෙයිද? බටෙයි වතුරයි මෝටරෙයි දීපු ⁣මෝඩ බවතුන් සෝවාන් වෙයිද? කොවිඩ් නවතියිද?  රජාගේ මෝඩකම් අඩු වෙයිද?,හද්දම ගොන් කට්. දැන් ඕක කළාම මොකක්ද වෙන්නෙ රෑ වැස්සකට තෙමෙනවාට වැඩිය? සඟ ගණයා රහත් වෙයිද? බටෙයි වතුරයි මෝටරෙයි දීපු ⁣මෝඩ බවතුන් සෝවාන් වෙයිද? කොවිඩ් නවතියිද? රජාගේ මෝඩකම් අඩු වෙයිද?,Harassment,0.9116
හප හපා වික විකා ඉන්නවා කියන එකාම තමා බුලත් විට හපේ කටේ තියාන හප හපා ගොන් කතා කිය කියා ඉන්නේ. ඉතිං අර කියනනැහේ මූ වගේ එකෙක් පොල්පිත්තෙන් උනත් යහමින් කපා ගන්න ඇහැකි. කපන පොල්පිත්තත් අපරාදේ ඒ උනාට... Muditha @USER  · 22 Mar 2021 #lka #Environment #Politics  කැලෑ කපනවලු. හැබැයි බනින්නෙ ෆේස් බුක් එකේ එවුන්ට. ප්‍රාථමික වනාන්තරය නොදන්නා වනජීවි ආරක්ෂක ඇමතිව පන්නනු URL,හප හපා වික විකා ඉන්නවා කියන එකාම තමා බුලත් විට හපේ කටේ තියාන හප හපා ගොන් කතා කිය කියා ඉන්නේ. ඉතිං අර කියනනැහේ මූ වගේ එකෙක් පොල්පිත්තෙන් උනත් යහමින් කපා ගන්න ඇහැකි. කපන පොල්පිත්තත් අපරාදේ ඒ උනාට... මුදිත · 22 Mar 2021 ලක #Environment #Politics කැලෑ කපනවලු. හැබැයි බනින්නෙ ෆේස් බුක් එකේ එවුන්ට. ප්‍රාථමික වනාන්තරය නොදන්නා වනජීවි ආරක්ෂක ඇමතිව පන්නනු උර්ල්,Harassment,0.9536
@USER හප්පා නොදකින් තෝ නම්. තෝව නම් කවදාවත් හදන්න බෑ,හප්පා නොදකින් තෝ නම්. තෝව නම් කවදාවත් හදන්න බෑ,Harassment,0.979
@USER හප්පේ මයෙ ගෑණිත් ඔහොමයි හත් වලාමෙ  ඒකි පූසො හතකට කන්න දෙනවා හතේ හත කියලා. එකෙක් තුරුල් කරන් නිදියනවා. මට හුලන්.,හප්පේ මයෙ ගෑණිත් ඔහොමයි හත් වලාමෙ ඒකි පූසො හතකට කන්න දෙනවා හතේ හත කියලා. එකෙක් තුරුල් කරන් නිදියනවා. මට හුලන්.,Harassment,0.9399
@USER හබරල කොල හිල් වෙන්න හුජ්ජ කරන්න ඉතින් අලි පයියක් වෙන්න ඕනේ,හබරල කොල හිල් වෙන්න හුජ්ජ කරන්න ඉතින් අලි පයියක් වෙන්න ඕනේ,Harassment,0.9507
@USER හම් අන්න අර ලමයාව අරන් පලයම් ඒකි ඒකාව අපිට දික්කරනවා,හම් අන්න අර ලමයාව අරන් පලයම් ඒකි ඒකාව අපිට දික්කරනවා,Harassment,0.959
@USER  @USER    හම්බ බල්ලා තො අල්ලට කියපං පකයා කියලා..දැනට පකයනම් පකයා අල්ලා..ඒ හිගන්නගෙ නිති අපට එපා..තොගෙ ගැනියි දවවයි වටෙ ඉන්න මරක්කල හම්බ තඩියන්ට කියලා දුෂණය කරවලා කස 100 ගහලා ඇරපං..හම්බ කොටා..තෝ නුවර එලියෙ නෙවෙයිනම් මරක්කල ගතිය තමයි බොරැව.පජාති මිත්‍යා දුෂ්ඨ සක්කිලි.අල්ලගෙ වහල්ලු,හම්බ බල්ලා තො අල්ලට කියපං පකයා කියලා..දැනට පකයනම් පකයා අල්ලා..ඒ හිගන්නගෙ නිති අපට එපා..තොගෙ ගැනියි දවවයි වටෙ ඉන්න මරක්කල හම්බ තඩියන්ට කියලා දුෂණය කරවලා කස 100 ගහලා ඇරපං..හම්බ කොටා..තෝ නුවර එලියෙ නෙවෙයිනම් මරක්කල ගතිය තමයි බොරැව.පජාති මිත්‍යා දුෂ්ඨ සක්කිලි.අල්ලගෙ වහල්ලු,Harassment,0.9819
"හම්බන්තොට කැලෑ කපලා , සූරිය වැව කැලෑ කපලා , වී වේලන්න Cricket Ground හැදුවේ සිංහලයෙක් විල්පත්තුවේ කැළෑ කපන්නේ හම්බයෙක්!!  තොපි හැමිනිලාම පල!","හම්බන්තොට කැලෑ කපලා , සූරිය වැව කැලෑ කපලා , වී වේලන්න Cricket Ground හැදුවේ සිංහලයෙක් විල්පත්තුවේ කැළෑ කපන්නේ හම්බයෙක්!! තොපි හැමිනිලාම පල!",Harassment,0.9526
හම්බයො අපිට කෙලිනවා අපිට හම්බයො කෙලිනවා ලංකාවේ ඉපදිලා පකිස්ථානෙට කඩේ යන අවජාතක හම්බයන්ට තොපි තවත් කියන්නේ ශ්‍රී ලාංකිකයෝ කියලද ?,හම්බයො අපිට කෙලිනවා අපිට හම්බයො කෙලිනවා ලංකාවේ ඉපදිලා පකිස්ථානෙට කඩේ යන අවජාතක හම්බයන්ට තොපි තවත් කියන්නේ ශ්‍රී ලාංකිකයෝ කියලද ?,Harassment,0.9316
@USER හම්බයෝ ඔක්කොම වෙල් සෙඩ්ලු  පුකෙන් හින ඕයි  අනේ පොනගලයෝ මයිත්‍රී කරන්නත් අපිට රටක් ඉතුරු වෙලා තියෙන්නෙ  එපැයි.බෙල්ල කපලා වද කරනකම් බලන් ඉන්න තෝ වගෙර් හැමෝම පොන්නයෝ නෙමෙයි,හම්බයෝ ඔක්කොම වෙල් සෙඩ්ලු පුකෙන් හින ඕයි අනේ පොනගලයෝ මයිත්‍රී කරන්නත් අපිට රටක් ඉතුරු වෙලා තියෙන්නෙ එපැයි.බෙල්ල කපලා වද කරනකම් බලන් ඉන්න තෝ වගෙර් හැමෝම පොන්නයෝ නෙමෙයි,Harassment,0.9526
@USER  @USER හම්බෙන හැමදේම කාපිය ගෑස්ටික්  නෑ තොර තොර හිටියොත් තොට කන්ද වෙන්නේ නෑ,හම්බෙන හැමදේම කාපිය ගෑස්ටික් නෑ තොර තොර හිටියොත් තොට කන්ද වෙන්නේ නෑ,Harassment,0.9419
හම්බෙයි පුක!  නළලේ කොටලා තියෙන්නේ ඔටුවෙක්,හම්බෙයි පුක! නළලේ කොටලා තියෙන්නේ ඔටුවෙක්,Harassment,0.9746
@USER හම්මට තොට ද වැටිල තියෙන්නේ තොව නෙවෙයි  @USER  මූව,හම්මට තොට ද වැටිල තියෙන්නේ තොව නෙවෙයි මූව,Harassment,0.9795
@USER @USER  හම්මට.. xD හොටුත් පැන්නා යකෝ! xD පච්චේ බඩුව වගේ තමයි xD,හම්මට.. ෂ්ද හොටුත් පැන්නා යකෝ! ෂ්ද පච්චේ බඩුව වගේ තමයි ෂ්ද,Harassment,0.9644
හම්ම්මට සිරි...ගෙට්ටු පෙරලීම දරුනුයි වගේ....මොනවා වුනත් පව් බන් ....සිරාවට...යකෝ campus  ලමයි ගේමක් නැතුව ඔවා පෙරලනවනේ ..,හම්ම්මට සිරි...ගෙට්ටු පෙරලීම දරුනුයි වගේ....මොනවා වුනත් පව් බන් ....සිරාවට...යකෝ campus ලමයි ගේමක් නැතුව ඔවා පෙරලනවනේ ..,Harassment,0.9033
@USER @USER  හම්මේ... ඇහුනට් ඇටි ඉටිම්...ආ කියහන් කොලුවෝ කටට ලොසින්ජරය්ක් ඩාම්න වටිනවා,හම්මේ... ඇහුනට් ඇටි ඉටිම්...ආ කියහන් කොලුවෝ කටට ලොසින්ජරය්ක් ඩාම්න වටිනවා,Harassment,0.9653
හම්මෝ යකෝ... මෙව්වනෙ ටෝක්ස් ආර්. බැද්දගේ @USER  · 23 Dec 2020 ඇඟේ සමහර අවයව එහෙම සම්බන්ධ වෙනව. උදාහරනයක් විදියට අධෝ-අක්ෂි ස්නායුවෙං පුකේ හිලත් ඇහැත් එකිනෙකට සම්බන්ධ කරනව. බොරු කියනව කියල හිතෙනව නං පුකේ මයිලක් ඇදල බලපං . . .ඇහැට කඳුලු එනව,හම්මෝ යකෝ... මෙව්වනෙ ටෝක්ස් ආර්. බැද්දගේ · 23 දෙක් 2020 ඇඟේ සමහර අවයව එහෙම සම්බන්ධ වෙනව. උදාහරනයක් විදියට අධෝ-අක්ෂි ස්නායුවෙං පුකේ හිලත් ඇහැත් එකිනෙකට සම්බන්ධ කරනව. බොරු කියනව කියල හිතෙනව නං පුකේ මයිලක් ඇදල බලපං . . .ඇහැට කඳුලු එනව,Harassment,0.9043
@USER හයවෙනිදට තෝ බිවුවෙ නැත්තං ගෑස් කරපු බියර් බෝතලයක් ගහනව තොගෙ පුකේ,හයවෙනිදට තෝ බිවුවෙ නැත්තං ගෑස් කරපු බියර් බෝතලයක් ගහනව තොගෙ පුකේ,Harassment,0.9048
හරකෙක්ද ගොයම් මැස්සෙක්ද උඹ  ධනුවා (Dhanuwaa) @USER  · 22 Dec 2021 ලොකු ලොකු හින නෑ වෙලක් ඇර වෙලක් හරි කන්න පුලුවන් උනොත් ඇති. twitter.com/ImrazAJ/status…,හරකෙක්ද ගොයම් මැස්සෙක්ද උඹ ධනුවා ධනුවා · 22 දෙක් 2021 ලොකු ලොකු හින නෑ වෙලක් ඇර වෙලක් හරි කන්න පුලුවන් උනොත් ඇති. ත්විත්තෙර්කොමිම්රළජ්ස්තතුස්,Harassment,0.981
@USER හරහට උස්සලා තෝ වෙඩි තියන්නේ කකුලටද අපේ ගොනෝ උඩට තියන්න ඕනේ ගොං වදුර,හරහට උස්සලා තෝ වෙඩි තියන්නේ කකුලටද අපේ ගොනෝ උඩට තියන්න ඕනේ ගොං වදුර,Harassment,0.978
හරි අපි කැවුමෙන් බල්ලෙක්ට හරි ගහනවා රිදෙන්න...කොකිසෙන් ගැහුවොත් බල්ලා කයි කොකිස කුඩු...    #AvuruduLK #TeamKevum  @USER,හරි අපි කැවුමෙන් බල්ලෙක්ට හරි ගහනවා රිදෙන්න...කොකිසෙන් ගැහුවොත් බල්ලා කයි කොකිස කුඩු... අවුරුදුල්ක් ටෙඅම්කෙවුම්,Harassment,0.9346
"@USER හරි අපුරුවට ලමයි හදපු අම්ම කෙනෙක්, ලමයි 3නම ඇතුලෙ.. පව් අප්පා..","හරි අපුරුවට ලමයි හදපු අම්ම කෙනෙක්, ලමයි 3නම ඇතුලෙ.. පව් අප්පා..",Harassment,0.9512
@USER  @USER හරි පෙන්නපං ඉතිං. ඔය තෝ කරනව වගේ අල්ලපු ගෙදර වැනේ වනල තියෙන ජංගි මගේ ඔලුවේ හලා ගන්නේ නෑ. සික්.,හරි පෙන්නපං ඉතිං. ඔය තෝ කරනව වගේ අල්ලපු ගෙදර වැනේ වනල තියෙන ජංගි මගේ ඔලුවේ හලා ගන්නේ නෑ. සික්.,Harassment,0.9736
"හරි බං එල, ඔයා ඔයාගෙ පුක සෝදගෙන පැත්තකට වෙලා හිටියන්න හරි නෙ බොස්. සුදදා පුක පිහිදුවත් නැතත් ඔයාගෙ පඩි වැඩි වෙන්නා නෑ නෙ ගින්නා @USER  · 27 Mar 2020 සරල තේරුම    බොළඳ ගැටුම් වලට පනින්න නෙවෙයි කියන්නේ.  ගොඩක් දුඹුරු හම තියෙන ගෑනු සුද්දෙක් එක්ක ඩේට් කරන ගමන් පිස්සුවෙන් වගේ පුක පිහ දාන ටිශූ  ගන්න රටක ඉඳන්  විශ් කරනවා වෝටර් කට් එකක් තව දුඹුරු හම තියෙන ගෑනුන්ට. එකෙන් උන්ට පුක හෝදගන්න වතුර නැති වෙන්න.  #අපිනොදන්නකඩ්ඩ #බඩකොරෞණා","හරි බං එල, ඔයා ඔයාගෙ පුක සෝදගෙන පැත්තකට වෙලා හිටියන්න හරි නෙ බොස්. සුදදා පුක පිහිදුවත් නැතත් ඔයාගෙ පඩි වැඩි වෙන්නා නෑ නෙ ගින්නා · 27 Mar 2020 සරල තේරුම බොළඳ ගැටුම් වලට පනින්න නෙවෙයි කියන්නේ. ගොඩක් දුඹුරු හම තියෙන ගෑනු සුද්දෙක් එක්ක ඩේට් කරන ගමන් පිස්සුවෙන් වගේ පුක පිහ දාන ටිශූ ගන්න රටක ඉඳන් විශ් කරනවා වෝටර් කට් එකක් තව දුඹුරු හම තියෙන ගෑනුන්ට. එකෙන් උන්ට පුක හෝදගන්න වතුර නැති වෙන්න. #අපිනොදන්නකඩ්ඩ #බඩකොරෞණා",Harassment,0.9351
හරියටම කිව්වොත් අම්ම හරි බබ හරී ඉබේ මැරෙන එකයි වැදූ ගෙයි සන්නිය කියන්නෙ ඒකේ තව එක එක ප්‍රබේද තීනෝ,හරියටම කිව්වොත් අම්ම හරි බබ හරී ඉබේ මැරෙන එකයි වැදූ ගෙයි සන්නිය කියන්නෙ ඒකේ තව එක එක ප්‍රබේද තීනෝ,Harassment,0.957
@USER  @USER    හරීන් ~ තෝ මගේ කොල්ලාගේ පුකට ටච් කලා නේද?  මං තෝව මරනවා  (  පෙම් පලහිලව්වක් ඈ ),හරීන් ~ තෝ මගේ කොල්ලාගේ පුකට ටච් කලා නේද? මං තෝව මරනවා ( පෙම් පලහිලව්වක් ඈ ),Harassment,0.9707
හවසට සොසෙජ් බන් එක කාල Hot Milo බීපු උන් හකුරු කෑල්ල එක්ක කහට බොනව කියහන්කෝ,හවසට සොසෙජ් බන් එක කාල Hot Milo බීපු උන් හකුරු කෑල්ල එක්ක කහට බොනව කියහන්කෝ,Harassment,0.9468
හසිනි ගොන් බඩුව එක්ක පන්නිල ගන්න ආතල් එක බලපන්කෝ:,හසිනි ගොන් බඩුව එක්ක පන්නිල ගන්න ආතල් එක බලපන්කෝ:,Harassment,0.9219
හහ් හහ ්හා..මැනේජරයා තමයි දවසකටවත් බඩුව.. URL,හහ් හහ ්හා..මැනේජරයා තමයි දවසකටවත් බඩුව.. උර්ල්,Harassment,0.9746
හෆ්ෆා Harshanaයෝ තෝව බලන්න අපි එනෝ.ඒත් ඇයි යකෝ ඔච්චර ඩොටේක ඉදන් අපිව කන්න වරායට ආවේ. — traveling to meerigama,හෆ්ෆා Harshanaයෝ තෝව බලන්න අපි එනෝ.ඒත් ඇයි යකෝ ඔච්චර ඩොටේක ඉදන් අපිව කන්න වරායට ආවේ. — traveling ටො මීරිගම,Harassment,0.937
@USER හා කමක් නැද්ද ඒම කරාට උත්තෝ.....හැම එකාම පුක දිදී  ඇමණිනිකොට ඔක්කොම එවුන් ඒ වගේ ඇමිණින්න ඕනීද සමනල් පොන්නයෝ...තෝ පොන්නයා තොගේ පොන්නකම අමුණලා ගහගනිං පුකේ පකයා..... තොට මීට වෑඩිය හැමිණෙන්න ඕන්නම් වරෙං DM කිම්බට පුක දීලා වීරයෙක් වෙන්න හදන පොන්නයා,හා කමක් නැද්ද ඒම කරාට උත්තෝ.....හැම එකාම පුක දිදී ඇමණිනිකොට ඔක්කොම එවුන් ඒ වගේ ඇමිණින්න ඕනීද සමනල් පොන්නයෝ...තෝ පොන්නයා තොගේ පොන්නකම අමුණලා ගහගනිං පුකේ පකයා..... තොට මීට වෑඩිය හැමිණෙන්න ඕන්නම් වරෙං දම් කිම්බට පුක දීලා වීරයෙක් වෙන්න හදන පොන්නයා,Harassment,0.9878
හා පෙන්නාම් දිය වුන හුබසක්  නයියා තමා නාකි උනාම පෙනේ පිප්පෙන්නේ නැතුව හැව වගේ ඉන්නේ,හා පෙන්නාම් දිය වුන හුබසක් නයියා තමා නාකි උනාම පෙනේ පිප්පෙන්නේ නැතුව හැව වගේ ඉන්නේ,Harassment,0.9629
හා..කෝ වරෙල්ල බලන්න මේ සක්කිලි දෙමල බැල්ලි වෙනුවෙන් කඩේ ගියපු අවජාතක නමට සිංහල කොටි ටික..මූන බලාගන්න URL,හා..කෝ වරෙල්ල බලන්න මේ සක්කිලි දෙමල බැල්ලි වෙනුවෙන් කඩේ ගියපු අවජාතක නමට සිංහල කොටි ටික..මූන බලාගන්න උර්ල්,Harassment,0.9614
හාන්සි වෙන එක එකක්. හැබැයි පුක උඩට හරවන් හාන්සි වෙලා ඉන්න පුරුද්ද තමයි අවුල  polburuwa @USER  · 16 Apr 2019 තොගේ ආච්චිට කීරී සම්බා ගරන්න දැන් තෝ කියන්නේ ඇදේ දිගා වෙලා ඉන්නැතිව හිටගෙන ඉන්න කියලද twitter.com/dead_mans_cree…,හාන්සි වෙන එක එකක්. හැබැයි පුක උඩට හරවන් හාන්සි වෙලා ඉන්න පුරුද්ද තමයි අවුල පොල්බුරුව · 16 අප‍ 2019 තොගේ ආච්චිට කීරී සම්බා ගරන්න දැන් තෝ කියන්නේ ඇදේ දිගා වෙලා ඉන්නැතිව හිටගෙන ඉන්න කියලද twitter.com/dead_mans_cree…,Harassment,0.9756
"හාමුදුරුවන්ට පලයන් හු... යන්න කියමින් පහර දෙන පොලිසිය ..හාමුදුරුවන්ට මෙහෙම කියපු,ගහපු හිඟන පොලිසියේ උන්ට හෙණම... URL","හාමුදුරුවන්ට පලයන් හු... යන්න කියමින් පහර දෙන පොලිසිය ..හාමුදුරුවන්ට මෙහෙම කියපු,ගහපු හිඟන පොලිසියේ උන්ට හෙණම... උර්ල්",Harassment,0.9331
@USER හායි මෙර්වින්. අනාගතේනන් හදල තියෙන්නේ බඩුව අවුල්,හායි මෙර්වින්. අනාගතේනන් හදල තියෙන්නේ බඩුව අවුල්,Harassment,0.9351
හැංගී හැංගී වෙස්බැන්ඳට නටන්න වෙන්නේ එලිපිට කියලා ගොඩක් අයට මතක් වෙන්නේ දාගෙන ඉන්න වෙස්මූන ගැලවී වැටුනට පස්සේලූ󾆭󾆳 — feeling මෝඩ කමට බේත් නෑ,හැංගී හැංගී වෙස්බැන්ඳට නටන්න වෙන්නේ එලිපිට කියලා ගොඩක් අයට මතක් වෙන්නේ දාගෙන ඉන්න වෙස්මූන ගැලවී වැටුනට පස්සේලූ󾆭󾆳 — feeling මෝඩ කමට බේත් නෑ,Harassment,0.9292
"හැකි තරම් වෙර දමා පිඹින සුදු පස්ස.කට නොකියාම අත දමා කිති කවයි අස්ස.කට පුපුරන්න තරම් දුක විඳින එක ""මස්ස.කට "" ඉවසන්න පුලුවනිද නැතත් පණ, හක්ක.කට -කුරුළු- #kurulukavi  #kurulu  #කුරුළු  #කුරුළුකවි","හැකි තරම් වෙර දමා පිඹින සුදු පස්ස.කට නොකියාම අත දමා කිති කවයි අස්ස.කට පුපුරන්න තරම් දුක විඳින එක ""මස්ස.කට "" ඉවසන්න පුලුවනිද නැතත් පණ, හක්ක.කට -කුරුළු- කුරුලුකවී කුරුළු #කුරුළු #කුරුළුකවි",Harassment,0.9541
"හැදිගැවියන් ආගම කන පරයන්ව, බත වහ වෙයන් රට විකුනන හිවලුන්ට, හෙන වැදියන් වන එලිකල පරයන්ට, ශක්තිය දියන් රට සුරකින හෙලයන්ට.","හැදිගැවියන් ආගම කන පරයන්ව, බත වහ වෙයන් රට විකුනන හිවලුන්ට, හෙන වැදියන් වන එලිකල පරයන්ට, ශක්තිය දියන් රට සුරකින හෙලයන්ට.",Harassment,0.9263
හැදී ගෑවිලා පලයන් ඒකිව.ඒකි නිසානේ අද මට මෙහෙම උනේ #WhenALResultsAreOut,හැදී ගෑවිලා පලයන් ඒකිව.ඒකි නිසානේ අද මට මෙහෙම උනේ ව්හෙනල්රෙසුල්ත්සරෙඖත්,Harassment,0.9512
හැදෙන්නේ එක ලෙඩයි...ඒකත් ලෙසටම අමාරු වෙනවා.... කැත විදියට හිතන්න එපා යකෝ...සෙම හැදුණේ....,හැදෙන්නේ එක ලෙඩයි...ඒකත් ලෙසටම අමාරු වෙනවා.... කැත විදියට හිතන්න එපා යකෝ...සෙම හැදුණේ....,Harassment,0.9263
@USER හැබැයි තෝ කඩල ඇට සයිස් මුං ගුලි ගේන්නැතුව ලොකුවට ගෙනෙම් හාද. මේ කලිම්ම කියන්නෙ ලැජ්ජාවෙන් බේරෙන්න නැතුව බුද්ධ පූජාව වගේ භක්තියෙන් ආදරෙන් රහට හදාන වරෙන් හරිද.,හැබැයි තෝ කඩල ඇට සයිස් මුං ගුලි ගේන්නැතුව ලොකුවට ගෙනෙම් හාද. මේ කලිම්ම කියන්නෙ ලැජ්ජාවෙන් බේරෙන්න නැතුව බුද්ධ පූජාව වගේ භක්තියෙන් ආදරෙන් රහට හදාන වරෙන් හරිද.,Harassment,0.9688
@USER හැම මගුලට පුක දෙන්න ඇවිත් පුකට මැහුම් දාන්න උඹ අරැ ගන්නව දවසක මල්ලේ,හැම මගුලට පුක දෙන්න ඇවිත් පුකට මැහුම් දාන්න උඹ අරැ ගන්නව දවසක මල්ලේ,Harassment,0.9819
හැමදාම umpire ල අපිටමනෙ අරින්න එන්නෙ රෙද්ද,හැමදාම umpire ල අපිටමනෙ අරින්න එන්නෙ රෙද්ද,Harassment,0.9731
"හැමදාම ගංවතුරයි, අරකයි, මේකයි වගේ ලෝකේ නැති ප්‍රශ්න..  Cricket කියලා මේ කොණ පණ නැති වේසිගේ පුතාලට මොකට බාල්දු වෙනවද මන්දා අපේ රටවල හැත්ත..  ඔන්නොහේ ඉන්න කියහල්ලා බං. හිඟන්නෝ ආවා කියලා රටට ඇති සෙතකුත් නෑනේ Island Cricket @USER  · 29 Jun 2019 Bangladesh are reportedly waiting for security clearance before they decide on their tour of #SriLanka after the conclusion of the World Cup.  URL","හැමදාම ගංවතුරයි, අරකයි, මේකයි වගේ ලෝකේ නැති ප්‍රශ්න.. Cricket කියලා මේ කොණ පණ නැති වේසිගේ පුතාලට මොකට බාල්දු වෙනවද මන්දා අපේ රටවල හැත්ත.. ඔන්නොහේ ඉන්න කියහල්ලා බං. හිඟන්නෝ ආවා කියලා රටට ඇති සෙතකුත් නෑනේ Island Cricket · 29 ජුන් 2019 බංග්ලාදේශ් are reportedly waiting for security clearance before they decide ඕන their tour ඔෆ් ශ්‍රීලංකා after the conclusion ඔෆ් the World Cup. උර්ල්",Harassment,0.9287
@USER  @USER හැමදාම තමුන්ගෙම රෙද්දස්ස හොය හොය උන්නොත් පයිය දෙකට නවල පුකේ ගහගන්නයි වෙන්නෙ..,හැමදාම තමුන්ගෙම රෙද්දස්ස හොය හොය උන්නොත් පයිය දෙකට නවල පුකේ ගහගන්නයි වෙන්නෙ..,Harassment,0.979
හැමනෙන්න හුකන්නැතුව ඕක නවත්තපන් පයිය.. ගොටුකොළ පොන්නයොයි තුත්තිරි වේසාවියොයි මේ හුත්තේ වලි දාගෙන..,හැමනෙන්න හුකන්නැතුව ඕක නවත්තපන් පයිය.. ගොටුකොළ පොන්නයොයි තුත්තිරි වේසාවියොයි මේ හුත්තේ වලි දාගෙන..,Harassment,0.9888
හැමෝටම ලමයි වදන්න පුලුවන් ..ඒත් ළමේක් හදනෝ කියනෙක අමාරු,හැමෝටම ලමයි වදන්න පුලුවන් ..ඒත් ළමේක් හදනෝ කියනෙක අමාරු,Harassment,0.96
හැමෝම #GOT7 බලල බැලුවට කමක් නෑ තොපි spoilers දාපංකො online කපනව කෑලි කෑලි,හැමෝම #GOT7 බලල බැලුවට කමක් නෑ තොපි ස්පොඉලෙර්ස දාපංකො online කපනව කෑලි කෑලි,Harassment,0.9106
@USER හෑ..මොන වේස කමක්ද මේ..  තවත් එපා කරවනවා,හෑ..මොන වේස කමක්ද මේ.. තවත් එපා කරවනවා,Harassment,0.958
හිට ගෙන පුක හෝදන්න වහිනවා.,හිට ගෙන පුක හෝදන්න වහිනවා.,Harassment,0.9502
හිටගෙන පුක හෝදන්න පුළුවන් තරමට වැස්ස කියන්නෙ මේ වගේ වැස්සකට,හිටගෙන පුක හෝදන්න පුළුවන් තරමට වැස්ස කියන්නෙ මේ වගේ වැස්සකට,Harassment,0.9688
හිටගෙන පුක හේදෙන ගානට වහිනො,හිටගෙන පුක හේදෙන ගානට වහිනො,Harassment,0.9517
හිටගෙන පුක හේදෙන ගානට වහිනෝ,හිටගෙන පුක හේදෙන ගානට වහිනෝ,Harassment,0.9409
@USER හිටගෙන පුක හෝදතෑකි ගේ ඇතුලෙ ඉඳංම . . . හිරිකඩෙං,හිටගෙන පුක හෝදතෑකි ගේ ඇතුලෙ ඉඳංම . . . හිරිකඩෙං,Harassment,0.9785
හිටගෙන පුක හෝදන්න දෙන්නේ  Dileesha @USER  · 3 May 2021 වහිනවා,හිටගෙන පුක හෝදන්න දෙන්නේ දිලීෂ · 3 May 2021 වහිනවා,Harassment,0.9561
@USER හිටගෙන හිරිකඩෙන් පුක හෝදන්න,හිටගෙන හිරිකඩෙන් පුක හෝදන්න,Harassment,0.9395
@USER හිටපිය මං එනකං හොදේ.. මරනවා තෝ දාලා ගියොත් මාව..,හිටපිය මං එනකං හොදේ.. මරනවා තෝ දාලා ගියොත් මාව..,Harassment,0.9385
හිටපු ගමන් වහිනවා දොඹ යන්න  හිටපු ගමන් පායනවා ලෙලි යන්න  කවුද යකෝ ලංකාවේ ඉඳගෙන Jumanji ගහන පරයා   Copied !,හිටපු ගමන් වහිනවා දොඹ යන්න හිටපු ගමන් පායනවා ලෙලි යන්න කවුද යකෝ ලංකාවේ ඉඳගෙන ජුමන්ජි ගහන පරයා Copied !,Harassment,0.9409
@USER @USER  හිටියා එත් දැන් නැහැ දයාසිරියගේ අර ගල වගේ තමා Romba over illaya porawi,හිටියා එත් දැන් නැහැ දයාසිරියගේ අර ගල වගේ තමා රොම්බ over ඉල්ලය පොරවී,Harassment,0.9263
@USER  @USER හිතල මතල අරං ගහල ඔබනව කටට,හිතල මතල අරං ගහල ඔබනව කටට,Harassment,0.9751
@USER  @USER    හිතුවද මෙට්ටෙ අස්සෙ ගගහ ඉන්න කුඩ්ඩො කියල. තූ තෝ පරයා. ගංජ ගහන්න ඕන නම් ගංජ ගහන එකෙක් අල්ල ගනින්. බොන්න ඕන නම් කියපං දැනටත් බාගයක් ඇද යට තියෙනව.,හිතුවද මෙට්ටෙ අස්සෙ ගගහ ඉන්න කුඩ්ඩො කියල. තූ තෝ පරයා. ගංජ ගහන්න ඕන නම් ගංජ ගහන එකෙක් අල්ල ගනින්. බොන්න ඕන නම් කියපං දැනටත් බාගයක් ඇද යට තියෙනව.,Harassment,0.9038
@USER හිතෙන්න දෙයක් නෑ හරිත තමයි.අපිත් ආසයි හුත්තො පේර යන්ඩ. කරුමෙට බෑනෙ. ඉතින් එතකොට අපි තොපෙ පුක හොද හෝද ඉන්ඩ ඔනෙද  @USER,හිතෙන්න දෙයක් නෑ හරිත තමයි.අපිත් ආසයි හුත්තො පේර යන්ඩ. කරුමෙට බෑනෙ. ඉතින් එතකොට අපි තොපෙ පුක හොද හෝද ඉන්ඩ ඔනෙද,Harassment,0.9126
"හිනාව නවත්තගන්න බෑ....... මුඛවාඩමක් බැන්දා ඕයි. කටට නෙමේ පුකට පුකට...  වෙල් ඩං ""ගව""මන්ට්.","හිනාව නවත්තගන්න බෑ....... මුඛවාඩමක් බැන්දා ඕයි. කටට නෙමේ පුකට පුකට... වෙල් ඩං ""ගව""මන්ට්.",Harassment,0.9761
හිරු එකේ හැත්ත  .. රෙනෝද සිල්වයි ගෑනිට වටේ යන්න හොදා ලමයි ටිකක් ට්‍රිප් ගිහින් නැටුවාහම අනේ අම්බේ අමාරුව.,හිරු එකේ හැත්ත .. රෙනෝද සිල්වයි ගෑනිට වටේ යන්න හොදා ලමයි ටිකක් ට්‍රිප් ගිහින් නැටුවාහම අනේ අම්බේ අමාරුව.,Harassment,0.9106
හිරුස්ටාරෙකෙ කොල්ලෙක් සරාගයේ කියනව...ඒක දැක්කනම් සනුක පුප හපන් මැරෙන්වා යකෝ.  පුප පුප.ඔව්.. කටේ වෙරලු ඇටයක් දාලා..අපරාදේ ..ලස්ස්නට කියන්න පුලුවන් එකෙක්,හිරුස්ටාරෙකෙ කොල්ලෙක් සරාගයේ කියනව...ඒක දැක්කනම් සනුක පුප හපන් මැරෙන්වා යකෝ. පුප පුප.ඔව්.. කටේ වෙරලු ඇටයක් දාලා..අපරාදේ ..ලස්ස්නට කියන්න පුලුවන් එකෙක්,Harassment,0.9458
හිස් තැන් පුරවන්න.  .සල්ලී තිබ්බා නම් ____ ළග පාත .මනමේ ගේ කොපුවට වඩා සැරයි ______ .තොරණක් වගේ තොට ළග_______... URL,හිස් තැන් පුරවන්න. .සල්ලී තිබ්බා නම් ____ ළග පාත .මනමේ ගේ කොපුවට වඩා සැරයි ______ .තොරණක් වගේ තොට ළග_______... උර්ල්,Harassment,0.9609
හී පහරින් සමුගත්තේ මගෙ පණ රැකදෙන්නයි ඔයා - Song Lyrics  තෝව බේරල මං ඇනගෙන මැරෙන්න? කසිප්පු ගහලද ඈහ්. පලයන් ඩෝහ් යන්න - Real Life,හී පහරින් සමුගත්තේ මගෙ පණ රැකදෙන්නයි ඔයා - Song ල්ය්රිච්ස් තෝව බේරල මං ඇනගෙන මැරෙන්න? කසිප්පු ගහලද ඈහ්. පලයන් ඩෝහ් යන්න - Real Life,Harassment,0.9624
@USER හීන.. උබ අවොත් නිදි යන්න මාත් එක්ක.. මං තියාගන්නව කටු පදුරක් ඇග වටේට.. එන්න දෙන්නෑ තොට ලං වෙන්න මට..,හීන.. උබ අවොත් නිදි යන්න මාත් එක්ක.. මං තියාගන්නව කටු පදුරක් ඇග වටේට.. එන්න දෙන්නෑ තොට ලං වෙන්න මට..,Harassment,0.9385
හීරුවා නේ L200 එකක පුක මේකා.  යකෝ එලෝන එකාට ගානකුත් නෑ L200 එකේ එකාට ගානකුත් නෑ,හීරුවා නේ L200 එකක පුක මේකා. යකෝ එලෝන එකාට ගානකුත් නෑ L200 එකේ එකාට ගානකුත් නෑ,Harassment,0.9023
@USER හු* ගන්නේ නැතුව පලයන් තිස්ස,හු* ගන්නේ නැතුව පලයන් තිස්ස,Harassment,0.9624
හු***තෝ කියක DM කරල නෑ කොල්ලෙක්ට වත්,හු***තෝ කියක දම් කරල නෑ කොල්ලෙක්ට වත්,Harassment,0.978
හු*ත  හුත්ත මැදට තරු එබුවම සභ්‍ය වෙන්නේ කොහොමද බං -Saw on Fb-,හු*ත හුත්ත මැදට තරු එබුවම සභ්‍ය වෙන්නේ කොහොමද බං -Saw ඕන ෆ්බ්,Harassment,0.959
හුකන හුයන්න කියලා හුයන්නක් හදලා දෙන්නකො. පක පයන්න  කියලත්.,හුකන හුයන්න කියලා හුයන්නක් හදලා දෙන්නකො. පක පයන්න කියලත්.,Harassment,0.9849
"@USER හුකනව අර ගෑනි උඩිං ගියපු හැටි,යකෝ ඉන්දියාව වගේ වෙලානෙ","හුකනව අර ගෑනි උඩිං ගියපු හැටි,යකෝ ඉන්දියාව වගේ වෙලානෙ",Harassment,0.9771
"@USER @USER  හුකන්නෝ මහින්දට පුක දුන්නම උබ හිතන් ඉන්නේ උබ  ජාතික වීරයෙක් කියලද අමනයෝ ,,  @USER","හුකන්නෝ මහින්දට පුක දුන්නම උබ හිතන් ඉන්නේ උබ ජාතික වීරයෙක් කියලද අමනයෝ ,,",Harassment,0.9663
@USER හුකපං යකෝ.. හුකපං අම්මලත් හිටිය උත්තො. මීට වඩා හොඳයි මට කෙල නොදා ඇරියනං,හුකපං යකෝ.. හුකපං අම්මලත් හිටිය උත්තො. මීට වඩා හොඳයි මට කෙල නොදා ඇරියනං,Harassment,0.9888
@USER @USER  @USER  @USER  හුකපන් නටාලි වේසි,හුකපන් නටාලි වේසි,Harassment,0.9355
හුකවනවා පකයට මට උබ එවන්නෙ මගුලද පකෝ,හුකවනවා පකයට මට උබ එවන්නෙ මගුලද පකෝ,Harassment,0.9141
හුකහන් පකෝ. තොටත් එක්ක බඩු ගත්තහම ඔච්චර කියලත් ආවෙ නෑ,හුකහන් පකෝ. තොටත් එක්ක බඩු ගත්තහම ඔච්චර කියලත් ආවෙ නෑ,Harassment,0.9839
@USER හුකහම් පොන්න කැරි වේස බල්ල...  ස්තුතියි,හුකහම් පොන්න කැරි වේස බල්ල... ස්තුතියි,Harassment,0.9028
හුකාපන් ගිහින් හුත්ත...මම මානසික අසහනකාරයෙක්. ඕන හුත්තක් හිතාගනිල්ල.. වේස ගෑණූ.. හෙන ගහපන් තොපි හැත්ත බුරුත්තටම..... URL,හුකාපන් ගිහින් හුත්ත...මම මානසික අසහනකාරයෙක්. ඕන හුත්තක් හිතාගනිල්ල.. වේස ගෑණූ.. හෙන ගහපන් තොපි හැත්ත බුරුත්තටම..... උර්ල්,Harassment,0.9844
හුජ්ජ කරලා බිජ්ජ හොලවද්දී  චූ  කටට විසික් වෙච්ච උන් ඉන්නවද ? :v :v  එච්චරම අව්ලක් නෑ ලුණු සසයි  :3 — feeling ෆකින්,හුජ්ජ කරලා බිජ්ජ හොලවද්දී චූ කටට විසික් වෙච්ච උන් ඉන්නවද ? ව ව එච්චරම අව්ලක් නෑ ලුණු සසයි :3 — feeling ෆකින්,Harassment,0.9561
"හුට්ටප්පරී හුච්චී හුක්කුච්චි හුජ්ජි හුමාලි හුංගාරි හුයන්නී හුත්තී හුකන්නී යම රජතුමා @USER  · 22 Nov 2019 පුලුවන් නම් ""හු"" අකුරෙන් පටන් ගන්න කෙල්ලෙක්ගෙ නමක් කියන්න.","හුට්ටප්පරී හුච්චී හුක්කුච්චි හුජ්ජි හුමාලි හුංගාරි හුයන්නී හුත්තී හුකන්නී යම රජතුමා · 22 නොව 2019 පුලුවන් නම් ""හු"" අකුරෙන් පටන් ගන්න කෙල්ලෙක්ගෙ නමක් කියන්න.",Harassment,0.9312
හුත්ත පයිය හුත්ත පයිය හුත්ත පයිය හුත්ත පයිය හුත්ත පයිය හුත්ත පයිය හුත්ත පයිය හුත්ත පයිය හුත්ත පයිය හුත්ත පයිය හුත්ත පයිය හුත්ත පයිය හුත්ත පයිය හුත්ත පයිය හුත්ත පයිය හුත්ත පයිය හුත්ත පයිය හුත්ත පයිය හුත්ත පයිය හුත්ත පයිය හුත්ත පයිය හුත්ත පයිය හුත්ත පයිය හුත්ත පයිය හුත්ත පයිය හුත්ත,හුත්ත පයිය හුත්ත පයිය හුත්ත පයිය හුත්ත පයිය හුත්ත පයිය හුත්ත පයිය හුත්ත පයිය හුත්ත පයිය හුත්ත පයිය හුත්ත පයිය හුත්ත පයිය හුත්ත පයිය හුත්ත පයිය හුත්ත පයිය හුත්ත පයිය හුත්ත පයිය හුත්ත පයිය හුත්ත පයිය හුත්ත පයිය හුත්ත පයිය හුත්ත පයිය හුත්ත පයිය හුත්ත පයිය හුත්ත පයිය හුත්ත පයිය හුත්ත,Harassment,0.9805
@USER @USER  @USER  @USER   හුත්ත යනු හුල අස්සේ හිල යන්නයි  හුත්ති අපහාස නැත වේසි යැයි ඇමතුවොත් අපහාසයක්,හුත්ත යනු හුල අස්සේ හිල යන්නයි හුත්ති අපහාස නැත වේසි යැයි ඇමතුවොත් අපහාසයක්,Harassment,0.9722
@USER හුත්ත=උට්ට පයිය=ප්‍රයිය හුකනවා=උක්කනවා අතේ ගහනවා=තේ ගහනවා පුකේ අරිනවා=කේ අරිනවා,හුත්ත=උට්ට පයිය=ප්‍රයිය හුකනවා=උක්කනවා අතේ ගහනවා=තේ ගහනවා පුකේ අරිනවා=කේ අරිනවා,Harassment,0.9878
@USER හුත්තක් කියනව තෝත්  පකෝ වෙන එකෙක් සල්ලි ටික සැපේ වියදං කරලනං පුක හපාගෙන මැරෙන්ඩ වෙන්නෙ,හුත්තක් කියනව තෝත් පකෝ වෙන එකෙක් සල්ලි ටික සැපේ වියදං කරලනං පුක හපාගෙන මැරෙන්ඩ වෙන්නෙ,Harassment,0.9771
@USER හුත්තට පක තිත්තද බොල බෙන්තර කැ* වේසියේ,හුත්තට පක තිත්තද බොල බෙන්තර කැ* වේසියේ,Harassment,0.9775
හුත්තිගෙ පුතෝ ප්‍රෝ පික් එක බලල ඉන්බොක්ස් එන්ඩෙපා අසහනකාරී හුත්තිගෙ පුතාල ටිකට කියන්නෙ:| සෙක්ස් කරන්ඩ අහන්නෙ ගහනව තොපෙ අප්පගෙ වම් ඇටේ දෙපාරක් වැදිල අම්මගෙ  වහුකුණු හුත්ත කුනුවෙන්න ආයි  කියන්නෑ ඔන්න:|,හුත්තිගෙ පුතෝ ප්‍රෝ පික් එක බලල ඉන්බොක්ස් එන්ඩෙපා අසහනකාරී හුත්තිගෙ පුතාල ටිකට කියන්නෙ:| සෙක්ස් කරන්ඩ අහන්නෙ ගහනව තොපෙ අප්පගෙ වම් ඇටේ දෙපාරක් වැදිල අම්මගෙ වහුකුණු හුත්ත කුනුවෙන්න ආයි කියන්නෑ ඔන්න:|,Harassment,0.9854
"@USER හුත්තිගෙ බල්ලො. මම ඒ වේසාවට මේන් බෞද්ධයෙක්  කියල දාපු කන්ටෙක්ස්ට් එකයි,  ජනේලෙන් පුක දෙන්න ආපු හොටු පොන්නයට පොන්නයා සහ සුත්ත දික්කරගෙන ආපු එකීට වේසි කිව්ව කන්ටෙක්ස් එකයි. දෙකක් මිසක්. තෝ ගොටුකොළ පොන්නයත් දෙවනි එකේ","හුත්තිගෙ බල්ලො. මම ඒ වේසාවට මේන් බෞද්ධයෙක් කියල දාපු කන්ටෙක්ස්ට් එකයි, ජනේලෙන් පුක දෙන්න ආපු හොටු පොන්නයට පොන්නයා සහ සුත්ත දික්කරගෙන ආපු එකීට වේසි කිව්ව කන්ටෙක්ස් එකයි. දෙකක් මිසක්. තෝ ගොටුකොළ පොන්නයත් දෙවනි එකේ",Harassment,0.9849
@USER හුත්තිගෙ බැල්ලි මේකි පෙන්නන්න බෑ,හුත්තිගෙ බැල්ලි මේකි පෙන්නන්න බෑ,Harassment,0.9663
@USER  @USER හුත්තෝ මගෙත්. නෙදකින් පොන්න පකව්  රෙදි නෑ හුත්තෝ. අම්මා සයිඩ් එකෙ.ෆක් ඕෆ්. කැරියෝ....,හුත්තෝ මගෙත්. නෙදකින් පොන්න පකව් රෙදි නෑ හුත්තෝ. අම්මා සයිඩ් එකෙ.ෆක් ඕෆ්. කැරියෝ....,Harassment,0.9746
@USER  @USER හුම්.මේකි බදින එකාට නම් නඩත්තුව අමාරු වෙයි,හුම්.මේකි බදින එකාට නම් නඩත්තුව අමාරු වෙයි,Harassment,0.9814
"හුරුවෙයන් මුරලිලා, අනුරලා වගේ කෙලින් කතාකරන එකෙක් නොවී මහින්දට කඩේ යන එකෙක් වෙන්න..  මහින්දට විරුද්ධ හැමෝටම ජාතක කතා ලියන අවජාතක උන් එදාට උඹට ගෞරව කරාවි..  URL","හුරුවෙයන් මුරලිලා, අනුරලා වගේ කෙලින් කතාකරන එකෙක් නොවී මහින්දට කඩේ යන එකෙක් වෙන්න.. මහින්දට විරුද්ධ හැමෝටම ජාතක කතා ලියන අවජාතක උන් එදාට උඹට ගෞරව කරාවි.. උර්ල්",Harassment,0.9565
"හුළඟක් කෑලීවලට කඩලා අරන් ගේ ඉස්සරහ ගහක ඔන්ච්ල්ලාවක් බැඳලා දෙන්න කියලා ඉල්ලන පුලුවන් මම  උඹෙන්..උඹ දන්නවා ඒකට කියන්නේ "" mental disorder "".ඒත් මොනාත්ම නොවුන ගානට පුරුදු හිනාවෙන් ඔලුව අතගාලා ආදරේ කරන්න පුලුවන් ම්නිහෙක් ඉන්නවා නම් ඒ උඹ.ලොකූ කුනාටුවකට පස්සෙත් ,නම් නොදන්න මල් පිපෙන","හුළඟක් කෑලීවලට කඩලා අරන් ගේ ඉස්සරහ ගහක ඔන්ච්ල්ලාවක් බැඳලා දෙන්න කියලා ඉල්ලන පුලුවන් මම උඹෙන්..උඹ දන්නවා ඒකට කියන්නේ "" mental disorder "".ඒත් මොනාත්ම නොවුන ගානට පුරුදු හිනාවෙන් ඔලුව අතගාලා ආදරේ කරන්න පුලුවන් ම්නිහෙක් ඉන්නවා නම් ඒ උඹ.ලොකූ කුනාටුවකට පස්සෙත් ,නම් නොදන්න මල් පිපෙන",Harassment,0.9268
හූවක්වත් තියපියකෝ යකෝ ground එකේ ඉන්න උන් අර වේස බංගලියන්ට....,හූවක්වත් තියපියකෝ යකෝ ground එකේ ඉන්න උන් අර වේස බංගලියන්ට....,Harassment,0.9229
"Heard the perfect reply for ""සුද්දා ගල විද්දෙ නැත්තන් නුවර එවුන් තාම කැලේ"":  ""වටේ හිටපු උන් රීපු නිසා තමයි යකො අපි ගල විදගෙන එලියට ආවෙ""","හෙඅර්ඩ් the perfect reply for ""සුද්දා ගල විද්දෙ නැත්තන් නුවර එවුන් තාම කැලේ"": ""වටේ හිටපු උන් රීපු නිසා තමයි යකො අපි ගල විදගෙන එලියට ආවෙ""",Harassment,0.918
හෙට උදේ වෙනකොට මම අගමැති උනොත් තොපි සේරටම හොදට කරවෙන ආප්පෙ ගානෙ දෙනවා හතරට නමලා පුකේ ගහ ගන්න.  මේවා වෙන්න පුළුවන් දේවල් ඈ....,හෙට උදේ වෙනකොට මම අගමැති උනොත් තොපි සේරටම හොදට කරවෙන ආප්පෙ ගානෙ දෙනවා හතරට නමලා පුකේ ගහ ගන්න. මේවා වෙන්න පුළුවන් දේවල් ඈ....,Harassment,0.9155
@USER හෙට වැඩට පලයන්. නැත්තම් අරූ බෙල්ල කයී,හෙට වැඩට පලයන්. නැත්තම් අරූ බෙල්ල කයී,Harassment,0.9458
හෙණම ගහල අකුලෝලම පලයන් .කැරිම වැස්ස#nodakin,හෙණම ගහල අකුලෝලම පලයන් .කැරිම වැස්ස#nodakin,Harassment,0.9746
"හෙන posh එකට එලියට බැහැලා, perfume ගහගෙන , pizzu hut ගිහින් කාලා බීලා අඩි 4ක් 5ක් උඩින් යන කෙල්ලො ගෙදර ගිහිල්ලා අම්මත් එක්ක මරාගෙන, හොටු පෙරන් අඩනවා රෑට පිට්ටු හැදුවෙ නෑ කියලා....","හෙන posh එකට එලියට බැහැලා, perfume ගහගෙන , පිළ්ළු hut ගිහින් කාලා බීලා අඩි 4ක් 5ක් උඩින් යන කෙල්ලො ගෙදර ගිහිල්ලා අම්මත් එක්ක මරාගෙන, හොටු පෙරන් අඩනවා රෑට පිට්ටු හැදුවෙ නෑ කියලා....",Harassment,0.9316
හෙන ගහනවා අවජාතක පොන්න හුත්තිගේ පුතලාට.. කැලෑවල් වල හිටිය උන් ටවුමට ආවම ඉදිමෙනවා  URL,හෙන ගහනවා අවජාතක පොන්න හුත්තිගේ පුතලාට.. කැලෑවල් වල හිටිය උන් ටවුමට ආවම ඉදිමෙනවා උර්ල්,Harassment,0.9834
@USER @USER  හෙන ගහපන් උඹට FB එවුන්ට් සුබ ගොඩායි.. අපිට හුලං.. මෙව්ව ජාතික අපරාද ඕයී..,හෙන ගහපන් උඹට ෆ්බ් එවුන්ට් සුබ ගොඩායි.. අපිට හුලං.. මෙව්ව ජාතික අපරාද ඕයී..,Harassment,0.9014
@USER හෙන ගහපන් තොගෙ කටට,හෙන ගහපන් තොගෙ කටට,Harassment,0.9731
හෙන ලොකු ලයින්..! අදාල ඒකිටම වෙදියන්..!,හෙන ලොකු ලයින්..! අදාල ඒකිටම වෙදියන්..!,Harassment,0.9341
@USER @USER  හෙන හතම වැදිය තොට. ආයේ හතක් වැදිය මැරුනාම,හෙන හතම වැදිය තොට. ආයේ හතක් වැදිය මැරුනාම,Harassment,0.9133
"හෙනගහන වැස්ස!   කට්ටකළුවර දෙබෑ කරන අකුණු කන් අඩිය කීංගාන ගෙරවිලි සරුවාංගේ පුරා දුවන හිරිගඩු  රස්නෙට ගුලිවෙන්න ඕන ඔය පපුවට හංගගන්න ඕන මූනම බෙල්ල බදාගන ඉතිං එහෙනම් අනේ හෙන ගගහා වැහැපුදෙන් මට මොකද, මගෙ හිතට හෙන ගහන්නැත්තන්. - සුළග -","හෙනගහන වැස්ස! කට්ටකළුවර දෙබෑ කරන අකුණු කන් අඩිය කීංගාන ගෙරවිලි සරුවාංගේ පුරා දුවන හිරිගඩු රස්නෙට ගුලිවෙන්න ඕන ඔය පපුවට හංගගන්න ඕන මූනම බෙල්ල බදාගන ඉතිං එහෙනම් අනේ හෙන ගගහා වැහැපුදෙන් මට මොකද, මගෙ හිතට හෙන ගහන්නැත්තන්. - සුළග -",Harassment,0.9395
@USER @USER  හෙනට ගොරව ගොරව වැස්සයි කියන්නෙ. එහා කාමරේ එකා අහනවා තෝ නිදා ගත්තද කෝමා එකකද හිටියේ කියලා. :D,හෙනට ගොරව ගොරව වැස්සයි කියන්නෙ. එහා කාමරේ එකා අහනවා තෝ නිදා ගත්තද කෝමා එකකද හිටියේ කියලා. ද,Harassment,0.9297
@USER @USER  හෙනම ගහපං! හෙනම ගහල හකුලෝලම පලයන්! @USER  @USER  @USER  @USER  @USER,හෙනම ගහපං! හෙනම ගහල හකුලෝලම පලයන්!,Harassment,0.9697
"හෙනම ගහපන්, අකුලෝලම පලයන්, කරපු එවුන්ටම වැදියන්...!!  #Report #Fake #Fb #Account URL","හෙනම ගහපන්, අකුලෝලම පලයන්, කරපු එවුන්ටම වැදියන්...!! #Report #Fake ෆ්බ් #Account උර්ල්",Harassment,0.9604
හෙනම ගහෆන්.මුන් වංගු වලම ඉන්නවනෙ හැන්ගිලා.ලබ්බ #ලංකාවෙඅපෙපොලිසිය,හෙනම ගහෆන්.මුන් වංගු වලම ඉන්නවනෙ හැන්ගිලා.ලබ්බ #ලංකාවෙඅපෙපොලිසිය,Harassment,0.9644
හෙයාර් ඩ්‍රයර් එකට පුක අල්ලලා වේල ගත්තා,හෙයාර් ඩ්‍රයර් එකට පුක අල්ලලා වේල ගත්තා,Harassment,0.9546
හෙලෝ කියටද තෝ ගෙදර එන්නේ -_- අපි දොරවල් වහලා නිදා ගන්නවා  තෝ අද එලියේ නිදාගනින්  -තාත්තා-,හෙලෝ කියටද තෝ ගෙදර එන්නේ -_- අපි දොරවල් වහලා නිදා ගන්නවා තෝ අද එලියේ නිදාගනින් -තාත්තා-,Harassment,0.9399
හේලෝ... හේලෝ...  කව්ද හු*_*තෝ අර අමරබංදු රූපසිංහ Bailatronic Track එක හදපු එකා?,හේලෝ... හේලෝ... කව්ද හු*_*තෝ අර අමරබංදු රූපසිංහ බෛලත්රොනික් Track එක හදපු එකා?,Harassment,0.9424
@USER  @USER හොක්ක තලන්නෙ හොක්ක හරිද දැනගනින් නවක පොන්නයා හිඟන බැල්ලිගෙ එකා පලයන් දැන් පුක වලලාගෙන මැරියන්,හොක්ක තලන්නෙ හොක්ක හරිද දැනගනින් නවක පොන්නයා හිඟන බැල්ලිගෙ එකා පලයන් දැන් පුක වලලාගෙන මැරියන්,Harassment,0.9868
හොනට් එපා උනා චැසි කොටලා ඔයිල් ලීක් වෙලා අතින් අතට ගිහින් නිකන් බඩුව වගේ..,හොනට් එපා උනා චැසි කොටලා ඔයිල් ලීක් වෙලා අතින් අතට ගිහින් නිකන් බඩුව වගේ..,Harassment,0.9458
හොඳ නෑ දෝෂ කාපන් සමපෝෂ නැත්තං උඹට වෙන්නේ හදාගන්න බෝවෙන රෝග අඳින්නේ උඹ රෝස අපි ඕවද ඩෝස ඔතන්නේ විසබීජ කොළඹ ක්ලෝරීන් උඹ බීලා කියපන් සොරි අපි ගන්න කලින් බිල්ල,හොඳ නෑ දෝෂ කාපන් සමපෝෂ නැත්තං උඹට වෙන්නේ හදාගන්න බෝවෙන රෝග අඳින්නේ උඹ රෝස අපි ඕවද ඩෝස ඔතන්නේ විසබීජ කොළඹ ක්ලෝරීන් උඹ බීලා කියපන් සොරි අපි ගන්න කලින් බිල්ල,Harassment,0.9531
"හොඳ ලැජ්ජ,බයට,ගෙදරට වෙලා හැදිච්ච කොල්ලොයි,හුත්ත නලලේ තියන් ඉන්න ගොන් වෙසියොයි ඉන්නවානම් දැන්මම අන්ෆෙන්ඩ් වෙන්න.. හා ද ඉතින් ..","හොඳ ලැජ්ජ,බයට,ගෙදරට වෙලා හැදිච්ච කොල්ලොයි,හුත්ත නලලේ තියන් ඉන්න ගොන් වෙසියොයි ඉන්නවානම් දැන්මම අන්ෆෙන්ඩ් වෙන්න.. හා ද ඉතින් ..",Harassment,0.9165
@USER හොඳට හිතහන් ඔය වෘකයා කියන එකාටත් මැක්කෙක් හරි කුඩෙල්ලෙක් හරි විද්දොත් හිකවෙන හිකවිල්ල ලේ බිලම තමා පස්ස බලන්නෙ,හොඳට හිතහන් ඔය වෘකයා කියන එකාටත් මැක්කෙක් හරි කුඩෙල්ලෙක් හරි විද්දොත් හිකවෙන හිකවිල්ල ලේ බිලම තමා පස්ස බලන්නෙ,Harassment,0.9658
හොඳම බඩුව කව්ද?  Djharris @USER  · 11 Jan බඩු ටික   @USER @USER @USER @USER @USER,හොඳම බඩුව කව්ද? ද්ජ්හර්රිස් · 11 ජන බඩු ටික,Harassment,0.9629
@USER හොඳා ෆේක් එකක් නිසා..එක ආදරණීය පියෙක්ට නැතුව 3 4 දෙනෙක් ට හරි බල්ලෙක් වගේ සතෙක්ට හරි දාව ජාතක උනාම මෙහෙම අවජාතක කතා කියන උදවිය බිහි වෙනව..සාධාරණයි..,හොඳා ෆේක් එකක් නිසා..එක ආදරණීය පියෙක්ට නැතුව 3 4 දෙනෙක් ට හරි බල්ලෙක් වගේ සතෙක්ට හරි දාව ජාතක උනාම මෙහෙම අවජාතක කතා කියන උදවිය බිහි වෙනව..සාධාරණයි..,Harassment,0.9194
@USER  @USER හොයල බැලුව අපිට ගොන් කණුවලු. බඩ පලයන් අරැණ,හොයල බැලුව අපිට ගොන් කණුවලු. බඩ පලයන් අරැණ,Harassment,0.9751
@USER  @USER    හොර හැත්ත. ඔහොම කරල මදි. ඇට දෙකෙං සීලිං ෆෑන්නෙකේ එල්ලන්න තබ්බෙ. එල්ලලා දෙකට දාලහෙමීට කරකවන්න ඕන,හොර හැත්ත. ඔහොම කරල මදි. ඇට දෙකෙං සීලිං ෆෑන්නෙකේ එල්ලන්න තබ්බෙ. එල්ලලා දෙකට දාලහෙමීට කරකවන්න ඕන,Harassment,0.9688
හොරනට වහිනව ෆ්‍රෙන්ස් වැස්සක් . . . ගේ ඇතුලෙ ඉඳන් හිටගෙන පුක හෝදතෑකි හිරිකඩෙන්,හොරනට වහිනව ෆ්‍රෙන්ස් වැස්සක් . . . ගේ ඇතුලෙ ඉඳන් හිටගෙන පුක හෝදතෑකි හිරිකඩෙන්,Harassment,0.9429
@USER හොරා : ඉයොවු ඉයොවු වරෙං එළියට  නිවැසියා : පුක සුදුද දන්නැ,හොරා : ඉයොවු ඉයොවු වරෙං එළියට නිවැසියා : පුක සුදුද දන්නැ,Harassment,0.9312
හොරාටත් ගහන්න හදපු බඩුව ඕකා  @USER,හොරාටත් ගහන්න හදපු බඩුව ඕකා,Harassment,0.9756
හොරෙන් space දාන්ඩ එපා කන්දේ හෙන ගහන්වා  @USER,හොරෙන් space දාන්ඩ එපා කන්දේ හෙන ගහන්වා,Harassment,0.9507
@USER හොල්ලන් අ ඒව විතරයි හම්බුනේ  . ඔක්කොම එක වගේ ඔක්කොම ඉස්සරහට ඇවිල්ල පුක හොල්ලව දැන්නම් පුක වල් ඇති වෙලා තියෙනෙ,හොල්ලන් අ ඒව විතරයි හම්බුනේ . ඔක්කොම එක වගේ ඔක්කොම ඉස්සරහට ඇවිල්ල පුක හොල්ලව දැන්නම් පුක වල් ඇති වෙලා තියෙනෙ,Harassment,0.9678
හොල්ලලා ගමන් යනකොට තම්දෙනක් තනම් රිද තන්.. තට්ටමෙන් කියයි මේකිගෙ ගාය කොයි තරන්.,හොල්ලලා ගමන් යනකොට තම්දෙනක් තනම් රිද තන්.. තට්ටමෙන් කියයි මේකිගෙ ගාය කොයි තරන්.,Harassment,0.9453
ළඟ ගෙදරක මල්ලී කෙනෙක් අක්කට : තෝ පට්ට හු%# හම ගහනවා දැන ගනිං. උන්ගේ අම්මා : ඔහොමද අක්කට කතා කරන්නේ ? (එපමණයි)  අපේ ගෙදර මල්ලී : පලයං යන්න ගොනී අපේ අම්මා : (කොස්සෙන් දෙකක් මල්ලීගේ කටට ඇණ) අයෙ ඔහොම කතා කරලා අහු උනොත් ඇහේ ඉඳං පට්ට ගහන්නේ,ළඟ ගෙදරක මල්ලී කෙනෙක් අක්කට : තෝ පට්ට හු%# හම ගහනවා දැන ගනිං. උන්ගේ අම්මා : ඔහොමද අක්කට කතා කරන්නේ ? (එපමණයි) අපේ ගෙදර මල්ලී : පලයං යන්න ගොනී අපේ අම්මා : (කොස්සෙන් දෙකක් මල්ලීගේ කටට ඇණ) අයෙ ඔහොම කතා කරලා අහු උනොත් ඇහේ ඉඳං පට්ට ගහන්නේ,Harassment,0.939
ළමයාගේ බෙල්ල ගැටගහලා ‘‘අම්මා‘‘ කියන නමත් කැත කරපු ගැහැණියක් දරුවාට බලු කෑම කන්න දීලා - Hiru Gossip URL,ළමයාගේ බෙල්ල ගැටගහලා ‘‘අම්මා‘‘ කියන නමත් කැත කරපු ගැහැණියක් දරුවාට බලු කෑම කන්න දීලා - හිරු Gossip උර්ල්,Harassment,0.9146
"ළමයි 2ක් ඉන්න අම්ම කෙනෙක්  මකරෙක් #PrayForSriLanka ♡ @USER  · 17 Jan 2021 , 95, 96 එවුන්ගේ crush ල ex ල හෝ ගාලා බඳිනවා ඇති නේද මේ අවුරුද්දේ","ළමයි 2ක් ඉන්න අම්ම කෙනෙක් මකරෙක් ප්‍රය්ෆොර්ස්රිලංකා ♡ · 17 ජන 2021 , 95, 96 එවුන්ගේ crush ල එෂ් ල හෝ ගාලා බඳිනවා ඇති නේද මේ අවුරුද්දේ",Harassment,0.9546
@USER ෆිල්ම් වල නං කටට කට තීල හුලං පිඹිනෝ ...නෙ,ෆිල්ම් වල නං කටට කට තීල හුලං පිඹිනෝ ...නෙ,Harassment,0.9106
Fill-T රටේම ගෑනුන්ට අරින්න ⁣වගේ ටෝක දෙන්නේ  උගේ ගෑණි(married) වෙන උන් එක්ක වටේ ගිහින් leak කරන්  ෆිලා දැන් සැපද??,ෆිල්ල්ට් රටේම ගෑනුන්ට අරින්න ⁣වගේ ටෝක දෙන්නේ උගේ ගෑණි(married) වෙන උන් එක්ක වටේ ගිහින් leak කරන් ෆිලා දැන් සැපද??,Harassment,0.9072
Fillti පුතේ මේ බලහං  සිංදුවනං මල් මසුරං  ඒත් ඒකෙ ගොන් බඩුනං  ඊට හොදයි දිය ලබු බං   උඩ ඇන්දේ ඇජෙස් කරං  එල්ලෙන ලොද මට්ටු කොරන්  පැද්දෙන වැල කූඩු කරං  කෞෂිගෙ තන් අර බලපං   අනේ උබෙ මලයාලං  ගුරුකං බල්ලට දාහං  එක සැරයක්... URL,ෆිල්ල්ටි පුතේ මේ බලහං සිංදුවනං මල් මසුරං ඒත් ඒකෙ ගොන් බඩුනං ඊට හොදයි දිය ලබු බං උඩ ඇන්දේ ඇජෙස් කරං එල්ලෙන ලොද මට්ටු කොරන් පැද්දෙන වැල කූඩු කරං කෞෂිගෙ තන් අර බලපං අනේ උබෙ මලයාලං ගුරුකං බල්ලට දාහං එක සැරයක්... උර්ල්,Harassment,0.979
"ෆීලිං ඕසම් විත් නිදා උන් මාව කාපු පත්තෑයා ඇන්ඩ් ත්‍රී අදර්ස් (අම්මා, තාත්තා සහ ලොකු මල්ලී) ඉස් ඇට් හෝම්  නෙදකිං මගේ පිට කෑ තෝ පත්තෑයෝ   මගේ වම් අතම පණ නෑ දැන්... ඒත් තෝව සදොස් කොට නිදහස් කරනවා මං තොට ලැබේවි දඬුවම් සොබා දහමින්... මට ඕන නෑ මගේ විපාක වැඩිකර ගන්න...","ෆීලිං ඕසම් විත් නිදා උන් මාව කාපු පත්තෑයා ඇන්ඩ් ත්‍රී අදර්ස් (අම්මා, තාත්තා සහ ලොකු මල්ලී) ඉස් ඇට් හෝම් නෙදකිං මගේ පිට කෑ තෝ පත්තෑයෝ මගේ වම් අතම පණ නෑ දැන්... ඒත් තෝව සදොස් කොට නිදහස් කරනවා මං තොට ලැබේවි දඬුවම් සොබා දහමින්... මට ඕන නෑ මගේ විපාක වැඩිකර ගන්න...",Harassment,0.9204
ෆේක් හදන් දගලපු කැ*යා තෝ ගිහින් අම්මගෙන් අහපන් අම්මගේ බඩින්ද ඉපදුනේ කියලා.,ෆේක් හදන් දගලපු කැ*යා තෝ ගිහින් අම්මගෙන් අහපන් අම්මගේ බඩින්ද ඉපදුනේ කියලා.,Harassment,0.9316
‌පුකේ අස්සේ ජේශ්ඨ උත්තමයොන්ගේ පොලු බස්ස ගන්න එකද උබ්ලැ වීර කම ..අලයෙක් වෙන එක ලොක සැපක් යකෝ එක එකාගේ පොලු බස්ස ගන්නේ නැතුව නොදකින් ඊයා යකෝ,‌පුකේ අස්සේ ජේශ්ඨ උත්තමයොන්ගේ පොලු බස්ස ගන්න එකද උබ්ලැ වීර කම ..අලයෙක් වෙන එක ලොක සැපක් යකෝ එක එකාගේ පොලු බස්ස ගන්නේ නැතුව නොදකින් ඊයා යකෝ,Harassment,0.9326
‘උඹ මහින්දගෙ පුක ලෙවකන එකා ගිහිල්ලා බැසිල්ගේ පුකත් ලෙවකාපන්’ – එස්.බි [Video] URL,‘උඹ මහින්දගෙ පුක ලෙවකන එකා ගිහිල්ලා බැසිල්ගේ පුකත් ලෙවකාපන්’ – එස්.බි [Video] උර්ල්,Harassment,0.9712
‘පොල්ලෙන් ගහල තෝ මරල මං හිරේ යනවා..’ අම්පිටියේ හිමි පුරා විද්‍යා නිලධාරීන්ට ගහන්න පන්නයි.. තවත් තිදෙනෙක් සිරකර ගනී.. URL,‘පොල්ලෙන් ගහල තෝ මරල මං හිරේ යනවා..’ අම්පිටියේ හිමි පුරා විද්‍යා නිලධාරීන්ට ගහන්න පන්නයි.. තවත් තිදෙනෙක් සිරකර ගනී.. උර්ල්,Harassment,0.9199
“අඩේ!!! ගොනෝ!!! මිනිහෝ!! පාත් වෙයං. උඹට වෙඩි වදියි!!” කවුද එකෙක් ගිරිය කඩං කෑගහනවා මලර්ට ඇහුණා. ඒත් මොන පිස්සුවක්ද! අපිට කවුද ගමේ වෙඩි තියන්නෙ? කියලා හිතන ගමන් මලර් ආපස්සට හැරිලා බැලුවා. “යකෝ!! මේ මොක්කුද වෙඩි තියාගන්නෙ?”  ගුහා සටන: දෙවැනි කොටස URL,“අඩේ!!! ගොනෝ!!! මිනිහෝ!! පාත් වෙයං. උඹට වෙඩි වදියි!!” කවුද එකෙක් ගිරිය කඩං කෑගහනවා මලර්ට ඇහුණා. ඒත් මොන පිස්සුවක්ද! අපිට කවුද ගමේ වෙඩි තියන්නෙ? කියලා හිතන ගමන් මලර් ආපස්සට හැරිලා බැලුවා. “යකෝ!! මේ මොක්කුද වෙඩි තියාගන්නෙ?” ගුහා සටන: දෙවැනි කොටස උර්ල්,Harassment,0.9668
"“ඇස්වහ, කටවහ සහ පුකේ අමාරු දුරු වේවා”","“ඇස්වහ, කටවහ සහ පුකේ අමාරු දුරු වේවා”",Harassment,0.9595
“උඹ සමාවෙන්න කියනෙ දැන්ද? දැන් හැදියං හරිය? ගහනවා නං රත්තරං මුද්දක් අතට දාපු එකෙක්ට ඕයි ගහන්නෙ හයියෝ හැමිනෙනවා... URL,“උඹ සමාවෙන්න කියනෙ දැන්ද? දැන් හැදියං හරිය? ගහනවා නං රත්තරං මුද්දක් අතට දාපු එකෙක්ට ඕයි ගහන්නෙ හයියෝ හැමිනෙනවා... උර්ල්,Harassment,0.9644
“පොහොට්‌ටුව අම්මෙක්‌ අප්පෙක් නැති අවජාතක පක්‌ෂයක්‌” – පා. ම. ආනන්ද අලුත්ගමගේ URL,“පොහොට්‌ටුව අම්මෙක්‌ අප්පෙක් නැති අවජාතක පක්‌ෂයක්‌” – පා. ම. ආනන්ද අලුත්ගමගේ උර්ල්,Harassment,0.9634
"⁣when උබ තනියම උයනකොට  you understand   why අම්ම හැමතිස්සේම screaming  යකෝ මේ හොද්ද හැදිගාගන්ඩ එකෙක් නැති හැටි, පොල් ටිකක් ගාල දිපීයව් දවස තිස්සෙම ඕක දිහා කට ඇරන් බලන් ඉන්නේ,  භාජනයක්වත් හෝදනවා වතුර කියන්නේ වහ නෙවේ  etc...","⁣when උබ තනියම උයනකොට you understand why අම්ම හැමතිස්සේම screaming යකෝ මේ හොද්ද හැදිගාගන්ඩ එකෙක් නැති හැටි, පොල් ටිකක් ගාල දිපීයව් දවස තිස්සෙම ඕක දිහා කට ඇරන් බලන් ඉන්නේ, භාජනයක්වත් හෝදනවා වතුර කියන්නේ වහ නෙවේ එත්ක",Harassment,0.9009
⁣පෞ ඒ අයියා... එකෙක්ට ගහන්න 10ක් ඇවිල්ලා  ගංජා කෙලලා කෙලලා මේ ඒසිගෙ පුතාලට හොදට පිස්සු,⁣පෞ ඒ අයියා... එකෙක්ට ගහන්න 10ක් ඇවිල්ලා ගංජා කෙලලා කෙලලා මේ ඒසිගෙ පුතාලට හොදට පිස්සු,Harassment,0.9307
"⁣සමහරක් ඉන්නව, උන් පැල කනවලු... කනව කනව කියල ලොව ලොව ඉන්න කොන්ද පන නැති මල් පොන්⁣නයෝ එනව මගේ ඇට තලල ඔම්ලට් දාන්ඩ. නොදකිං තූ ඒ වගේ රේනද අල්ලපු යට සායවල් අදින හැත්ත..","⁣සමහරක් ඉන්නව, උන් පැල කනවලු... කනව කනව කියල ලොව ලොව ඉන්න කොන්ද පන නැති මල් පොන්⁣නයෝ එනව මගේ ඇට තලල ඔම්ලට් දාන්ඩ. නොදකිං තූ ඒ වගේ රේනද අල්ලපු යට සායවල් අදින හැත්ත..",Harassment,0.9717
