comment,cleaned_text,confidence
ඒක යද්දි උඹලැයි අම්ම උඹට අඩ ගහල උඹව දීල බේසමක් ගත්තනං මෙහෙම වෙන් නෑ,ඒක යද්දි උඹලැයි අම්ම උඹට අඩ ගහල උඹව දීල බේසමක් ගත්තනං මෙහෙම වෙන් නෑ,0.8999
ඒ අස්සේ අර නාකි මනමාලයා බොරදියේ මාළු බානවා  කෙළි මඩුවකි ට්විටරය කැරකි කැරකි දෛවේ,ඒ අස්සේ අර නාකි මනමාලයා බොරදියේ මාළු බානවා කෙළි මඩුවකි ට්විටරය කැරකි කැරකි දෛවේ,0.8999
@USER උඹ වගේ ගොං ඇපලෙක් මෝඩ මැකෙක්.  #TalkLikeElection @USER  @USER  @USER  @USER,උඹ වගේ ගොං ඇපලෙක් මෝඩ මැකෙක්. තල්ක්ලිකෙඑලෙක්තිඔන්,0.8999
අර හැංගිලා හිටපු හම්සාගේ පයිය උරන ටොයියෝ ටික රෙදි ගලවන් පාටලීට කඩේ යනවා මේකේ! හොදට මීටර් කරන් අමතක වෙනවනම් screenshot ගහගනින!!   #lka #srilanka #lka,අර හැංගිලා හිටපු හම්සාගේ පයිය උරන ටොයියෝ ටික රෙදි ගලවන් පාටලීට කඩේ යනවා මේකේ! හොදට මීටර් කරන් අමතක වෙනවනම් ස්ච්රීන්ශෝට් ගහගනින!! ලක ශ්‍රීලංකා ලක,0.8999
@USER @USER  CA: මේ ගසේ බොහෝ පැණි දොඩම් තිබේ Thor: මං දෙන්නං මිටියෙන්. උඹ අල්ලපන් තැටිය  CA: හිමින් ගහපන්. දොඩම් තැලෙයි #TweepsAssemble,චා මේ ගසේ බොහෝ පැණි දොඩම් තිබේ තොර මං දෙන්නං මිටියෙන්. උඹ අල්ලපන් තැටිය චා හිමින් ගහපන්. දොඩම් තැලෙයි ට්වීප්සස්සෙම්බ්ලේ,0.8999
"අර ශර්මිනි ආන්ටිගේ ජාතකෙන් බිහිවෙච්ච තව එකෙක් ඉන්නවා දැක්කා, ජොබ් වලට කෙලින්න බලන් ඉන්න.   යකෝ අපි මේක දාන ඒවා දිරවන්නේ නැත්නම් unfollow කරලා, block කරපිය, ss ගගහා, චීත්ත වගේ හැමිනෙන්න හදන්නේ නැතුව. #SSUncle","අර ශර්මිනි ආන්ටිගේ ජාතකෙන් බිහිවෙච්ච තව එකෙක් ඉන්නවා දැක්කා, ජොබ් වලට කෙලින්න බලන් ඉන්න. යකෝ අපි මේක දාන ඒවා දිරවන්නේ නැත්නම් උන්ෆොල්ලොව් කරලා, block කරපිය, සස් ගගහා, චීත්ත වගේ හැමිනෙන්න හදන්නේ නැතුව. ස්සුන්ච්ලේ",0.8999
කොටින්ගෙ තඩි කොඩි පෙන්නෙ නැති උන් රවුම් කර කර බිගේඩියර්ගෙ අර පොඩි සිංහ කොඩිය පෙන්නනව කියහන්කො නොදකින් — feeling shame,කොටින්ගෙ තඩි කොඩි පෙන්නෙ නැති උන් රවුම් කර කර බිගේඩියර්ගෙ අර පොඩි සිංහ කොඩිය පෙන්නනව කියහන්කො නොදකින් — feeling shame,0.8999
"-මල්ලී, 32 කොල තීනවද??? -නෑනේ, නෑ, තියෙන්නේ 10,20,50,100,500,1000,5000 කොල තමයි...  -යකෝ, මං ඇහුවේ වැලි කොල උගුඩුවෝ... #SK","-මල්ලී, 32 කොල තීනවද??? -නෑනේ, නෑ, තියෙන්නේ 10,20,50,100,500,1000,5000 කොල තමයි... -යකෝ, මං ඇහුවේ වැලි කොල උගුඩුවෝ... ස්ක්",0.8999
වෙශාවිය  කීවට  කමක්  නැහැ  අතින්  අතට යන  වේසි -_- URL,වෙශාවිය කීවට කමක් නැහැ අතින් අතට යන වේසි -_- උර්ල්,0.8994
ඉස්කෝලෙ හැමදේම උගන්නන්නෙ බාගෙට. රීල සබන් දාල අත හෝදගන්න කීවට කවදද කියපල්ල පුක හෝදගන්න කියල කිවුවෙ ? @USER,ඉස්කෝලෙ හැමදේම උගන්නන්නෙ බාගෙට. රීල සබන් දාල අත හෝදගන්න කීවට කවදද කියපල්ල පුක හෝදගන්න කියල කිවුවෙ ?,0.8994
"රට ගණන්ගනීද ඉත්තෑවො ලෝකයා, තෝ වගේ තට්ට හොරුන්ට ඒ රටේ අපි තාම වඳිත්දි.","රට ගණන්ගනීද ඉත්තෑවො ලෝකයා, තෝ වගේ තට්ට හොරුන්ට ඒ රටේ අපි තාම වඳිත්දි.",0.8994
පොශ් කට්ටිය කඩ්ඩෙන් fucking කියන්වා හැදිච්ච සිංහල ළමයි තරු දාලා හු*න කියලා ලියන්වා ඔය අතරේ අපි වගේ මිනිස්සු සිංහලෙන් හුකන කියලා ලිව්වොත් අනික් මිනිස්සු කියනවා අපෝ නැහැදිච්ච ගොඩේ වනචර හැත්ත කියලා.   ෆකින් ලොජික්ස් Ranuka® @USER  · 21 Oct 2018 මම මේ හු*න ජීවිතයට වෛර කරනවා  Show this thread,පොශ් කට්ටිය කඩ්ඩෙන් ෆුච්කින්ග් කියන්වා හැදිච්ච සිංහල ළමයි තරු දාලා හු*න කියලා ලියන්වා ඔය අතරේ අපි වගේ මිනිස්සු සිංහලෙන් හුකන කියලා ලිව්වොත් අනික් මිනිස්සු කියනවා අපෝ නැහැදිච්ච ගොඩේ වනචර හැත්ත කියලා. ෆකින් ලොජික්ස් රනුක · 21 ඔච්ට් 2018 මම මේ හු*න ජීවිතයට වෛර කරනවා Show this thread,0.8994
@USER  @USER බලන හැට්ට කරක් බලාගත්තානං කට පුක වහගෙන යන දිල්ලියක මකබෑවිලා පලකෝ.   තනේ එල්ලිලා නෙවේද කිරි බීවේ ඕකේ අමුතු විජ්ජාවක් පේන්ඩ? බුරුල්ලෙන්ද බීවේ?,බලන හැට්ට කරක් බලාගත්තානං කට පුක වහගෙන යන දිල්ලියක මකබෑවිලා පලකෝ. තනේ එල්ලිලා නෙවේද කිරි බීවේ ඕකේ අමුතු විජ්ජාවක් පේන්ඩ? බුරුල්ලෙන්ද බීවේ?,0.8994
@USER  @USER    හා උඹ දැන් චන්ඩියෙකුත් වෙලාදා. අනේ රිලවෝ ගෑනුන්ගේ හෙලුවෙන් ජනප්‍රිය වෙලා සල්ලි වලට වේස කමේ යන තෝත් ගණිකාවක් තමයි!,හා උඹ දැන් චන්ඩියෙකුත් වෙලාදා. අනේ රිලවෝ ගෑනුන්ගේ හෙලුවෙන් ජනප්‍රිය වෙලා සල්ලි වලට වේස කමේ යන තෝත් ගණිකාවක් තමයි!,0.8994
@USER උලමාගෙ ඇට තලන්න ඕන,උලමාගෙ ඇට තලන්න ඕන,0.8994
ඇයි අල්ලපු ගෙදර බැල්ලි බඩ වෙලාද? URL This Tweet is unavailable.,ඇයි අල්ලපු ගෙදර බැල්ලි බඩ වෙලාද? උර්ල් This Tweet ඉස unavailable.,0.8994
යකෝ අලි ගහනකොට ළමයි වදන අපට උන් ලොකුද නංගි..  #තණමල්විලකොල්ලෙක්,යකෝ අලි ගහනකොට ළමයි වදන අපට උන් ලොකුද නංගි.. #තණමල්විලකොල්ලෙක්,0.8994
@USER ක්‍රිකට් කාපු සුමතිට හෙන ගහපන් ඔකෙ ඇතුලේ ඉන්න ඔකාට කඩේ යන උන්ගේ ලමයිට පරම්පරාවලට පොතු කබර වසුරිය හැදිලා පාරේ බල්ලො බලලු වගේ මැරිලා පලයන්. තූ තොපිලා ඔක්කොම එකතුවෙලා අපි පොඩි කාලේ ඉදලා අදරේ කරපු ක්‍රිඩාව නැති කරලා දැම්මා. වෙස බල්ලො.,ක්‍රිකට් කාපු සුමතිට හෙන ගහපන් ඔකෙ ඇතුලේ ඉන්න ඔකාට කඩේ යන උන්ගේ ලමයිට පරම්පරාවලට පොතු කබර වසුරිය හැදිලා පාරේ බල්ලො බලලු වගේ මැරිලා පලයන්. තූ තොපිලා ඔක්කොම එකතුවෙලා අපි පොඩි කාලේ ඉදලා අදරේ කරපු ක්‍රිඩාව නැති කරලා දැම්මා. වෙස බල්ලො.,0.8994
පස්ස හැරිල උඹ මොකද ඔය ගල දිහාද බලන්නෙ  #TCLSLමඩ,පස්ස හැරිල උඹ මොකද ඔය ගල දිහාද බලන්නෙ #TCLSLමඩ,0.8989
ඇපල්  මහලොකු පළතුර මට නම් තෝ පේන්න බෑ  ආදම් ඒව තෝව කාලා  අපිව ඉපැද්දුවා ඉමක් නැති දුක් සසරෙ ගිල්ලුවා නිවුටනයගේ ඔලුවට පතබෑවෙලා  ඉගෙනීමත් එපා කරා  අනේ මං හිතුවේ ඉවරයි කියලා  ස්ටීව් ජොබාගේ ඔලුවට වැහිලා  ඇපල් ෆෝන් හදලා මාව කාලම දැම්මා මාව හිඟන්නෙක් කරා පණුවොම කාපිය තෝව!  Source FB,ඇපල් මහලොකු පළතුර මට නම් තෝ පේන්න බෑ ආදම් ඒව තෝව කාලා අපිව ඉපැද්දුවා ඉමක් නැති දුක් සසරෙ ගිල්ලුවා නිවුටනයගේ ඔලුවට පතබෑවෙලා ඉගෙනීමත් එපා කරා අනේ මං හිතුවේ ඉවරයි කියලා ස්ටීව් ජොබාගේ ඔලුවට වැහිලා ඇපල් ෆෝන් හදලා මාව කාලම දැම්මා මාව හිඟන්නෙක් කරා පණුවොම කාපිය තෝව! Source ෆ්බ්,0.8989
@USER  @USER වයි පයිය තමා ඉතිං ...,වයි පයිය තමා ඉතිං ...,0.8989
ලොකු line බලන්නයි chat කරන්න දෙකක් කරන්න බැ. එක්කෝ ලොකු line පැතකින් තියල chat කරහන් නාතන් chat නොකර ඉදහන් — feeling රෙද්ද,ලොකු line බලන්නයි chat කරන්න දෙකක් කරන්න බැ. එක්කෝ ලොකු line පැතකින් තියල chat කරහන් නාතන් chat නොකර ඉදහන් — feeling රෙද්ද,0.8989
@USER @USER  තෝ කවදා හරි දවසක එයිනේ ළමයෙකුත් වඩාගෙන? එදාට කපනවා ළකුණු බෝංචි කපනවා වගේ,තෝ කවදා හරි දවසක එයිනේ ළමයෙකුත් වඩාගෙන? එදාට කපනවා ළකුණු බෝංචි කපනවා වගේ,0.8989
"උයන්නම ඕනිද, ඇයි කඩවල් තියෙන්නේ කන්න ගෙදරට කෙල්ලෙක් ව මැරි කරලා ගේන්නෙ කුස්සි අම්ම කරන්න ද , කනව නම් කාපුවාදෙන් කියල අපිට පුලුවන් විදියට තමා උයන්නේ.. මම නම් උයන්නේම නෑ ඉස්සරත්, දැනුත්... උදේට අම්ම ගෙනත් දෙනවා වෑංජන . රයිස් කුකර් එකේ බත් එක ගහනව, දවල්ටයි රෑටයි p&s එකෙන්...","උයන්නම ඕනිද, ඇයි කඩවල් තියෙන්නේ කන්න ගෙදරට කෙල්ලෙක් ව මැරි කරලා ගේන්නෙ කුස්සි අම්ම කරන්න ද , කනව නම් කාපුවාදෙන් කියල අපිට පුලුවන් විදියට තමා උයන්නේ.. මම නම් උයන්නේම නෑ ඉස්සරත්, දැනුත්... උදේට අම්ම ගෙනත් දෙනවා වෑංජන . රයිස් කුකර් එකේ බත් එක ගහනව, දවල්ටයි රෑටයි පස් එකෙන්...",0.8989
"Twitter Family, Twitter Family කියලා ට්වීට් දාන්න එපා බං. පුකෙන් හිනා යන්නේ..  උඹ සතියක් පේන්න නැති වෙච්ච ගමන් උඹේ ඔය පැමිලි එකේ උන් උඹව හලනවා යකෝ. මෝඩ නොවී තමන්ගේ තැන හදාගනින්","Twitter Family, Twitter Family කියලා ට්වීට් දාන්න එපා බං. පුකෙන් හිනා යන්නේ.. උඹ සතියක් පේන්න නැති වෙච්ච ගමන් උඹේ ඔය පැමිලි එකේ උන් උඹව හලනවා යකෝ. මෝඩ නොවී තමන්ගේ තැන හදාගනින්",0.8989
"@USER උබලා වගේ රෙද්ද නැතුව පුක දුන්නාම රට යවපු නිසා unp/jvp එකට කඩේ කඩේ ගියාට නම් කඩේ යන්න පුකේ අමාරුවක් නෑ! උබලා වගේ හුජ්ජ කොල්ලෝ කඩේ යන හැටි දැකලා මාර ආතල්!   සල්ලි වලට පුකේ, ගෑනිගේ ඉදන් ආත්මෙටම විකුනන උබලා, රන්ජන්ලා වගේ මානසිකත්වේ නෙමේ ඉන්නේ!   #lka #srilanka #AneyHuke","උබලා වගේ රෙද්ද නැතුව පුක දුන්නාම රට යවපු නිසා උන්ප්ජ්ව්ප් එකට කඩේ කඩේ ගියාට නම් කඩේ යන්න පුකේ අමාරුවක් නෑ! උබලා වගේ හුජ්ජ කොල්ලෝ කඩේ යන හැටි දැකලා මාර ආතල්! සල්ලි වලට පුකේ, ගෑනිගේ ඉදන් ආත්මෙටම විකුනන උබලා, රන්ජන්ලා වගේ මානසිකත්වේ නෙමේ ඉන්නේ! ලක ශ්‍රීලංකා අනෙය්හුකේ",0.8989
මොකක්ද යකෝ රත්තට උනේ එක පාරම? රත්තා @USER  · 17 Apr 2020 Cake is ready babes,මොකක්ද යකෝ රත්තට උනේ එක පාරම? රත්තා · 17 අප‍ 2020 Cake ඉස ready බබෙස්,0.8989
@USER ඒ උඹ ආතල් බං. මම මේ ගුලියක් ගෙනාවා. දැන් ඒක පැත්තක දාලා උඹට tweet කරනවා. ගුලි වගේද උඹ,ඒ උඹ ආතල් බං. මම මේ ගුලියක් ගෙනාවා. දැන් ඒක පැත්තක දාලා උඹට tweet කරනවා. ගුලි වගේද උඹ,0.8989
"@USER උබලා වගේ රෙද්ද නැතුව පුක දුන්නාම රට යවපු නිසා unp/jvp එකට කඩේ කඩේ ගියාට නම් කඩේ යන්න පුකේ අමාරුවක් නෑ! උබලා වගේ හුජ්ජ කොල්ලෝ කඩේ යන හැටි දැකලා මාර ආතල්!   සල්ලි වලට පුකේ, ගෑනිගේ ඉදන් ආත්මෙටම විකුනන උබලා, රන්ජන්ලා වගේ මානසිකත්වේ නෙමේ ඉන්නේ!   සනාගේඑක leak කරේ උබ නේ?","උබලා වගේ රෙද්ද නැතුව පුක දුන්නාම රට යවපු නිසා උන්ප්ජ්ව්ප් එකට කඩේ කඩේ ගියාට නම් කඩේ යන්න පුකේ අමාරුවක් නෑ! උබලා වගේ හුජ්ජ කොල්ලෝ කඩේ යන හැටි දැකලා මාර ආතල්! සල්ලි වලට පුකේ, ගෑනිගේ ඉදන් ආත්මෙටම විකුනන උබලා, රන්ජන්ලා වගේ මානසිකත්වේ නෙමේ ඉන්නේ! සනාගේඑක leak කරේ උබ නේ?",0.8989
ඔන්න ඔය වේසිගෙ පුතාව byte කරපන්..පොන්න බල්ල ඕකව එක්කො රිපෝට් කරල දාන්න,ඔන්න ඔය වේසිගෙ පුතාව බ්ය්ටේ කරපන්..පොන්න බල්ල ඕකව එක්කො රිපෝට් කරල දාන්න,0.8989
කලිසම ඉරුනට හරියට ඒක පේන්නෑ අම්ම හොදට මහල දුන්න ඒකට බය නෑ. උඩ බොත්තමෙ ගහල තියෙන කටුව පේන්නෑ. සෙරෙප්පු දෙක හොදට ගෙවිල දැක්කොත් හරි නෑ #sajje,කලිසම ඉරුනට හරියට ඒක පේන්නෑ අම්ම හොදට මහල දුන්න ඒකට බය නෑ. උඩ බොත්තමෙ ගහල තියෙන කටුව පේන්නෑ. සෙරෙප්පු දෙක හොදට ගෙවිල දැක්කොත් හරි නෑ සාජ්ජේ,0.8989
@USER @USER  මම බොන්නේ නැති එකේ ලමයි බොයිද බොල කොත්තමල්ලි :-P,මම බොන්නේ නැති එකේ ලමයි බොයිද බොල කොත්තමල්ලි ප්,0.8989
"Safety first! 󾟳  󾟳   රෙද්ද තමයි! :) මේක දාගෙන ඇවිදින්න , අම්මට කියලා තව බත් පිඟානක්ම කවා ගන්න වෙනවා!... URL","Safety first! 󾟳 󾟳 රෙද්ද තමයි! :) මේක දාගෙන ඇවිදින්න , අම්මට කියලා තව බත් පිඟානක්ම කවා ගන්න වෙනවා!... උර්ල්",0.8989
එදා මෙහෙම වෙයි කියලා කියද්දී  අවජාතක UNP කාරයෝ අපිට හිනා වුණා  අද පොලියට වෙඩි තියද්දි  කපලා… URL,එදා මෙහෙම වෙයි කියලා කියද්දී අවජාතක උන්ප් කාරයෝ අපිට හිනා වුණා අද පොලියට වෙඩි තියද්දි කපලා… උර්ල්,0.8989
"ඉස්සරහින් ගියත් මීයෙක්ව අල්ලන්න පයින්නේ නැති පූසා, මේ කොහෙවත් ඉන්න පූසියෙක්ට ඌ වගේ දෙකක් විතර සයිස් පූසෙක් එක්ක බර පොරේ. මූව මරලත් මදිනේ යකෝ","ඉස්සරහින් ගියත් මීයෙක්ව අල්ලන්න පයින්නේ නැති පූසා, මේ කොහෙවත් ඉන්න පූසියෙක්ට ඌ වගේ දෙකක් විතර සයිස් පූසෙක් එක්ක බර පොරේ. මූව මරලත් මදිනේ යකෝ",0.8984
"ඉතින් ඔය වට්ටක්කා කැකිරි වැල්.. බිම දිගේ නැතිව ගස් දිගේ ගිහිල්ලායෑ ගෙඩි හැදෙන්නේ ..  ඉස්සිල්ලා කියාපිය තෝ වට්ටක්කා වැලක්ද කැකිරි වැලක්ද..? බොල ඊරියේ.. වට්ටක්කා කැකිරි වැල්වලට දහපදුරාවේ ගිහින් ගෙඩි හදන්න පුළුවන් වුනාට  ගෑණු අපිට එහෙම බෑ.. . .                     ""පතිබ්බතා""....","ඉතින් ඔය වට්ටක්කා කැකිරි වැල්.. බිම දිගේ නැතිව ගස් දිගේ ගිහිල්ලායෑ ගෙඩි හැදෙන්නේ .. ඉස්සිල්ලා කියාපිය තෝ වට්ටක්කා වැලක්ද කැකිරි වැලක්ද..? බොල ඊරියේ.. වට්ටක්කා කැකිරි වැල්වලට දහපදුරාවේ ගිහින් ගෙඩි හදන්න පුළුවන් වුනාට ගෑණු අපිට එහෙම බෑ.. . . ""පතිබ්බතා""....",0.8984
මේකාට දුකයිලු.මුස්ලිම් ජනතාව කලකිරිලලු.මෙහෙම ගියොත් ලොකු ප්‍රස්නයක් වෙයිලු.පොලිසිය බනිනවලු.හමුදාාව පයින් ගහනවලු.පල්ලියට බල්ලො අරන් යනවලු.                 ඈ පොන්න බල්ලො තොට අමතක උනාද කතෝලිකයන්ට පල්ලි නැතිකල වග.පල්ලි ලේ වලින් තෙත්කල වග..කි දෙනෙක් මැරැන වග..තොපෙ පල්ලිය විතරද පල්ලි,මේකාට දුකයිලු.මුස්ලිම් ජනතාව කලකිරිලලු.මෙහෙම ගියොත් ලොකු ප්‍රස්නයක් වෙයිලු.පොලිසිය බනිනවලු.හමුදාාව පයින් ගහනවලු.පල්ලියට බල්ලො අරන් යනවලු. ඈ පොන්න බල්ලො තොට අමතක උනාද කතෝලිකයන්ට පල්ලි නැතිකල වග.පල්ලි ලේ වලින් තෙත්කල වග..කි දෙනෙක් මැරැන වග..තොපෙ පල්ලිය විතරද පල්ලි,0.8984
"ආ කවුද දන්නැ හිලට දාලා වෙඩි තියන්න කිව්වෙ..දැන් සාලෙ මැද්දෙ තඩි හිලක්..! ZNAK™ @USER  · 5 Jan ""මේ ගෑනියේ උඹේ ඔය බලු කතාව නවත්තගනින්""","ආ කවුද දන්නැ හිලට දාලා වෙඩි තියන්න කිව්වෙ..දැන් සාලෙ මැද්දෙ තඩි හිලක්..! ළ්නක් · 5 ජන ""මේ ගෑනියේ උඹේ ඔය බලු කතාව නවත්තගනින්""",0.8984
"@USER @USER  @USER  හෙණ ගහල අකුලෝල පලයන්, මොන AIDS ද යකෝ කොහේ තියන Aids එකක් ද හු#^*%£පුතෝ","හෙණ ගහල අකුලෝල පලයන්, මොන ඓඩ්ස් ද යකෝ කොහේ තියන ඓඩ්ස් එකක් ද හු#^*%£පුතෝ",0.8984
වටේ පුක දිලා පුක ලොද කරගෙන හුතු සෙවල වටේ කැරකෙන අබ්බගාත ඇඹලයා දෙකට නැවිලා පක හපන් මැරියන් ඒක සැපයි බල්ලො ගහනවට වඩා කෝ ඇවිත් කොටපන් ගැම්මට,වටේ පුක දිලා පුක ලොද කරගෙන හුතු සෙවල වටේ කැරකෙන අබ්බගාත ඇඹලයා දෙකට නැවිලා පක හපන් මැරියන් ඒක සැපයි බල්ලො ගහනවට වඩා කෝ ඇවිත් කොටපන් ගැම්මට,0.8984
පුක කියලා දැම්මොත් පුක ඒක රී ටුවීට් කරනවා ඕන පුකක් පුක.....,පුක කියලා දැම්මොත් පුක ඒක රී ටුවීට් කරනවා ඕන පුකක් පුක.....,0.8984
ඇයි යකෝ අර සුනන්දයගෙ තාත්තට සරමෙ පිහදාගන්න බැරි උනේ? මාළු නටනව ඌ දාන එව්ව දැක්කම.,ඇයි යකෝ අර සුනන්දයගෙ තාත්තට සරමෙ පිහදාගන්න බැරි උනේ? මාළු නටනව ඌ දාන එව්ව දැක්කම.,0.8984
"@USER  @USER    මුට පුකේ  චූ කරලා සින්දුවක් ලියල පාඩුවෙ හිටපන්, අය්යේ  One more thing, රජ්ජුරුවන්ගෙ පස්ස හෝදන එකාට කියන සිංහල නම දන්නවද? එයට කියන්නෙ සට්ටන්රාල කියලා#එලඑලඑල","මුට පුකේ චූ කරලා සින්දුවක් ලියල පාඩුවෙ හිටපන්, අය්යේ One more thing, රජ්ජුරුවන්ගෙ පස්ස හෝදන එකාට කියන සිංහල නම දන්නවද? එයට කියන්නෙ සට්ටන්රාල කියලා#එලඑලඑල",0.8984
අපි ගෘප් එකේ පුක කියන උංගේ පුක කමු,අපි ගෘප් එකේ පුක කියන උංගේ පුක කමු,0.8984
@USER ඇත්ත නංගි.කාව උනත් විශ්වාසයි කියල හිතල පොඩි ලමයි තනියම තියල යන්න හොද නෑ.තමංගෙ අම්ම හැරෙන්න.,ඇත්ත නංගි.කාව උනත් විශ්වාසයි කියල හිතල පොඩි ලමයි තනියම තියල යන්න හොද නෑ.තමංගෙ අම්ම හැරෙන්න.,0.8984
"@USER මේක ගෑණු පිරිමි ප්‍රශ්ණයක් නොවෙයී, බලය හැසිරවීම නොදන්නා කම පිලිබඳ ප්‍රශ්ණයක්. පොඩිකාලේදී, පුක හෝදන්න කියලා දෙනවා සේ, බලය නිසි ලෙස හැසිරවන හැටිත් ලමයීට කියලා දෙන්න ඕනේ.","මේක ගෑණු පිරිමි ප්‍රශ්ණයක් නොවෙයී, බලය හැසිරවීම නොදන්නා කම පිලිබඳ ප්‍රශ්ණයක්. පොඩිකාලේදී, පුක හෝදන්න කියලා දෙනවා සේ, බලය නිසි ලෙස හැසිරවන හැටිත් ලමයීට කියලා දෙන්න ඕනේ.",0.8984
"පක = ගෙඩිය,ඵලය වේලිච්ච වට්ටක්කා ගෙඩිය වගේ  = වේලිච්ච වට්ටක්කා පක වගේ  #පකයා ගිය දුර කිව්වලු...    #lka facebook.com Lokaya saha Lokayo on Facebook Watch තවත් මේ වගේ දේවල් බලන්න එන්න >> ╔═.. ═════════════════════════╗ _fb.com/lokayasahalokayo | ලෝකය සහ ලෝකයෝ_ ╚══════.. ════════════════════╝","පක = ගෙඩිය,ඵලය වේලිච්ච වට්ටක්කා ගෙඩිය වගේ = වේලිච්ච වට්ටක්කා පක වගේ #පකයා ගිය දුර කිව්වලු... ලක ඵචෙබූක්චොම් ලෝකය සහ ලෝකයෝ ඕන ඵචෙබූක් Watch තවත් මේ වගේ දේවල් බලන්න එන්න >> ╔═.. ═════════════════════════╗ _fb.com/lokayasahalokayo | ලෝකය සහ ලෝකයෝ_ ╚══════.. ════════════════════╝",0.8984
@USER  @USER හරියටම හරි. පොන්න දසයෝ අඳුනාගන්නේ එහෙම තමයි,හරියටම හරි. පොන්න දසයෝ අඳුනාගන්නේ එහෙම තමයි,0.8979
@USER  @USER ගෙරි තම්බියා තම්බියාමයි...ඒ උන්ට උදව් කරන අවජාතක කලුසුද්දො ඉන්නවා ජීවත සල්ලි කියල හිතන....උන්ට පුලුවන් උන්ගෙ ගෑණු ලමයිත් මුදල් කරන්න....මේ රටට උන් මහ පිලිලයක්...ඔවුන් වදවෙලා යන්න ඕන,ගෙරි තම්බියා තම්බියාමයි...ඒ උන්ට උදව් කරන අවජාතක කලුසුද්දො ඉන්නවා ජීවත සල්ලි කියල හිතන....උන්ට පුලුවන් උන්ගෙ ගෑණු ලමයිත් මුදල් කරන්න....මේ රටට උන් මහ පිලිලයක්...ඔවුන් වදවෙලා යන්න ඕන,0.8979
උඹටත් හිටියද   එක්කෙනෙක් මදිවෙලා තව අය හොයාගෙන වටේගිය   වේස කුලප්පුව හැදුන තාවකාලික හෝන්තුවක් !!!,උඹටත් හිටියද එක්කෙනෙක් මදිවෙලා තව අය හොයාගෙන වටේගිය වේස කුලප්පුව හැදුන තාවකාලික හෝන්තුවක් !!!,0.8979
"@USER @USER  ඈ බං, මොකෙක් හරි විහිලුවක්  කරාම තොට බඩ යනවද? හැම මගුලකටම ""අම්මේ බඩ"" ගාන්නේ? බීපං අසමෝධගම් වීදුරුවක්.","ඈ බං, මොකෙක් හරි විහිලුවක් කරාම තොට බඩ යනවද? හැම මගුලකටම ""අම්මේ බඩ"" ගාන්නේ? බීපං අසමෝධගම් වීදුරුවක්.",0.8979
@USER අලි ගල් පුරවරේටම ආඩම්බරයක් එකෙක් ගල විදගත්ත එකෙක් අනෙකා ගල් කපන් එකෙක්,අලි ගල් පුරවරේටම ආඩම්බරයක් එකෙක් ගල විදගත්ත එකෙක් අනෙකා ගල් කපන් එකෙක්,0.8979
තෝ කොහෙද ඉන්නේ? තෝව කොන්ටක්ට් කරගන්න බෑනේ. ලබන මාසේ ගමනක් යන්න හඩන්නේ,තෝ කොහෙද ඉන්නේ? තෝව කොන්ටක්ට් කරගන්න බෑනේ. ලබන මාසේ ගමනක් යන්න හඩන්නේ,0.8979
එකෙක් fb එකේ කියනවා ආරිය සිංහල නම් ලමයි 5 ක් හදනවා කියලා පොරොන්දු වෙන්නලු .. යකෝ ඇද පුටු මේස එක්කද ලමයි හදන්නේ ??,එකෙක් ෆ්බ් එකේ කියනවා ආරිය සිංහල නම් ලමයි 5 ක් හදනවා කියලා පොරොන්දු වෙන්නලු .. යකෝ ඇද පුටු මේස එක්කද ලමයි හදන්නේ ??,0.8979
විස්ව සාලුකට දීලා ආයේ කට පුක වෙන්න  හම්මෝ,විස්ව සාලුකට දීලා ආයේ කට පුක වෙන්න හම්මෝ,0.8979
@USER  @USER ඉතින් ඇයි බං ඕක ඒවෙලේ කිව්වෙ නැත්තෙ. ගෝඨා නැතුව වෙන එකෙක් ඡන්දෙ ඉල්ලුවනං අද ගෝඨගෙ නම වෙනුවට ඔතෙන්ට දාන්නෙ ඒ මනුස්සයගෙ නමනේ. දේශපාලන වහල් පොන්න වේස කැරි හුකන කතා කියන්නෙපා හුත්තිගෙ කොල්ලෝ හුකන්න බෝම්බ ගහපු වෙලේ එක පකයෙක් හා හූ නෑ අන්තිමට ඡන්දයක් ළංවුණාම ජංගිය අස්සෙ තියෙන ඇට 1/2,ඉතින් ඇයි බං ඕක ඒවෙලේ කිව්වෙ නැත්තෙ. ගෝඨා නැතුව වෙන එකෙක් ඡන්දෙ ඉල්ලුවනං අද ගෝඨගෙ නම වෙනුවට ඔතෙන්ට දාන්නෙ ඒ මනුස්සයගෙ නමනේ. දේශපාලන වහල් පොන්න වේස කැරි හුකන කතා කියන්නෙපා හුත්තිගෙ කොල්ලෝ හුකන්න බෝම්බ ගහපු වෙලේ එක පකයෙක් හා හූ නෑ අන්තිමට ඡන්දයක් ළංවුණාම ජංගිය අස්සෙ තියෙන ඇට 1/2,0.8979
උඹලගෙ අම්මලටත් පුළුවන්ලුද බ්‍රෝ උඹ වගේ එකෙක්/එකියක් පොල් පිත්තකින් උනත් කපා ගන්න...  අපේ අම්මටනං ඔය පුළුවන් කියන්නෙ.....,උඹලගෙ අම්මලටත් පුළුවන්ලුද බ්‍රෝ උඹ වගේ එකෙක්/එකියක් පොල් පිත්තකින් උනත් කපා ගන්න... අපේ අම්මටනං ඔය පුළුවන් කියන්නෙ.....,0.8975
"@USER අනේ මේ උඹලට කුකුලා කන්න පුලුවන් ,ඌරා කන්න පුළුවන් ,හරකා කන්න පුළුවන් ..මේ පොඩි පනුවෙක් හිටියම තමා අමාරු ..","අනේ මේ උඹලට කුකුලා කන්න පුලුවන් ,ඌරා කන්න පුළුවන් ,හරකා කන්න පුළුවන් ..මේ පොඩි පනුවෙක් හිටියම තමා අමාරු ..",0.8975
That guy in every group: අඩෝ මොකද්ද බං lift banD lift banD කියලා කියා කියා ඉන්නේ ඒක උස්සන්ඩ එච්චර අමාරු ද බං ?? ඕකත් හමුදාව දාලා උස්සන්ඩ බැරි වෙයිද  #SocialMediaBan #SriLanka,That guy ඉන් every group: අඩෝ මොකද්ද බං lift banD lift banD කියලා කියා කියා ඉන්නේ ඒක උස්සන්ඩ එච්චර අමාරු ද බං ?? ඕකත් හමුදාව දාලා උස්සන්ඩ බැරි වෙයිද සොකිඅල්මෙදිඅබං ශ්‍රීලංකා,0.8975
අම්ම එපා කිව්ව කියල කෙල්ලව අත අරින පිරිමින්ට කියන්නේ.. උබ කෙල්ලව ඉම්බෙත් අම්මගෙන් අහලද.. — feeling upset,අම්ම එපා කිව්ව කියල කෙල්ලව අත අරින පිරිමින්ට කියන්නේ.. උබ කෙල්ලව ඉම්බෙත් අම්මගෙන් අහලද.. — feeling upset,0.8975
උකුලේ තියන් නලවා පෙව්වා කිරි බෝතල් ගණන් දන්නෑ තෝ පෙව්වේ හැපින්නක බවක්... රිංගා සරම අස්සට ඒ හැපින්නියත් කෑවා කෑවා කියයි තෝ මූනට කෙල ගහන්..   #SS,උකුලේ තියන් නලවා පෙව්වා කිරි බෝතල් ගණන් දන්නෑ තෝ පෙව්වේ හැපින්නක බවක්... රිංගා සරම අස්සට ඒ හැපින්නියත් කෑවා කෑවා කියයි තෝ මූනට කෙල ගහන්.. සස්,0.8975
"""අන්තිමට කොහෙද යකෝ නවයක් තියෙන්නෙ? තෝ ගංජා ගහලද ඉන්නෙ?? දීපන් ළමයෙකුට ඔය ෆෝන් එක!! ""","""අන්තිමට කොහෙද යකෝ නවයක් තියෙන්නෙ? තෝ ගංජා ගහලද ඉන්නෙ?? දීපන් ළමයෙකුට ඔය ෆෝන් එක!! """,0.8975
"වෙන එකෙක්ගෙ සරුංගලයක් අපේ ගෙදෙට්ට කඩාගෙන ආවම සෙනිකව ගිහින් එක ඇද යටට දාගෙන,හොයන්න ආවම  දන්නේ නැ වගේ හිටිය හෙන කුප්ප අතීතයක් මටත් තිබ්බ","වෙන එකෙක්ගෙ සරුංගලයක් අපේ ගෙදෙට්ට කඩාගෙන ආවම සෙනිකව ගිහින් එක ඇද යටට දාගෙන,හොයන්න ආවම දන්නේ නැ වගේ හිටිය හෙන කුප්ප අතීතයක් මටත් තිබ්බ",0.8975
@USER ඉතිං බං කන්න දෙයක් නැත්තන් අපි ලෙව කන්නේ නැති එකේ ඔය හාමුගේ පුක උඹවත් ලේවකාපන්කෝ . . . . වහල්ලුන්ගේ කැටගරි දන්නෙත් ඉතිං වහල්ලුම තමා .... හිනා යනවා බං,ඉතිං බං කන්න දෙයක් නැත්තන් අපි ලෙව කන්නේ නැති එකේ ඔය හාමුගේ පුක උඹවත් ලේවකාපන්කෝ . . . . වහල්ලුන්ගේ කැටගරි දන්නෙත් ඉතිං වහල්ලුම තමා .... හිනා යනවා බං,0.8975
"@USER පෙන්න වේසි පුතෝ තො ඔයා සොදා සලු පිලි අන්දන්න හදන පෙන්න රනිල් රටටම කෑවා. තෝ ඌට දාව ඉපදුනාට, රනිල් කියන්නේ රටත් ජාතියක් අගමත් තම පක්ෂයත් විනාශ කල පෙන්නයෙක්. The following media includes potentially sensitive content. Change settings View","පෙන්න වේසි පුතෝ තො ඔයා සොදා සලු පිලි අන්දන්න හදන පෙන්න රනිල් රටටම කෑවා. තෝ ඌට දාව ඉපදුනාට, රනිල් කියන්නේ රටත් ජාතියක් අගමත් තම පක්ෂයත් විනාශ කල පෙන්නයෙක්. The following media ඉන්ච්ලුදෙස් potentially sensitive content. Change සෙට්ටින්ග්ස් View",0.8975
හැමදේම අනිත්‍යයි  අද රවුමට තියෙන පුක හෙට රැලි වෙන්න පුලුවන්,හැමදේම අනිත්‍යයි අද රවුමට තියෙන පුක හෙට රැලි වෙන්න පුලුවන්,0.897
@USER @USER  තනිකඩ රෙද්ද කිව්වෙ? ඉතින් දෙකට නවලා ඇඳ ගන්න.එතකොට දෙපට රෙද්ද වෙනවා,තනිකඩ රෙද්ද කිව්වෙ? ඉතින් දෙකට නවලා ඇඳ ගන්න.එතකොට දෙපට රෙද්ද වෙනවා,0.897
@USER @USER  පුක සුදු උනාට බෑ අනිත්වත් සුදු වෙන්න ඕනි,පුක සුදු උනාට බෑ අනිත්වත් සුදු වෙන්න ඕනි,0.897
ඉසුරු ඒක බහිරවයා කරගනී උඹ චෙක් කරන්න ගිහින් උඹේ පටලේ කඩාගන්නෙපා,ඉසුරු ඒක බහිරවයා කරගනී උඹ චෙක් කරන්න ගිහින් උඹේ පටලේ කඩාගන්නෙපා,0.897
අත්ත බිඳෙයි පය බුරුලෙන් තබා පලයන් හිටං #my3 මාමි. @USER   #GenElecSL,අත්ත බිඳෙයි පය බුරුලෙන් තබා පලයන් හිටං #my3 මාමි. ගෙනෙලේච්ස්ල්,0.897
මේවා  දැකල බොක යනවා!! අනේ හුත්ත! පුකේ දානේ! URL,මේවා දැකල බොක යනවා!! අනේ හුත්ත! පුකේ දානේ! උර්ල්,0.897
@USER  @USER ඔව් ඕයි.. කොච්චර ශෝයිද. පොල් හෙන ගනන්නෙ. Date එකකුත් ගිහින් free පොලුත් දුන්නම,ඔව් ඕයි.. කොච්චර ශෝයිද. පොල් හෙන ගනන්නෙ. Date එකකුත් ගිහින් free පොලුත් දුන්නම,0.897
ලයින් නොපෙන්න හැම එකාම follow back කරන හින්ද තමයි මුං මගෙ කරේ නගින්ඩ එන්නෙ. ඒ ගොනා මේ දැන් වික්කා පුතේ,ලයින් නොපෙන්න හැම එකාම follow back කරන හින්ද තමයි මුං මගෙ කරේ නගින්ඩ එන්නෙ. ඒ ගොනා මේ දැන් වික්කා පුතේ,0.897
ඉන්දියාවෙ උන්ට පුක දීපන් පොන්නය.. දීල පැටියෙක් හදා,ඉන්දියාවෙ උන්ට පුක දීපන් පොන්නය.. දීල පැටියෙක් හදා,0.897
ලසන්ත මාරුවට කමක් නෑ  වු කොටි මැරුව නිසා ලසන්ත කොටියෙක්ද බොල ගොනො — feeling angry,ලසන්ත මාරුවට කමක් නෑ වු කොටි මැරුව නිසා ලසන්ත කොටියෙක්ද බොල ගොනො — feeling angry,0.897
"@USER මූ  @USER  අමු හරකෙක්, පාර්ලිමේන්තු රැස්වෙලා කරයි ඇටේ. මේවගේ කරුම තාත්තා ගේ ඇටේ විකුනගෙන ගොඩයන කාලකන්නි ඔයවගේ වයිරසේකින් හරි ඉවර වෙනවනම් තමා අපේ රට හැදේන්නෙ","මූ අමු හරකෙක්, පාර්ලිමේන්තු රැස්වෙලා කරයි ඇටේ. මේවගේ කරුම තාත්තා ගේ ඇටේ විකුනගෙන ගොඩයන කාලකන්නි ඔයවගේ වයිරසේකින් හරි ඉවර වෙනවනම් තමා අපේ රට හැදේන්නෙ",0.897
@USER  @USER හෙන ගහලා අකුලොලම පලයන් කියලා..,හෙන ගහලා අකුලොලම පලයන් කියලා..,0.8966
"@USER ,  @USER  @USER තෝව අයින් කරන් නෑ යකෝ.",", තෝව අයින් කරන් නෑ යකෝ.",0.8965
ගෝපිගේ dp එකේ විදියට පේන්නේ ඒකි උඩට මොකුත් ඇදලා නැතිව කොන්ඩේ වහන් ඉන්නවා වගේ,ගෝපිගේ දප් එකේ විදියට පේන්නේ ඒකි උඩට මොකුත් ඇදලා නැතිව කොන්ඩේ වහන් ඉන්නවා වගේ,0.8965
කපුවා ඉස්සර අපි උඹට කොච්චර බැන්නත් උඹ සිරා බන්.. ලොවෙත්!!! lol #කපුවා #kapugedara #power_hitter #SLvPAK — watching SLvPAK 2nd T20I,කපුවා ඉස්සර අපි උඹට කොච්චර බැන්නත් උඹ සිරා බන්.. ලොවෙත්!!! ලොල් #කපුවා කපුගෙදර #power_hitter ස්ල්ව්පක් — watching ස්ල්ව්පක් 2nd T20I,0.8965
Instagram එකේ #SriLanka කියලා search කරන සුද්දන්ට හිතෙනවා ඇති මේක වේස ගුබ්බෑයමක් කියලා,ඉන්ස්ටග්රම් එකේ ශ්‍රීලංකා කියලා search කරන සුද්දන්ට හිතෙනවා ඇති මේක වේස ගුබ්බෑයමක් කියලා,0.8965
"@USER  @USER බාගෙට පුක පිහදාගෙන වගේනේ බං වහලා තියෙන්නේ. කොළඹ ට්‍රැෆික් තියේ, පාටි දානවා යකාගේ රට වැහිල්ලක් නේ ඒ.","බාගෙට පුක පිහදාගෙන වගේනේ බං වහලා තියෙන්නේ. කොළඹ ට්‍රැෆික් තියේ, පාටි දානවා යකාගේ රට වැහිල්ලක් නේ ඒ.",0.8965
"ලලනි අකුරණගේ!! ඇයි බං මේ මිනිස්සු මෙච්චර මෝඩ? Boot එකක් කෑවා කියලා තමුන්ම තමුන්ගෙ හොම්බ කට තලාගෙන, ලේ පෙරාගෙනupload කරන්න ඕනෙද? #lka","ලලනි අකුරණගේ!! ඇයි බං මේ මිනිස්සු මෙච්චර මෝඩ? Boot එකක් කෑවා කියලා තමුන්ම තමුන්ගෙ හොම්බ කට තලාගෙන, ලේ පෙරාගෙනupload කරන්න ඕනෙද? ලක",0.8965
@USER මේ රේල්ලුවේ අවජාතක වේසිගෙ පුතාල මිනිස්සු බිල්ලට දීල වළව්ව වෙනුවෙන් වේසකොමේ යනවා..!!!!,මේ රේල්ලුවේ අවජාතක වේසිගෙ පුතාල මිනිස්සු බිල්ලට දීල වළව්ව වෙනුවෙන් වේසකොමේ යනවා..!!!!,0.8965
තෝ මාව ගල් කරා #YouRockMe #LankanEnrique @USER,තෝ මාව ගල් කරා යෝඋරෝච්ක්මේ ලංකංඑන්රිකුඑ,0.8965
අද යන්න වෙන්නේ ගොනා වගේ current  නෑ රෙදි මැදගන්න.,අද යන්න වෙන්නේ ගොනා වගේ current නෑ රෙදි මැදගන්න.,0.8965
"පිදුරංගල ගිහිං පුක පෙන්නන්න කළිං, ෆෙයාර් අැන්ඩ් ලව්ලිවත් ගාලා පුක ලස්සන කර ගනිල්ලා. ඊයා කැතේ බෑ කලුම කලු පාටට; අලුහන් හැදුණු ගෙඩි දාපු පුකවල් පත්තරේ දාපුවහම හෙණ අපුලයි #lka #pidurangala","පිදුරංගල ගිහිං පුක පෙන්නන්න කළිං, ෆෙයාර් අැන්ඩ් ලව්ලිවත් ගාලා පුක ලස්සන කර ගනිල්ලා. ඊයා කැතේ බෑ කලුම කලු පාටට; අලුහන් හැදුණු ගෙඩි දාපු පුකවල් පත්තරේ දාපුවහම හෙණ අපුලයි ලක පිදුරංගල",0.8965
අඩෝ පපුව පිච්චුනා වගේ. අැස් දෙකට කදුලු ඉනුවා ඔ්යි. ඉදකින් කැ* වේසි ලග හිටියනම් බස්සනවා හු*තට කඩුවක්.පව් බන්... URL,අඩෝ පපුව පිච්චුනා වගේ. අැස් දෙකට කදුලු ඉනුවා ඔ්යි. ඉදකින් කැ* වේසි ලග හිටියනම් බස්සනවා හු*තට කඩුවක්.පව් බන්... උර්ල්,0.8965
මේ අවුරුදු දවස් වලත් පන දාගෙන  @USER  මඩ ගහන එවුන් ඉන්නවනේ බන්. ඩබල් OTද දන් නෑ. උන්ගේ අවජාතක කම ලොකුයිනේ ඔක්කොටම වඩා. #lka #සිතුවිලි,මේ අවුරුදු දවස් වලත් පන දාගෙන මඩ ගහන එවුන් ඉන්නවනේ බන්. ඩබල් OTද දන් නෑ. උන්ගේ අවජාතක කම ලොකුයිනේ ඔක්කොටම වඩා. ලක #සිතුවිලි,0.896
මගේ පුකෙන්නම් පඩේ ඇරියේ ඇයි උබලගේ පුක කහන්නේ  නහය වහන් යන්න පීස්,මගේ පුකෙන්නම් පඩේ ඇරියේ ඇයි උබලගේ පුක කහන්නේ නහය වහන් යන්න පීස්,0.896
@USER @USER  උ එතකොට එයි නේද හෙප්පුවක් අරං අම්ම එක්ක ඇඹරි ඇඹරි  හික්. කසාදයක්,උ එතකොට එයි නේද හෙප්පුවක් අරං අම්ම එක්ක ඇඹරි ඇඹරි හික්. කසාදයක්,0.896
නොදකින් හුත්ත එකක් ගිහින් පැයක් යන්න ඕන අනික යන්න. හුකාන මැරෙන්න හිතෙනවා. නිදාගන්නත් නෑ රෙද්ද.,නොදකින් හුත්ත එකක් ගිහින් පැයක් යන්න ඕන අනික යන්න. හුකාන මැරෙන්න හිතෙනවා. නිදාගන්නත් නෑ රෙද්ද.,0.896
@USER තෝ වගේ පොන්න වෙසිගේ පුතාලාට පුරුදු ඒකනේ හුත්තෝ පුක දීම... ඒ හින්දා තෝ ගිහිං පුරුදු විඳියට හම්බ බල්ලන්ට කියලා පුකේ අැර ගනින්... පොන්න හුත්තිගේ පුතා.,තෝ වගේ පොන්න වෙසිගේ පුතාලාට පුරුදු ඒකනේ හුත්තෝ පුක දීම... ඒ හින්දා තෝ ගිහිං පුරුදු විඳියට හම්බ බල්ලන්ට කියලා පුකේ අැර ගනින්... පොන්න හුත්තිගේ පුතා.,0.896
@USER Ethakota සිංහලෙන්ම කියන්න ද? ලාභ ඇතිනම් විකුනපන් හු**තෝ .. මොන මගුලකටද තවත් බලන් ඉන්නෙ ?!!!,එතකොට සිංහලෙන්ම කියන්න ද? ලාභ ඇතිනම් විකුනපන් හු**තෝ .. මොන මගුලකටද තවත් බලන් ඉන්නෙ ?!!!,0.896
"පකේ 280ེ , 180 ගලපලා ගහන්න හෙන ගේමක් දෙනවා","පකේ 280ེ , 180 ගලපලා ගහන්න හෙන ගේමක් දෙනවා",0.896
හුක හන්නේ හෙන හවුද හැස් හෙක හරම්,හුක හන්නේ හෙන හවුද හැස් හෙක හරම්,0.896
@USER අපි සුට්ටක් තොල ගෑවොත් තමා තෝ අපේ කටේ ලෝදිය වක්කොරාන්ඩ අරඅඳින්නෙ ගෙරි යමයා. හිටුකො මම් තොගෙ හාන්නැහැ ලව්වා තොගෙ කටේ ලෝදිය වක්කොරවන්ඩ ගෙරියා.,අපි සුට්ටක් තොල ගෑවොත් තමා තෝ අපේ කටේ ලෝදිය වක්කොරාන්ඩ අරඅඳින්නෙ ගෙරි යමයා. හිටුකො මම් තොගෙ හාන්නැහැ ලව්වා තොගෙ කටේ ලෝදිය වක්කොරවන්ඩ ගෙරියා.,0.896
ඔය ඇබ දෙක කනෙන් ගලෝලා ගෙදර තියලා පලයන්. දැක්කනේ කෙල්ලො දෙන්නෙක් කෝච්චියටත් යටවුනා!  _hands free දමාගන යනවිට අම්මලා බනින අලුත්ම ආරය_,ඔය ඇබ දෙක කනෙන් ගලෝලා ගෙදර තියලා පලයන්. දැක්කනේ කෙල්ලො දෙන්නෙක් කෝච්චියටත් යටවුනා! _hands free දමාගන යනවිට අම්මලා බනින අලුත්ම ආරය_,0.896
පාරෙ ලයිට් නැති වෙලාවට හෙඩ් එක ගහන වේස බල්ලෝ,පාරෙ ලයිට් නැති වෙලාවට හෙඩ් එක ගහන වේස බල්ලෝ,0.896
@USER මේකිට පිස්සු  ඊයා හොරිකඩ  බල්ලෙක්,මේකිට පිස්සු ඊයා හොරිකඩ බල්ලෙක්,0.896
@USER  @USER ඕක හැමතැනම කියන්න එපා වේස හම්සෝ. 'ඩි' යන්න දැක්කත් හිනායනවා,ඕක හැමතැනම කියන්න එපා වේස හම්සෝ. 'ඩි' යන්න දැක්කත් හිනායනවා,0.896
@USER ඇයි අහන්නේ උඹ pick pocket ගහන්ඩවත්ද අද සල්ලි නැහැ බං,ඇයි අහන්නේ උඹ pick pocket ගහන්ඩවත්ද අද සල්ලි නැහැ බං,0.896
යකෝ උන්ඩකපුච්චේ තීන්නේ කටේ ද @USER  @USER  @USER  @USER  @USER  @USER  @USER,යකෝ උන්ඩකපුච්චේ තීන්නේ කටේ ද,0.896
අමාරු දවස්වලට.. හහ් හහ් හා.. අමාරු දවස්වලට සමාර කෙල්ලො සුදු අඳින්නෙත් නෑ.... ආර්. බැද්දගේ @USER  · 19 May 2019  @USER@USER ගෙදරට නෝම්බි කියල එලියෙං කනව නේද ??? හොර ගෙඩියා,අමාරු දවස්වලට.. හහ් හහ් හා.. අමාරු දවස්වලට සමාර කෙල්ලො සුදු අඳින්නෙත් නෑ.... ආර්. බැද්දගේ · 19 May 2019 ගෙදරට නෝම්බි කියල එලියෙං කනව නේද ??? හොර ගෙඩියා,0.896
ඒ එහේ මෙහේදි අහන්නෙ තෝ කොටියෙක්ව හිතාමතා වෙඩි තියල මැරුවා නේ.... හිටාංකො තොට දෙන්න පෝරියල් එක...... URL,ඒ එහේ මෙහේදි අහන්නෙ තෝ කොටියෙක්ව හිතාමතා වෙඩි තියල මැරුවා නේ.... හිටාංකො තොට දෙන්න පෝරියල් එක...... උර්ල්,0.8955
@USER  @USER යකො මට වේසි කියලා මේකිට මෙච්චර හොදින් කියන්න අඩො ඇඩ්මින් දැනගනින් බාවනවා තෝවා ගොටුකොල හැලපයා,යකො මට වේසි කියලා මේකිට මෙච්චර හොදින් කියන්න අඩො ඇඩ්මින් දැනගනින් බාවනවා තෝවා ගොටුකොල හැලපයා,0.8955
@USER අනේ හුකන්නෝ කොන්ද පන තියෙනවනම් ඔප්පු කරහන්. නැත්තම් කටයි පුකයි වහගෙන පැත්තකට පලයන්. අවුරුදු පහ හයකට වඩා මේකේ ඉන්නවා. උඹ එනවද මේකේ අනිත් උන්ට මං ගැන චරිත සහතික දෙන්න.,අනේ හුකන්නෝ කොන්ද පන තියෙනවනම් ඔප්පු කරහන්. නැත්තම් කටයි පුකයි වහගෙන පැත්තකට පලයන්. අවුරුදු පහ හයකට වඩා මේකේ ඉන්නවා. උඹ එනවද මේකේ අනිත් උන්ට මං ගැන චරිත සහතික දෙන්න.,0.8955
@USER යකෝ උගේ face cut මයි තියෙන්නේ,යකෝ උගේ face cut මයි තියෙන්නේ,0.8955
ඔය ඔලුවේ අමාරු පපුවේ අමාරු  කටේ අමාරු  පුකේ අමාරු තියෙන උන් දැන්ම ඇඩ්ඩ්‍රස් එක ලියලා ගෙදරට එන විදිහ කොලේක ඇදලා... URL,ඔය ඔලුවේ අමාරු පපුවේ අමාරු කටේ අමාරු පුකේ අමාරු තියෙන උන් දැන්ම ඇඩ්ඩ්‍රස් එක ලියලා ගෙදරට එන විදිහ කොලේක ඇදලා... උර්ල්,0.8955
"@USER  @USER හරි මේ ටික පුලුවන්ද අඩියක් ගහන්න බයිටක් හදන්න ,රෙදි ටික හොදල මැදල දෙන්න ,ගේ අස්කරන්න,උයල කවන්න,⁣හදිස්සියේ හරි කෙල්ලෙක්ගේ දිහා බැලුනොත් වරදට සමාව දෙන්න,ලමයි හයක් හදන්න වයසට ගිය අම්ම තාත්ත බලා ගන්න ,ලමයි ඉස්කෝපේ ගෙනියන්න පංති ගෙනියන්න,මිදුල අතුගාන්න, කඩේට යන්න,වැඩ ඇරිල ආවම මසජ් එක","හරි මේ ටික පුලුවන්ද අඩියක් ගහන්න බයිටක් හදන්න ,රෙදි ටික හොදල මැදල දෙන්න ,ගේ අස්කරන්න,උයල කවන්න,⁣හදිස්සියේ හරි කෙල්ලෙක්ගේ දිහා බැලුනොත් වරදට සමාව දෙන්න,ලමයි හයක් හදන්න වයසට ගිය අම්ම තාත්ත බලා ගන්න ,ලමයි ඉස්කෝපේ ගෙනියන්න පංති ගෙනියන්න,මිදුල අතුගාන්න, කඩේට යන්න,වැඩ ඇරිල ආවම මසජ් එක",0.8955
තාම හෙන තොගයක් කියල නෑනේ officially. වටෙන් ගොඩින් ආරංචි වුණාට,තාම හෙන තොගයක් කියල නෑනේ officially. වටෙන් ගොඩින් ආරංචි වුණාට,0.8955
@USER @USER  තෝ ගංජා ගහනවා නේද ලොල්  @USER  @USER  @USER,තෝ ගංජා ගහනවා නේද ලොල්,0.8955
මෙිකිට නමි හොදටම මොලේ අවුල්?? රට ගොන් කැලි ෆෝම් වෙිලා... URL This Tweet is unavailable.,මෙිකිට නමි හොදටම මොලේ අවුල්?? රට ගොන් කැලි ෆෝම් වෙිලා... උර්ල් This Tweet ඉස unavailable.,0.8955
ට ' කන වේ* ගේ පුතාලා හු*නවා ඇවිල්ලා මම පු* පදිරි නෑ   සූස්තිය අතේ. .. ආදරෙයි රැපට හු*තෝ!!!,ට ' කන වේ* ගේ පුතාලා හු*නවා ඇවිල්ලා මම පු* පදිරි නෑ සූස්තිය අතේ. .. ආදරෙයි රැපට හු*තෝ!!!,0.8955
කාගේ දරුවෙක් ද බං මේ හුජ්ජ කොල්ලා?  Satoshi Matamoko @USER  · 10 Sep 2017  @USER@USER ඒක රත් වෙන හින්ද තමයි AC වලට යන්නෙ ඒ ගොල්ලො,කාගේ දරුවෙක් ද බං මේ හුජ්ජ කොල්ලා? සටෝස්හි මටමොකෝ · 10 සේප 2017 ඒක රත් වෙන හින්ද තමයි අච වලට යන්නෙ ඒ ගොල්ලො,0.8955
@USER @USER  Indeed පලයන් පොන්නයො යන්න   @USER,Indeed පලයන් පොන්නයො යන්න,0.8955
කවුද උට්ටෝ ඔය ජනතාව කියන කිරියා සනික බිජ්ජ කපලා බෙල්ලෙ වැලදාන්න ඔනේ ඔකගේ ටහුකන්න URL,කවුද උට්ටෝ ඔය ජනතාව කියන කිරියා සනික බිජ්ජ කපලා බෙල්ලෙ වැලදාන්න ඔනේ ඔකගේ ටහුකන්න උර්ල්,0.8955
දැන් කස්ටිය ෆක් කරලා සතුටින් ඉන්නවද? නැත්තං අන්තවාදීන් උඹලගේ පුකට ෆක් කරලා වේදනාවෙන් පුක අත ගාමින් ඉන්නවද? @USER  @USER,දැන් කස්ටිය ෆක් කරලා සතුටින් ඉන්නවද? නැත්තං අන්තවාදීන් උඹලගේ පුකට ෆක් කරලා වේදනාවෙන් පුක අත ගාමින් ඉන්නවද?,0.8955
අම්මපා ජේසූගේ කාලේ උබලා නොහිටියේ යකෝ උබලා ගල් ගහලම ජනගහනය අඩූ වෙනවා. තැලෙන යකඩේ දැක්කාම යකෝ උබලා පැන පැන තලන්නනේ. උබලා වැරදි කොරලාම නෑ උබලා අඳුරු නිතිය කඩලම නෑ.මීටරයේ දූරින්ම තමා අරක්කු පොලිමේ. පොලිසිසි ඉස්ටිකරයටම තමා ගමන් ගත්තේ.ඉස්කොලෙන් පැනලම නෑ.බඩූ ගහලම නෑ. සිකරට් ගංජා බිලම නෑ,අම්මපා ජේසූගේ කාලේ උබලා නොහිටියේ යකෝ උබලා ගල් ගහලම ජනගහනය අඩූ වෙනවා. තැලෙන යකඩේ දැක්කාම යකෝ උබලා පැන පැන තලන්නනේ. උබලා වැරදි කොරලාම නෑ උබලා අඳුරු නිතිය කඩලම නෑ.මීටරයේ දූරින්ම තමා අරක්කු පොලිමේ. පොලිසිසි ඉස්ටිකරයටම තමා ගමන් ගත්තේ.ඉස්කොලෙන් පැනලම නෑ.බඩූ ගහලම නෑ. සිකරට් ගංජා බිලම නෑ,0.8955
@USER  @USER සන්ජීවනී ලවා තොට තන් දෙකෙන් ටොකු ඇන්නුවෙ නැත්තං මැරෙන්න දවසක් තියලහරි . . .  මම බැද්දගේ නෙමේ,සන්ජීවනී ලවා තොට තන් දෙකෙන් ටොකු ඇන්නුවෙ නැත්තං මැරෙන්න දවසක් තියලහරි . . . මම බැද්දගේ නෙමේ,0.8955
@USER  @USER මුකුත් වෙන්නෙ නෑ ටිංකිරි ගෑවුනාම කූඹි එනවා. එතොට කූඹි පුක කාල පුක ලොකු වෙනවා! ඊට පස්සෙ ඒක උස්සගන්න බැරුව මැරෙනවා. සරලයි.,මුකුත් වෙන්නෙ නෑ ටිංකිරි ගෑවුනාම කූඹි එනවා. එතොට කූඹි පුක කාල පුක ලොකු වෙනවා! ඊට පස්සෙ ඒක උස්සගන්න බැරුව මැරෙනවා. සරලයි.,0.8955
@USER  @USER මේ පොන්න හුත්තල ආමි එකේ කොල්ලො ටිකත් නොන්ඩි කරනව.... පොන්නයොත් ඉන්නව...මුන් ඇවිල්ල රාජ පොන්නයො,මේ පොන්න හුත්තල ආමි එකේ කොල්ලො ටිකත් නොන්ඩි කරනව.... පොන්නයොත් ඉන්නව...මුන් ඇවිල්ල රාජ පොන්නයො,0.8955
මොරටුවේ බල්ලෝ මරපු අවජාතක සක්කිලි වේසිගෙ පුතාලාට සහ මේ ආණ්ඩුවේ පොන්න හුත්තිගෙ පුතාලට හෙන 7ක් හෝ 8ක් වැදියං කියා මං නිහතමානීව ප්‍රාර්ථනා කරමි,මොරටුවේ බල්ලෝ මරපු අවජාතක සක්කිලි වේසිගෙ පුතාලාට සහ මේ ආණ්ඩුවේ පොන්න හුත්තිගෙ පුතාලට හෙන 7ක් හෝ 8ක් වැදියං කියා මං නිහතමානීව ප්‍රාර්ථනා කරමි,0.895
වැඩිය කෑගැහුවොත් කටට දෙනවා දැනගනින්  #DoubleMeaningSL,වැඩිය කෑගැහුවොත් කටට දෙනවා දැනගනින් දෞබ්ලෙමෙංඉඞ්ස්ල,0.895
"ගෑණු ලමයී පිරිමි ලමයීගේ මල් වගේ තියෙන චූටි හිත තලනවා. රිද්දනවා. පිරිමි ලමයී ගෑණු ලමයීගේ බෙල්ල කපනවා, පිහියෙන් අනිනවා, වේසි කියලා බනිනවා. ඕන්න ඔහොමයී වැඩේ වෙන්නේ.","ගෑණු ලමයී පිරිමි ලමයීගේ මල් වගේ තියෙන චූටි හිත තලනවා. රිද්දනවා. පිරිමි ලමයී ගෑණු ලමයීගේ බෙල්ල කපනවා, පිහියෙන් අනිනවා, වේසි කියලා බනිනවා. ඕන්න ඔහොමයී වැඩේ වෙන්නේ.",0.895
පුත්තලං බූරුවෝ හතර පස් දෙනෙක්ගෙ විතර වයසේ එවුන් පොන්න බාබා පාට් දාන එක තමා අල්ලන්නේ නැත්තේ.,පුත්තලං බූරුවෝ හතර පස් දෙනෙක්ගෙ විතර වයසේ එවුන් පොන්න බාබා පාට් දාන එක තමා අල්ලන්නේ නැත්තේ.,0.895
@USER  @USER ආවා එකෙක් හොරු අල්ලනවාය කියා  බිලියන ගානක් සීනි වලින් කෙලියා මාටියා කුලුන ගෙන තොගෙ  පුක මැදින් තියා උඩ පැනපන් මැදමුලනේ ගූ බයියා,ආවා එකෙක් හොරු අල්ලනවාය කියා බිලියන ගානක් සීනි වලින් කෙලියා මාටියා කුලුන ගෙන තොගෙ පුක මැදින් තියා උඩ පැනපන් මැදමුලනේ ගූ බයියා,0.895
@USER පුකෙන් වැඩක් ගත්ත එකෙක් උඹ.පුක පරිස්සම් කරන් ඉස්සරාට පලයං ජය...,පුකෙන් වැඩක් ගත්ත එකෙක් උඹ.පුක පරිස්සම් කරන් ඉස්සරාට පලයං ජය...,0.895
මම කක්කා කරලා පුක සෝදන්නේ නෑ    #BestBoruwa18 #ApeAwurudu,මම කක්කා කරලා පුක සෝදන්නේ නෑ #BestBoruwa18 අපෙඅවුරුදු,0.895
Assignments හොයා ගත්ත එකාව දස වද දීලා මරන්න ඕනෙ රෙද්ද,අස්සිග්න්මෙන්ට්ස් හොයා ගත්ත එකාව දස වද දීලා මරන්න ඕනෙ රෙද්ද,0.895
දෙමළට පුක දීල උඹ පුකේ ඇරවගනින් සිරිසේන URL,දෙමළට පුක දීල උඹ පුකේ ඇරවගනින් සිරිසේන උර්ල්,0.895
@USER  @USER පුක විකුනන්න තමා වෙන්නෙ ඒවා ගන්න,පුක විකුනන්න තමා වෙන්නෙ ඒවා ගන්න,0.895
අතට දෙන එක කටට දාගන්න පිං නෑ අපේ team එකට,අතට දෙන එක කටට දාගන්න පිං නෑ අපේ team එකට,0.895
""" පාහර බල්ලා තෝ..මගේ පොඩි එකා *** ද හැදුවේ.."" - අහිංසක මල් කැකුලක් කෙළසන්න ආ..හොරණ පාපතරයට ගස් බැඳන් ගම්මු දුන්... URL",""" පාහර බල්ලා තෝ..මගේ පොඩි එකා *** ද හැදුවේ.."" - අහිංසක මල් කැකුලක් කෙළසන්න ආ..හොරණ පාපතරයට ගස් බැඳන් ගම්මු දුන්... උර්ල්",0.895
@USER  @USER Don’t have money oi තාත්තා මගෙ පුක මහනවා ඕකට සල්ලි ඉල්ලුවොත් දැං,Don’t have money ඔඉ තාත්තා මගෙ පුක මහනවා ඕකට සල්ලි ඉල්ලුවොත් දැං,0.895
"යකෝ හැප්පුනා කිව්වනම් මරන්නේ නෑනේ, දැන් ඉතින් insurance call කරන්න කියලද? බල්ලෙක් වගේ පාරේ කොහේ හරි මැරෙන්න ඕනි මේක කරපු එකා!!!!","යකෝ හැප්පුනා කිව්වනම් මරන්නේ නෑනේ, දැන් ඉතින් insurance call කරන්න කියලද? බල්ලෙක් වගේ පාරේ කොහේ හරි මැරෙන්න ඕනි මේක කරපු එකා!!!!",0.895
බෝඩිමේ ඇන්ටි නං හම්බ වහක් වෙන්න යන්නෙ රෙද්ද  ගහන්නෝන කටේ ලේන්සුවක්,බෝඩිමේ ඇන්ටි නං හම්බ වහක් වෙන්න යන්නෙ රෙද්ද ගහන්නෝන කටේ ලේන්සුවක්,0.8945
එකෙක්ට මූඩියක් පෑගිලා. හෙන බීසනේ TL එකේ.,එකෙක්ට මූඩියක් පෑගිලා. හෙන බීසනේ තල් එකේ.,0.8945
සුද්දා විද්දා ගල  ඉස්සා ගැහුවා බොල  #LPLT20,සුද්දා විද්දා ගල ඉස්සා ගැහුවා බොල #LPLT20,0.8945
"@USER එකෙක් එනව. ඇවිත් ඌ උඹට ටොකු අනිනව. හූ කියනව. ඇඟිල්ලෙන් අනිනව. රෙද්ද උස්සල පුක පෙන්නනව. උඹ කියනව අනෙ බන් මට වද නොදී පලයන්කො කියල. අරූ කෑගනව ""අම්මෝ මෙන්න බනිනෝ මට බෑ. මූ මට බැන්නා . මට ඇඬෙනවා. ඔයා යකෙක්"" කියලා.   අන්න ඌ වික්ටිම් කාඩ් ප්ලේ කෙරුවා.","එකෙක් එනව. ඇවිත් ඌ උඹට ටොකු අනිනව. හූ කියනව. ඇඟිල්ලෙන් අනිනව. රෙද්ද උස්සල පුක පෙන්නනව. උඹ කියනව අනෙ බන් මට වද නොදී පලයන්කො කියල. අරූ කෑගනව ""අම්මෝ මෙන්න බනිනෝ මට බෑ. මූ මට බැන්නා . මට ඇඬෙනවා. ඔයා යකෙක්"" කියලා. අන්න ඌ වික්ටිම් කාඩ් ප්ලේ කෙරුවා.",0.8945
උඩහ ගෙදර සැපට හැදෙන බැල්ලි කොහෙවත් යන වරත්තු බල්ලෙක් එක්ක සෙට් වෙලා කියලා කට්ටිය දෙස් දෙවොල් දෙනවා. ලොම් ලස්සනට තිබුනට ඕකා වල් බල්ලෙක් කියලත් කිව්වා  කොහොමත් ඕකි වරත්තු බල්ලන්ට තමයි කැමති කිය කිය ඇන්ටි කියනවා  -බැල්ලියන්ට ආසාව ආවාම කොයි බල්ලත් ලස්සනයි අංකල්   මම හිතින් කිව්වා,උඩහ ගෙදර සැපට හැදෙන බැල්ලි කොහෙවත් යන වරත්තු බල්ලෙක් එක්ක සෙට් වෙලා කියලා කට්ටිය දෙස් දෙවොල් දෙනවා. ලොම් ලස්සනට තිබුනට ඕකා වල් බල්ලෙක් කියලත් කිව්වා කොහොමත් ඕකි වරත්තු බල්ලන්ට තමයි කැමති කිය කිය ඇන්ටි කියනවා -බැල්ලියන්ට ආසාව ආවාම කොයි බල්ලත් ලස්සනයි අංකල් මම හිතින් කිව්වා,0.8945
Call waiting වැටුණම ආයෙත් ගන්න එපා යකෝ,Call waiting වැටුණම ආයෙත් ගන්න එපා යකෝ,0.8945
අම්මේ වෙන කාගෙන්වත්  නෙමේ ඔයගෙන් තමයි. හයියෙන් අඩන්න හිතෙනවා ඔයාගේ තුරුලට වෙලා.එත් බැ නේ එම කලොත් අල්ලන් තඩි බායි මොන මගුලක් උනාටද අඩන්නේ කිලා.කොමවත් තෙරුම් කරවන්න බැ නේ අම්මිට,අම්මේ වෙන කාගෙන්වත් නෙමේ ඔයගෙන් තමයි. හයියෙන් අඩන්න හිතෙනවා ඔයාගේ තුරුලට වෙලා.එත් බැ නේ එම කලොත් අල්ලන් තඩි බායි මොන මගුලක් උනාටද අඩන්නේ කිලා.කොමවත් තෙරුම් කරවන්න බැ නේ අම්මිට,0.8945
"ලස්සනට දඩ සයිස් compass එකක් උඩින්ම තියාගෙන ""අන්න අතනින් එකෙක් ගියා.."" , ""මෙන්න ගල අස්සේ එකෙක්..."" කියන උන් එක්ක තමා අපි game ගහන්නේ...","ලස්සනට දඩ සයිස් compass එකක් උඩින්ම තියාගෙන ""අන්න අතනින් එකෙක් ගියා.."" , ""මෙන්න ගල අස්සේ එකෙක්..."" කියන උන් එක්ක තමා අපි game ගහන්නේ...",0.8945
@USER අතේ වහල ඉද්දි ම මදුරුවට හෙන වැදුනොත් තමා ආතල්,අතේ වහල ඉද්දි ම මදුරුවට හෙන වැදුනොත් තමා ආතල්,0.8945
අර රතු කමීස පම්කයින් අඩියක් පස්සට ගන්නවා කියන්නේ.. රටට කෙළවලා තොපි අඩි 100 ගත්තත් වැඩක් නෑ.. සක්කිලි..,අර රතු කමීස පම්කයින් අඩියක් පස්සට ගන්නවා කියන්නේ.. රටට කෙළවලා තොපි අඩි 100 ගත්තත් වැඩක් නෑ.. සක්කිලි..,0.8945
@USER දේනුව උඹට පස්ස නේ හරවලා තියෙන්නෙ පපා...,දේනුව උඹට පස්ස නේ හරවලා තියෙන්නෙ පපා...,0.8945
මේ චන්දේ බල්ලට ගියාවේ මෙන්න ඒ අස්සේ ගෙවල් ගානේ එනවලු ගනිව් කොස්ස එලව එලව ගහපියව්. මෝඩ හැතිකරේ URL,මේ චන්දේ බල්ලට ගියාවේ මෙන්න ඒ අස්සේ ගෙවල් ගානේ එනවලු ගනිව් කොස්ස එලව එලව ගහපියව්. මෝඩ හැතිකරේ උර්ල්,0.894
ඇයි පස්ස බලන්නෙ???    කාගෙ පස්සද??    උඹේ??,ඇයි පස්ස බලන්නෙ??? කාගෙ පස්සද?? උඹේ??,0.894
@USER  නැගිටිමු ශ්‍රීලංකා එකත් චයිනීස් වලින් දාගන්න බැරිවෙයිද  Dulith Kasun (DK) @USER  · 21 May 2021 සිරසෙන් කොලනිය accept කරලාලු ද?,නැගිටිමු ශ්‍රීලංකා එකත් චයිනීස් වලින් දාගන්න බැරිවෙයිද දුලිත් කසුන් දක් · 21 May 2021 සිරසෙන් කොලනිය accept කරලාලු ද?,0.894
@USER  @USER ඒවෙලාවට තොට අහු උනොත් ඕක කපන් යනවා,ඒවෙලාවට තොට අහු උනොත් ඕක කපන් යනවා,0.894
Secret නන් අහවල් එකටද තඩි බෝඩ් එකක් ගහල තියෙන්නේ. වට් ද පක් අයිසේ...,Secret නන් අහවල් එකටද තඩි බෝඩ් එකක් ගහල තියෙන්නේ. වට් ද පක් අයිසේ...,0.894
@USER  @USER ඌ අර බෝතලේ බිඳං ආවනේ ගොනා වගේ,ඌ අර බෝතලේ බිඳං ආවනේ ගොනා වගේ,0.894
උඹගේ වේස වැඩ හින්දා මට පාරේ බැහැල යන්න බැරි කරන්න එපා කිව්වයි - සල්ලාල අක්කා තුන් දෙනෙකුට දුෂණය කරන්නට සැලැස්සු… URL,උඹගේ වේස වැඩ හින්දා මට පාරේ බැහැල යන්න බැරි කරන්න එපා කිව්වයි - සල්ලාල අක්කා තුන් දෙනෙකුට දුෂණය කරන්නට සැලැස්සු… උර්ල්,0.894
@USER හැදුනේ නම් උනයි කැස්සයි. ඒ උනාට තේරුම් කරන්න අමාරු ඇගට හරි නැති ගතියක් තියෙනව,හැදුනේ නම් උනයි කැස්සයි. ඒ උනාට තේරුම් කරන්න අමාරු ඇගට හරි නැති ගතියක් තියෙනව,0.894
@USER හිටිංකෝ එයාට පයින්ඩයක් යවන්න. තෝ වටේ උන්ට බැල්ම දානව කියල.,හිටිංකෝ එයාට පයින්ඩයක් යවන්න. තෝ වටේ උන්ට බැල්ම දානව කියල.,0.894
අනුර කුමාරගේ ‘‘මාර බඩුව’’ URL,අනුර කුමාරගේ ‘‘මාර බඩුව’’ උර්ල්,0.894
@USER  @USER    ගිහිල්ලා බලපන් තොගේ ගෑනිට කවුරු හරි වල බහිනවද කියලා. ආමි එකේ හිටපු හන්දා තොගේ ලබ්බ බැහැලා ගෑනී වෙන එකෙක් එක්ක වල බහින්න බැරි වෙන්නත් බෑ. අවජාත බල්ලා.,ගිහිල්ලා බලපන් තොගේ ගෑනිට කවුරු හරි වල බහිනවද කියලා. ආමි එකේ හිටපු හන්දා තොගේ ලබ්බ බැහැලා ගෑනී වෙන එකෙක් එක්ක වල බහින්න බැරි වෙන්නත් බෑ. අවජාත බල්ලා.,0.894
@USER  @USER බල්ලො ගහන්නෙ නෑ iසේ.. උඹ වගේ වේසියෙක් දාව ජාතක වෙච්ච එකෙක් එක්ක කියවනවට වඩා හොඳයි උඹට උඹේ සබ්ජෙක්ට් එකේ යන්න දෙන එක.. රෙන පුක විකුණන් කාපන්.. අවුලක් නෑ.,බල්ලො ගහන්නෙ නෑ iසේ.. උඹ වගේ වේසියෙක් දාව ජාතක වෙච්ච එකෙක් එක්ක කියවනවට වඩා හොඳයි උඹට උඹේ සබ්ජෙක්ට් එකේ යන්න දෙන එක.. රෙන පුක විකුණන් කාපන්.. අවුලක් නෑ.,0.8936
@USER උගේ අම්ම රංජන්ගේ බබා කෙනෙක් වෙන්නැති ෂුවර් එකටම... මුං වගේ අන්තවාදී අවජාතක බල්ලෝ තමයි දැන් රටේ තත්වයට හේතුව,උගේ අම්ම රංජන්ගේ බබා කෙනෙක් වෙන්නැති ෂුවර් එකටම... මුං වගේ අන්තවාදී අවජාතක බල්ලෝ තමයි දැන් රටේ තත්වයට හේතුව,0.8936
තඩි බඩා ටත් 50ක් ගස්සලා ෆෝම් කරලා කන්න හදන්නේ  #SLvsWI,තඩි බඩා ටත් 50ක් ගස්සලා ෆෝම් කරලා කන්න හදන්නේ ස්ල්ව්ස්වී,0.8936
"නටනවා නෙවේ පුක මහලා බඩ යන්න බෙහෙත් දීලා වගේ දගලනවා , මේ ගැහැනු ළමුන් වගයක් ස්ටේජ් එකේ","නටනවා නෙවේ පුක මහලා බඩ යන්න බෙහෙත් දීලා වගේ දගලනවා , මේ ගැහැනු ළමුන් වගයක් ස්ටේජ් එකේ",0.8936
"බුකියේ වියන්ගොඩ තුමාට කොමෙන්ටුවක් ....""ඩොලර් වලට පුක දීලා තමන්ගේ ගෑනිත් දෙන පොන්න වසලයෙක් ඕක.."" ....     #LetMeVote ! #lka #sriLanka #SriLankanPolitics #Colombo  @USER  @USER  @USER","බුකියේ වියන්ගොඩ තුමාට කොමෙන්ටුවක් ....""ඩොලර් වලට පුක දීලා තමන්ගේ ගෑනිත් දෙන පොන්න වසලයෙක් ඕක.."" .... ලේට්මෙවොටේ ! ලක ශ්‍රීලංකා ස්රිලන්කන්පොලිටිච්ස් චොලොම්බෝ",0.8936
මම නැදීස් නම් ඔයා 'මැරුම් කන්න ආසද තෝ'  #SriLankanPickupLines,මම නැදීස් නම් ඔයා 'මැරුම් කන්න ආසද තෝ' ස්රිලන්කන්පිච්කුප්ලිනෙස්,0.8936
බබා කිරි ඕනි   මෙතනබෑනෙ යමු කාමරේට්   ඇයි කාමරේට යන්නෙ බඩු තියෙන්නෙ කුස්සියේනේ   ආ වරෙන් යන්න මෝඩ මූසලයා,බබා කිරි ඕනි මෙතනබෑනෙ යමු කාමරේට් ඇයි කාමරේට යන්නෙ බඩු තියෙන්නෙ කුස්සියේනේ ආ වරෙන් යන්න මෝඩ මූසලයා,0.8936
ටිකිරි මැණිකෙ රෙද්ද උස්සලා  ගොවිරාල පයිය නග්ගලා ගලන ගඟෙන් ගල සෝදාලා ගොවියා හුකයි මරහඬ දීලා #සාජ්ජෙ,ටිකිරි මැණිකෙ රෙද්ද උස්සලා ගොවිරාල පයිය නග්ගලා ගලන ගඟෙන් ගල සෝදාලා ගොවියා හුකයි මරහඬ දීලා #සාජ්ජෙ,0.8936
ටිපර් හැත්ත... පාර බ්ලොක් කරන් ලොට ලොට යනවා. පාස් කරන්න යද්දි දකුණට කපනවා. හැඳි ගෑවෙන්න ඕනේ එහෙම කරන උන්ව....,ටිපර් හැත්ත... පාර බ්ලොක් කරන් ලොට ලොට යනවා. පාස් කරන්න යද්දි දකුණට කපනවා. හැඳි ගෑවෙන්න ඕනේ එහෙම කරන උන්ව....,0.8936
@USER වැඩක් නෑ මල්ලි. රන් වැට එහෙම්ම තියෙද්දි පස් පිඬක්වත් හොල්ලන්නැතුව පරයන්ට විකුණනවා මේකෙ හැත්ත,වැඩක් නෑ මල්ලි. රන් වැට එහෙම්ම තියෙද්දි පස් පිඬක්වත් හොල්ලන්නැතුව පරයන්ට විකුණනවා මේකෙ හැත්ත,0.8936
@USER  @USER නවත්තපන් පොඩි පකයන්ව අල්ලන් හැමිනෙන්ඩ හදන එක. අම්ම තාත්තලට දෙන්ඩ බැරි වෙච්ච මොළේ තොට දෙන්න බෑ  ඕකුන්ට ට්වීට් එකකින්. මං වගේ මියුට් කරල හිටපන්.,නවත්තපන් පොඩි පකයන්ව අල්ලන් හැමිනෙන්ඩ හදන එක. අම්ම තාත්තලට දෙන්ඩ බැරි වෙච්ච මොළේ තොට දෙන්න බෑ ඕකුන්ට ට්වීට් එකකින්. මං වගේ මියුට් කරල හිටපන්.,0.8936
මොන හුඹහින්ද යකෝ තොපි අරූව ඇදලා ගත්තේ.,මොන හුඹහින්ද යකෝ තොපි අරූව ඇදලා ගත්තේ.,0.8936
@USER හෙන ගහපන් ඔය කටට,හෙන ගහපන් ඔය කටට,0.8936
නෙදකින් මේ ගොනාගෙ කට ඉරියන් දවසින් දවස බෙල්ලෙ ගොමර හැදියන් දකින දකින උන් මුට තඩි බාපන් සාප නොකර ෆලොව් කරල මෙතනින් පලයන්..  හු හූ,නෙදකින් මේ ගොනාගෙ කට ඉරියන් දවසින් දවස බෙල්ලෙ ගොමර හැදියන් දකින දකින උන් මුට තඩි බාපන් සාප නොකර ෆලොව් කරල මෙතනින් පලයන්.. හු හූ,0.8936
@USER  @USER ඉට කලින් තෝ බදින්න කෙල්ලෙක් සෙටි කර ගනින්කෝ,ඉට කලින් තෝ බදින්න කෙල්ලෙක් සෙටි කර ගනින්කෝ,0.8936
කොයි එකාද දිනිදුට හෙණම ගහපිය කියලා සාප කලේ?  ඊයේ රෑ අකුණු ගහලා ගෙදර IT down the පල්ලං. අම්මාපා මට අහු උනොත් සාප කරපු එකා මම නිරෝධායනයට යවනවා.,කොයි එකාද දිනිදුට හෙණම ගහපිය කියලා සාප කලේ? ඊයේ රෑ අකුණු ගහලා ගෙදර ඉට down the පල්ලං. අම්මාපා මට අහු උනොත් සාප කරපු එකා මම නිරෝධායනයට යවනවා.,0.8931
පුක කීවම ඊයා ලු පුකට පුක කියන්නේ නැතුව ඉතිං,පුක කීවම ඊයා ලු පුකට පුක කියන්නේ නැතුව ඉතිං,0.8931
"යකෝ මාරම දේවල් විකුණන්නේ සෙල්ලකතරගම..  ""තැලිච්ච හූනෙක්, මීයෙක්, ගෙම්බෙක් ගන්න.. මැරිච්ච හැකරැල්ලෙක්, පත්තෑයෙක්... මහත්තයා!!""","යකෝ මාරම දේවල් විකුණන්නේ සෙල්ලකතරගම.. ""තැලිච්ච හූනෙක්, මීයෙක්, ගෙම්බෙක් ගන්න.. මැරිච්ච හැකරැල්ලෙක්, පත්තෑයෙක්... මහත්තයා!!""",0.8931
අනේ පකෝ තෝ නම් මෙතන කියවන් එන්න එපා  තූ යකෝ හොඳ දෙයක් කෙනෙක් කරාම ඒකට රඟන එකට කොහොවත් ඉන්න තොට පුකේ අමාරුවද?  දෙයක් කරාම ඒකේ හොඳක් දකින්න බලපන් නිකන් සබ් ගගහා දගලන්න ගත්තාම තොගේම පොන්න කම තමා පේන්නේ,අනේ පකෝ තෝ නම් මෙතන කියවන් එන්න එපා තූ යකෝ හොඳ දෙයක් කෙනෙක් කරාම ඒකට රඟන එකට කොහොවත් ඉන්න තොට පුකේ අමාරුවද? දෙයක් කරාම ඒකේ හොඳක් දකින්න බලපන් නිකන් සබ් ගගහා දගලන්න ගත්තාම තොගේම පොන්න කම තමා පේන්නේ,0.8931
මං දැන ගත්තා ගොනා හැරුණේ පොල් පැළේ කන්න කියලා! පරිස්සමිං හොඳේ… බඩ රිදෙයි,මං දැන ගත්තා ගොනා හැරුණේ පොල් පැළේ කන්න කියලා! පරිස්සමිං හොඳේ… බඩ රිදෙයි,0.8931
@USER තොට මැද තියන කහ ඉර පේන්නේ නැද්ද? සමරසිංහ එකට Call එකක් දෙන්නද?,තොට මැද තියන කහ ඉර පේන්නේ නැද්ද? සමරසිංහ එකට Call එකක් දෙන්නද?,0.8931
"කව්ද පරයෙක් මගෙ යාලුවෙක්ගෙ පොඩි එකාට සින්දුවක් කියලා දීලා... ඌ මෙහෙම කියනවලු.   ""මගෙ ජුන්ඩ නැතත් ඉනගාවට රෙද්ද හැට්ටෙ නොඇන්දාට හැදිච්චකම තාම තියනවා....""","කව්ද පරයෙක් මගෙ යාලුවෙක්ගෙ පොඩි එකාට සින්දුවක් කියලා දීලා... ඌ මෙහෙම කියනවලු. ""මගෙ ජුන්ඩ නැතත් ඉනගාවට රෙද්ද හැට්ටෙ නොඇන්දාට හැදිච්චකම තාම තියනවා....""",0.8931
@USER  @USER ඒම තමා අපි හලිද .......ආදලෙයි ආස තලං....මගෙ බොක්ක උනේ ඒකනෙ ඒකි,ඒම තමා අපි හලිද .......ආදලෙයි ආස තලං....මගෙ බොක්ක උනේ ඒකනෙ ඒකි,0.8931
මනුස්සකමටchat කරල  බඩුව කියල  අහගන්නවට වඩා පාඩුවේ  chat නොකර ඉදලා  ලොකු line කියලා අහන එක  කෙල්ලෙක්ට නම්බුයි bro..,මනුස්සකමටchat කරල බඩුව කියල අහගන්නවට වඩා පාඩුවේ chat නොකර ඉදලා ලොකු line කියලා අහන එක කෙල්ලෙක්ට නම්බුයි බ්‍රෝ,0.8931
මේක හරියට ගාමන්ට් එකක් වගේ බං.. රෙද්ද කපන්නෙ  එකෙක්..අත  මහන්නෙ  තව එකෙක්..කොලර් එක මහන්නේ තව එකෙක්..බොත්තම් අල්ලන්නෙ  එකෙක්..කාසි මහන්නෙ තව එකෙක්.. එක නිසා..මේකේ කොනක් හොයල වැඩක් නැ..කොනක් තියෙනවා..එත් වැඩක් නැ.. - සහෝදරයා,මේක හරියට ගාමන්ට් එකක් වගේ බං.. රෙද්ද කපන්නෙ එකෙක්..අත මහන්නෙ තව එකෙක්..කොලර් එක මහන්නේ තව එකෙක්..බොත්තම් අල්ලන්නෙ එකෙක්..කාසි මහන්නෙ තව එකෙක්.. එක නිසා..මේකේ කොනක් හොයල වැඩක් නැ..කොනක් තියෙනවා..එත් වැඩක් නැ.. - සහෝදරයා,0.8931
බැටරි බහිනවා යකෝ. Group chat වහලා නිදාගන්න යමව්,බැටරි බහිනවා යකෝ. Group chat වහලා නිදාගන්න යමව්,0.8931
"මිසිස් දේවානිටත් පිස්සුනේ මැටි හරකෙක්ට සයන්ස්වලින් කතා කරන්නෙ, උට කතාකරන්න ඕනේ උගේ බාසවෙන්,  ""හු#තෝ, කඩෝලාන නැති උනාම ඕව අස්සේ කසිප්පු පෙරන එවුන්ට කසිප්පු පෙරන්න තැනක් නැතිවෙනවා."" කිව්වනම් මැට්ටට කඩොලානවල වටිනාකම තේරෙනවා. හා.සේ නුවර හාමු @USER  · 30 Mar 2021 අසංවේදී මිනිසුන්ට, සංවේදී සොබදහම ගැන උගන්වන්නට, නොහැක, තනි ගැහැණියක් මෝඩයෝ රොත්තක් එක්ක සටන් වදිනවා, සොබා දම බේරා ගන්නට, ආඩම්බරයි ඔබ ගැන.","මිසිස් දේවානිටත් පිස්සුනේ මැටි හරකෙක්ට සයන්ස්වලින් කතා කරන්නෙ, උට කතාකරන්න ඕනේ උගේ බාසවෙන්, ""හු#තෝ, කඩෝලාන නැති උනාම ඕව අස්සේ කසිප්පු පෙරන එවුන්ට කසිප්පු පෙරන්න තැනක් නැතිවෙනවා."" කිව්වනම් මැට්ටට කඩොලානවල වටිනාකම තේරෙනවා. හා.සේ නුවර හාමු · 30 Mar 2021 අසංවේදී මිනිසුන්ට, සංවේදී සොබදහම ගැන උගන්වන්නට, නොහැක, තනි ගැහැණියක් මෝඩයෝ රොත්තක් එක්ක සටන් වදිනවා, සොබා දම බේරා ගන්නට, ආඩම්බරයි ඔබ ගැන.",0.8931
"අපේ උන් එකෙක්වත් IPL වලට ගන්න වටින්නේ නැහැ කියලා දෙහි කපපු ඔස්තාර්ලා, දැන් වනිඳුට IPL යන්න එපාලු. අනේ තොපි වගේ කුහක හැත්තක්. එයාගෙ cricket career එක අයිති එයාට මිසක් අපිට නෙමේ. ලංකාවේ අය විතරද IPL ගහන්නෙ? IPL කියන්නෙ අත්දැකීම් සාගරයක්. සෙල්ලං කරන උන්ගෙ මොරාල් කඩන්නෙ නැතුව හිටපන්.","අපේ උන් එකෙක්වත් ඉපල් වලට ගන්න වටින්නේ නැහැ කියලා දෙහි කපපු ඔස්තාර්ලා, දැන් වනිඳුට ඉපල් යන්න එපාලු. අනේ තොපි වගේ කුහක හැත්තක්. එයාගෙ cricket career එක අයිති එයාට මිසක් අපිට නෙමේ. ලංකාවේ අය විතරද ඉපල් ගහන්නෙ? ඉපල් කියන්නෙ අත්දැකීම් සාගරයක්. සෙල්ලං කරන උන්ගෙ මොරාල් කඩන්නෙ නැතුව හිටපන්.",0.8931
රෙද්ද අස්සේ නයි දාගෙන එක්කෙනක් හොම්බෙන් ගියා. බලනකොට අනිත් එක්කෙනත් නයි එකා දෙන්නා ළං කර ගන්නවනේ,රෙද්ද අස්සේ නයි දාගෙන එක්කෙනක් හොම්බෙන් ගියා. බලනකොට අනිත් එක්කෙනත් නයි එකා දෙන්නා ළං කර ගන්නවනේ,0.8931
කිරිබත්ගොඩ හරහා කොළඹ පැත්තට යන උන් ඉන්නවනං වෙන පාරකිං පලයව්. UNP එකෙ උන් වේස මඩුවක් දාල,කිරිබත්ගොඩ හරහා කොළඹ පැත්තට යන උන් ඉන්නවනං වෙන පාරකිං පලයව්. උන්ප් එකෙ උන් වේස මඩුවක් දාල,0.8931
@USER සද්ද නොකර බලලා පලයන්  මට ගහාන පොලු පරක් වදින්න ඉඩ තියනවා..,සද්ද නොකර බලලා පලයන් මට ගහාන පොලු පරක් වදින්න ඉඩ තියනවා..,0.8931
"වනුඳු ශම්සිට ගැහුවෙ "" මම දෙක, උඹ එකනෙ.ඉඳපන් තොට දෙන්නම්"" කියල වගෙ සීන් එකෙන් කියල හිතෙන්නෙ මට විතරද","වනුඳු ශම්සිට ගැහුවෙ "" මම දෙක, උඹ එකනෙ.ඉඳපන් තොට දෙන්නම්"" කියල වගෙ සීන් එකෙන් කියල හිතෙන්නෙ මට විතරද",0.8931
@USER මෝඩ හුත්තෝ තෝ ෆූඩ් සිටි යන්නේ උබට ඕනේ එක තෝර ගන්න..එකෙ ඉන්න උන්ට තෝරන්න දෙනවා නම් පොලේ පල....,මෝඩ හුත්තෝ තෝ ෆූඩ් සිටි යන්නේ උබට ඕනේ එක තෝර ගන්න..එකෙ ඉන්න උන්ට තෝරන්න දෙනවා නම් පොලේ පල....,0.8931
මංද ඔතන හැංගි උඹ කරන්නේ අන්ධකාර සළු පොරවා වැනෙන්නේ නින්ද නැතිව මම පැදුරේ දපන්නේ නින්ද සදාකාලික කොට දියන්නේ -මහගමසේකර-,මංද ඔතන හැංගි උඹ කරන්නේ අන්ධකාර සළු පොරවා වැනෙන්නේ නින්ද නැතිව මම පැදුරේ දපන්නේ නින්ද සදාකාලික කොට දියන්නේ -මහගමසේකර-,0.8931
@USER Smart lab නං බොල දැං ගොඩක් ඒවයි තියනව ලොකු කරගෙන දගලනවනෙ මෙයාලා  ඕකුන් වගේ එවුං තමයි අපේ රටේ අනාගතේට හුක්කන්නෙ,Smart lab නං බොල දැං ගොඩක් ඒවයි තියනව ලොකු කරගෙන දගලනවනෙ මෙයාලා ඕකුන් වගේ එවුං තමයි අපේ රටේ අනාගතේට හුක්කන්නෙ,0.8926
වටේ තිබුන ගස් ගලවල නිසා හුළඟක් ඇල්ලුවම ගස් බිමටම බර වෙනව.කුරුලු අම්ම මොන ගින්දරකද ඇත්තෙ වැස්සෙම තෙමි තෙමී ගිහින් මුක්කුවක් ගහල ආව පොඩ්ඩක් හරි හරියයි නෙ..පව් අහින්සක කුරුලු පවුල The following media includes potentially sensitive content. Change settings View,වටේ තිබුන ගස් ගලවල නිසා හුළඟක් ඇල්ලුවම ගස් බිමටම බර වෙනව.කුරුලු අම්ම මොන ගින්දරකද ඇත්තෙ වැස්සෙම තෙමි තෙමී ගිහින් මුක්කුවක් ගහල ආව පොඩ්ඩක් හරි හරියයි නෙ..පව් අහින්සක කුරුලු පවුල The following media ඉන්ච්ලුදෙස් potentially sensitive content. Change සෙට්ටින්ග්ස් View,0.8926
පච්ච කෙල්ල  කච්චි  නැතත් පොලේ ගිහින් පිටේ ගහල පච්ච නිච්චි  නැතිව අම්ම දැකල හොදට ගුටි වැදිච්ච කොච්චි  කරල වගෙ ඉදගෙන ලොවට බය නොවිච්ච හිච්චි  කෙල්ල මං  මත්බිගු තුඩෙන් කිලිටි වෙච්ච,පච්ච කෙල්ල කච්චි නැතත් පොලේ ගිහින් පිටේ ගහල පච්ච නිච්චි නැතිව අම්ම දැකල හොදට ගුටි වැදිච්ච කොච්චි කරල වගෙ ඉදගෙන ලොවට බය නොවිච්ච හිච්චි කෙල්ල මං මත්බිගු තුඩෙන් කිලිටි වෙච්ච,0.8926
@USER  @USER ඇරපු අතක් නෑ මෝඩ කුකුලෙක්..මසටවත් මරන්න හරියන්නෙ නෑ මූව..ජාතකේ වැරදුන එකෙක්. @USER  දැං මටත් බැනපං බයිය බයියා ගාලබයි භීතිකාවෙං පෙලෙන්නෙ මූ පොඩි කාලෙ බයියෙක් අතවර කරලද මන්දා,ඇරපු අතක් නෑ මෝඩ කුකුලෙක්..මසටවත් මරන්න හරියන්නෙ නෑ මූව..ජාතකේ වැරදුන එකෙක්. දැං මටත් බැනපං බයිය බයියා ගාලබයි භීතිකාවෙං පෙලෙන්නෙ මූ පොඩි කාලෙ බයියෙක් අතවර කරලද මන්දා,0.8926
@USER ඔය වගේ මෝල් කරත්ත පස්සේ යනකොට අපි කිව්ව මූට ... මොදකින්  තෝ වගේ එකෙක්  @USER,ඔය වගේ මෝල් කරත්ත පස්සේ යනකොට අපි කිව්ව මූට ... මොදකින් තෝ වගේ එකෙක්,0.8926
@USER ඒනම් උබගේ පයිය කපන් යනවා සුවර්,ඒනම් උබගේ පයිය කපන් යනවා සුවර්,0.8926
"@USER  @USER    ඔය කැරි වෙසිගෙ පුතාගෙ අම්මට හුකාගන්නෙ නැතිව ,අනුන්ගෙරටවල් ගැන පකවල් හොයන්න්‍ර් නැට්ජිව තමුන්ගෙ රටෙ තියෙන කොරොනා පයිය හොද කොරගන්නකීලා තෙරෙන පයියකින් කියාන් මල්ලෙහ්","ඔය කැරි වෙසිගෙ පුතාගෙ අම්මට හුකාගන්නෙ නැතිව ,අනුන්ගෙරටවල් ගැන පකවල් හොයන්න්‍ර් නැට්ජිව තමුන්ගෙ රටෙ තියෙන කොරොනා පයිය හොද කොරගන්නකීලා තෙරෙන පයියකින් කියාන් මල්ලෙහ්",0.8926
කොරෝනා හැදිලා මැරිලා මදි මේ උඬඟු අකෘතඥ මෝඩ ජාතිය.,කොරෝනා හැදිලා මැරිලා මදි මේ උඬඟු අකෘතඥ මෝඩ ජාතිය.,0.8926
කුසාන්ත හෙන කටු අත්තක්නේ  කා එක්ක හරි වලියක් දා ගන්නමයි බලන්නේ,කුසාන්ත හෙන කටු අත්තක්නේ කා එක්ක හරි වලියක් දා ගන්නමයි බලන්නේ,0.8926
"කෑම හදපන්, හැබැයි උඹ කුස්සියට වෙලා කඹුරන්න ඕන නෑ... දරුවෝ හදපන්, හැබැයි උඹේ හීන, සතුට  ඒ මත්තෙම නැහිලා යන්න ඕනේ නෑ... උඹ ගෑනියෙක් කියලා, උඹේ ඇනටොමීය හැදිලා තියෙන්නෙ පිරිමියෙක්ගේ ගුටි කන්න කියලා උඹ කොහෙත්ම විශ්වාස කරන්න ඕනෙත් නෑ....","කෑම හදපන්, හැබැයි උඹ කුස්සියට වෙලා කඹුරන්න ඕන නෑ... දරුවෝ හදපන්, හැබැයි උඹේ හීන, සතුට ඒ මත්තෙම නැහිලා යන්න ඕනේ නෑ... උඹ ගෑනියෙක් කියලා, උඹේ ඇනටොමීය හැදිලා තියෙන්නෙ පිරිමියෙක්ගේ ගුටි කන්න කියලා උඹ කොහෙත්ම විශ්වාස කරන්න ඕනෙත් නෑ....",0.8926
"ඉවසපන්... ඉවසන්න බැරිම උනොත්  හැංගිලා අඩපන්... උඹව බාල්දු කරන,  උඹට  වටිනාකමක් නොදෙන වුන්ට උඹ  උන්ගේ දෙපාමුල වැද වැටුනත් දැනෙන්නේ නෑ... උඹ උඹම වෙයන්.. නිශ්ශබ්දවම සමුදීපන්...||","ඉවසපන්... ඉවසන්න බැරිම උනොත් හැංගිලා අඩපන්... උඹව බාල්දු කරන, උඹට වටිනාකමක් නොදෙන වුන්ට උඹ උන්ගේ දෙපාමුල වැද වැටුනත් දැනෙන්නේ නෑ... උඹ උඹම වෙයන්.. නිශ්ශබ්දවම සමුදීපන්...||",0.8926
මහ රෑ වාහනේ යනකොට පිටිපස්සෙන් ඇවිල්ල කෙළවරක් නැතුව හෙඩ් ලයිට ගහන උන්ට අර්ශෂ් හැදිල පුකේ හෙන ලොකු ගෙඩි හැදියාන්.....!  ඒස්වා.... පුහ්!,මහ රෑ වාහනේ යනකොට පිටිපස්සෙන් ඇවිල්ල කෙළවරක් නැතුව හෙඩ් ලයිට ගහන උන්ට අර්ශෂ් හැදිල පුකේ හෙන ලොකු ගෙඩි හැදියාන්.....! ඒස්වා.... පුහ්!,0.8926
@USER  @USER නෑ.ඒක ටිකක් දනහිස කිට්ටුවට නිසා එවුන් කැමතී ඒ ඇඳුමට.අනික හුලග්‍ර් යනකොට හූ තියලා ඇඳුම හදාගන්න කැමතී උන් අනික පස්ස අතගාල ගවුම හදාගෙන ඉදගන්න කැමතී උන් අනික කැරකිලා හුලන් පුම්බලා ඔශීන්ලගෙ ටයිප් ගවුම සෙල්ලම කරන්නට් උන් කැමති.,නෑ.ඒක ටිකක් දනහිස කිට්ටුවට නිසා එවුන් කැමතී ඒ ඇඳුමට.අනික හුලග්‍ර් යනකොට හූ තියලා ඇඳුම හදාගන්න කැමතී උන් අනික පස්ස අතගාල ගවුම හදාගෙන ඉදගන්න කැමතී උන් අනික කැරකිලා හුලන් පුම්බලා ඔශීන්ලගෙ ටයිප් ගවුම සෙල්ලම කරන්නට් උන් කැමති.,0.8921
"තොට යකු ගෑනි ගහනවා නම්..රෙදි ටිකයි පොඩි උන් දෙන්නයි වඩාගෙන අම්මලාගේ ගෙදර පලයන් ...පස්සේ ඕකිට රෙදි හෝදන්න, බත් තම්බන්න එකෙක් නැති උන ගමන්..ඕකි ඕකි උබලගේ අම්මලාගේ ගෙදර එනවා ශේප් වෙන්න උබත් එක... — feeling පවුල් ප්‍රශ්න විසදමින්","තොට යකු ගෑනි ගහනවා නම්..රෙදි ටිකයි පොඩි උන් දෙන්නයි වඩාගෙන අම්මලාගේ ගෙදර පලයන් ...පස්සේ ඕකිට රෙදි හෝදන්න, බත් තම්බන්න එකෙක් නැති උන ගමන්..ඕකි ඕකි උබලගේ අම්මලාගේ ගෙදර එනවා ශේප් වෙන්න උබත් එක... — feeling පවුල් ප්‍රශ්න විසදමින්",0.8921
යකෝ මේ තෙර්ඩ්  ආර්. බැද්දගේ @USER  · 22 Dec 2021  @USER@USER අනේප්පල ඩෝ යන්න. තෝ උඩ තට්ටුවෙ ඉඳං වටේ ගෑනඅ නාන ඒව බලබල අත මරන වෙලාවෙ අපි ඇඟට පතට හරිහමං ඇඳුමක්වත් නැතුව දාඩිය මුගුරු පෙරාගෙන මහන්සි වෙලා තමයි දරුවො හැදුවෙ.  කතා කරපං @USER,යකෝ මේ තෙර්ඩ් ආර්. බැද්දගේ · 22 දෙක් 2021 අනේප්පල ඩෝ යන්න. තෝ උඩ තට්ටුවෙ ඉඳං වටේ ගෑනඅ නාන ඒව බලබල අත මරන වෙලාවෙ අපි ඇඟට පතට හරිහමං ඇඳුමක්වත් නැතුව දාඩිය මුගුරු පෙරාගෙන මහන්සි වෙලා තමයි දරුවො හැදුවෙ. කතා කරපං,0.8921
25 කියන්නේ බදින්න හොදම වයසලූ රෙද්ද තමයී,25 කියන්නේ බදින්න හොදම වයසලූ රෙද්ද තමයී,0.8921
එතකොට ගංජා හේනක් විනාශ කරන්න පුච්චනකොට වටේම උන්ට වදිනව ද? නිකන් අලි තඩි බීඩියක් පත්තු කරා වගේ ඇති #නිකංහිතුනා,එතකොට ගංජා හේනක් විනාශ කරන්න පුච්චනකොට වටේම උන්ට වදිනව ද? නිකන් අලි තඩි බීඩියක් පත්තු කරා වගේ ඇති #නිකංහිතුනා,0.8921
මම උස වැඩීලු කියලා…  තව කෙට්ටු වෙන්න කියලා…  ලොකු වන්දිත් නැති හින්දා…  ලොකු scene  එකම දැම්මා…  උඹ වංසේ හබල් ගාලා…  පොල් අක්කර ගැන කියලා…  මට නින්දක් නැහැ තාමත්  අඩනින්දෙන් මම ජාඇල එනවා…,මම උස වැඩීලු කියලා… තව කෙට්ටු වෙන්න කියලා… ලොකු වන්දිත් නැති හින්දා… ලොකු scene එකම දැම්මා… උඹ වංසේ හබල් ගාලා… පොල් අක්කර ගැන කියලා… මට නින්දක් නැහැ තාමත් අඩනින්දෙන් මම ජාඇල එනවා…,0.8921
"""බුද්ධාගමේ ඇති අවිහිංසා වාදයක් නෑ ....ඒකෙ ඇති මෛත්‍රියක් නෑ.....ඒකෙ ඔය කිව්වට ඇති ශාන්තියක් නෑ....."" කියලා කවුරු හරි ස්ටේටස් එකක් දැම්මොත්, ඒකට වැටෙන කමෙන්ට්ස් මොන වගේ වෙයිද?     ""බොල අවජාතක පාහර... URL","""බුද්ධාගමේ ඇති අවිහිංසා වාදයක් නෑ ....ඒකෙ ඇති මෛත්‍රියක් නෑ.....ඒකෙ ඔය කිව්වට ඇති ශාන්තියක් නෑ....."" කියලා කවුරු හරි ස්ටේටස් එකක් දැම්මොත්, ඒකට වැටෙන කමෙන්ට්ස් මොන වගේ වෙයිද? ""බොල අවජාතක පාහර... උර්ල්",0.8921
@USER එය උබට කැමති නැත්තේ උබේ බඩ තඩි නිසා   @USER @USER  @USER,එය උබට කැමති නැත්තේ උබේ බඩ තඩි නිසා,0.8921
මම උස වැඩීලු කියලා… තව කෙට්ටු වෙන්න කියලා… ලොකු වන්දිත් නැති හින්දා… ලොකු scene එකම දැම්මා… උඹ වංසේ හබල් ගාලා… පොල් අක්කර ගැන කියලා… මට නින්දක් නැහැ තාමත් අඩනින්දෙන් මම ගාලු එනවා…  මෝඩ තරිඳු විසින් #කැඳපාවි ට පවසන ලද්දක්,මම උස වැඩීලු කියලා… තව කෙට්ටු වෙන්න කියලා… ලොකු වන්දිත් නැති හින්දා… ලොකු scene එකම දැම්මා… උඹ වංසේ හබල් ගාලා… පොල් අක්කර ගැන කියලා… මට නින්දක් නැහැ තාමත් අඩනින්දෙන් මම ගාලු එනවා… මෝඩ තරිඳු විසින් #කැඳපාවි ට පවසන ලද්දක්,0.8921
හෙට එක්සෑම්. ගන්ජ ගහල ගහල ඉන්නව දැන්  කරුම ජීවිත,හෙට එක්සෑම්. ගන්ජ ගහල ගහල ඉන්නව දැන් කරුම ජීවිත,0.8921
@USER @USER  අපේ අම්ම තාත්ත..දෙන්නම හොඳ සිංහ ලේ..උඹලට වගේ ලේ මොකක්ද කියල හොයාගන්න අමාරැ නෑ අපට..,අපේ අම්ම තාත්ත..දෙන්නම හොඳ සිංහ ලේ..උඹලට වගේ ලේ මොකක්ද කියල හොයාගන්න අමාරැ නෑ අපට..,0.8921
අම්මයි අප්පයි නම් මක බවිලාම ගියා. දැන් අවජාතක ළමයිනුත් උන්ගේ එකම තමයි කොරන්නේ #TamilNadu #TAMILNADUPOLITICS #Palanisamy  @USER  #srianka,අම්මයි අප්පයි නම් මක බවිලාම ගියා. දැන් අවජාතක ළමයිනුත් උන්ගේ එකම තමයි කොරන්නේ ටමිල්නාඩු ටමිල්නාදුපොලිටිච්ස් පලනිසම්ය් ස්රිංකා,0.8921
@USER  @USER අත්තා මුත්තාගේ ඉඳන්ම unp එකට කියල පුක පලාගත්ත උන්,අත්තා මුත්තාගේ ඉඳන්ම උන්ප් එකට කියල පුක පලාගත්ත උන්,0.8921
"@USER ,  @USER  @USER වෙරිවුනාට පස්සෙ අපි දෙන්නම එකතු වෙලා ස්ලෑස්ගෙ පුක පලමු",", වෙරිවුනාට පස්සෙ අපි දෙන්නම එකතු වෙලා ස්ලෑස්ගෙ පුක පලමු",0.8921
රීල තනියම පුක හෝදගන්න බැරි ඇටකිච්චෝ Facebook ඇවිල්ල රට හදන්න දෙන පඬි Talks තමයි ඉතිං ඉවසන්න බැරි... — thinking... URL,රීල තනියම පුක හෝදගන්න බැරි ඇටකිච්චෝ ඵචෙබූක් ඇවිල්ල රට හදන්න දෙන පඬි ටල්ක්ස් තමයි ඉතිං ඉවසන්න බැරි... — thinking... උර්ල්,0.8921
#20A අවජාතක වුණා නේද සම්මත වෙන්න කලින්ම.,#20A අවජාතක වුණා නේද සම්මත වෙන්න කලින්ම.,0.8921
@USER  @USER හොක්ක තලන්නෙ හොක්ක හරිද දැනගනින් නවක පොන්නයා හිඟන බැල්ලිගෙ එකා පලයන් දැන් පුක වලලාගෙන මැරියන්,හොක්ක තලන්නෙ හොක්ක හරිද දැනගනින් නවක පොන්නයා හිඟන බැල්ලිගෙ එකා පලයන් දැන් පුක වලලාගෙන මැරියන්,0.8916
"ෂීබා,මං උඹට ආදරෙයි කෙල්ලේ  - පල පොට්ටයා. මම කොහොමහරි අරූගේ ඇඟේ එල්ලිලා ඇමරිකාවේ පනින්න හදනකොට උඹ ආවා ඒක විනාස කරන්න  #PrisonBreakinLka","ෂීබා,මං උඹට ආදරෙයි කෙල්ලේ - පල පොට්ටයා. මම කොහොමහරි අරූගේ ඇඟේ එල්ලිලා ඇමරිකාවේ පනින්න හදනකොට උඹ ආවා ඒක විනාස කරන්න ප්රිසොන්බ්රෙඅකින්ල්ක",0.8916
@USER යස්සනියක් එක්ක නැගහන්..ඒකි උබව කාවී,යස්සනියක් එක්ක නැගහන්..ඒකි උබව කාවී,0.8916
උඹ Stock තියන්නෙ කියල මට Mod ගහපුවම අරවයි මේවයි බයිල කියන් එන්ඩ එපා..  මම උඹට Mod ගහපං කියන්නෑනෙ..,උඹ Stock තියන්නෙ කියල මට මෝඩ ගහපුවම අරවයි මේවයි බයිල කියන් එන්ඩ එපා.. මම උඹට මෝඩ ගහපං කියන්නෑනෙ..,0.8916
රාජිත සේනාරත්න පොන්න පකයා තෝ හැමිනිලා මැරියන් ගස් බල්ල...  මූසල රිලවා... URL,රාජිත සේනාරත්න පොන්න පකයා තෝ හැමිනිලා මැරියන් ගස් බල්ල... මූසල රිලවා... උර්ල්,0.8916
ඒ බස් එකෙන් බැස්ස නංගිගෙ කොණ්ඩෙ හුටා නෑ යකෝ ඌ කොල්ලෙක් නේද? බමුනෙක් වගේ රැවුලත් වවලා ඇටමාල හැටක් විතර බෙල්ලෙත් එල්ලන්.,ඒ බස් එකෙන් බැස්ස නංගිගෙ කොණ්ඩෙ හුටා නෑ යකෝ ඌ කොල්ලෙක් නේද? බමුනෙක් වගේ රැවුලත් වවලා ඇටමාල හැටක් විතර බෙල්ලෙත් එල්ලන්.,0.8916
මට දුමක් දාන්න හිතෙනකොටම වැහැපං ලබ්බ,මට දුමක් දාන්න හිතෙනකොටම වැහැපං ලබ්බ,0.8916
"අපේ පැත්තෙ ලේනුන්ට අපේ අම්ම නියම නම් දානව. එක චණ්ඩි ලේනෙක් ඉන්නව. උගෙ නැට්ට කව්ද කාල. ඌට නැට්ට කොටා කිය කිය හිටියෙ. පස්සෙ ඒක කොටා වුණා, දැන් ඌ සොත්ති උපාලි. ඇයි අනික් උන්ට ගහල එලෝන හින්ද. ඒ එලෝන දෙන්නෙක්ට කියන්නෙ ""රොක්ලන්ඩ් ජින්."" මොකද දෙන්න එකට කෑමක් කනකොට රොක්ලන්ඩ් ලෝගෝ එක වගේ Kanchana Amilani @USER  · 28 May 2021 අපේ අඹ ගහේ ඉන්නවා අමුතුම ජාතියෙ ලේනෙක්. ඌට කූඩු හැදීමේ පිස්සුවක් තියෙන්නෙ. අපේ ටීවී එක පිටිපස්සෙ කූඩු හදලා අම්මා එලවාගත්තා. ඒකට පළිගන්නද කොහෙද දැන් අපේ මිදුලෙ ගැට ගහලා තියෙන කොඩි වැල කපනවා. අම්මා ගැටගහනවා, මූ අඹ ගහේ ඉදන් බලන් ඉන්නවා, ඇවිල්ලා කොඩි වැල කපනවා•","අපේ පැත්තෙ ලේනුන්ට අපේ අම්ම නියම නම් දානව. එක චණ්ඩි ලේනෙක් ඉන්නව. උගෙ නැට්ට කව්ද කාල. ඌට නැට්ට කොටා කිය කිය හිටියෙ. පස්සෙ ඒක කොටා වුණා, දැන් ඌ සොත්ති උපාලි. ඇයි අනික් උන්ට ගහල එලෝන හින්ද. ඒ එලෝන දෙන්නෙක්ට කියන්නෙ ""රොක්ලන්ඩ් ජින්."" මොකද දෙන්න එකට කෑමක් කනකොට රොක්ලන්ඩ් ලෝගෝ එක වගේ කාංචන අමිලානි · 28 May 2021 අපේ අඹ ගහේ ඉන්නවා අමුතුම ජාතියෙ ලේනෙක්. ඌට කූඩු හැදීමේ පිස්සුවක් තියෙන්නෙ. අපේ ටීවී එක පිටිපස්සෙ කූඩු හදලා අම්මා එලවාගත්තා. ඒකට පළිගන්නද කොහෙද දැන් අපේ මිදුලෙ ගැට ගහලා තියෙන කොඩි වැල කපනවා. අම්මා ගැටගහනවා, මූ අඹ ගහේ ඉදන් බලන් ඉන්නවා, ඇවිල්ලා කොඩි වැල කපනවා•",0.8916
හෝටල් වල අපිරිසිදුවට කෑම හදන උන්ව අල්ලලා නීතියෙන් ඕකුන්ට දඬුවමක් දෙන්න ඕනේ. පුක මහලා බඩ යන්න බේත් පොවනවා වගේ එකක් නම් මරු.,හෝටල් වල අපිරිසිදුවට කෑම හදන උන්ව අල්ලලා නීතියෙන් ඕකුන්ට දඬුවමක් දෙන්න ඕනේ. පුක මහලා බඩ යන්න බේත් පොවනවා වගේ එකක් නම් මරු.,0.8916
@USER @USER  මූට ඕව බිව්වා කියලා ඇට කටු සහිත සරීරෙ ගොඩ දා ගන්න අමාරු කරයි,මූට ඕව බිව්වා කියලා ඇට කටු සහිත සරීරෙ ගොඩ දා ගන්න අමාරු කරයි,0.8916
ඔක්කොම හරි මේ බෙහෙත් ටික පොවාගන්න එක නෙ අමාරු  #පැණිවළලු  #TheDaddyDiariesSL,ඔක්කොම හරි මේ බෙහෙත් ටික පොවාගන්න එක නෙ අමාරු #පැණිවළලු ථෙදද්ද්ය්දිඅරිඑෂ්ල,0.8916
අතාරින් නැ උඹව ටෝක් කරයි ඉදහිට කොල්ලෝ උනුත් ආතල් ගනියි උඹෙන් අවජාතක බල්ලෝ උඹත් කියාගන යයි අනේ මගේ සුදු මල්ලෝ උඹ උන්ට බඩුවක් විතරයි උන්ට ඉන්නවා  බං සිරා කෙල්ලෝ...,අතාරින් නැ උඹව ටෝක් කරයි ඉදහිට කොල්ලෝ උනුත් ආතල් ගනියි උඹෙන් අවජාතක බල්ලෝ උඹත් කියාගන යයි අනේ මගේ සුදු මල්ලෝ උඹ උන්ට බඩුවක් විතරයි උන්ට ඉන්නවා බං සිරා කෙල්ලෝ...,0.8916
"මං, Twitterවල සුකියා  Fbවල Ruchiran Instවල සුකියා  යාළුවොන්ගේ සුකියා  අම්මාගේ සුදු පුතා  තාත්තාගේ පුතා  අරයාගේ බබා/ ගොනා","මං, Twitterවල සුකියා Fbවල රුචිරන් Instවල සුකියා යාළුවොන්ගේ සුකියා අම්මාගේ සුදු පුතා තාත්තාගේ පුතා අරයාගේ බබා/ ගොනා",0.8916
ඒක තමා කියන්නේ සහනෝ ගංජා ගහලා මේවට එන්න එපා කියලා.තෝ පිස්සෙක්,ඒක තමා කියන්නේ සහනෝ ගංජා ගහලා මේවට එන්න එපා කියලා.තෝ පිස්සෙක්,0.8916
@USER විදේශීය එකක් දෙන්න අක්කා.දුකට උනත් බඩේ අමාරු හදාගන්න බැ,විදේශීය එකක් දෙන්න අක්කා.දුකට උනත් බඩේ අමාරු හදාගන්න බැ,0.8916
"@USER ,  @USER  @USER තෝ වගේ එලොවටත් මෙලොවටත් නැති දේශද්‍රෝහී පොන්නයෙක්ව ජාතක කරාට වඩා හොදයි ඛේමගෙ මිනිහා සරමේ පිහිදගත්තා නම්..සක්කිලියා..තොට වෙන දේ තොටවත් හිතාගන්න බැරි වෙයි.. තිරිසනා",", තෝ වගේ එලොවටත් මෙලොවටත් නැති දේශද්‍රෝහී පොන්නයෙක්ව ජාතක කරාට වඩා හොදයි ඛේමගෙ මිනිහා සරමේ පිහිදගත්තා නම්..සක්කිලියා..තොට වෙන දේ තොටවත් හිතාගන්න බැරි වෙයි.. තිරිසනා",0.8916
කාටද අප්පාාාා.....සන්තෝෂ  නැත්තේ පුදුම බේරිල්ලක්නේ බේරැනේ.... ඉතින්...තෝ  ''දෙකට නැවිලා....තද...තද....දෙකට නැවිලා'' 'නටපන්....බැංකු හොරා....තෝ' ''නටපන්....බැංකු හොරා''........ ........ ....... ....  Video Link - URL … Video Link - URL …,කාටද අප්පාාාා.....සන්තෝෂ නැත්තේ පුදුම බේරිල්ලක්නේ බේරැනේ.... ඉතින්...තෝ ''දෙකට නැවිලා....තද...තද....දෙකට නැවිලා'' 'නටපන්....බැංකු හොරා....තෝ' ''නටපන්....බැංකු හොරා''........ ........ ....... .... Video Link - උර්ල් … Video Link - උර්ල් …,0.8911
@USER  @USER   @USER  Ado Nice DP පිස්සු හැදිලා ආයෙත් හැදෙනවා,Ado Nice දප් පිස්සු හැදිලා ආයෙත් හැදෙනවා,0.8911
69 ලස්සේ බයියන්ගෙන් සබිරි ඇහුවද පුක දෙනවද? වෙඩි කනවද? කියලා..  බයියෝ කීවලු පුකත් දීලා වෙඩිත් කන්නමි කියලා,69 ලස්සේ බයියන්ගෙන් සබිරි ඇහුවද පුක දෙනවද? වෙඩි කනවද? කියලා.. බයියෝ කීවලු පුකත් දීලා වෙඩිත් කන්නමි කියලා,0.8911
නොදකින් තොපි වගේ හරක්. සරමේ පිදාපු නැති එකේ වරද.,නොදකින් තොපි වගේ හරක්. සරමේ පිදාපු නැති එකේ වරද.,0.8911
පස්සෙ ඒ කෙල්ලවත් හෝමෝන යොදලා විගහට ලොකු කරවලා ඒකිට හෙළ බස උගන්වලා ඒකි ලව්වා රාවණ රජ්ජුරුවන්ගේ නොපීදුන පොල් වත්තෙ තිබුණ හැම පොල් ගහටම පයින් ගස්සවලා. මාස කීපයකින් හැම පොල් ගහකම වගේ ගෙඩි පීදුනාලු.,පස්සෙ ඒ කෙල්ලවත් හෝමෝන යොදලා විගහට ලොකු කරවලා ඒකිට හෙළ බස උගන්වලා ඒකි ලව්වා රාවණ රජ්ජුරුවන්ගේ නොපීදුන පොල් වත්තෙ තිබුණ හැම පොල් ගහටම පයින් ගස්සවලා. මාස කීපයකින් හැම පොල් ගහකම වගේ ගෙඩි පීදුනාලු.,0.8911
ජනාධිපතිවරණයේ අංජනම් බලපු එවුන් කපෝති උනාට පස්සේ උන්ගේ...අවජාතක පැටව් දැන් අංජනම් බලන්න පටන් අරන්.....  ඔය අංජනම් බලන එවුන් කරපු  එක හරි වැඩක් කියහල්ලා...අපිටත් බලාගන්න  නොදකින්....නොදෝමකින් මේ වගේ අවජාතක පරගැති අපතයෝ D A N I E @USER  · 22 Nov 2019 මට අනුව වැඩක් කරන්න පුලුවන් මිනිස්සු ඉන්නේ දෙන්නයි .චමල් රාජපක්ශ .රමේශ් පතිරණ,ජනාධිපතිවරණයේ අංජනම් බලපු එවුන් කපෝති උනාට පස්සේ උන්ගේ...අවජාතක පැටව් දැන් අංජනම් බලන්න පටන් අරන්..... ඔය අංජනම් බලන එවුන් කරපු එක හරි වැඩක් කියහල්ලා...අපිටත් බලාගන්න නොදකින්....නොදෝමකින් මේ වගේ අවජාතක පරගැති අපතයෝ ද අ න ඉ ඒ · 22 නොව 2019 මට අනුව වැඩක් කරන්න පුලුවන් මිනිස්සු ඉන්නේ දෙන්නයි .චමල් රාජපක්ශ .රමේශ් පතිරණ,0.8911
@USER ඔයා සෑහෙන උත්සහයක් ගන්නවනේ මඩ ගහන්න. කටින් බතල හිටවන්නේ නැතුව පුලුවන් තැනකිම් ඔප්පු කරලා පෙන්නහන්. පොන්න කම කියන්නේ ඕක නෙවෙයිද. චීත්ත අදින ගෑනියෙක් වෙන්න එපා. උඹ මට චෝදනාවක් කරනවනම් ඒක ඔප්පු කරලා පෙන්නහන්.,ඔයා සෑහෙන උත්සහයක් ගන්නවනේ මඩ ගහන්න. කටින් බතල හිටවන්නේ නැතුව පුලුවන් තැනකිම් ඔප්පු කරලා පෙන්නහන්. පොන්න කම කියන්නේ ඕක නෙවෙයිද. චීත්ත අදින ගෑනියෙක් වෙන්න එපා. උඹ මට චෝදනාවක් කරනවනම් ඒක ඔප්පු කරලා පෙන්නහන්.,0.8911
මුදලට තාත්තා ගස්බැදලා අම්මා අල්ලපු ගෙදර මිනිහට දූෂණය කරන්න දෙන අවජාතක නඩය..... URL,මුදලට තාත්තා ගස්බැදලා අම්මා අල්ලපු ගෙදර මිනිහට දූෂණය කරන්න දෙන අවජාතක නඩය..... උර්ල්,0.8911
"ඉලංගරත්න මහත්තයගෙ හීනෙ ඉවරයි. ගොවි කම්කරු ජනතාව වෙනුවෙන් පිහිටුවපු එකම බැංකු. තොපිට විතරක් නෙවෙයි තොපි ජාතක කරපු, වදාපු හත්මුතු පරපුරටත් හෙණහත වදින්න ඕන මේ අපරාදෙට. URL","ඉලංගරත්න මහත්තයගෙ හීනෙ ඉවරයි. ගොවි කම්කරු ජනතාව වෙනුවෙන් පිහිටුවපු එකම බැංකු. තොපිට විතරක් නෙවෙයි තොපි ජාතක කරපු, වදාපු හත්මුතු පරපුරටත් හෙණහත වදින්න ඕන මේ අපරාදෙට. උර්ල්",0.8911
ටුයිටරේ එක කෙල්ලෙක් ඉන්නවා හරිද. ඒකිගේ පුක පෙන්නන්න මාර ගේමක් දෙන්නේ  ටිප් එකක් දෙන්නම් - වැටමාර පොලු සීන් කියපු කාලේ ඒක සාධාරණීකරණය කරපු ඒකෙක්,ටුයිටරේ එක කෙල්ලෙක් ඉන්නවා හරිද. ඒකිගේ පුක පෙන්නන්න මාර ගේමක් දෙන්නේ ටිප් එකක් දෙන්නම් - වැටමාර පොලු සීන් කියපු කාලේ ඒක සාධාරණීකරණය කරපු ඒකෙක්,0.8911
මම:- අම්මෙ කොත්තුවක් වත් කන්න බැරි උනා දවස් ගානකින් මේ මගුලක් හින්ද..          අම්ම:- මේ තියෙන්නෙ කොස් කාපන් කොස් කොත්තු,මම:- අම්මෙ කොත්තුවක් වත් කන්න බැරි උනා දවස් ගානකින් මේ මගුලක් හින්ද.. අම්ම:- මේ තියෙන්නෙ කොස් කාපන් කොස් කොත්තු,0.8911
@USER @USER  yes. But not සෙලීනගෙ කටට රත්ගමයගෙ අතේ තියෙන එක දාන්න ගියාම වගේ නෙමෙයි #toofar #neverhappen #dreamsofRathaa,yes. But not සෙලීනගෙ කටට රත්ගමයගෙ අතේ තියෙන එක දාන්න ගියාම වගේ නෙමෙයි ටූෆර් නෙවෙර්හාප්පෙන් ද්රෙංසොෆ්රථා,0.8911
Lunch එකට පලතුරු කෑවා  තිබහට කොමඩු කෑවා  හුත්ත ඇගට පන නෑ burger එකක්වත් කන්න ඕනේ,Lunch එකට පලතුරු කෑවා තිබහට කොමඩු කෑවා හුත්ත ඇගට පන නෑ බුර්ගේර් එකක්වත් කන්න ඕනේ,0.8906
@USER අපේ ගම්වල උන් කුරක්කන් තලප කන් නෑ..එව්ව උන්ට පොස් මදි.. හැපුය් මේව කටේ ඇලෙනෝ කියල හෙන සොබන..  ඒත් එ ෆකය් ම කුරහන් සාටක බුවෙක් ඡන්දෙ ඉල්ලුවම.... පෝලිමේ ඉඳල තුනෙන් තුනම දීල කතිර ගහන්නේ..,අපේ ගම්වල උන් කුරක්කන් තලප කන් නෑ..එව්ව උන්ට පොස් මදි.. හැපුය් මේව කටේ ඇලෙනෝ කියල හෙන සොබන.. ඒත් එ ෆකය් ම කුරහන් සාටක බුවෙක් ඡන්දෙ ඉල්ලුවම.... පෝලිමේ ඉඳල තුනෙන් තුනම දීල කතිර ගහන්නේ..,0.8906
@USER  @USER කිරි බොන්න ඒකි අමිමෙක් වෙලා ඉන්න එපැයි බොන්නේ ලේ..හැබැයි ගෑණු සතා..මදුරැවා බොන්නේ ශාක වල යුෂ...මෙිකට තියෙන ප්‍රශ්න මදුරුවන්ටත් නැතුව ඇති,කිරි බොන්න ඒකි අමිමෙක් වෙලා ඉන්න එපැයි බොන්නේ ලේ..හැබැයි ගෑණු සතා..මදුරැවා බොන්නේ ශාක වල යුෂ...මෙිකට තියෙන ප්‍රශ්න මදුරුවන්ටත් නැතුව ඇති,0.8906
@USER හරියට ගහලා නැ    අර පරන්ගින්ට ගල උස්සලා දෙන්න ගිහින්,හරියට ගහලා නැ අර පරන්ගින්ට ගල උස්සලා දෙන්න ගිහින්,0.8906
බැන්දට පස්සෙ ලමයි නැතිඋනාම දික්කසාද නඩු දාගෙන වැලලෙන්න හදන්නෙත් පිරිමි උබලම තමයි..  කෙල්ලෙක් බදින්න කලින් ගෙදර ඉද්දි ඒ දවස්ටිකට ඒකිගෙ අම්ම ඒකිට කියලා ගේ අතු ගාවගන්නෙත් නෑ..සමහර කෙල්ලො කාමරේට වෙලා කෑගහලා අඩනකොට ඒකිගෙ තාත්තා ඉස්සරහට වෙලා හූල්ලනවා..එහෙමෙයි ඒකි ගෙදර ඉන්නේ..ඒත්,බැන්දට පස්සෙ ලමයි නැතිඋනාම දික්කසාද නඩු දාගෙන වැලලෙන්න හදන්නෙත් පිරිමි උබලම තමයි.. කෙල්ලෙක් බදින්න කලින් ගෙදර ඉද්දි ඒ දවස්ටිකට ඒකිගෙ අම්ම ඒකිට කියලා ගේ අතු ගාවගන්නෙත් නෑ..සමහර කෙල්ලො කාමරේට වෙලා කෑගහලා අඩනකොට ඒකිගෙ තාත්තා ඉස්සරහට වෙලා හූල්ලනවා..එහෙමෙයි ඒකි ගෙදර ඉන්නේ..ඒත්,0.8906
@USER පුක උඩ දාං නිදාගන්නවා කියන්නේ ඕකට තමයි,පුක උඩ දාං නිදාගන්නවා කියන්නේ ඕකට තමයි,0.8906
එතකොට මම විතරද මේ  Music Festival දෙකට පිස්සු වැටිච්ච එකෙකුට ඉන්නෙ?,එතකොට මම විතරද මේ Music Festival දෙකට පිස්සු වැටිච්ච එකෙකුට ඉන්නෙ?,0.8906
@USER පෙත්තො පෙත්තො ගාන්නේ කට ඇරලා කියපංකො ගිරවා කියලා පඩංගු හැත්ත,පෙත්තො පෙත්තො ගාන්නේ කට ඇරලා කියපංකො ගිරවා කියලා පඩංගු හැත්ත,0.8906
ශ්‍රී පාද ගින්න ඇවිලී ඇත # කේලාට් සිම් කෑලි වලට කැඩෙමින් ඇත ඒවා කැඩෙන සොවින් අවජාතක වාදීන්ගේ පුක ඉරාගෙන මොරදීම්ද... URL,ශ්‍රී පාද ගින්න ඇවිලී ඇත # කේලාට් සිම් කෑලි වලට කැඩෙමින් ඇත ඒවා කැඩෙන සොවින් අවජාතක වාදීන්ගේ පුක ඉරාගෙන මොරදීම්ද... උර්ල්,0.8906
•අඩෝ නවත්තපං ඇහැට හුණු ගියා •ගහපං ඕකගේ මුණ නාලු වෙන්න •ඔය මදි යකෝ තව හුණු ගාපං කොට්ටේ •මොකාද යකෝ මට ගහපු වල් පරයා •අඩෝ මගේ පිටේ හුණු තීනවද බලපං  උබත් free period වල හුණු කොට්ටෙන් ගහගෙන ආතල් අරන් තීන සුපිරි කොල්ලෙක්නම්  RT කරන්න    #FollowMe#FollowBack @USER,•අඩෝ නවත්තපං ඇහැට හුණු ගියා •ගහපං ඕකගේ මුණ නාලු වෙන්න •ඔය මදි යකෝ තව හුණු ගාපං කොට්ටේ •මොකාද යකෝ මට ගහපු වල් පරයා •අඩෝ මගේ පිටේ හුණු තීනවද බලපං උබත් free period වල හුණු කොට්ටෙන් ගහගෙන ආතල් අරන් තීන සුපිරි කොල්ලෙක්නම් රට් කරන්න ෆෝල්ලොව්මෙෆොල්ලොව්බච්ක්,0.8906
@USER ලැට් එක ඇන්ටික්නං පුක කොහොම ඇද්ද,ලැට් එක ඇන්ටික්නං පුක කොහොම ඇද්ද,0.8901
@USER හා කමක් නැද්ද ඒම කරාට උත්තෝ.....හැම එකාම පුක දිදී  ඇමණිනිකොට ඔක්කොම එවුන් ඒ වගේ ඇමිණින්න ඕනීද සමනල් පොන්නයෝ...තෝ පොන්නයා තොගේ පොන්නකම අමුණලා ගහගනිං පුකේ පකයා..... තොට මීට වෑඩිය හැමිණෙන්න ඕන්නම් වරෙං DM කිම්බට පුක දීලා වීරයෙක් වෙන්න හදන පොන්නයා,හා කමක් නැද්ද ඒම කරාට උත්තෝ.....හැම එකාම පුක දිදී ඇමණිනිකොට ඔක්කොම එවුන් ඒ වගේ ඇමිණින්න ඕනීද සමනල් පොන්නයෝ...තෝ පොන්නයා තොගේ පොන්නකම අමුණලා ගහගනිං පුකේ පකයා..... තොට මීට වෑඩිය හැමිණෙන්න ඕන්නම් වරෙං දම් කිම්බට පුක දීලා වීරයෙක් වෙන්න හදන පොන්නයා,0.8901
@USER  @USER ලැජ්ජයි බන් පුංචි එකෙක් එක්ක ෂෝෂල් මීඩියා රන්ඩුවෙලා අම්ම අල්ල ගත්ත එක අර සීනියර් සෙට් එකේද උඹත් උනුත් ආතල් ගත්ත අම්ම අල්ල ගත්තේ නෑ. දරැවො අම්මල මහමග දාල ගියාම උන් හැදෙන පරිසරේ එක්ක උඹල මේ වගේ හැදියාවට හැදෙනවා .,ලැජ්ජයි බන් පුංචි එකෙක් එක්ක ෂෝෂල් මීඩියා රන්ඩුවෙලා අම්ම අල්ල ගත්ත එක අර සීනියර් සෙට් එකේද උඹත් උනුත් ආතල් ගත්ත අම්ම අල්ල ගත්තේ නෑ. දරැවො අම්මල මහමග දාල ගියාම උන් හැදෙන පරිසරේ එක්ක උඹල මේ වගේ හැදියාවට හැදෙනවා .,0.8901
හෙන ලපටි වොයිස් එකක් තියෙන්නේ. හයේ පංතියේ වගේ. බයි ද වේ හැපි බර්ත්ඩේ කෞමදී,හෙන ලපටි වොයිස් එකක් තියෙන්නේ. හයේ පංතියේ වගේ. බයි ද වේ හැපි බර්ත්ඩේ කෞමදී,0.8901
"වල් බැල්ලි ගහනව තොට වැලි  @USER    Dead  Dinal @USER  · 26 Dec 2017 Type “වල් බැල්ලි ගහනවා තොට වැලි""@ the 3rd “girl” in your list","වල් බැල්ලි ගහනව තොට වැලි Dead දිනාල් · 26 දෙක් 2017 Type “වල් බැල්ලි ගහනවා තොට වැලි""@ the 3rd “girl” ඉන් your list",0.8901
"ඕන් ඕන්න්,, අහැට දාපු බෙහෙත් කටට බහිනවා","ඕන් ඕන්න්,, අහැට දාපු බෙහෙත් කටට බහිනවා",0.8901
at that #moment   මුළු Twitter එකම.  තැන තැන රවුමට ඉඳගෙන ඉඳහිට එබිකම් කර කර ලේන්සු හංගන්න ළමයි එක් රොක් වෙන්නා රවුම වටේ යනවිට කවි පද කියවෙන්නා  කොපර කොපර පිපිඤ්ඤා පස්ස බැලුවොත් දෙසඤ්ඤා...  #sajje,ඇත that #moment මුළු Twitter එකම. තැන තැන රවුමට ඉඳගෙන ඉඳහිට එබිකම් කර කර ලේන්සු හංගන්න ළමයි එක් රොක් වෙන්නා රවුම වටේ යනවිට කවි පද කියවෙන්නා කොපර කොපර පිපිඤ්ඤා පස්ස බැලුවොත් දෙසඤ්ඤා... සාජ්ජේ,0.8901
බලහල්ලකො ගෙරි හම්බයො..... යකෝ තොපේ ආගම හරිහමන් එකක්නම් මේ වෙලාවෙ උලමො ටික කට පියාගෙන ඉන්න ඕනි..... කාලකණ්ණි හැතිකරේ හැංගිලා ඉදපියවු......  තොපේ ගෙරි හම්බයො දැනටමත් කීදෙනෙකු බෝ කරලද ආගම රෙද්ද පල්ලෙන් බේරෙන  කාලකණ්ණි.....,බලහල්ලකො ගෙරි හම්බයො..... යකෝ තොපේ ආගම හරිහමන් එකක්නම් මේ වෙලාවෙ උලමො ටික කට පියාගෙන ඉන්න ඕනි..... කාලකණ්ණි හැතිකරේ හැංගිලා ඉදපියවු...... තොපේ ගෙරි හම්බයො දැනටමත් කීදෙනෙකු බෝ කරලද ආගම රෙද්ද පල්ලෙන් බේරෙන කාලකණ්ණි.....,0.8901
ඒකි මාල කඩලා හත් අටවතාවක් පොලිසියට අහුවුණා URL,ඒකි මාල කඩලා හත් අටවතාවක් පොලිසියට අහුවුණා උර්ල්,0.8901
@USER  @USER බොගේ කටට දානවා හක්ක පටාටාටා..ස්  එකක්,බොගේ කටට දානවා හක්ක පටාටාටා..ස් එකක්,0.8901
හෙන ගහනවා අවජාතක පොන්න හුත්තිගේ පුතලාට.. කැලෑවල් වල හිටිය උන් ටවුමට ආවම ඉදිමෙනවා  URL,හෙන ගහනවා අවජාතක පොන්න හුත්තිගේ පුතලාට.. කැලෑවල් වල හිටිය උන් ටවුමට ආවම ඉදිමෙනවා උර්ල්,0.8901
@USER @USER  ‍තොපි කප් එක වින් කරාද නැත්තං @USER එකට පුක දීල ගත්තද? පුකට දැන් බස් එකක් උනත් දාන්න පලුවන්නේ ?  #TPLSL,‍තොපි කප් එක වින් කරාද නැත්තං එකට පුක දීල ගත්තද? පුකට දැන් බස් එකක් උනත් දාන්න පලුවන්නේ ? ට්ප්ල්ස්ල්,0.8901
@USER  @USER චූටි. මැරෙනකම්ම ඒක බුත්‍තියට සවි වෙලා. Hubz නම් කටට එන ඕනම දේකින් කතා කරනව. අද දවසේ නම කක්කුට්ටි,චූටි. මැරෙනකම්ම ඒක බුත්‍තියට සවි වෙලා. හුබ්ළ නම් කටට එන ඕනම දේකින් කතා කරනව. අද දවසේ නම කක්කුට්ටි,0.8901
@USER  මෙන්න මේ නම්කිගෙ කටට මසුරමක් දාම්න,මෙන්න මේ නම්කිගෙ කටට මසුරමක් දාම්න,0.8901
@USER අනේ පලයන් බන් උබට හාරපු පතල්ක් තියා. තිරුවාන ගලක්වත් හොයාගන්න බැරි එකේ. කට වහන් හිටුකො,අනේ පලයන් බන් උබට හාරපු පතල්ක් තියා. තිරුවාන ගලක්වත් හොයාගන්න බැරි එකේ. කට වහන් හිටුකො,0.8896
"@USER ආච්චිට හාල් ගරන්න, හෙණ ගහපිය තොට අකිලා","ආච්චිට හාල් ගරන්න, හෙණ ගහපිය තොට අකිලා",0.8896
@USER  @USER තෝ එලවලු හෝදන්න ගියපු එකානේ කට පියන් හිටු,තෝ එලවලු හෝදන්න ගියපු එකානේ කට පියන් හිටු,0.8896
@USER  ඩීපී එකේ ජෙන්ටා වගේ හෙඩර් එකේ බඩුව වගේ  Good morning,ඩීපී එකේ ජෙන්ටා වගේ හෙඩර් එකේ බඩුව වගේ Good morning,0.8896
ගංවතුරට යටවුනු ප්‍රදේශයක කකුලවත් තියල නැති but #SocialMedia වල ලොරි ටොක්ස් දෙන අයට කියන්නේ. යකෝ ඔය Phone එක තියල ගිහින් බලපන් උන් විදින දුක!,ගංවතුරට යටවුනු ප්‍රදේශයක කකුලවත් තියල නැති but සොකිඅල්මෙදිඅ වල ලොරි ටොක්ස් දෙන අයට කියන්නේ. යකෝ ඔය Phone එක තියල ගිහින් බලපන් උන් විදින දුක!,0.8896
@USER තෝ හැම මගුලම බලන් ඉන්න හින්ද තමයි මොකෙක් හරි අල්ලලා පංගරාත්තු කරන්න හදන්නෙ සෙද්ද   @USER  @USER,තෝ හැම මගුලම බලන් ඉන්න හින්ද තමයි මොකෙක් හරි අල්ලලා පංගරාත්තු කරන්න හදන්නෙ සෙද්ද,0.8896
@USER තෝ මාව block කරලා තිබිබොත් හොයන් ඇවිත් ගහලා යන්නේ ගමිපහට,තෝ මාව block කරලා තිබිබොත් හොයන් ඇවිත් ගහලා යන්නේ ගමිපහට,0.8896
@USER @USER  පුක උඩ දාගෙන ගහනවා තාම ... ඇදගෙන නාල ඉන්නේ,පුක උඩ දාගෙන ගහනවා තාම ... ඇදගෙන නාල ඉන්නේ,0.8896
@USER  @USER මුගෙ අම්මට ඉස්සෙල්ලා මූව එල්ලලා මරපල්ලා කාලකන්නි  හැත්ත . සල්ලි වලට නොකරන බලු වැඩක් නැ .මුව උපද්දන්නෙ නැතුව මුගෙ තාත්තා සරමෙ පිහිදාගත්තෙ නැත්තෙ ඇයි දන්නැ. ( සමාවෙන්න යාලුවො  මට),මුගෙ අම්මට ඉස්සෙල්ලා මූව එල්ලලා මරපල්ලා කාලකන්නි හැත්ත . සල්ලි වලට නොකරන බලු වැඩක් නැ .මුව උපද්දන්නෙ නැතුව මුගෙ තාත්තා සරමෙ පිහිදාගත්තෙ නැත්තෙ ඇයි දන්නැ. ( සමාවෙන්න යාලුවො මට),0.8896
සිරිසේන හිතන් ඉන්නවානම් #SocialMediaBan කරලා පොරගේ Photo Edit නවත්වන්න පුලුවන් කියලා.. අපි Photo Edit කරලා Poster හදලා අලවනවා යකෝ රට වටේ තාප්ප වල,සිරිසේන හිතන් ඉන්නවානම් සොකිඅල්මෙදිඅබං කරලා පොරගේ Photo Edit නවත්වන්න පුලුවන් කියලා.. අපි Photo Edit කරලා Poster හදලා අලවනවා යකෝ රට වටේ තාප්ප වල,0.8896
මෝහින් අපිට රෙද්ද අන්දවන්න කියද්දි මෝහි්නි ඉන්නෙ යටට ඇදලද?,මෝහින් අපිට රෙද්ද අන්දවන්න කියද්දි මෝහි්නි ඉන්නෙ යටට ඇදලද?,0.8896
@USER ටූට්ටක් අයින් වෙන් ඇඳ බදු අරගෙන වද්ද අම්මප හීතලට උඹ වෙවුලන්නේ නැද්ද එක බැලැන්කට් එකක් අපිදෙන්නට ඇද්ද නිදිමත නොඒනම් ගලවමු මේ රෙද්ද,ටූට්ටක් අයින් වෙන් ඇඳ බදු අරගෙන වද්ද අම්මප හීතලට උඹ වෙවුලන්නේ නැද්ද එක බැලැන්කට් එකක් අපිදෙන්නට ඇද්ද නිදිමත නොඒනම් ගලවමු මේ රෙද්ද,0.8896
- අය්යේ ඉස්සරහා හුඹහා ගාවින් බස්සලා යන්න - තමුසෙ නයෙක් ද ඕයි හුඹහ ගාවින් බහින්න  - නෑ වේයෙක්. තමුසෙ බස්සනවකෝ...,- අය්යේ ඉස්සරහා හුඹහා ගාවින් බස්සලා යන්න - තමුසෙ නයෙක් ද ඕයි හුඹහ ගාවින් බහින්න - නෑ වේයෙක්. තමුසෙ බස්සනවකෝ...,0.8892
@USER  @USER ඕක තනියෙං කෑවොත් සෙම හිරවෙලා තෝ මැරෙයිම්ම්,ඕක තනියෙං කෑවොත් සෙම හිරවෙලා තෝ මැරෙයිම්ම්,0.8892
@USER  තොගෙ ගෑණිට හැම එකාම DM කරකර ෆන් ගන්නවා තෝ ඒකිව හදාගනින් උඹගෙ ගෑණිගෙ ලූස් ඇතිනෙ අරාබි පක්කො ගහලා ගහලා....ඒනිසා ද තෝ වටේ ඉන්න කෙල්ලන්ට DM කරකර ඉන්න දෙන්නෙ නැත්ත පොන්න වෙසිගෙ පුතා...,තොගෙ ගෑණිට හැම එකාම දම් කරකර ෆන් ගන්නවා තෝ ඒකිව හදාගනින් උඹගෙ ගෑණිගෙ ලූස් ඇතිනෙ අරාබි පක්කො ගහලා ගහලා....ඒනිසා ද තෝ වටේ ඉන්න කෙල්ලන්ට දම් කරකර ඉන්න දෙන්නෙ නැත්ත පොන්න වෙසිගෙ පුතා...,0.8892
වෙලාව කන්න කියාපු බඩුව #රතුමකරාFM  මරු වැඩේ හැබැයි,වෙලාව කන්න කියාපු බඩුව #රතුමකරාFM මරු වැඩේ හැබැයි,0.8892
@USER රෙන්න දිරවන්නෙපැයි? උඹේ කාපුගමන් බෙට්ට පුක අයිනට එනවද,රෙන්න දිරවන්නෙපැයි? උඹේ කාපුගමන් බෙට්ට පුක අයිනට එනවද,0.8892
@USER  @USER    මොකා මොන පක්ෂයකින් රජ උනත් කමක්නැහැ.......කාලකන්නි පජාති  ජාතක කලවම්   මුඩුම සක්කිලි වන්චාකාර  එජාපය බලයට නොයා,මොකා මොන පක්ෂයකින් රජ උනත් කමක්නැහැ.......කාලකන්නි පජාති ජාතක කලවම් මුඩුම සක්කිලි වන්චාකාර එජාපය බලයට නොයා,0.8892
Airport අරිනකම් අවන්තව discharge කරන්නෙත් නෑ. අනුහස්ට ඇප හම්බ වෙන්නෙත් නෑ.  Saman Edirimunee උඹ තමා මේවට වගකියන්න ඕනේ.....,Airport අරිනකම් අවන්තව discharge කරන්නෙත් නෑ. අනුහස්ට ඇප හම්බ වෙන්නෙත් නෑ. Saman එදිරිමුනී උඹ තමා මේවට වගකියන්න ඕනේ.....,0.8892
Sachithra Wijesinghe   උබේ  අම්මට  හුකපන් පොන්න කැරි ලොද පිත්තමා  මගේ කැල්ල චැට් කරා කියලා චැට් එඩිට් කරලා... URL,සචිත්‍ර විජේසින්ග්හේ උබේ අම්මට හුකපන් පොන්න කැරි ලොද පිත්තමා මගේ කැල්ල චැට් කරා කියලා චැට් එඩිට් කරලා... උර්ල්,0.8892
@USER මට අප්පිරියයි බල්ලෝ උන්ගේ පස්ස ලෙවකාලා අපිව ලෙවකනකොට.,මට අප්පිරියයි බල්ලෝ උන්ගේ පස්ස ලෙවකාලා අපිව ලෙවකනකොට.,0.8892
@USER දාපු ඔක්කොම reject නොදකින් මුන් වගේ ගූ බය හැත්තක්. මහින්දට කිව්වම තාම සරම තෙත් වෙනවා මුන්ගේ,දාපු ඔක්කොම reject නොදකින් මුන් වගේ ගූ බය හැත්තක්. මහින්දට කිව්වම තාම සරම තෙත් වෙනවා මුන්ගේ,0.8892
""" තොගේ වකුගඩුවක් දියන්.. නැත්නම් තෝ මැරියන්.."" - සෞදී මුසල්මානු හාම්පුතුන් ගේ කුරිරු සැළකිලි හෙළි කල අපේ රටේ... URL",""" තොගේ වකුගඩුවක් දියන්.. නැත්නම් තෝ මැරියන්.."" - සෞදී මුසල්මානු හාම්පුතුන් ගේ කුරිරු සැළකිලි හෙළි කල අපේ රටේ... උර්ල්",0.8887
@USER  @USER තෝ වගේ සල්ලි.වලට කොටි දෙන්නුන්ට බැක්සයිඩ් දෙන දෙන බල්ලො.නම් ශුවර් එකටම බැල්ලියෙක්ගෙ වෙන්න ඔනේ ඉපදිලා ටියෙන්නෙ.,තෝ වගේ සල්ලි.වලට කොටි දෙන්නුන්ට බැක්සයිඩ් දෙන දෙන බල්ලො.නම් ශුවර් එකටම බැල්ලියෙක්ගෙ වෙන්න ඔනේ ඉපදිලා ටියෙන්නෙ.,0.8887
කෙල්ලෙක් මැදගිල්ලෙ නියපොතු කපන එක අවුල්ද? කක්කි දාලා පුක හෝදද්දි නියපොතු ඇනෙන හින්දා නෙවේද ඒ  ලංකාවෙ TP පාවිච්චිය අඩුයි නෙ   නොදන්න කමට ඇහුවෙ. බැනගෙන එන්න ඒම එපා,කෙල්ලෙක් මැදගිල්ලෙ නියපොතු කපන එක අවුල්ද? කක්කි දාලා පුක හෝදද්දි නියපොතු ඇනෙන හින්දා නෙවේද ඒ ලංකාවෙ තප් පාවිච්චිය අඩුයි නෙ නොදන්න කමට ඇහුවෙ. බැනගෙන එන්න ඒම එපා,0.8887
ඒ අස්සෙ තඩි කට්ට කළු මීයෙකුත් එනවා. තඩි රවුම් කන් දෙකක් තියෙන එකෙක් හූ.. හූ.. @USER  · 10 Aug 2019 ලේන්නු 4 දෙනෙක්ට කන්න දෙන එක ලේසි නෑ. පොඩි කාලෙ වගේ නෙමේ,ඒ අස්සෙ තඩි කට්ට කළු මීයෙකුත් එනවා. තඩි රවුම් කන් දෙකක් තියෙන එකෙක් හූ.. හූ.. · 10 ඖග් 2019 ලේන්නු 4 දෙනෙක්ට කන්න දෙන එක ලේසි නෑ. පොඩි කාලෙ වගේ නෙමේ,0.8887
@USER ඇයි තොට පැලියාව ද... තොගෙ ජිම් පප්පා බඩ වගේ බඩකුයි කැවුමක් වගේ ඉදිමෙච්ච මූනකුයි මට ඕන නෑ යකො,ඇයි තොට පැලියාව ද... තොගෙ ජිම් පප්පා බඩ වගේ බඩකුයි කැවුමක් වගේ ඉදිමෙච්ච මූනකුයි මට ඕන නෑ යකො,0.8887
@USER  බඩ පලයන්. මට නැති නිසා,බඩ පලයන්. මට නැති නිසා,0.8887
": පොඩිඑකෙක් නෙවෙයි කියනවනේ? බලනව..ඔය එහෙම පාට්මයි දාන්නේ..මෝඩයා  ඒ උඹේ වචන  . . ජීවිතේ එක්ක හැප්පෙද්දි, වයසත් එක්ක පරිණත වෙද්දි මේකිගෙ මෝඩකම හරියයි..  ඒ උඹ  . . Maybe මේකි ලොකු වෙද්දි මෝඩකමත් ලොකුවෙලා ඕකි උඹ ගැන එදාටත් ලියයි..  ඒ උඹේ හිත   පණ්ඩිතරත්න, උඹ වැරදී..හිත හරී",": පොඩිඑකෙක් නෙවෙයි කියනවනේ? බලනව..ඔය එහෙම පාට්මයි දාන්නේ..මෝඩයා ඒ උඹේ වචන . . ජීවිතේ එක්ක හැප්පෙද්දි, වයසත් එක්ක පරිණත වෙද්දි මේකිගෙ මෝඩකම හරියයි.. ඒ උඹ . . Maybe මේකි ලොකු වෙද්දි මෝඩකමත් ලොකුවෙලා ඕකි උඹ ගැන එදාටත් ලියයි.. ඒ උඹේ හිත පණ්ඩිතරත්න, උඹ වැරදී..හිත හරී",0.8887
ඔයිටවඩා හොදයි  චම්පික රණවක මහත්තයෝ ගූ ටිකක් පුච්චගෙන කෑවනම්... තොගේ කටට රීලත් මදි....ගෝතය... URL,ඔයිටවඩා හොදයි චම්පික රණවක මහත්තයෝ ගූ ටිකක් පුච්චගෙන කෑවනම්... තොගේ කටට රීලත් මදි....ගෝතය... උර්ල්,0.8887
ම්ම්ම් කියද්දිත් කටට කෙළ උනනවා.. meffy: @USER  · 17 Jan 2021 මං pancake හැදුවා,ම්ම්ම් කියද්දිත් කටට කෙළ උනනවා.. මෙෆ්ෆ්ය් · 17 ජන 2021 මං pancake හැදුවා,0.8887
ඉන්දියාවට පුක දිදී dp එකත් වෙනස් කරන කැri පොන්නයො ඉන්නවනෙ... ඔව් ඔව් උබට තමා කිව්වෙ #SL #WT20,ඉන්දියාවට පුක දිදී දප් එකත් වෙනස් කරන කැri පොන්නයො ඉන්නවනෙ... ඔව් ඔව් උබට තමා කිව්වෙ සල් #WT20,0.8887
බල්ලන් එක්ක නිදාගත්තම නැගිටින්න වෙන්නේ මැක්කෝ එක්ක..  වේස ගෑණු එක්ක වාද කරන්න ගියාම වෙන්නෙත් ඕකම තමයි,බල්ලන් එක්ක නිදාගත්තම නැගිටින්න වෙන්නේ මැක්කෝ එක්ක.. වේස ගෑණු එක්ක වාද කරන්න ගියාම වෙන්නෙත් ඕකම තමයි,0.8887
කටට දෙන්නද?  කොකිසයක්  #TeamKokis #AvuruduLK,කටට දෙන්නද? කොකිසයක් ටෙඅම්කොකිස් අවුරුදුල්ක්,0.8882
#මේදවස්_වල_මම  #අමිමා÷ පුතා කොහෙද ඉන්නේ  #මම÷ කබරේ කබරේ කබරේ   #අමිමා÷ කැම කන් නැද්ද  #මම÷ කනවා කනවා කනවා  #අමිමා÷ මොකද තොට  වෙලා තියෙන්නේ   #මම÷ මෙිදවස් වල රැල්ල රැල්ල රැල්ල,#මේදවස්_වල_මම #අමිමා÷ පුතා කොහෙද ඉන්නේ #මම÷ කබරේ කබරේ කබරේ #අමිමා÷ කැම කන් නැද්ද #මම÷ කනවා කනවා කනවා #අමිමා÷ මොකද තොට වෙලා තියෙන්නේ #මම÷ මෙිදවස් වල රැල්ල රැල්ල රැල්ල,0.8882
"@USER ,  @USER  @USER සැන්ඩී තෝ අපායේ යයි.  ගෂ් දෙකේ අතපය ගැටගහලා උබව දෙකට ඉරයි",", සැන්ඩී තෝ අපායේ යයි. ගෂ් දෙකේ අතපය ගැටගහලා උබව දෙකට ඉරයි",0.8882
@USER කොනකපාල පලයං බං යන්න ෂරියාව ගහගනින් තොගෙ පුකේ...,කොනකපාල පලයං බං යන්න ෂරියාව ගහගනින් තොගෙ පුකේ...,0.8882
@USER පක කේසේ වෙතත් පුක තියෙනවද බලපන් උඹේ.. පුක දෙන පුකදීමට,පක කේසේ වෙතත් පුක තියෙනවද බලපන් උඹේ.. පුක දෙන පුකදීමට,0.8882
වෙචිච දේට කල කිරිලා නෑ කවදත් මම අඩලා පච්ච කොටලා කිට මරලා පට්ට කෙල්ලෝ කොරකරලා පට්ට කෙල්ලො මැද ඹයා ජති අතිතය... URL,වෙචිච දේට කල කිරිලා නෑ කවදත් මම අඩලා පච්ච කොටලා කිට මරලා පට්ට කෙල්ලෝ කොරකරලා පට්ට කෙල්ලො මැද ඹයා ජති අතිතය... උර්ල්,0.8882
උඹ හැමදාම කලේ මගෙ හිතට මානබලපු එක උඹට ඕන උනේ මද්දකින් පටලලා හරි තලාපෙලා රිද්දලා හරි මාව කුදලගන්න.. ඉතින් උඹ ලේ රහට වහ වැටුන මස් වැද්දෙක් කියලා මට දැනෙන එක අසාදාරණ නෑ.,උඹ හැමදාම කලේ මගෙ හිතට මානබලපු එක උඹට ඕන උනේ මද්දකින් පටලලා හරි තලාපෙලා රිද්දලා හරි මාව කුදලගන්න.. ඉතින් උඹ ලේ රහට වහ වැටුන මස් වැද්දෙක් කියලා මට දැනෙන එක අසාදාරණ නෑ.,0.8882
@USER  @USER කැ&රි බැල්ලි තෝගෙ අවලං කටින් ඉරාජ් ගැන වචනයක්වත් කියන්න එපා,කැ&රි බැල්ලි තෝගෙ අවලං කටින් ඉරාජ් ගැන වචනයක්වත් කියන්න එපා,0.8882
@USER ගේ ඇතුලෙ ඉඳං හිරිකඩෙං පුක හෝදන වැස්ස කියන්නෙ,ගේ ඇතුලෙ ඉඳං හිරිකඩෙං පුක හෝදන වැස්ස කියන්නෙ,0.8882
එයින් පස්සෙ උඹේ එක එක තැං අත පත ගාන්න හදයි ඕකා… උඹටත් ආස හිතෙයි… හැබැයි හැදිච්චි කෙල්ලෙක් නං උඹ එහෙම නෙවි ඕවට ඉඩ දෙන්නේ…”  “…හොඳයි බැරි වෙලා හරි එහෙමත් උනා කියමුකො… ඔයින් පස්සේ උඹව කොහේහරි අකුලකට ඇදන් ගිහින් ඇඟට ගොඩවෙන්න හදයි ඕකා… උඹට හොඳටම ආස හිතෙයි…,එයින් පස්සෙ උඹේ එක එක තැං අත පත ගාන්න හදයි ඕකා… උඹටත් ආස හිතෙයි… හැබැයි හැදිච්චි කෙල්ලෙක් නං උඹ එහෙම නෙවි ඕවට ඉඩ දෙන්නේ…” “…හොඳයි බැරි වෙලා හරි එහෙමත් උනා කියමුකො… ඔයින් පස්සේ උඹව කොහේහරි අකුලකට ඇදන් ගිහින් ඇඟට ගොඩවෙන්න හදයි ඕකා… උඹට හොඳටම ආස හිතෙයි…,0.8877
@USER  @USER    දෙන්නම් මගේ මැනික ගෙදර ගිහිම් පැනි වරකා... ඉදපන් තොට තව දෙන්න.ඇද්ද ඇද්ද... ගෙනෙම් උබේ ටට්ටම බය නෑ ඩෝ මම්.,දෙන්නම් මගේ මැනික ගෙදර ගිහිම් පැනි වරකා... ඉදපන් තොට තව දෙන්න.ඇද්ද ඇද්ද... ගෙනෙම් උබේ ටට්ටම බය නෑ ඩෝ මම්.,0.8877
@USER මු වගේ අවජාතක බල්ලො ඉන්නකන් රාජපක්සලා ගොඩ.. සක්කිලි මිනිස්න්ට කන්න නෑ මෙක පිස්සු දොඩවනවා..,මු වගේ අවජාතක බල්ලො ඉන්නකන් රාජපක්සලා ගොඩ.. සක්කිලි මිනිස්න්ට කන්න නෑ මෙක පිස්සු දොඩවනවා..,0.8877
කොපර කොපර පිපිඤ්ඤා පස්ස බැලුවොත් දෙසඤ්ඤා  දෙන්නේ පුප රත් වෙන්න,කොපර කොපර පිපිඤ්ඤා පස්ස බැලුවොත් දෙසඤ්ඤා දෙන්නේ පුප රත් වෙන්න,0.8877
@USER  @USER පුප පුප ගාන්නෙ බබාලද පුක කියල කියපන් හරියට,පුප පුප ගාන්නෙ බබාලද පුක කියල කියපන් හරියට,0.8877
ඒකි sex seen එකේ දල්ලටම ගිහිං,ඒකි sex seen එකේ දල්ලටම ගිහිං,0.8877
@USER තාලෙට අඩිය තිබ්බම බඳ ලෙළදිලා පුක නැළවෙනව මේ කාලේ එහෙම පාරේ බැහැල යන්න බෑ අයියේ කොල්ලෙක්ටවත්.,තාලෙට අඩිය තිබ්බම බඳ ලෙළදිලා පුක නැළවෙනව මේ කාලේ එහෙම පාරේ බැහැල යන්න බෑ අයියේ කොල්ලෙක්ටවත්.,0.8877
@USER වෙන්න බැනෙ බං. සිමෙන්ති ලෑල්ලෙ පුක තියන එක 300 නෙ (2011 රු50 තිබ්බෙ),වෙන්න බැනෙ බං. සිමෙන්ති ලෑල්ලෙ පුක තියන එක 300 නෙ (2011 රු50 තිබ්බෙ),0.8877
@USER දැන් ඉතින් contextual නෙමෙයි කොනට වෙලා සෙක්සුඅල් තමා රෙද්ද,දැන් ඉතින් contextual නෙමෙයි කොනට වෙලා සෙක්සුඅල් තමා රෙද්ද,0.8877
මං කළු බල්ලෙක් තෝ ගොළු බෙල්ලෙක් හපලාම දානවා අල්ලලා බෙල්ලෙන්,මං කළු බල්ලෙක් තෝ ගොළු බෙල්ලෙක් හපලාම දානවා අල්ලලා බෙල්ලෙන්,0.8877
@USER අම්මට වඩා නම් හොඳයි  ..අපේ අම්ම ටොකු අනිනවා,අම්මට වඩා නම් හොඳයි ..අපේ අම්ම ටොකු අනිනවා,0.8872
RT  @USER : Excuse me සර් ළමයෙක් හම්බෙන්න පුළුවන්ද? මං දන්නේ කොහොමද යකෝ තොට ළමයි හම්බෙන්න පුළුවන්ද නැද්ද කියලා #SLSchoolTalks,රට් : Excuse මේ සර් ළමයෙක් හම්බෙන්න පුළුවන්ද? මං දන්නේ කොහොමද යකෝ තොට ළමයි හම්බෙන්න පුළුවන්ද නැද්ද කියලා ස්ල්ස්චූල්ටල්ක්ස්,0.8872
ආයේ එක සැරයක් හරී ඒකි මගෙ හිතරිද්දුවොත් අම්මපා ඕකව බිම දාලා හොම්බට හැට හුට හමාරක් නෙලාගෙන නෙලාගෙන යනවා,ආයේ එක සැරයක් හරී ඒකි මගෙ හිතරිද්දුවොත් අම්මපා ඕකව බිම දාලා හොම්බට හැට හුට හමාරක් නෙලාගෙන නෙලාගෙන යනවා,0.8872
@USER  @USER කුක්කු සහ පුක තමා ඉතින් ඇහැ ආකර්ෂණය කරගන්නෙ ඊට පස්සෙ දැනහදුනගෙන තමා ඉතුරු ටිකට ආකර්ෂණය වෙන්නෙ,කුක්කු සහ පුක තමා ඉතින් ඇහැ ආකර්ෂණය කරගන්නෙ ඊට පස්සෙ දැනහදුනගෙන තමා ඉතුරු ටිකට ආකර්ෂණය වෙන්නෙ,0.8872
"""මගේ ඔලුව ගිහිනි තියල පුක උරපල්ලා""                - මිට සිගරට් එක-","""මගේ ඔලුව ගිහිනි තියල පුක උරපල්ලා"" - මිට සිගරට් එක-",0.8872
@USER අනේ කොල්ලෝ තාම ඇටෙන් පොත්තෙන් එළියට ඇවිත් නෑ. ඒත් හොයන්නේ ආච්චිලාගේ වැල තං. පොතක් පතක් බලං හැදියං. නැත්තං තොට කොයි තනත් නැති වෙයි.,අනේ කොල්ලෝ තාම ඇටෙන් පොත්තෙන් එළියට ඇවිත් නෑ. ඒත් හොයන්නේ ආච්චිලාගේ වැල තං. පොතක් පතක් බලං හැදියං. නැත්තං තොට කොයි තනත් නැති වෙයි.,0.8872
".URL දෙමළෙක් ,තොපි කොටි, පෙති ගහනවා -  මඩකලපුවේ හිමිනමක් URL via  @USER","උර්ල් දෙමළෙක් ,තොපි කොටි, පෙති ගහනවා - මඩකලපුවේ හිමිනමක් උර්ල් via",0.8867
මේකෙ පුක ඔලුවට අරං මොලේ යටට දාගත්ත හුට්ටෙක් ඉන්නව අපි මොන ට්විට් එක දැම්මත් එයාට වැරදියට පෙන්නේ .... අපි ට්විට්ස් දාන්න ඔනෑ එයාට ඔනෑ විදිහට...අාතල් ගන්න ඔනෑ එයාට ඔනෑ විදිහට නැත්තං අපිට හුකවලලු ගන්නේ..,මේකෙ පුක ඔලුවට අරං මොලේ යටට දාගත්ත හුට්ටෙක් ඉන්නව අපි මොන ට්විට් එක දැම්මත් එයාට වැරදියට පෙන්නේ .... අපි ට්විට්ස් දාන්න ඔනෑ එයාට ඔනෑ විදිහට...අාතල් ගන්න ඔනෑ එයාට ඔනෑ විදිහට නැත්තං අපිට හුකවලලු ගන්නේ..,0.8867
අපි ඉන්ටසිටියේ නැගලා  පෙම් මුල්ලෙම තෙරපීලා  ලිප්ස්ටික් කලාපු උඹෙ තොල්පෙති මත්තෙම සිරවීලා  @USER   පට්ට බ්‍රෝ,අපි ඉන්ටසිටියේ නැගලා පෙම් මුල්ලෙම තෙරපීලා ලිප්ස්ටික් කලාපු උඹෙ තොල්පෙති මත්තෙම සිරවීලා පට්ට බ්‍රෝ,0.8867
"""අක්කා නානවා.. අයියා අම්පයර් වෙන්න.""  තෝ පලයං වැම්පයර්.. මලක් කඩාගන්න නෑ.. ඇච්චා..  #SriLankanWayOfLove","""අක්කා නානවා.. අයියා අම්පයර් වෙන්න."" තෝ පලයං වැම්පයර්.. මලක් කඩාගන්න නෑ.. ඇච්චා.. ස්රිලන්කන්වයෝෆ්ලොවේ",0.8867
වමතින් පුක සෝදන්නන් RT කරන්න  #LeftHandersDay,වමතින් පුක සෝදන්නන් රට් කරන්න ලේෆ්තන්දෙර්ස්දය්,0.8867
"@USER කැරි රිංලොල්ලො හිතං ඉන්නේ ඕල්ඩ් ට්වීප්ස්ලා වුණාම අලි පුක කියලා, ටෞඛණ්ඩ දාලා තොපේ පකේ ඔල්ල්ඩ් ට්වීප්ස් රෝල් කරලා බිජුහිලේ ගහගනියව්. කොණ්ඩේ එන්නේ නෑ කියලා නාහෙන් අඬන තංපොකුරුපොන්නරැළ! හායි කියන්න තෝ මොන ගස්පඩයෙක්ද යකෝ. තොපි බිජු කොටෝපිය. අපි ගියා.","කැරි රිංලොල්ලො හිතං ඉන්නේ ඕල්ඩ් ට්වීප්ස්ලා වුණාම අලි පුක කියලා, ටෞඛණ්ඩ දාලා තොපේ පකේ ඔල්ල්ඩ් ට්වීප්ස් රෝල් කරලා බිජුහිලේ ගහගනියව්. කොණ්ඩේ එන්නේ නෑ කියලා නාහෙන් අඬන තංපොකුරුපොන්නරැළ! හායි කියන්න තෝ මොන ගස්පඩයෙක්ද යකෝ. තොපි බිජු කොටෝපිය. අපි ගියා.",0.8867
කැරි පොන්න හුකන්නල ඔක්කොම එකයි .හුකවන්න ඕනෙ හැති කරේටම හුකෝනව  නිගමනය #අංතවාදී_මුස්ලිම්  = #මුස්ලිම්  එක සිංහල #පකෙක් මොනවත් මට කිවන් එක්ක එපා තොපිට එපානම් #block කරපන් නැත්නම් #Unfollow කරපන්. තොපි සිංහල ජාතියටත් පිළිලයක් මැරිය වහ බීල හුත්තිගෙ හැත්ත.,කැරි පොන්න හුකන්නල ඔක්කොම එකයි .හුකවන්න ඕනෙ හැති කරේටම හුකෝනව නිගමනය #අංතවාදී_මුස්ලිම් = #මුස්ලිම් එක සිංහල #පකෙක් මොනවත් මට කිවන් එක්ක එපා තොපිට එපානම් #block කරපන් නැත්නම් උන්ෆොල්ලොව් කරපන්. තොපි සිංහල ජාතියටත් පිළිලයක් මැරිය වහ බීල හුත්තිගෙ හැත්ත.,0.8867
@USER නෑ නිකන් බඩුව වගේ    @USER,නෑ නිකන් බඩුව වගේ,0.8867
@USER @USER  @USER  අපේ අම්ම අච්චර රසට කන්න හදල දෙද්දී ඇයි මං ලොං හැලිච්ච හම්පඩ ගැහුන උඹ වගේ නීරස කෑමක් කන්නේ?,අපේ අම්ම අච්චර රසට කන්න හදල දෙද්දී ඇයි මං ලොං හැලිච්ච හම්පඩ ගැහුන උඹ වගේ නීරස කෑමක් කන්නේ?,0.8867
@USER @USER   මාත් මේ කටට ආපු සුද්ද සිංහල ටික අමාරුවෙන් නවත්තගෙන quote කරේ,මාත් මේ කටට ආපු සුද්ද සිංහල ටික අමාරුවෙන් නවත්තගෙන quote කරේ,0.8867
@USER නෙදකින්   තෝ මයිලක් වත් ගාවල නැද්ද ගං කබරය,නෙදකින් තෝ මයිලක් වත් ගාවල නැද්ද ගං කබරය,0.8867
කවුද යකෝ මෙච්චර හොදට ගගහ හිටපු du Plessisව out කරපු එකා? හෙන ගහපන්!!! #SAvSL,කවුද යකෝ මෙච්චර හොදට ගගහ හිටපු දු Plessisව out කරපු එකා? හෙන ගහපන්!!! සව්ස්ල්,0.8867
@USER කකුලුවෝ දෙන්නෙක් හුක හුකා හිටපු එක බලන්නලු. %යියවත් කෙලින් දානවද කියලා බැලුවලුම්.,කකුලුවෝ දෙන්නෙක් හුක හුකා හිටපු එක බලන්නලු. %යියවත් කෙලින් දානවද කියලා බැලුවලුම්.,0.8867
@USER අනේ පල පකයෝ... මහ එකා මහ බැංකුව සුද්ද කරලා මීක් නැතුව ඉන්නවා... ඒවා හොයන්න කොන්ද පණ නැති තොපි කාලකන්නි අනුන්ගේ පුකේ ඇගිලි ගහන්න ගත්තා... රවීගේ ත් international තිබ්බේ. Sack කරපන්කො...,අනේ පල පකයෝ... මහ එකා මහ බැංකුව සුද්ද කරලා මීක් නැතුව ඉන්නවා... ඒවා හොයන්න කොන්ද පණ නැති තොපි කාලකන්නි අනුන්ගේ පුකේ ඇගිලි ගහන්න ගත්තා... රවීගේ ත් international තිබ්බේ. Sack කරපන්කො...,0.8867
මොනාද යකෝ පෝන් එක හූර හූර කරන්නේ?  :- අම්මගේ අනාගත ලේලී පොඩ්ඩව හොයනවා,මොනාද යකෝ පෝන් එක හූර හූර කරන්නේ? :- අම්මගේ අනාගත ලේලී පොඩ්ඩව හොයනවා,0.8867
ජුම් පප්පර පුකේ මයිල්  පුක වටකර *කේ මයිල්,ජුම් පප්පර පුකේ මයිල් පුක වටකර *කේ මයිල්,0.8867
තුජ්හෙ දේකා තෝ යේ ජා..නා සනම්.. ප්‍යාර් හෝතා හේ දිවා..නා... සනම්. යහා සේ කහා.. ජා..යෙ හම්.. තෙරී බාහෝ.. මේ මර්.. ජායේ හම්.. #sajje,තුජ්හෙ දේකා තෝ යේ ජා..නා සනම්.. ප්‍යාර් හෝතා හේ දිවා..නා... සනම්. යහා සේ කහා.. ජා..යෙ හම්.. තෙරී බාහෝ.. මේ මර්.. ජායේ හම්.. සාජ්ජේ,0.8862
"@USER දෙන්න එපා රත්තා,උඹ පලයන් @USER නංගි එක්ක,මේ පොඩි එව්වොන්ට මොන room ද  @USER  @USER","දෙන්න එපා රත්තා,උඹ පලයන් නංගි එක්ක,මේ පොඩි එව්වොන්ට මොන room ද",0.8862
"@USER ,  @USER  @USER අම්මේ, හිමින් පලයන්",", අම්මේ, හිමින් පලයන්",0.8862
"@USER ,  @USER  @USER තවුසෙටත් මේ වගේ අවස්ථා නම් හොඳට ගලපන්න පුළුවන් නේද?  අනේ අම්මා තෝ වගේ මෝඩ මූසල බූරුවෙක්.",", තවුසෙටත් මේ වගේ අවස්ථා නම් හොඳට ගලපන්න පුළුවන් නේද? අනේ අම්මා තෝ වගේ මෝඩ මූසල බූරුවෙක්.",0.8862
කාබනික ගොන් බයියෙක්ව අල්ලල නාවන්න ඕනෙ  Lakna Amandi @USER  · 12 Dec 2021 ''ජීවිතේට බල්ලො කාලා නෑ ගොයම්'' ''පොහොර ගඳට බල්ලොත් දැන් ගොයම් කනවා'',කාබනික ගොන් බයියෙක්ව අල්ලල නාවන්න ඕනෙ ලකන අමන්දි · 12 දෙක් 2021 ''ජීවිතේට බල්ලො කාලා නෑ ගොයම්'' ''පොහොර ගඳට බල්ලොත් දැන් ගොයම් කනවා'',0.8862
@USER  @USER උබේ පුකේ ඉත්තෑවෙක් ඉන්නවද.. ඉන්නවනම් අටපට්ටමට දාමු පුක..,උබේ පුකේ ඉත්තෑවෙක් ඉන්නවද.. ඉන්නවනම් අටපට්ටමට දාමු පුක..,0.8862
චර චර ගාල කොකිස් කනව වගේද fren පැණි බේරෙන  කැවුමක් කටට ගියාම තියෙන සනීපය! #TeamKevum #AwuruduLK,චර චර ගාල කොකිස් කනව වගේද ෆ්‍රෙන් පැණි බේරෙන කැවුමක් කටට ගියාම තියෙන සනීපය! ටෙඅම්කෙවුම් අවුරුදුල්ක්,0.8862
@USER අව්ව නිසා පොලොවත් රත් වෙලා වාඩි උනොත් පුක පිච්චෙනවා යකො,අව්ව නිසා පොලොවත් රත් වෙලා වාඩි උනොත් පුක පිච්චෙනවා යකො,0.8862
තොපි හොරකම් කරපු සල්ලිත් අරන් මේ රටින් තොලොංචි වෙලා අපිට වද නොදී තොපේ පා... URL via  @USER Must listen to this  youtube.com තොපි හොරකම් කරපු සල්ලිත් අරන් මේ රටින් තොලොංචි වෙලා අපිට වද නොදී තොපේ... #yohansenavirathne#anduwa#rajaya#SwarnavahiniTV #gotabayarajapaksha #mahindarajapaksha #basilrajapaksha #namalrajapaksha #ranjanramanayaka #sajithpremadasa #...,තොපි හොරකම් කරපු සල්ලිත් අරන් මේ රටින් තොලොංචි වෙලා අපිට වද නොදී තොපේ පා... උර්ල් via Must listen ටො this යෝඋටුබෙචොම් තොපි හොරකම් කරපු සල්ලිත් අරන් මේ රටින් තොලොංචි වෙලා අපිට වද නොදී තොපේ... yohansenavirathneanduwarajayaswarnavahinitv ගොටබයරජපක්ෂ මහින්දරාජපක්ෂ බසිල්රජපක්ෂ නාමල්රජපක්ෂ රන්ජන්රමනයක සජිත්ප්රේමදාස #...,0.8862
#BondScam පට්ට හොරෙක්ට යහපාලනයෙන් අධ්‍යක්ෂ තනතුරක්.......  #Corruption   #UNPJunta #HoldELECTIONS ! #ElectionsWithheld #lka #sriLanka #Colombo  @USER  @USER  @USER   @USER  @USER,බොන්ඩ්ස්චාම් පට්ට හොරෙක්ට යහපාලනයෙන් අධ්‍යක්ෂ තනතුරක්....... #Corruption උන්ප්ජුන්ට හොල්දෙලෙක්තිඔන්ස ! එලෙක්තිඔන්ස්විථ්හෙල්ද ලක ශ්‍රීලංකා චොලොම්බෝ,0.8862
කාර් බලන්න කියා ගෑණි බලන්න ගිය  @USER  #HowToTrollYourBestTweep,කාර් බලන්න කියා ගෑණි බලන්න ගිය හොව්තොත්රොල්ල්යෞර්බෙස්ත්ත්වෙඑප්,0.8862
මෛත්‍රීපාල රනිල් උබලා ජාතක කරපු එවුන්ට හත්මුතු පරම්පරාවට හෙන ගහනවා මෛත්‍රීපාල උබ වගේ කාලකන්නි හුත්තිගෙ පුතෙක් හැදුවට වඩා හොදයි සරමේ පිහියදැමිමා නම්,මෛත්‍රීපාල රනිල් උබලා ජාතක කරපු එවුන්ට හත්මුතු පරම්පරාවට හෙන ගහනවා මෛත්‍රීපාල උබ වගේ කාලකන්නි හුත්තිගෙ පුතෙක් හැදුවට වඩා හොදයි සරමේ පිහියදැමිමා නම්,0.8862
"@USER අනේ අම්මේ, කටට මසුරන් දාන්න ඕනි ඒ කතාවට","අනේ අම්මේ, කටට මසුරන් දාන්න ඕනි ඒ කතාවට",0.8862
දෙනවා තොගෙ ලබ්බ බහින්න #SrilankanThreats,දෙනවා තොගෙ ලබ්බ බහින්න ස්රිලංකංථ්රෙඅත්ස,0.8857
"@USER ඒක අතුල්ලද්දි බැක්ටීරියා තැලෙනවා, ඉලෙනවා, තදවෙනවා, පස්ස හමයනවා, හරියට පිහිදුවෙ නැතොත් කොල කෑලි හිටිනවා, කලිසමේ ගෑවෙනවා.. ඊයා නේද?","ඒක අතුල්ලද්දි බැක්ටීරියා තැලෙනවා, ඉලෙනවා, තදවෙනවා, පස්ස හමයනවා, හරියට පිහිදුවෙ නැතොත් කොල කෑලි හිටිනවා, කලිසමේ ගෑවෙනවා.. ඊයා නේද?",0.8857
@USER මෙ දොරටුපාල.. අර ලමය යම වයිෆ් නැතිවෙලාවක පස්ස දොරෙන් වීස ගහල ගන්නවා. හිමීට පර්සනලි කියාදෙන්නෝනි.. -යමයා-,මෙ දොරටුපාල.. අර ලමය යම වයිෆ් නැතිවෙලාවක පස්ස දොරෙන් වීස ගහල ගන්නවා. හිමීට පර්සනලි කියාදෙන්නෝනි.. -යමයා-,0.8857
දැන් fuck කියන උන් සුදනෝ පුක කියන අපි තමා දුදනෝ -_-,දැන් ෆුච්ක් කියන උන් සුදනෝ පුක කියන අපි තමා දුදනෝ -_-,0.8857
@USER වැහි නැති හෙන ගහන්න ඕනේ  @USER,වැහි නැති හෙන ගහන්න ඕනේ,0.8857
@USER පුදුම පොන්න පකෙක් නෙ මූ ඉන්න තැනක් දන්නව නම් ගිහින් හුකෝලා එන්නෙ ගොං පකයට යකො පාඩුවෙ හිටියම එනවා හැමින්නෙන්න හොදට හොඳයි අපි නරකට ඊට හොඳයි පකයා දන්නෑ තාම අනික දෙයක් දැනගෙන කතා කරන්න ඕන මේ හුත්තා එහෙම නෑ අම්ම අප්ප ළමා ළපටි එක්කම පොන්න සිපයි වෙන්නැති හුත්ත පවු අහිංසක උන්,පුදුම පොන්න පකෙක් නෙ මූ ඉන්න තැනක් දන්නව නම් ගිහින් හුකෝලා එන්නෙ ගොං පකයට යකො පාඩුවෙ හිටියම එනවා හැමින්නෙන්න හොදට හොඳයි අපි නරකට ඊට හොඳයි පකයා දන්නෑ තාම අනික දෙයක් දැනගෙන කතා කරන්න ඕන මේ හුත්තා එහෙම නෑ අම්ම අප්ප ළමා ළපටි එක්කම පොන්න සිපයි වෙන්නැති හුත්ත පවු අහිංසක උන්,0.8857
@USER ඉස්සර ග්‍රවුන්ඩ් එකට බහිනකොටම කෝච් කාරය අහන්නෙ තෝ දාලද කියල.කරුමෙටවත් අමතක වෙලා තිව්නොත් පුකට ස්ටම්ප් පාරක් තමයි,ඉස්සර ග්‍රවුන්ඩ් එකට බහිනකොටම කෝච් කාරය අහන්නෙ තෝ දාලද කියල.කරුමෙටවත් අමතක වෙලා තිව්නොත් පුකට ස්ටම්ප් පාරක් තමයි,0.8857
"සීතලයිද, තනිකඩයිද, සීතලට විසදුමක් ඕනෙද,, රෙද්ද පෙරෝ ගනින්.වෙන විසදුම් නෑ  තාම.","සීතලයිද, තනිකඩයිද, සීතලට විසදුමක් ඕනෙද,, රෙද්ද පෙරෝ ගනින්.වෙන විසදුම් නෑ තාම.",0.8857
"රටේ 'කලාව' කන්න අාපු සල්ලියි,ජනප්‍රියත්වයයි හම්බෙනවනම් නිරුවත විකුනං කන වේස බඩු... ලංකාවේ අපි දකින පොෂ් කෙල්ලො... නෙදකින් විතරක්. URL","රටේ 'කලාව' කන්න අාපු සල්ලියි,ජනප්‍රියත්වයයි හම්බෙනවනම් නිරුවත විකුනං කන වේස බඩු... ලංකාවේ අපි දකින පොෂ් කෙල්ලො... නෙදකින් විතරක්. උර්ල්",0.8857
මිහින්තලයේ ලයිට් එලියට  ඉබ්බො නලලට අත් අරන්  රැවන්වැලි සෑ කොත් කැරැල්ලට  හුංගො බෙරලිය මල් කඩන්   ඒත් නංගියෙ උඹ ගිලුණු තැන  කඳුලු වැලිගොව්වෝ උරන්  කණකොක්කු සුදු සරම් ඇඳගෙන  උඹව හොයනව රත්තරන්   #නාගොල්ලාගොඩ_ධර්මසිරි_බෙනඩික්,මිහින්තලයේ ලයිට් එලියට ඉබ්බො නලලට අත් අරන් රැවන්වැලි සෑ කොත් කැරැල්ලට හුංගො බෙරලිය මල් කඩන් ඒත් නංගියෙ උඹ ගිලුණු තැන කඳුලු වැලිගොව්වෝ උරන් කණකොක්කු සුදු සරම් ඇඳගෙන උඹව හොයනව රත්තරන් #නාගොල්ලාගොඩ_ධර්මසිරි_බෙනඩික්,0.8857
කරපු වේස වැඩේ අනේ හුකාන් හුට්ටෝ,කරපු වේස වැඩේ අනේ හුකාන් හුට්ටෝ,0.8857
@USER ඊයෙ එක සක්කිලියෙක් කියනව කරූට ඕන එකෙක් හරි මරාගන්නලු ඌට එකෙක් වෙන්න ඇති හැබැයි අපිට ඕන උන් ඔක්කොම මරල දාන්න කියල උන් දන්නෙ නෑ කඩප්පුලි වේස හැත්ත මුන්ට ගේමක් දෙන්න එකෙක් නැද්ද මේ රටේ කාලකණ්ණි ඔක්කොම මරල දාල අලුත් සෙට් එකක් දාන්න පෙලගැහියල්ල යකුනේ,ඊයෙ එක සක්කිලියෙක් කියනව කරූට ඕන එකෙක් හරි මරාගන්නලු ඌට එකෙක් වෙන්න ඇති හැබැයි අපිට ඕන උන් ඔක්කොම මරල දාන්න කියල උන් දන්නෙ නෑ කඩප්පුලි වේස හැත්ත මුන්ට ගේමක් දෙන්න එකෙක් නැද්ද මේ රටේ කාලකණ්ණි ඔක්කොම මරල දාල අලුත් සෙට් එකක් දාන්න පෙලගැහියල්ල යකුනේ,0.8857
පුක හිරට බොත්තම ටික බඩ උඩට තියන ඩෙනිමක් ගහලා  තනෙ පිම්බෙන්න කප් එක්ක දාලා කොන්ඩෙ පාට කරලා  අගල් එකාමරක් Adidas සපත්තුවක් දෙකක් දාලා සිංහල අස්සෙන් කඩ්ඩා වචන දෙකක් බැස්සුවාම  උන් තාමා උට්ටො පොෂ් කැලි..  #Mmsරෙද්දෙපොෂ්ඃ,පුක හිරට බොත්තම ටික බඩ උඩට තියන ඩෙනිමක් ගහලා තනෙ පිම්බෙන්න කප් එක්ක දාලා කොන්ඩෙ පාට කරලා අගල් එකාමරක් අදිදස් සපත්තුවක් දෙකක් දාලා සිංහල අස්සෙන් කඩ්ඩා වචන දෙකක් බැස්සුවාම උන් තාමා උට්ටො පොෂ් කැලි.. #Mmsරෙද්දෙපොෂ්ඃ,0.8857
@USER මට වයිෆ් කෙනෙක් නෑනෙ. අම්ම උයල දෙන දෙයක් කනව ... නැත්තං මං උයාගෙන් කනව.,මට වයිෆ් කෙනෙක් නෑනෙ. අම්ම උයල දෙන දෙයක් කනව ... නැත්තං මං උයාගෙන් කනව.,0.8857
"සුනිල් ටි අන්කල් අර ""මෝඩ පහේ ලමයි""කතාවක් කියලා, තැරි දාර කොපියකුත් ගහලා තියෙන්නේ ""අපට සැදුනු අපේ ලෝකය"" කියලා.   පත්තරේට කට අරින්න කලින් පොඩ්ඩක් හිතන්න තිබ්බා එයාට.","සුනිල් ටි අන්කල් අර ""මෝඩ පහේ ලමයි""කතාවක් කියලා, තැරි දාර කොපියකුත් ගහලා තියෙන්නේ ""අපට සැදුනු අපේ ලෝකය"" කියලා. පත්තරේට කට අරින්න කලින් පොඩ්ඩක් හිතන්න තිබ්බා එයාට.",0.8857
පොඩ්ඩියෙ අම්මා අම්මාමයි තාම වැරදුනෙ අපි නිසයි ඈ වැරදිද කෝම බක්මහෙ කොවුල් බිජු පුපුරණ දාක නංගියෙ අම්මාගෙන් උඹ ඉල්ලවද ගේම  තනේ කඩා විසිකර පත්තිනි වී නම් අනේ හාමතේ අපි මැරිලා එහෙනම් වනේ පාරන්නෙ වන පල විස වීනම් නගේ දැන් යමං පඬිපුර ගිනි තියපං,පොඩ්ඩියෙ අම්මා අම්මාමයි තාම වැරදුනෙ අපි නිසයි ඈ වැරදිද කෝම බක්මහෙ කොවුල් බිජු පුපුරණ දාක නංගියෙ අම්මාගෙන් උඹ ඉල්ලවද ගේම තනේ කඩා විසිකර පත්තිනි වී නම් අනේ හාමතේ අපි මැරිලා එහෙනම් වනේ පාරන්නෙ වන පල විස වීනම් නගේ දැන් යමං පඬිපුර ගිනි තියපං,0.8857
@USER මේ කොල්ලොකාර සමනල වන්නිල පක අවජාතක හුත්තිගෙ පුතා  තව වචන තියේ එන්නෑ ඒවා මොකෙක්ද මේ,මේ කොල්ලොකාර සමනල වන්නිල පක අවජාතක හුත්තිගෙ පුතා තව වචන තියේ එන්නෑ ඒවා මොකෙක්ද මේ,0.8857
රට බේරා  ගත්  නායකයට  අපහාස කරන මේ අවජාතක යාට කුමක් කල යුතුද ............... URL,රට බේරා ගත් නායකයට අපහාස කරන මේ අවජාතක යාට කුමක් කල යුතුද ............... උර්ල්,0.8855
"@USER අපිට පුක ද? මෙ ෆ්බී නෙමෙයි , කන බොන රෙන එවා දාන්න","අපිට පුක ද? මෙ ෆ්බී නෙමෙයි , කන බොන රෙන එවා දාන්න",0.8853
@USER ඔය වගේ පොන්න කාලාකණ්ණි කියන දේවල් ගණං ගන්ඩ එපා..  ඌ දන්නේ මොනා හරි කොටලා Attention ගන්න විතරයි.,ඔය වගේ පොන්න කාලාකණ්ණි කියන දේවල් ගණං ගන්ඩ එපා.. ඌ දන්නේ මොනා හරි කොටලා Attention ගන්න විතරයි.,0.8853
"නැව ගිලුනත් බෑන්ඩ් චූන්!  #PiumiHansamali on fire while taken to""ඩොටේ"" Bandarawela  “චමුදිත මේකට උත්තර දියව් ලොන්ඩරිය,කට වක්කඩිය වගේ බොම්බායි මුටායි කාරයා""   තොට වැඩිය හොදයි යකෝ මාලුකාරයා, සල්ලී ඕනෙ නම් ගිහින් හිගාකාපන් චමුදිත   ලංකාවේ අපිට ආතල් වලින් අඩුවක් නැත #SriLanka","නැව ගිලුනත් බෑන්ඩ් චූන්! පිඋමිහංසංඅලි ඕන fire while taken to""ඩොටේ"" බණ්ඩාරවෙල “චමුදිත මේකට උත්තර දියව් ලොන්ඩරිය,කට වක්කඩිය වගේ බොම්බායි මුටායි කාරයා"" තොට වැඩිය හොදයි යකෝ මාලුකාරයා, සල්ලී ඕනෙ නම් ගිහින් හිගාකාපන් චමුදිත ලංකාවේ අපිට ආතල් වලින් අඩුවක් නැත ශ්‍රීලංකා",0.8853
@USER බාල බඩුවක් හදලා දේවිද?,බාල බඩුවක් හදලා දේවිද?,0.8853
@USER @USER  බඩුව යහනට සරම අහකට,බඩුව යහනට සරම අහකට,0.8853
"ස්ට්‍රේට් කොන්ඩෙ, පුම්බපු පුක, උස්සපු තං ඇති මරගනන් ෆෙයානස් ක්‍රීම් වලින් සුදුවී පංසල්,දංසැල් වලදී ඔබට නොම්බර් දික්කරාවි..හසුනොවන්න..","ස්ට්‍රේට් කොන්ඩෙ, පුම්බපු පුක, උස්සපු තං ඇති මරගනන් ෆෙයානස් ක්‍රීම් වලින් සුදුවී පංසල්,දංසැල් වලදී ඔබට නොම්බර් දික්කරාවි..හසුනොවන්න..",0.8853
කාමරේ තඩි මීයෙක්. horror movies මතක් වෙනවා  මේ යකා මාව කාලා තියේවිද දන්නේ නෑ උදේ වෙද්දී,කාමරේ තඩි මීයෙක්. horror මොවිඑස් මතක් වෙනවා මේ යකා මාව කාලා තියේවිද දන්නේ නෑ උදේ වෙද්දී,0.8853
මට වෙලාවකට හිතෙනවා  තඩි පොල්ලක් අරන් අහුවෙන අහුවෙන එකාට නෙලාගෙන යන්න,මට වෙලාවකට හිතෙනවා තඩි පොල්ලක් අරන් අහුවෙන අහුවෙන එකාට නෙලාගෙන යන්න,0.8853
උගේ අප්පාගේ හැඳින්වීමක් යකෝ ඒක  -තාම ඉගෙනගන්නවා.... part time ගගණගාමියෙක් මුට ගහන්ඩෝන මඩු වලිගෙන්,උගේ අප්පාගේ හැඳින්වීමක් යකෝ ඒක -තාම ඉගෙනගන්නවා.... part time ගගණගාමියෙක් මුට ගහන්ඩෝන මඩු වලිගෙන්,0.8853
පුක බොට් එකකුත් තියනවද එපාර  නෙතකින් තූ,පුක බොට් එකකුත් තියනවද එපාර නෙතකින් තූ,0.8853
@USER  @USER පකෝ. තොගේ කිරි රැවුලවත් නෑ. නිකන් මේවගෙපොර වෙන්න හදන්නෙපා. තෝ දන්නවනම් අදාල තැනකට දන්වපන්. මේවගෙ නිකන් වීරයො වෙන්නෙ නැතුව. නොදකින් සීනිබෝල පොන්නයෝ.,පකෝ. තොගේ කිරි රැවුලවත් නෑ. නිකන් මේවගෙපොර වෙන්න හදන්නෙපා. තෝ දන්නවනම් අදාල තැනකට දන්වපන්. මේවගෙ නිකන් වීරයො වෙන්නෙ නැතුව. නොදකින් සීනිබෝල පොන්නයෝ.,0.8853
"@USER ,  @USER  @USER මේ දැන්වීම් ගහපු වේසිගෙ පුතාලගේ අම්ම, තාත්තගේ ප්‍රජා අයිතිය අහෝසි කොරන්ට ඕනි මේ වගේ කාලකන්ණි ළමයි මේ රටට ජාතක කොරාට..!!!!",", මේ දැන්වීම් ගහපු වේසිගෙ පුතාලගේ අම්ම, තාත්තගේ ප්‍රජා අයිතිය අහෝසි කොරන්ට ඕනි මේ වගේ කාලකන්ණි ළමයි මේ රටට ජාතක කොරාට..!!!!",0.8853
Endgame  කැම් කොපි බලල කටයි පුකයි වහන් ඉන්න බැරි උන්!  තූ! නොදකින්!,එන්ද්ගමේ කැම් කොපි බලල කටයි පුකයි වහන් ඉන්න බැරි උන්! තූ! නොදකින්!,0.8853
"""හරි තමුසෙ ඔය කියන විදිහට රහට උයනවකො හෙට ඉදන්. හැබැයි මට උදෙට කන්න ඕනෙ 8 වෙද්දි""  මෙච්චර දවසක් වැ⁣ඩේ බැලන් එකට ගියා ඒත්, මගෙ කට පියන් ඉන්න බෑරි සීන් එක හින්ද වැ⁣ඩේ ටිකක් දෙල් වුනා අද .  වැඩේ කියන්නෙ ඔය ගෑනි කිව්වොත් කිව්වම තමයි.  මම මේ බයෙන් ඉන්නෙ හෙට ඉදන් උයන්න වෙයි කියල","""හරි තමුසෙ ඔය කියන විදිහට රහට උයනවකො හෙට ඉදන්. හැබැයි මට උදෙට කන්න ඕනෙ 8 වෙද්දි"" මෙච්චර දවසක් වැ⁣ඩේ බැලන් එකට ගියා ඒත්, මගෙ කට පියන් ඉන්න බෑරි සීන් එක හින්ද වැ⁣ඩේ ටිකක් දෙල් වුනා අද . වැඩේ කියන්නෙ ඔය ගෑනි කිව්වොත් කිව්වම තමයි. මම මේ බයෙන් ඉන්නෙ හෙට ඉදන් උයන්න වෙයි කියල",0.8852
RT  @USER : බතල නැති බතලේ ගල URL #lka #srilanka,රට් : බතල නැති බතලේ ගල උර්ල් ලක ශ්‍රීලංකා,0.8848
"@USER Heart attack එකක් හැදෙයි කියල මම නම් match බලන එක නැවැත්තුව, ඇයි යකෝ ඇගේ ලේ රත්වෙනවා මුන් කරන ගොන් වැඩ දැක්කම","Heart attack එකක් හැදෙයි කියල මම නම් match බලන එක නැවැත්තුව, ඇයි යකෝ ඇගේ ලේ රත්වෙනවා මුන් කරන ගොන් වැඩ දැක්කම",0.8848
@USER හා තඩී උල්කාවක්ම වැටියං,හා තඩී උල්කාවක්ම වැටියං,0.8848
බඩුව නම් ආවා තලගොයෙක් තමයි අඩුව,බඩුව නම් ආවා තලගොයෙක් තමයි අඩුව,0.8848
@USER අනේ පොන්න පකෝ මට කොහෙවත් නැති එකියක්ට හුකන්න ඕන නෑ.... තොට මුනට කිව්වා වගේ තාමා මේම දැම්මාම... එක පුක ඉරාගෙන දගලන්නේ ගෝතයා...,අනේ පොන්න පකෝ මට කොහෙවත් නැති එකියක්ට හුකන්න ඕන නෑ.... තොට මුනට කිව්වා වගේ තාමා මේම දැම්මාම... එක පුක ඉරාගෙන දගලන්නේ ගෝතයා...,0.8848
@USER  @USER ඊයා ඕයී. උබ මෙහේ ඉන්නකල් කරෙත් එක එකාගේ බඩු ගිලපු එක ඔහේ ගිහිල්ලා බඩු නාන්නත් පටන් ගත්තද? තෝ ඔහේට වෙලාම හිටපන්,ඊයා ඕයී. උබ මෙහේ ඉන්නකල් කරෙත් එක එකාගේ බඩු ගිලපු එක ඔහේ ගිහිල්ලා බඩු නාන්නත් පටන් ගත්තද? තෝ ඔහේට වෙලාම හිටපන්,0.8848
"@USER ඔව් මට වැඩේමයි උඹව seduce කරලා ළමයෙක් produce කරන්න, උඹ තමා මට ගෑන් බෑන් එකක් දෙන්න හැදුවේ@USER @USER","ඔව් මට වැඩේමයි උඹව seduce කරලා ළමයෙක් produce කරන්න, උඹ තමා මට ගෑන් බෑන් එකක් දෙන්න හැදුවේ",0.8848
කවුරුත්ම උඹට ආදරේ නැත්තම් උඹ උඹට ආදරේ කරපන්..උඹ උඹ කන්න ආස කෑම උඹට අරන් දීප්න්..උඹ ඇවිදින්න ආස තැන්වලතනියම උඹ උඹව ඇවිද්දප්න්..උඹ උඹව සතුටු කරන්න පුළුවන් හැමදේම උඹ වෙනුවෙන් කරපන්.. එයාට ආදරේ කරපු තරම්ම උඹ උඹට ආදරේ කරපන්..,කවුරුත්ම උඹට ආදරේ නැත්තම් උඹ උඹට ආදරේ කරපන්..උඹ උඹ කන්න ආස කෑම උඹට අරන් දීප්න්..උඹ ඇවිදින්න ආස තැන්වලතනියම උඹ උඹව ඇවිද්දප්න්..උඹ උඹව සතුටු කරන්න පුළුවන් හැමදේම උඹ වෙනුවෙන් කරපන්.. එයාට ආදරේ කරපු තරම්ම උඹ උඹට ආදරේ කරපන්..,0.8848
මලක් ගහල අහන්න පට්ට වර්ෂන් එක! <3 #DeranaDellStudio,මලක් ගහල අහන්න පට්ට වර්ෂන් එක! <3 දෙරංඅදෙල්ල්ස්තුදිඔ,0.8848
@USER  @USER ආච්චිගේ හුත්ත.කටවහප් පරයා,ආච්චිගේ හුත්ත.කටවහප් පරයා,0.8848
අඩෝ හසීම් අම්මට හු*** වේ*ගෙ පුතා උඹ නේද හු** වල්ඩ් ට්‍රේඩ් සෙන්ටර් එකේ කාමර නොදී මගෙ දිවුරුං දීමට කෙලින්න හැදුවේ හිටං උඹට කොරන වැඩේ බලාගං,අඩෝ හසීම් අම්මට හු*** වේ*ගෙ පුතා උඹ නේද හු** වල්ඩ් ට්‍රේඩ් සෙන්ටර් එකේ කාමර නොදී මගෙ දිවුරුං දීමට කෙලින්න හැදුවේ හිටං උඹට කොරන වැඩේ බලාගං,0.8848
පුක දුන්නම පොපියුලර් වෙන්න ගෙමක් නෑ. #වාසුදෙවසරනම්ගච්චාමි,පුක දුන්නම පොපියුලර් වෙන්න ගෙමක් නෑ. #වාසුදෙවසරනම්ගච්චාමි,0.8848
@USER කට නම් ඇරගෙන හිටියට කමක් නෑ. ලැජ්ජ නැද්ද ඕයි පුක ඇරගෙන ඉන්න? මේ ගෑණු ළමයිත් ඉන්න තැන,කට නම් ඇරගෙන හිටියට කමක් නෑ. ලැජ්ජ නැද්ද ඕයි පුක ඇරගෙන ඉන්න? මේ ගෑණු ළමයිත් ඉන්න තැන,0.8848
බලපන් ඉංජිනියරින් මෙඩිසින් වගේ හොද ඩිග්‍රි කරන උන් පාරේ රස්තියාදු වෙවි උද්ඝෝශන කරනවද කියලා.නෑ ඔය පොඩි පොඩි ඩිග්‍රි කරන පොන්න පකයෝ තමා  පාරවල් ගානේ අරක වහපන් මේක වහපන් කියලා වාත වෙන්නේ.මහජනතාවගෙ සල්ලි වලින් ඉගෙනගන්න ගමන් උන්ටම වදදෙන මේ කාලකණ්නි පකයෝ ඔක්කොම ලංකාවෙන් එලෝල දාන්න ඕනේ,බලපන් ඉංජිනියරින් මෙඩිසින් වගේ හොද ඩිග්‍රි කරන උන් පාරේ රස්තියාදු වෙවි උද්ඝෝශන කරනවද කියලා.නෑ ඔය පොඩි පොඩි ඩිග්‍රි කරන පොන්න පකයෝ තමා පාරවල් ගානේ අරක වහපන් මේක වහපන් කියලා වාත වෙන්නේ.මහජනතාවගෙ සල්ලි වලින් ඉගෙනගන්න ගමන් උන්ටම වදදෙන මේ කාලකණ්නි පකයෝ ඔක්කොම ලංකාවෙන් එලෝල දාන්න ඕනේ,0.8845
මෙයකා ස්කාගාරෙකද අයිසෙ වැඩ කරන්නෙ  Asitha Sahanpriya @USER  · 20 Dec 2019  @USER සාමාන්‍ය අරක්කු වල සැර 35% උඩ තියෙන්නේ. බියර් හදන්නෙත් ඒ අරක්කුවලට අජින මොටෝ දාලා; සැර අඩු කරන්න සබන් වතුර දාලා සැර 8.8% දක්වා අඩු කරනවා. ඒ සබන් වතුර කැලැත්තුනාම බියර් එකේ පෙන එනවා.,මෙයකා ස්කාගාරෙකද අයිසෙ වැඩ කරන්නෙ අසිත සහන්ප්රිය · 20 දෙක් 2019 සාමාන්‍ය අරක්කු වල සැර 35% උඩ තියෙන්නේ. බියර් හදන්නෙත් ඒ අරක්කුවලට අජින මොටෝ දාලා; සැර අඩු කරන්න සබන් වතුර දාලා සැර 8.8% දක්වා අඩු කරනවා. ඒ සබන් වතුර කැලැත්තුනාම බියර් එකේ පෙන එනවා.,0.8844
@USER අනේ උඹේ අම්මට හුකාපං පොන්න වේසිගෙ පුතා. යස්මින් සූකා කියන්නෙ කව්ද කියලා තෝ අපිට කියන්න එපා පකෝ. ගොන් කැරියො තොපි මොන මඩ ප්‍රචාර ඇරියත් තොපිට ආයෙත් මේ රට කාබාසිනියා කරන්න දෙන්නෙ නෑ පකෝ. සක්කිලි වහල් වේසිගේ පුතා,අනේ උඹේ අම්මට හුකාපං පොන්න වේසිගෙ පුතා. යස්මින් සූකා කියන්නෙ කව්ද කියලා තෝ අපිට කියන්න එපා පකෝ. ගොන් කැරියො තොපි මොන මඩ ප්‍රචාර ඇරියත් තොපිට ආයෙත් මේ රට කාබාසිනියා කරන්න දෙන්නෙ නෑ පකෝ. සක්කිලි වහල් වේසිගේ පුතා,0.8843
දැන් ඔය අපිත් එක්කත් ඉන්නව ජනවාරි 8 වැනිදා පුක උඩ දාගෙන ගිහිල්ලා හංසයාට ගහපු  කාරයෝ දැන් සනිපද?,දැන් ඔය අපිත් එක්කත් ඉන්නව ජනවාරි 8 වැනිදා පුක උඩ දාගෙන ගිහිල්ලා හංසයාට ගහපු කාරයෝ දැන් සනිපද?,0.8843
ඔය අලියගෙ ඇහැ ඕන තැනක තියෙන්න පුලුවන්. කලින් අවුරුදු වල සාමාන්‍යයෙන් අලියගෙ පුක තියෙන්න ඕන හරියෙත් ඇහැ තිබ්බා.,ඔය අලියගෙ ඇහැ ඕන තැනක තියෙන්න පුලුවන්. කලින් අවුරුදු වල සාමාන්‍යයෙන් අලියගෙ පුක තියෙන්න ඕන හරියෙත් ඇහැ තිබ්බා.,0.8843
@USER යකෝ පිටරට celebrity Acc වල උනුත් ඔයිට හොඳයි.,යකෝ පිටරට celebrity අක්ක වල උනුත් ඔයිට හොඳයි.,0.8843
මේකි බලහන්කො යකෝ.. දෙකට ගනින්න බෑ වගේ හිටියෙ ආපු දවස් වල ඇඹරි ඇඹරි.. දැන් කොහ්මද  මිස් සූරියබංඩාර @USER  · 27 May 2019 ස්..ස්..  පල්ලෙහාටද යන්නේ?   ජාතිය ගොඩනගන්න දරුවො හදන්න කොල්ලෙක් හොයලා දෙනවද? පීස්.....,මේකි බලහන්කො යකෝ.. දෙකට ගනින්න බෑ වගේ හිටියෙ ආපු දවස් වල ඇඹරි ඇඹරි.. දැන් කොහ්මද මිස් සූරියබංඩාර · 27 May 2019 ස්..ස්.. පල්ලෙහාටද යන්නේ? ජාතිය ගොඩනගන්න දරුවො හදන්න කොල්ලෙක් හොයලා දෙනවද? පීස්.....,0.8843
"උතුරෙදි නැට්ට පුකේ ගහගෙන දෙමළුන්ගෙන් ගුටි කන කාකි කබාකරයෝ,   දකුණේදී අතපය නැති රණවිරුවන්ට පාර දිගේ නෙළයි.  පොන්න... URL","උතුරෙදි නැට්ට පුකේ ගහගෙන දෙමළුන්ගෙන් ගුටි කන කාකි කබාකරයෝ, දකුණේදී අතපය නැති රණවිරුවන්ට පාර දිගේ නෙළයි. පොන්න... උර්ල්",0.8843
උඹ ළඟ හිටියනම් මොට්ට කතුරකින් හත් අට පොලකට ඇනලා උඹට පිට ගැස්ම හැදිලා මැරෙන්න වැඩ සිද්ද කරනවා සුදු නෝනෙ හරිය..,උඹ ළඟ හිටියනම් මොට්ට කතුරකින් හත් අට පොලකට ඇනලා උඹට පිට ගැස්ම හැදිලා මැරෙන්න වැඩ සිද්ද කරනවා සුදු නෝනෙ හරිය..,0.8843
"සිරාවට සාන්ත.මගෙත් ඉන්නවා එක ඉත්තෑවෙක් නම් කමක් නෑ එක එක සයිස්වල උන්,උන් පුක වටේ දුවද්දි එකයි මටත් පාඩුවේ ඉන්න බැරි.අමාරුවෙන් හරි එක එකා අරං දාන්න ඕනේ. URL This Tweet is unavailable.","සිරාවට සාන්ත.මගෙත් ඉන්නවා එක ඉත්තෑවෙක් නම් කමක් නෑ එක එක සයිස්වල උන්,උන් පුක වටේ දුවද්දි එකයි මටත් පාඩුවේ ඉන්න බැරි.අමාරුවෙන් හරි එක එකා අරං දාන්න ඕනේ. උර්ල් This Tweet ඉස unavailable.",0.8843
@USER @USER  ඒ ඔක්කොම ලමයි වුනා නම් මේ වෙද්දී තෝ තමයි ජාතියේ පියානෝ....,ඒ ඔක්කොම ලමයි වුනා නම් මේ වෙද්දී තෝ තමයි ජාතියේ පියානෝ....,0.8843
මට ආව පංශ්න  ඔය මැද තියෙන්නේ කෝණ මානයක්ද??  කෝ බොල මේකේ බත්??? අනන්න පටන් ගන්නේ කොහෙන්ද අයිසේ??? මේක පිගානකද කෝප්පයක්ද??? @USER Djharris @USER  · 28 May 2021  @USER පර ගෙම්බා කන්න ගත්තා විතරයි,මට ආව පංශ්න ඔය මැද තියෙන්නේ කෝණ මානයක්ද?? කෝ බොල මේකේ බත්??? අනන්න පටන් ගන්නේ කොහෙන්ද අයිසේ??? මේක පිගානකද කෝප්පයක්ද??? ද්ජ්හර්රිස් · 28 May 2021 පර ගෙම්බා කන්න ගත්තා විතරයි,0.8843
Queen : Boris උඹට අම්ම කොන්ඩෙ පීරන්න කියල දුන්නැද්ද පොඩිකාලේ,Queen : බොරිස් උඹට අම්ම කොන්ඩෙ පීරන්න කියල දුන්නැද්ද පොඩිකාලේ,0.8838
ටුටූ බොල තොට කෙටූ සරුවට පටූ කොට බොට කටූ ගිලපිය..  සියක් ලේ රත් කොට ගියත් යකුනේ වචනෙට වමත් වී සුරතට.. වරෙන් උස්සන් වලියට ......    #හිටිවනකවිටුවීට් #පදපෙල URL This Tweet is unavailable.,ටුටූ බොල තොට කෙටූ සරුවට පටූ කොට බොට කටූ ගිලපිය.. සියක් ලේ රත් කොට ගියත් යකුනේ වචනෙට වමත් වී සුරතට.. වරෙන් උස්සන් වලියට ...... #හිටිවනකවිටුවීට් #පදපෙල උර්ල් This Tweet ඉස unavailable.,0.8838
ජෙප්පෙක් රෙද්දෙ මලපහ කරල ගද ගහනකොට අපි ගදයි කිව්වම උන් හැසිරෙන්නේ අපි කලින් අනික් උන් මලපහ කරගත්තම උන්ගෙ පුක ඉඹල සුවදයි කිව්ව වගෙ.,ජෙප්පෙක් රෙද්දෙ මලපහ කරල ගද ගහනකොට අපි ගදයි කිව්වම උන් හැසිරෙන්නේ අපි කලින් අනික් උන් මලපහ කරගත්තම උන්ගෙ පුක ඉඹල සුවදයි කිව්ව වගෙ.,0.8838
@USER @USER  මරු යකෝ Off for the Funeral මළ ගෙදර යනකොට දාන සෙල්පිද මේ. බයත් හිතෙනවා,මරු යකෝ Off for the Funeral මළ ගෙදර යනකොට දාන සෙල්පිද මේ. බයත් හිතෙනවා,0.8838
අද ගෙදරට නයෙක් ඇවිත්. බල්ලා තමයි ඌව දැකලා බුරලා තියෙන්නෙ. මල්ලි නයාව ගෝනියකට දාලා කට ගැටගහලා. ඒත් දැන් ඒකේ නයා නෑ,අද ගෙදරට නයෙක් ඇවිත්. බල්ලා තමයි ඌව දැකලා බුරලා තියෙන්නෙ. මල්ලි නයාව ගෝනියකට දාලා කට ගැටගහලා. ඒත් දැන් ඒකේ නයා නෑ,0.8838
ගිය පාර ගහන්න අමතක උන එවාත් එක්ක ගහනවා හු***තෝ,ගිය පාර ගහන්න අමතක උන එවාත් එක්ක ගහනවා හු***තෝ,0.8838
@USER උදේට covid හැදෙන්නේ නැති නිසා හොදයි,උදේට covid හැදෙන්නේ නැති නිසා හොදයි,0.8838
රැවටිච්චි පොල්කිච්චි කම්බි ගහේ එල්ලිච්චි ආරිච්චි බෝරිච්චි මෝඩ කමට බට්ටිච්චි  #Sajje,රැවටිච්චි පොල්කිච්චි කම්බි ගහේ එල්ලිච්චි ආරිච්චි බෝරිච්චි මෝඩ කමට බට්ටිච්චි සාජ්ජේ,0.8838
"වසන්ත කරන්ණාගොඩ කියන්නේ අර ලමයි 11 දෙනෙක් පැහැරගෙන ,කප්පම් ඉල්ලලා,  මරලා දැම්ම සිදුවීමට චෝදනා ලැබුව නේවි ඔෆිසර් නේද ??  හුම්ම් හුම්ම් .. වල් කන්ට්‍රි වල් ලෝ ... Kamila Dias @USER  · 9 Dec 2021 Heartiest congratulations to Admiral of the Fleet Wasantha Karannagoda for being appointed as the Governor of the North Western Province. My best wishes to him for the new roleresponsibility.","වසන්ත කරන්ණාගොඩ කියන්නේ අර ලමයි 11 දෙනෙක් පැහැරගෙන ,කප්පම් ඉල්ලලා, මරලා දැම්ම සිදුවීමට චෝදනා ලැබුව නේවි ඔෆිසර් නේද ?? හුම්ම් හුම්ම් .. වල් කන්ට්‍රි වල් ලෝ ... කාමිල දිඅස් · 9 දෙක් 2021 හෙඅර්තිඑස්ත කොඞ්රතුලතිඔන්ස ටො Admiral ඔෆ් the Fleet වසන්ත කරන්නාගොඩ for being අප්පොඉන්තෙද් ඇස the Governor ඔෆ් the North Western Province. මය් best විශේස් ටො him for the new රෝලෙරෙස්පොන්සිබිලිට්ය්",0.8838
"@USER  @USER    ඌ සුළු ජාතිකයෙක් නෙමෙයි අවජාතක ත්‍රස්තවාදී සුනඛයෙක්, බල්ලන්ට උත්තර දෙන්න ඕන ඒ විදියට තමා","ඌ සුළු ජාතිකයෙක් නෙමෙයි අවජාතක ත්‍රස්තවාදී සුනඛයෙක්, බල්ලන්ට උත්තර දෙන්න ඕන ඒ විදියට තමා",0.8838
"@USER  @USER ඔවොවොව්. අම්මා = පුතා ,නන්ගි පාඩම් කරනවා.ඔයාට පුලුවන් නෙ පොඩ්ඩක් ඇහැරන් ඉන්න. අහිම්සක පුතා = හා අම්මෙ. මොට්ට දුව = ඔයි මෙ ,මොකො තමුසෙ ඇ.යනව යනව වදයක් නොවි.","ඔවොවොව්. අම්මා = පුතා ,නන්ගි පාඩම් කරනවා.ඔයාට පුලුවන් නෙ පොඩ්ඩක් ඇහැරන් ඉන්න. අහිම්සක පුතා = හා අම්මෙ. මොට්ට දුව = ඔයි මෙ ,මොකො තමුසෙ ඇ.යනව යනව වදයක් නොවි.",0.8838
@USER  @USER    එතකොට ඔයා පුක දෙන රාජපක්ශලා බෙදන්නේ ඩේසි ආච්චිට දෑවැද්දට හම්බ වුන මැනික් මල්ලෙන් වෙන්න ඇති නේ? අනේ පලයං යන්න.,එතකොට ඔයා පුක දෙන රාජපක්ශලා බෙදන්නේ ඩේසි ආච්චිට දෑවැද්දට හම්බ වුන මැනික් මල්ලෙන් වෙන්න ඇති නේ? අනේ පලයං යන්න.,0.8838
@USER  @USER මේ මොන පොන්න වහලෙක්ද මේ?ප්‍රේමදාස ගෙ බෙට්ටත් ලෙවකයි මුං,මේ මොන පොන්න වහලෙක්ද මේ?ප්‍රේමදාස ගෙ බෙට්ටත් ලෙවකයි මුං,0.8838
"උඹ තාම ලාමකයි හැදුවාට පැහෙන්න තව ටිකක් කල් යාවි ජීවිතේ දකින්න පැණි වලට වහ වැටී ඇහැකු මුත් කඩන්න වැද්දෙකුට බෑ යලිත් මී වදේ බඳින්න...  දුන්නෙ මගෙ පණ ටිකයි මං උඹට රකින්න පරාදයි ඉතින් මට වෙනවමයි හැරෙන්න තියාගෙන උඹ ඌව සදහටම ඉඹින්න නංගියේ, ඉඳහිටක වරක් වත් දියන් මට බලන්න shashika sadeep","උඹ තාම ලාමකයි හැදුවාට පැහෙන්න තව ටිකක් කල් යාවි ජීවිතේ දකින්න පැණි වලට වහ වැටී ඇහැකු මුත් කඩන්න වැද්දෙකුට බෑ යලිත් මී වදේ බඳින්න... දුන්නෙ මගෙ පණ ටිකයි මං උඹට රකින්න පරාදයි ඉතින් මට වෙනවමයි හැරෙන්න තියාගෙන උඹ ඌව සදහටම ඉඹින්න නංගියේ, ඉඳහිටක වරක් වත් දියන් මට බලන්න ශෂික සදීප්",0.8838
“සිංහ ලේ”: අම්ම ගියාද? සිංහයා ආවාද? URL,“සිංහ ලේ”: අම්ම ගියාද? සිංහයා ආවාද? උර්ල්,0.8838
අර තම්බියා ඇතුලු මේ හිවල්ලු ටික ඔය මිනිහා යටි මඩි ගහලා හම්බ කර ගත්ත ටික හින්දලා තමා පස්ස බලන්නේ..  Kamila Dias @USER  · 13 Dec 2020 උපායශීලී මිනිසට මහන්සිත් ඇතිනේ බොමුද සීතල වතුර වීදුරුවක්.,අර තම්බියා ඇතුලු මේ හිවල්ලු ටික ඔය මිනිහා යටි මඩි ගහලා හම්බ කර ගත්ත ටික හින්දලා තමා පස්ස බලන්නේ.. කාමිල දිඅස් · 13 දෙක් 2020 උපායශීලී මිනිසට මහන්සිත් ඇතිනේ බොමුද සීතල වතුර වීදුරුවක්.,0.8838
@USER පොල් මුඩ්ඩක් මොටද . කිඹුලම පස්ස හොඳට හෝදල දෙයි,පොල් මුඩ්ඩක් මොටද . කිඹුලම පස්ස හොඳට හෝදල දෙයි,0.8833
"“යකෝ දැන් පුපුරනවා, අම්මට …..(Digital?) නැතුව මෙතනින් දුවපියව්” අති විශේෂ හෙළිදරව්ව URL","“යකෝ දැන් පුපුරනවා, අම්මට …..(Digital?) නැතුව මෙතනින් දුවපියව්” අති විශේෂ හෙළිදරව්ව උර්ල්",0.8833
@USER @USER  මට පක වලින් ඇති වැඩක් නෑ බන්. උබම තියා ගනින් පකේ කඩලා,මට පක වලින් ඇති වැඩක් නෑ බන්. උබම තියා ගනින් පකේ කඩලා,0.8833
@USER ඒ උනාට බලාගෙන. බඩේ අමාරු හැදෙයි...  #සිතනිවනකතා,ඒ උනාට බලාගෙන. බඩේ අමාරු හැදෙයි... #සිතනිවනකතා,0.8833
මොන හුයන්නක්ද මන්ද ඒක එකා මේ රෙද්ද දාල හෑලි ලියනවා.,මොන හුයන්නක්ද මන්ද ඒක එකා මේ රෙද්ද දාල හෑලි ලියනවා.,0.8833
තෝ වගේ උන් ජාතක කරපු මේ අම්ම අද විදවනව: URL via,තෝ වගේ උන් ජාතක කරපු මේ අම්ම අද විදවනව: උර්ල් via,0.8833
"පොර ටෝක් ඉවසන්නත් ඕන පස්සෙ පුක දෙනකොට ඉවසිල්ලක් නැතුව ගන්නත් ඕන.  මොනෟත්තක්ද! රස්තියාදුකාරයා @USER  · 18 Dec 2018 පොර ටෝක් දෙන්නත් ඕන, පුක දෙන්නත් ඕන.","පොර ටෝක් ඉවසන්නත් ඕන පස්සෙ පුක දෙනකොට ඉවසිල්ලක් නැතුව ගන්නත් ඕන. මොනෟත්තක්ද! රස්තියාදුකාරයා · 18 දෙක් 2018 පොර ටෝක් දෙන්නත් ඕන, පුක දෙන්නත් ඕන.",0.8828
"""වෙන්ගාඩියන් ලෙවියෝසා!"" ""ලැජ්ජ නැද්ද යකෝ වැල්වල තියන ගෑනුන්ගෙ රෙදි උස්සන්න??""  #IfHogwartsWasSriLankan","""වෙන්ගාඩියන් ලෙවියෝසා!"" ""ලැජ්ජ නැද්ද යකෝ වැල්වල තියන ගෑනුන්ගෙ රෙදි උස්සන්න??"" ඉෆ්හොග්වර්ට්ස්වස්ස්රිලන්කන්",0.8828
‌චාපා කියන එකාටයි දිලකා කියන පස් ගන්න දුන්න එක  හෙන ලොකු අමාරුවක්....හැබයී කෝටිගාන ගහපූ එවා....දැන් මද විරාමයකයට යමු,‌චාපා කියන එකාටයි දිලකා කියන පස් ගන්න දුන්න එක හෙන ලොකු අමාරුවක්....හැබයී කෝටිගාන ගහපූ එවා....දැන් මද විරාමයකයට යමු,0.8828
Chicken Curry - කටට සැරට කුකුල් මස් ව්‍යංජනය URL via  @USER youtube.com ★ Chicken Curry - කටට සැරට කුකුල් මස් ව්‍යංජනය Ingredientschickenchili powdercurry powderturmeric powdersaltoilcurry leavesrumpe leavesoniongingergarliccinnamonsoya sousevinegar,Chicken Curry - කටට සැරට කුකුල් මස් ව්‍යංජනය උර්ල් via යෝඋටුබෙචොම් ★ Chicken Curry - කටට සැරට කුකුල් මස් ව්‍යංජනය ඉඞ්රෙදිඑන්ත්ස්චික්කෙන්චිලි පොව්දෙර්චුර්ර්ය් පොව්දෙර්තුර්මෙරික් පොව්දෙර්සල්තොඉල්කුර්ර්ය ලේඅවෙස්රුම්පේ ලෙඅවෙසොනිඔඞිඞෙර්ගර්ලික්කිංඔන්සොය සෞසෙවිනෙගර්,0.8828
"Couldn't have said it better.  ගානට බීලා පිලිවෙලක් ඇතිව ඉන්න උන් වගේම නොබී චාරයක් නැතිව හැසිරෙන උන් දැකලා තියනවා. දිගට ඇඳන් ඔක්කොම වහන් වත්ත වටේ යන වට්ටි අම්මල වගේම කොටට අඳින පට්ට classy කෙල්ලෝ දැකලා ආශ්‍රය කරල තියනවා Sanchala @USER  · 26 Jul 2018 මන් බොනවා,හැබැයි සන්වරව ඇදුම් අදිනවා,කොටටත් අදිනවා,හැබයි ඔය හතර පෝයට සිල් අරන් ඉන්න සීලවතීල කරන අමන වැඩ කරන්නේ නෑ ඔතන තියෙන්නෙ බොනනොබොන කේස් 1ක්නෙමෙයි තමන්ගේ හැදියාව සහ අවබෝදය, කොතැන කොයි විදියට් ඉන්න ඕනද කියල දන්නව නම් එච්චරයි අනිකඅනුන්ගෙ මගුලවල් හොයන්නේ නැතුව තමනගේ දෙයක් බලාගන්","චොඋල්ද්න්ට් have said ඉට better. ගානට බීලා පිලිවෙලක් ඇතිව ඉන්න උන් වගේම නොබී චාරයක් නැතිව හැසිරෙන උන් දැකලා තියනවා. දිගට ඇඳන් ඔක්කොම වහන් වත්ත වටේ යන වට්ටි අම්මල වගේම කොටට අඳින පට්ට classy කෙල්ලෝ දැකලා ආශ්‍රය කරල තියනවා සංචාල · 26 ජුල 2018 මන් බොනවා,හැබැයි සන්වරව ඇදුම් අදිනවා,කොටටත් අදිනවා,හැබයි ඔය හතර පෝයට සිල් අරන් ඉන්න සීලවතීල කරන අමන වැඩ කරන්නේ නෑ ඔතන තියෙන්නෙ බොනනොබොන කේස් 1ක්නෙමෙයි තමන්ගේ හැදියාව සහ අවබෝදය, කොතැන කොයි විදියට් ඉන්න ඕනද කියල දන්නව නම් එච්චරයි අනිකඅනුන්ගෙ මගුලවල් හොයන්නේ නැතුව තමනගේ දෙයක් බලාගන්",0.8828
@USER සෝදමු තව සෝදමූ.වලව්වෙ බේබිලාගෙ කුණු රෙදි,සෝදමු තව සෝදමූ.වලව්වෙ බේබිලාගෙ කුණු රෙදි,0.8828
"@USER පක තමයි රාජිතයො,උඹට පුකෙං යන්න වෙන්නෙ මේ පාර.","පක තමයි රාජිතයො,උඹට පුකෙං යන්න වෙන්නෙ මේ පාර.",0.8828
@USER නෑ ඒකිගේ පුක ඔයිට වඩා සුදුයි. මන් දන්නැතුවයෑ ඒකි ගැන,නෑ ඒකිගේ පුක ඔයිට වඩා සුදුයි. මන් දන්නැතුවයෑ ඒකි ගැන,0.8828
@USER @USER  තෝ ඉතින් පුක කැඩිච්ච කඩියා වගේ දිව්වනෙහ්... අනිවා කොල්ලා මේකට බහිනවා කියලා දැනන් උන්නා. hahaaa  එල එල දැන් ආවනේ,තෝ ඉතින් පුක කැඩිච්ච කඩියා වගේ දිව්වනෙහ්... අනිවා කොල්ලා මේකට බහිනවා කියලා දැනන් උන්නා. හහාඅ එල එල දැන් ආවනේ,0.8828
නෑ නෑ එක බබෙක් වෙන්න විදිහක් නෑ.   අරුණිගේ බඩේ විතරක් නෙවේ පුකෙත් බබෙක් හිටියා වෙන්නෝනේ. නැත්තම් පුක එච්චර ලොකු වෙන්න විදිහක් නෑනේ. Asitha Sahanpriya @USER  · 14 May 2020 අරුණිට බබා හම්බෙලාද දන්නෑනේ?   දුවෙක් ද පුතෙක් ද දන්නෑනේ?,නෑ නෑ එක බබෙක් වෙන්න විදිහක් නෑ. අරුණිගේ බඩේ විතරක් නෙවේ පුකෙත් බබෙක් හිටියා වෙන්නෝනේ. නැත්තම් පුක එච්චර ලොකු වෙන්න විදිහක් නෑනේ. අසිත සහන්ප්රිය · 14 May 2020 අරුණිට බබා හම්බෙලාද දන්නෑනේ? දුවෙක් ද පුතෙක් ද දන්නෑනේ?,0.8828
"කලුබලල්ලු, ප්‍රා, උකුස්සො,රාජාලියො,කහ බළල්ලු, කොළ කොටි, රතු මකරු, මාපිලා, ගෝනුස්සා, නී, කේෂර සිංහයො, ලේ මාපිල්ලු, සහ කලු කොටි.  ඔය නම් ටික JVP කාලේ හෙන ප්‍රසිද්දයි නෙහ් ඔව්වා JVP එකේ එව්වනම් නෙවෙයි ඒ වුනාට","කලුබලල්ලු, ප්‍රා, උකුස්සො,රාජාලියො,කහ බළල්ලු, කොළ කොටි, රතු මකරු, මාපිලා, ගෝනුස්සා, නී, කේෂර සිංහයො, ලේ මාපිල්ලු, සහ කලු කොටි. ඔය නම් ටික ජ්ව්ප් කාලේ හෙන ප්‍රසිද්දයි නෙහ් ඔව්වා ජ්ව්ප් එකේ එව්වනම් නෙවෙයි ඒ වුනාට",0.8828
උතුම් පැතුම් එකේ කෙල්ලට බබා හම්බවෙන එකට හූල්ලන උන්ම තමයි මේ ආදරයයි එකේ ඉශිතට බබෙක් නෑ කියලත් හූල්ලන්නෙ. රෙද්ද බබා දීපන්කො ඉශිතට,උතුම් පැතුම් එකේ කෙල්ලට බබා හම්බවෙන එකට හූල්ලන උන්ම තමයි මේ ආදරයයි එකේ ඉශිතට බබෙක් නෑ කියලත් හූල්ලන්නෙ. රෙද්ද බබා දීපන්කො ඉශිතට,0.8828
"කොට ගවම්, කකුල් පේන සායවල් අඳින ගෑණු හරි නිළියො හරි දැක්කම අපිට උඩ පරම්පරාවල ඈයො - ""මහ වේස ගෑණියෙක්."" #lka #ශ්‍රීලංකාසදාචාරමීටරය","කොට ගවම්, කකුල් පේන සායවල් අඳින ගෑණු හරි නිළියො හරි දැක්කම අපිට උඩ පරම්පරාවල ඈයො - ""මහ වේස ගෑණියෙක්."" ලක #ශ්‍රීලංකාසදාචාරමීටරය",0.8828
"Mother said ""තෝ A/L ඉවර වෙලා ඕන තූත්තුකුඩියක පල කියල, දැං බෑ හැබැයි..""  ඒක අහං හිටපු නැන්දගේ එකා සේපට මට කියනව, ""ඔන්න බලහංකො මටත් කිව්වෙ ඔහොම්ම තමයි එලියටවත් බහින්න දුන්නෑ""","Mother said ""තෝ අල ඉවර වෙලා ඕන තූත්තුකුඩියක පල කියල, දැං බෑ හැබැයි.."" ඒක අහං හිටපු නැන්දගේ එකා සේපට මට කියනව, ""ඔන්න බලහංකො මටත් කිව්වෙ ඔහොම්ම තමයි එලියටවත් බහින්න දුන්නෑ""",0.8823
මේ කෙල්ලේ.පුක පොඩ්ඩක් කහනවා .නියපොතු නෑ උබ වවලා තියන එකේ පොඩ්ඩක් කහලා දියන්.....  ලොකු උදව්ව්වක්. :-D,මේ කෙල්ලේ.පුක පොඩ්ඩක් කහනවා .නියපොතු නෑ උබ වවලා තියන එකේ පොඩ්ඩක් කහලා දියන්..... ලොකු උදව්ව්වක්. ද,0.8823
@USER Dog in the manger. බල්ලා පිදුරු කන්නෙත් නෑ කන ගොනාට දෙන්නෙත් නෑ,Dog ඉන් the manger. බල්ලා පිදුරු කන්නෙත් නෑ කන ගොනාට දෙන්නෙත් නෑ,0.8823
බකලයා බෙන්සිමා even in Fifa  රෙද්ද,බකලයා බෙන්සිමා even ඉන් ෆිෆා රෙද්ද,0.8823
හරි යන්නෑ මේ හුත්‍ත.. දාගන්නවා බෙල්ලේ වැල... උඹල වැලපියන් එදාට...,හරි යන්නෑ මේ හුත්‍ත.. දාගන්නවා බෙල්ලේ වැල... උඹල වැලපියන් එදාට...,0.8823
පරන කැල්ලට කොල්ලෙක්  ඉන්නකොට එකිගෙන්  ගන්න සැප තමි සැප .වේලවකට හිතේනවා මත් එක්ක ඉන්නකොට කොල්ලො කියකට අල්ලන ඇද්ද කියලා තුක් නොදකින් කෙල්ලො නම්,පරන කැල්ලට කොල්ලෙක් ඉන්නකොට එකිගෙන් ගන්න සැප තමි සැප .වේලවකට හිතේනවා මත් එක්ක ඉන්නකොට කොල්ලො කියකට අල්ලන ඇද්ද කියලා තුක් නොදකින් කෙල්ලො නම්,0.8823
"හම්බයෙක් මැරුවොත් අපේ උන්ට හෙන අමාරුයි. UNP කාරයො 88, 89 මරපු ඒවත් ගොඩ දාල බලපල්ලකො ඉවරයක් කරන්න පුලුවන්ද කියල #GenElecSL","හම්බයෙක් මැරුවොත් අපේ උන්ට හෙන අමාරුයි. උන්ප් කාරයො 88, 89 මරපු ඒවත් ගොඩ දාල බලපල්ලකො ඉවරයක් කරන්න පුලුවන්ද කියල ගෙනෙලේච්ස්ල්",0.8823
@USER ඊඊඊ බඩුසංක කැත විතරක්,ඊඊඊ බඩුසංක කැත විතරක්,0.8823
"මේ අල්ල පනල්ලේ ලන්කාවම ගිල ගනිමින් ඉන්නේ තඩි මෝරෙක්, එ මෝරා පලවා හරිනු කියූ ජෙප්පෝ දැන් උන්ගේ ඔඩොක්කුවේ හිරි... URL","මේ අල්ල පනල්ලේ ලන්කාවම ගිල ගනිමින් ඉන්නේ තඩි මෝරෙක්, එ මෝරා පලවා හරිනු කියූ ජෙප්පෝ දැන් උන්ගේ ඔඩොක්කුවේ හිරි... උර්ල්",0.8823
@USER බලාන ගියාම වේස ගෑනූන්ගෙයි උඹලගෙයි ලොකු වෙනසක් නෑ.. උන් සල්ලි දෙන එකාට රෙද්ද උස්සනවා.. උඹලා සල්ලී දෙන එකාගේ පස්ස ලෙවකනවා..,බලාන ගියාම වේස ගෑනූන්ගෙයි උඹලගෙයි ලොකු වෙනසක් නෑ.. උන් සල්ලි දෙන එකාට රෙද්ද උස්සනවා.. උඹලා සල්ලී දෙන එකාගේ පස්ස ලෙවකනවා..,0.8823
ටැටූ එකක් ගහලද නෝස් පින් එකක් දාලද  ටිකක් කොටට අඳිනවද   ඒකි බඩුව හුත්තො,ටැටූ එකක් ගහලද නෝස් පින් එකක් දාලද ටිකක් කොටට අඳිනවද ඒකි බඩුව හුත්තො,0.8823
"@USER ,  @USER  @USER වන්නිකරේ කරඹ මලක්ම ඕනි පුස්පෙගෙ පක නගින්න.",", වන්නිකරේ කරඹ මලක්ම ඕනි පුස්පෙගෙ පක නගින්න.",0.8823
"එක එකාට කේලම් කියන, මුට්ටි අල්ලන තොපිලා පාරේ යන්න එපා. හතරමන් හන්දිවල හැප්පිලා චප්පවෙලා තොපි වගේ උන්... URL","එක එකාට කේලම් කියන, මුට්ටි අල්ලන තොපිලා පාරේ යන්න එපා. හතරමන් හන්දිවල හැප්පිලා චප්පවෙලා තොපි වගේ උන්... උර්ල්",0.8823
"*කුණුහරප හටගන්නා ආකාර   (1)ලිංගික අවයව මුල්කරගෙන හටගන්න කුනුහරප(මේවා ඉතිරි කුනුහරප සෑදීම සදහා දායක වේ)   යෝනිය=හුත්ත,කිම්බ  ශිෂ්නය= පක,පයිය  නපුංසක=පොන්නයා  හුත්ත"" ප්‍රාණවාචී කිරීමෙන් ""හුත්තා"" සහ ""හුත්තී""ද, ""පක"" ප්‍රාණවාචී කිරීමෙන් ""පකයා""ද හටගනී...","*කුණුහරප හටගන්නා ආකාර (1)ලිංගික අවයව මුල්කරගෙන හටගන්න කුනුහරප(මේවා ඉතිරි කුනුහරප සෑදීම සදහා දායක වේ) යෝනිය=හුත්ත,කිම්බ ශිෂ්නය= පක,පයිය නපුංසක=පොන්නයා හුත්ත"" ප්‍රාණවාචී කිරීමෙන් ""හුත්තා"" සහ ""හුත්තී""ද, ""පක"" ප්‍රාණවාචී කිරීමෙන් ""පකයා""ද හටගනී...",0.8823
"""අවජාතක සුනකයෙකුට ඇඳිවත උස්සා ගම්මැද්දේ ලඳුකැලයක සුනක සංසර්ගයේ යෙදුණු වැරදි සුක්‍රාරනුවකින්  අකලට මෙලොවට ආ.. ලිංගේන්ඳ්‍රිය හිස් වූ තිරිසනෙකුගේ හිවල් වැඩකි......… ""                                         - Copied - . . අන්න එහෙම බනින්න ඉගෙන ගන්න ඕන","""අවජාතක සුනකයෙකුට ඇඳිවත උස්සා ගම්මැද්දේ ලඳුකැලයක සුනක සංසර්ගයේ යෙදුණු වැරදි සුක්‍රාරනුවකින් අකලට මෙලොවට ආ.. ලිංගේන්ඳ්‍රිය හිස් වූ තිරිසනෙකුගේ හිවල් වැඩකි......… "" - Copied - . . අන්න එහෙම බනින්න ඉගෙන ගන්න ඕන",0.8823
#ගෙදර නංගී - පල බැල්ලි තෝ. :# කනවනම් කාපන් නැත්තම් නිකා හිටපන් රෙද්ද :3 :v (පයින් පාරක් දෙමින්)  #FB නංගී - කෑවද... URL,#ගෙදර නංගී - පල බැල්ලි තෝ. :# කනවනම් කාපන් නැත්තම් නිකා හිටපන් රෙද්ද :3 ව (පයින් පාරක් දෙමින්) ෆ්බ් නංගී - කෑවද... උර්ල්,0.8823
@USER  @USER පුක විතරක් නෙවෙයි අරින්නත් ඉල්ලුවා...ඇයි යකො ලාබෙට ගහන්න ලග ඉන්න හොදම එක ගහන්නෙ නැතුව දුර ගිහින් තව වියදම් කරලා ගහන්න ඔනෙද..,පුක විතරක් නෙවෙයි අරින්නත් ඉල්ලුවා...ඇයි යකො ලාබෙට ගහන්න ලග ඉන්න හොදම එක ගහන්නෙ නැතුව දුර ගිහින් තව වියදම් කරලා ගහන්න ඔනෙද..,0.8823
පුක ඉරාගෙන වහිනවා කියන්නේ මේකට වෙන්න ඇති,පුක ඉරාගෙන වහිනවා කියන්නේ මේකට වෙන්න ඇති,0.8818
'මේ හිගන්නා පීස් කීපිං ෆෝස් එකකුත් එවන්න කියලා ඇමරිකාවෙන් ඉල්ලීම් කරලා!...තවමත් මුට කඩේ යන වහල් කාලකණ්නි දැක්කම දැනෙන්න පට්ට අප්පිරියාවක්'    #SquatterRanil    #lka #sriLanka #Colombo  @USER  @USER   @USER  @USER,'මේ හිගන්නා පීස් කීපිං ෆෝස් එකකුත් එවන්න කියලා ඇමරිකාවෙන් ඉල්ලීම් කරලා!...තවමත් මුට කඩේ යන වහල් කාලකණ්නි දැක්කම දැනෙන්න පට්ට අප්පිරියාවක්' ස්කුඅත්තෙර්රංඉල් ලක ශ්‍රීලංකා චොලොම්බෝ,0.8818
"When crush said ""මං ඔයා එක්ක msg කලාට වෙන මොකුත් හිතන්න එපා හරිද ????""   #කැරි_මල්සරා මැරියං තෝ","When crush said ""මං ඔයා එක්ක මස් කලාට වෙන මොකුත් හිතන්න එපා හරිද ????"" #කැරි_මල්සරා මැරියං තෝ",0.8818
"දැන් එන බස් එකේ ෂා fm දාලා තියෙන්නේ, රේඩියෝ එකේ කොල්ලා ගිරවෙක් වගේ සිද්ධාලේප අසමෝදගම් අැඩ් එකක් කියෝනවා. මූ කියනවා ""ඔයාලට දන්නෙම නැතුව බඩේ අමාරුවක් හැදුනොත්.."" ලු...හුත්තෝ, බඩේ ""අමාරුවක්"" හැදුනොත් බඩ රිදෙනවනේ යකෝ එතකොට දැනගන්න ලැබෙනවා නේ, දන්නෙම නැතුව කොහොමද බඩේ අමාරු හැදෙන්නේ?","දැන් එන බස් එකේ ෂා ෆ්ම් දාලා තියෙන්නේ, රේඩියෝ එකේ කොල්ලා ගිරවෙක් වගේ සිද්ධාලේප අසමෝදගම් අැඩ් එකක් කියෝනවා. මූ කියනවා ""ඔයාලට දන්නෙම නැතුව බඩේ අමාරුවක් හැදුනොත්.."" ලු...හුත්තෝ, බඩේ ""අමාරුවක්"" හැදුනොත් බඩ රිදෙනවනේ යකෝ එතකොට දැනගන්න ලැබෙනවා නේ, දන්නෙම නැතුව කොහොමද බඩේ අමාරු හැදෙන්නේ?",0.8818
"@USER එහෙම කියපු උන් ගල කපලා, විකුණනවත් එක්ක","එහෙම කියපු උන් ගල කපලා, විකුණනවත් එක්ක",0.8818
@USER කවුද යකෝ ගෑනු අඩියක් ගහල කුණුහරපයක් කියල ඉන්නවට සද්ද දාපුඑකා.? හක්කෙ තියල සෙම අරින්නෙ හොඳේ......,කවුද යකෝ ගෑනු අඩියක් ගහල කුණුහරපයක් කියල ඉන්නවට සද්ද දාපුඑකා.? හක්කෙ තියල සෙම අරින්නෙ හොඳේ......,0.8818
@USER මූ තට්ටේට කියන්නේ නෝට් එකට වෙන්න ඇති.. බඩුව වගේ වෙලාව කිව්වේ මේ පොල් මුඩ්ඩ පෙන්නන්නද බන්  @USER,මූ තට්ටේට කියන්නේ නෝට් එකට වෙන්න ඇති.. බඩුව වගේ වෙලාව කිව්වේ මේ පොල් මුඩ්ඩ පෙන්නන්නද බන්,0.8818
පක කියන්නේ මොකක්ද  :06  views Lemon Puff (ලෙමන් පෆ්) @USER  · 4 May 2021 පක කොට නරි පුක..,පක කියන්නේ මොකක්ද :06 විඑව්ස් Lemon Puff (ලෙමන් පෆ්) · 4 May 2021 පක කොට නරි පුක..,0.8818
@USER  @USER    උබට ගැහුවොත් ගහන්න වෙන්නෙ අක්කෙ මෝඩ ගලකින් තමයි,උබට ගැහුවොත් ගහන්න වෙන්නෙ අක්කෙ මෝඩ ගලකින් තමයි,0.8818
@USER කැරි බල්ලා....තෝ හුත්තිගෙ පුතෙක් කියලා රටට ලෝකෙට කියන් නැතුව හිටපිය.....තොගේ මහ ගෑනි ගස් ගල් අස්සෙ රින්ගලා තෝව ජාතක කරලා කියලා පේනවා....,කැරි බල්ලා....තෝ හුත්තිගෙ පුතෙක් කියලා රටට ලෝකෙට කියන් නැතුව හිටපිය.....තොගේ මහ ගෑනි ගස් ගල් අස්සෙ රින්ගලා තෝව ජාතක කරලා කියලා පේනවා....,0.8813
"@USER අනේ පලයන් පොන්නයා යන්න, ගිහින් අම්මගෙන් අහගෙන වරෙන් කොයි බල්ලත් එක්ක හැමිනිලාද උඹවගේ පොන්නයෙක් ජාතක කලේ කියලා. හිතුවා කුනුහරප කියාගෙන ආවම උඹවගේ පොන්නයෙක්ට බයේ කට වහගනියි කියලා. මම තොට වැඩිය කුණුහරුපත් දන්නවා භාෂාවත් දන්නවා, තෝ වගේ පොන්නයොන්ට කතා කරන්නත් දන්නවා.","අනේ පලයන් පොන්නයා යන්න, ගිහින් අම්මගෙන් අහගෙන වරෙන් කොයි බල්ලත් එක්ක හැමිනිලාද උඹවගේ පොන්නයෙක් ජාතක කලේ කියලා. හිතුවා කුනුහරප කියාගෙන ආවම උඹවගේ පොන්නයෙක්ට බයේ කට වහගනියි කියලා. මම තොට වැඩිය කුණුහරුපත් දන්නවා භාෂාවත් දන්නවා, තෝ වගේ පොන්නයොන්ට කතා කරන්නත් දන්නවා.",0.8813
වේස කල්ලිය I love u my සවිනි මගේ නම චමිදු මේ රැප දෙන්නේ ඔයාටමයි කෙල්ලේ මෙ රැපට කැමතිනම් කොමන්ට් එකක් දාන්න කෙල්ලේ ඔයා නලවන එන කොට මගේ හිත නැලවෙනවා කෙල්ලේ ඔයා එනකොට මට හිතෙන්නේ ඔයා බඩුවක් කියලා ඔයා කැමතිනම් මගේ ලගට දුවගෙන එන්න කෙල්ලේ සවනි මගේ මම සවනිගේ,වේස කල්ලිය ඉ love උ මය් සවිනි මගේ නම චමිදු මේ රැප දෙන්නේ ඔයාටමයි කෙල්ලේ මෙ රැපට කැමතිනම් කොමන්ට් එකක් දාන්න කෙල්ලේ ඔයා නලවන එන කොට මගේ හිත නැලවෙනවා කෙල්ලේ ඔයා එනකොට මට හිතෙන්නේ ඔයා බඩුවක් කියලා ඔයා කැමතිනම් මගේ ලගට දුවගෙන එන්න කෙල්ලේ සවනි මගේ මම සවනිගේ,0.8813
"පහල වෙලේ ළිඳේ නිල් කැටේට වතුර, හිත පිරෙන්න නාල ආවම මෙන්න අම්ම පිඟාන පිරෙන්න කොස් තම්බපුව කරවල බැදුමක්, පොල් එක්ක බෙදල කියහංකො! #Oldceylon","පහල වෙලේ ළිඳේ නිල් කැටේට වතුර, හිත පිරෙන්න නාල ආවම මෙන්න අම්ම පිඟාන පිරෙන්න කොස් තම්බපුව කරවල බැදුමක්, පොල් එක්ක බෙදල කියහංකො! ඔල්ද්චෙය්ලෝන්",0.8813
කැරි වේසිගේ ඉන්දියන් හුත්තිගේ පුතාලට හෙන ගහපිය කැරි බල්ලො,කැරි වේසිගේ ඉන්දියන් හුත්තිගේ පුතාලට හෙන ගහපිය කැරි බල්ලො,0.8813
"බැදලා ඉන්නකන්  බරපතල විදිහට අම්මව දූෂණය කරපු එකාව සාදරයෙන් වඩම්මලා ""දික්කසාද ඇනවසරි"" එක සමරන වේ$& පුතාලා දැකලා නැද්ද?    වෙනිදට ගෝල්ෆේස් එකට ගිහින් බලාගනිල්ලා...  මුන් මේ බඩින් ආවට ඒ අප්පගේ අවජාතක පුත්තුනේ..!   #Feb4 #lka #IndependenceSL","බැදලා ඉන්නකන් බරපතල විදිහට අම්මව දූෂණය කරපු එකාව සාදරයෙන් වඩම්මලා ""දික්කසාද ඇනවසරි"" එක සමරන වේ$& පුතාලා දැකලා නැද්ද? වෙනිදට ගෝල්ෆේස් එකට ගිහින් බලාගනිල්ලා... මුන් මේ බඩින් ආවට ඒ අප්පගේ අවජාතක පුත්තුනේ..! #Feb4 ලක ඉන්දෙපෙන්දෙන්චෙස්ල්",0.8813
දවල්ට මෙච්චර ඉන්නවා රෑට නිදාගන්න ඇඳට ගියාම මයි මේ රෙද්දෙ හුජ්ජ බර හැදෙන්නෙ  විද්‍යාත්මකව පහදපල්ල පුලුවන් එකෙක්.,දවල්ට මෙච්චර ඉන්නවා රෑට නිදාගන්න ඇඳට ගියාම මයි මේ රෙද්දෙ හුජ්ජ බර හැදෙන්නෙ විද්‍යාත්මකව පහදපල්ල පුලුවන් එකෙක්.,0.8813
179) කොන අල්ලා ඇදටම යන - කටට මිසක අතට නොරිසි අකුරු අමුත්තෝ URL,179) කොන අල්ලා ඇදටම යන - කටට මිසක අතට නොරිසි අකුරු අමුත්තෝ උර්ල්,0.8813
දැන් බලන්න මල්ලී  සනී ලියෝන් එයා ලෝකෙම ලොකු තරුවක් ඒ ගෑණී ලංකාවේ හිටියනම් නිකම්ම නිකන්  ගොන් බඩුවක්,දැන් බලන්න මල්ලී සනී ලියෝන් එයා ලෝකෙම ලොකු තරුවක් ඒ ගෑණී ලංකාවේ හිටියනම් නිකම්ම නිකන් ගොන් බඩුවක්,0.8813
@USER ඔයාල යන්නෙ වෙඩි නොවදින වාහන වල නේද මේ සුසුකි ලඩ්ඩකට ගල ගහපු ගොනා කෞඩ :3,ඔයාල යන්නෙ වෙඩි නොවදින වාහන වල නේද මේ සුසුකි ලඩ්ඩකට ගල ගහපු ගොනා කෞඩ :3,0.8813
ෆේස් බුක් වහල ලැබුවට වඩා ආදයමක් 'පුකවල්' වලට මීටර් හයි කරානම් ගන්න පුලුවන් මේ පොන්න ආණ්ඩුවට පුක දෙන උන් තොගයක්... URL,ෆේස් බුක් වහල ලැබුවට වඩා ආදයමක් 'පුකවල්' වලට මීටර් හයි කරානම් ගන්න පුලුවන් මේ පොන්න ආණ්ඩුවට පුක දෙන උන් තොගයක්... උර්ල්,0.8813
හුකන හුයන්න කියලා හුයන්නක් හදලා දෙන්නකො. පක පයන්න  කියලත්.,හුකන හුයන්න කියලා හුයන්නක් හදලා දෙන්නකො. පක පයන්න කියලත්.,0.8813
"@USER  @USER යකාගෙ බුරුංග රාජයෙක් ඒකා. අදාළ රටේ ළමා ආරක්ෂණේකට, පොලීසියකට කෙල්ල එක්කං ගිහිං හොයලා බලලා ඒකි පරිස්සං කරනවා වෙනුවට අත පය හැදෙන්නත් කලින් දුන්නා බඩ ගෙඩිය.   නෙදකු නොට්ටිගේ පුතාලා.  ඒවට සේසත් අල්ලන අඤී ගාන හැත්ත ඊට දෙවෙනි නෑ","යකාගෙ බුරුංග රාජයෙක් ඒකා. අදාළ රටේ ළමා ආරක්ෂණේකට, පොලීසියකට කෙල්ල එක්කං ගිහිං හොයලා බලලා ඒකි පරිස්සං කරනවා වෙනුවට අත පය හැදෙන්නත් කලින් දුන්නා බඩ ගෙඩිය. නෙදකු නොට්ටිගේ පුතාලා. ඒවට සේසත් අල්ලන අඤී ගාන හැත්ත ඊට දෙවෙනි නෑ",0.8813
@USER අර ලක්බිමේද කොහෙද එකෙක් ලියලා තිබ්බෙ හරියට රෙද්ද උස්සලා බැලුවා වගේ,අර ලක්බිමේද කොහෙද එකෙක් ලියලා තිබ්බෙ හරියට රෙද්ද උස්සලා බැලුවා වගේ,0.8813
"හිතපන්කො උඹත් එක්ක බොක්ක දෙන්න වගේ හිටපු එකෙක්.. උඹ නැතුව හුස්මවත් ගන්නැ වගේ හිටපු එකෙක්. උඹට කැරි වැඩක් කරනවා.. කාලයක් ගියම උඹ දන්නවා ඌ උඹට කරපු දේ, හැබැයි ඌ දන්නැ උඹ ඒක දන්නවා කියලා. උඹට මොන වගේ හැඟිමක්ද එන්නේ ඌ උඹට ඇරලත් මුකුත් දන්නැ වගේ රඟපාද්දි.","හිතපන්කො උඹත් එක්ක බොක්ක දෙන්න වගේ හිටපු එකෙක්.. උඹ නැතුව හුස්මවත් ගන්නැ වගේ හිටපු එකෙක්. උඹට කැරි වැඩක් කරනවා.. කාලයක් ගියම උඹ දන්නවා ඌ උඹට කරපු දේ, හැබැයි ඌ දන්නැ උඹ ඒක දන්නවා කියලා. උඹට මොන වගේ හැඟිමක්ද එන්නේ ඌ උඹට ඇරලත් මුකුත් දන්නැ වගේ රඟපාද්දි.",0.8813
කරුවල කාමරේක හිරකරන්නලු කොන් හතරෙම එක යතුරක් හංගන්නලු රෝස මල හොයයිලු එතකොට රණහංසි කියන්නෙ කව්ද? කරගන්න බැරිඋන දේවල් කියවනවද වෙන උන්ව ආදේශ කරගෙන?  තෝ ගංජා ගහලද? කුඩු ගහලද?,කරුවල කාමරේක හිරකරන්නලු කොන් හතරෙම එක යතුරක් හංගන්නලු රෝස මල හොයයිලු එතකොට රණහංසි කියන්නෙ කව්ද? කරගන්න බැරිඋන දේවල් කියවනවද වෙන උන්ව ආදේශ කරගෙන? තෝ ගංජා ගහලද? කුඩු ගහලද?,0.8813
"මරනවා, කපනවා, අනිනවා වෙඩි තියනවා. හෙන හැපනිං දැන් ලංකාව ආයේ","මරනවා, කපනවා, අනිනවා වෙඩි තියනවා. හෙන හැපනිං දැන් ලංකාව ආයේ",0.8811
@USER කළු වෙළඹක් පදින්න කලිං ලී අස්සයෙක්වත් පැදල පුරුදු වෙයං නැත්තං අමාරු වෙයි.,කළු වෙළඹක් පදින්න කලිං ලී අස්සයෙක්වත් පැදල පුරුදු වෙයං නැත්තං අමාරු වෙයි.,0.8809
යකෝ මුන්ට මොනවහරි කන්න දීපල්ලා!   @USER  @USER  #TweetupSL Sadee i̞̟̫̺ͭ̒ͭͣs̪̭̱̼̼̉̈́ͪ͋̽̚h͚̖̜̍̃͐a̘̫͈̭͌͛͌̇̇̍ @USER  · 18 Dec 2016 #TweetupSL හාමතේ බන්..,යකෝ මුන්ට මොනවහරි කන්න දීපල්ලා! ට්වීටුප්ස්ල් සැදී ඉශ · 18 දෙක් 2016 ට්වීටුප්ස්ල් හාමතේ බන්..,0.8809
@USER මෙන්න මේ සිංදුව තමා ඔයාට ගැලපෙන්නේ ඉසංකා   බොරුවට අඬලා කිමද හැපෙන්නේ ඉසංකා කලබල කරලා මොකද නෑ ලෙඩක් වෙලා උඹ හොඳට මිරිකලා දෙහි ටික ගනිංකො ඉසංකා අනේ උඹෙ පෙම්බර මිනිහා කට් වෙලා,මෙන්න මේ සිංදුව තමා ඔයාට ගැලපෙන්නේ ඉසංකා බොරුවට අඬලා කිමද හැපෙන්නේ ඉසංකා කලබල කරලා මොකද නෑ ලෙඩක් වෙලා උඹ හොඳට මිරිකලා දෙහි ටික ගනිංකො ඉසංකා අනේ උඹෙ පෙම්බර මිනිහා කට් වෙලා,0.8809
"@USER කැරි පොනනයා හුකවගන්න හදන්නෙ...පකයා,රෙන්න තියෙන පුක දෙන්නෙ නැතුව හිටපන් හුජ්ජ පොඩි එකා...","කැරි පොනනයා හුකවගන්න හදන්නෙ...පකයා,රෙන්න තියෙන පුක දෙන්නෙ නැතුව හිටපන් හුජ්ජ පොඩි එකා...",0.8809
@USER සනත්ට ගහන තරමක් මඩගහල දැන් බැන්නෙ නැතිලුමේවට පුකෙන් හිනා යකෝ..කුණුහරප ටෝක් දීලා තෝ කීබෝඩ් වීරයෙක් නොවී ඉදපම්..මේ මාව වෙව්ලනවා,සනත්ට ගහන තරමක් මඩගහල දැන් බැන්නෙ නැතිලුමේවට පුකෙන් හිනා යකෝ..කුණුහරප ටෝක් දීලා තෝ කීබෝඩ් වීරයෙක් නොවී ඉදපම්..මේ මාව වෙව්ලනවා,0.8809
"කඩු,පිහි වල් කොටන්න නම් ඇයි අර ළිං ඇතුලෙ තිබිලා කඩු,පිහි හම්බෙන්නේ?   #නොදන්න_කමට_ඇහුවේ  දන්නවනම් කියන්නකෝ","කඩු,පිහි වල් කොටන්න නම් ඇයි අර ළිං ඇතුලෙ තිබිලා කඩු,පිහි හම්බෙන්නේ? #නොදන්න_කමට_ඇහුවේ දන්නවනම් කියන්නකෝ",0.8809
"වවුලෝ කොටස් තුනකට බෙදෙනවා  . ශාක භක්ශික වවුලෝ (වෙජිටේරියන්) මුන් කන්නේ ගහේ කොළ, වල් පැලෑටි, මල් පැළ අනන් මනන්  . මාංශ භක්ශික වවුලෝ  මුන් කන්නෙ පනුවෝ, නයි, ඉත්තෑවෝ, හාවෝ වගේ ජාති  . පළතුරු භක්ශික වවුලෝ මුන් කන්නේ පේර, අඹ, කෙසෙල්, ඩ්‍රැගන් ෆෘට් වගේ ජාති  #ඔලිවර්ගේscience","වවුලෝ කොටස් තුනකට බෙදෙනවා . ශාක භක්ශික වවුලෝ (වෙජිටේරියන්) මුන් කන්නේ ගහේ කොළ, වල් පැලෑටි, මල් පැළ අනන් මනන් . මාංශ භක්ශික වවුලෝ මුන් කන්නෙ පනුවෝ, නයි, ඉත්තෑවෝ, හාවෝ වගේ ජාති . පළතුරු භක්ශික වවුලෝ මුන් කන්නේ පේර, අඹ, කෙසෙල්, ඩ්‍රැගන් ෆෘට් වගේ ජාති #ඔලිවර්ගේscience",0.8809
පොන්න මංගලගේ සන්නිවේදන බලුකාය හතරගාතෙන් වැටේ(Video) URL,පොන්න මංගලගේ සන්නිවේදන බලුකාය හතරගාතෙන් වැටේ(Video) උර්ල්,0.8809
රොසා පොල්ල ගෙනෙන් බල්ලා මරන්න #BailaSL #Sajje,රොසා පොල්ල ගෙනෙන් බල්ලා මරන්න බිලස්ල් සාජ්ජේ,0.8809
හුකනවා හුත්තෝ අපි දිනුවා   පකෝ මට බැ හුත්තො .......,හුකනවා හුත්තෝ අපි දිනුවා පකෝ මට බැ හුත්තො .......,0.8804
"තොපි පර දෙමල්ලූ, එනවා මෙතන පුතාව සුද්ද කරන්න! අම්මාට.......පිය, තොප හු..... ඕන තැනකට පලයල්ලා!!  පියා හා මව... URL","තොපි පර දෙමල්ලූ, එනවා මෙතන පුතාව සුද්ද කරන්න! අම්මාට.......පිය, තොප හු..... ඕන තැනකට පලයල්ලා!! පියා හා මව... උර්ල්",0.8804
ඉස්කෝලේ ප්‍රින්සිපල් වෙලා ළමයින්ගේ කණ පලපු එකා ආරක්ෂක ලේකම් වෙලා අපේ පුක පලයිද සාන්ත,ඉස්කෝලේ ප්‍රින්සිපල් වෙලා ළමයින්ගේ කණ පලපු එකා ආරක්ෂක ලේකම් වෙලා අපේ පුක පලයිද සාන්ත,0.8804
"දැන් බලපන් මේ අපේ තම්බිලා, ලොකු ටෝක් එකක් ඉශූ කරන්න ඕනේ උනාම අරාබියේ තම්බී හොදයි. උන් අපේ ජාතිය කියලා ඉන්නවා. තම්බියෙක් ගෑණියෙක්ට ගහන එකක්, බලුවැඩක් කරාම , අයියෝ මේ අපේ රටෙත් නෙවෙයි කියනවා.බෝම්බ,කඩු එක්ක අහුඋන උන්ට, මෞලවී ට ,මුස්ලිම් නමක් තිබ්බට එයා මුස්ලිම් නෙවේ. පලයන් යන්න. Mohammed Anfash محمد انفاش මොහොමඩ් අන්ෆාෂ් @USER  · 9 May 2019 Racism starts from here if so,Shall we place a paging board in Airport saying No any Sinhalese allowed to Arab countries such Qatar,Dubai,Saudi Arabia n ex..where the Srila kans do travel towards Middle East for earning,Business purpose n ex..@USER @USER","දැන් බලපන් මේ අපේ තම්බිලා, ලොකු ටෝක් එකක් ඉශූ කරන්න ඕනේ උනාම අරාබියේ තම්බී හොදයි. උන් අපේ ජාතිය කියලා ඉන්නවා. තම්බියෙක් ගෑණියෙක්ට ගහන එකක්, බලුවැඩක් කරාම , අයියෝ මේ අපේ රටෙත් නෙවෙයි කියනවා.බෝම්බ,කඩු එක්ක අහුඋන උන්ට, මෞලවී ට ,මුස්ලිම් නමක් තිබ්බට එයා මුස්ලිම් නෙවේ. පලයන් යන්න. මෝහම්මෙඩ් අන්ඵෂ් محمد انفاش මොහොමඩ් අන්ෆාෂ් · 9 May 2019 Racism ස්ටර්ට්ස් from here ඉෆ් සොෂල්ල් වේ place අ පගින්ග් board ඉන් Airport saying නො any සින්හලෙසේ අල්ලොවෙඩ් ටො අරාබ කෞන්ත්රිඑස් such කතර්දුබෛසෞදි අරබිඅ න එෂ්ව්හෙරෙ the සරිල kans දෝ travel towards Middle East for එඅර්නිඞ්බුසිනෙෂ් purpose න එෂ්",0.8804
ගල හොඳ නම් අඹරන කහ මක් වේද?  හා කියාපම් බලන්න,ගල හොඳ නම් අඹරන කහ මක් වේද? හා කියාපම් බලන්න,0.8804
@USER අනේ ඔයා ලගක හිටියා නම් දානවා කටට සීනී ගොනියක්. good luck කියම්න ඉතින්. වැඩිහිටියන්ගෙන් උපදෙස් ගන්න ඔනනේ නේද....?,අනේ ඔයා ලගක හිටියා නම් දානවා කටට සීනී ගොනියක්. good luck කියම්න ඉතින්. වැඩිහිටියන්ගෙන් උපදෙස් ගන්න ඔනනේ නේද....?,0.8804
"මම ඇහුවා අම්මේ ඇයි මෙහෙම දැම්මෙ නිවිති එක්ක පරිප්පු දැම්මෙ ඇයි අම්මෙ අම්මෙ තෝ කට වහපන්,කට වහගෙන කාපන් ඕකෙ තියන ශක්තිමත් යකඩ ගුණයි ඕකේ  මොනාද අයිසෙ මේ රැප් Nawran  youtube.com Parippu Music Video - NAWRAN [MUSIC VIDEO 2018] බලපන්ලා, comment කරපන්ලා, Subscribe කරපන්ලා Parippu Music Video, nawran 2018, nawran parippu music video, nawranSUBSCRIBE ► URL","මම ඇහුවා අම්මේ ඇයි මෙහෙම දැම්මෙ නිවිති එක්ක පරිප්පු දැම්මෙ ඇයි අම්මෙ අම්මෙ තෝ කට වහපන්,කට වහගෙන කාපන් ඕකෙ තියන ශක්තිමත් යකඩ ගුණයි ඕකේ මොනාද අයිසෙ මේ රැප් නව්රන් යෝඋටුබෙචොම් පරිප්පු Music Video - නව්රන් [MUSIC VIDEO 2018] බලපන්ලා, comment කරපන්ලා, Subscribe කරපන්ලා පරිප්පු Music Video, නව්රන් 2018, නව්රන් පරිප්පු music video, නව්රන්සුබ්ස්ච්රිබේ ► උර්ල්",0.8804
පාරෙ කොටට හැඩට ඇඳන් යන කෙල්ලෙක් දිහා බලාල අපේ සමහර උන් කියනව ඒකි බඩුව (ඝණිකාව)  කියල.. එසේ කෙනෙක් කිවු පමනින් ඈ අත්තටම බඩුවක් වේද ? තීරනය ඔබ සතුයි  @USER  නැගනිය.. URL The following media includes potentially sensitive content. Change settings View,පාරෙ කොටට හැඩට ඇඳන් යන කෙල්ලෙක් දිහා බලාල අපේ සමහර උන් කියනව ඒකි බඩුව (ඝණිකාව) කියල.. එසේ කෙනෙක් කිවු පමනින් ඈ අත්තටම බඩුවක් වේද ? තීරනය ඔබ සතුයි නැගනිය.. උර්ල් The following media ඉන්ච්ලුදෙස් potentially sensitive content. Change සෙට්ටින්ග්ස් View,0.8804
අන්න ආහරෙ සුගලා බෑදලා..තොපි දෙන්නම පලයවු මා හට වෑදලා :D :D URL,අන්න ආහරෙ සුගලා බෑදලා..තොපි දෙන්නම පලයවු මා හට වෑදලා ද ද උර්ල්,0.8804
පට කොටි ගෑණිගෙ කටට අත් බෝම්බයක් දාල කට කඩල දාන්න ඕන... :D :D :D URL,පට කොටි ගෑණිගෙ කටට අත් බෝම්බයක් දාල කට කඩල දාන්න ඕන... ද ද ද උර්ල්,0.8804
"කවුදෝ ගෑනියෙක් අපේ අම්මට 50 shades of grey stor එක කියලනේ, අපේ අම්මා මාව මරන් කන්න හදනවා. ඔය කියපු එකාට හෙන හතම ගහපන්","කවුදෝ ගෑනියෙක් අපේ අම්මට 50 ශදෙස් ඔෆ් grey ස්ටෝර් එක කියලනේ, අපේ අම්මා මාව මරන් කන්න හදනවා. ඔය කියපු එකාට හෙන හතම ගහපන්",0.8804
@USER  @USER දැන් මට උබේ wife ගෙ කියලා අහන්න widihak නැහැ.. නැත්තං තෝ ව ඉතුරු කරන්නේ නැ,දැන් මට උබේ wife ගෙ කියලා අහන්න විදිහක් නැහැ.. නැත්තං තෝ ව ඉතුරු කරන්නේ නැ,0.8804
@USER  @USER    සුබ පතනෙමි උඹට කෙල්ලේ මනමාළී ගොළුවෙක් සොයන උඹ වෙනවාදැයි ගෝළී කිම උඹ පතන්නේ ඔයහැටි ගොළුගෙ ජොලී උගෙ කණ පිරෙන තරමට වෙද අඩපාලී?,සුබ පතනෙමි උඹට කෙල්ලේ මනමාළී ගොළුවෙක් සොයන උඹ වෙනවාදැයි ගෝළී කිම උඹ පතන්නේ ඔයහැටි ගොළුගෙ ජොලී උගෙ කණ පිරෙන තරමට වෙද අඩපාලී?,0.8804
@USER උබේ අම්මට බල්ලෝ හුකල තමයි තෝ වගේ කාලකණ්ණියෙක් හදලා තියෙන්නේ..,උබේ අම්මට බල්ලෝ හුකල තමයි තෝ වගේ කාලකණ්ණියෙක් හදලා තියෙන්නේ..,0.8804
"@USER අපි පිංපෙට්ටි කැඩු සොරුන් අල්ලා උදම් අනමු, මහබැංකු හොරු, සීනී හොරු, නයි දශ්ට කරපු හොරු, ආදී එකී මෙකී හොරු අපිව පාලනය කරනු දැක ඒත් උදම් අනමු..","අපි පිංපෙට්ටි කැඩු සොරුන් අල්ලා උදම් අනමු, මහබැංකු හොරු, සීනී හොරු, නයි දශ්ට කරපු හොරු, ආදී එකී මෙකී හොරු අපිව පාලනය කරනු දැක ඒත් උදම් අනමු..",0.8799
හැම ගමකම ඉන්නවා  පුක නටව නටව  යන කෙල්ලෙක්   අපේ ගමෙත් හිටියා  පුකට වෙච්චි  දෙයක් නෑ,හැම ගමකම ඉන්නවා පුක නටව නටව යන කෙල්ලෙක් අපේ ගමෙත් හිටියා පුකට වෙච්චි දෙයක් නෑ,0.8799
සිංහයා උනත් උඹ තිරිසන් සතෙකි කැලේ... කඩුවක් රැගෙන කොඩියක් මැද මොකද බොලේ... ගුවනේ ලෙලෙන අසිපතකින් කිමද පලේ.... බැහැපන් බිමට සිදපන් ගෙල දෝහි රැලේ... උ.ගැ.,සිංහයා උනත් උඹ තිරිසන් සතෙකි කැලේ... කඩුවක් රැගෙන කොඩියක් මැද මොකද බොලේ... ගුවනේ ලෙලෙන අසිපතකින් කිමද පලේ.... බැහැපන් බිමට සිදපන් ගෙල දෝහි රැලේ... උ.ගැ.,0.8799
"@USER ,  @USER  @USER තෝ මැරිය මොලේ නැති හැකර හැල ගෙම්බා",", තෝ මැරිය මොලේ නැති හැකර හැල ගෙම්බා",0.8799
උටත් බඩු..... පලයන් වෑද්දා.... #Jadeja #AusvInd #WC15,උටත් බඩු..... පලයන් වෑද්දා.... ජඩේජා ඖස්වින්ඩ් #WC15,0.8799
ඇල්ල ටවුමෙ හිටපු ලංකන් බල්ලොන්ගෙත් හෙන ලොකු සීන්..  ළඟින් වාහනයක් නතර කලොත් ඩ්‍රයිවර්ව මරන්කන්න වගේ බුරනවා. හුරතල් කරන්න කතාකලොත් වලිගෙ වනන්නෙවත් නෑ.   බලු සුරතල් නැතිව සුද්දියෙක් හුරතල් කලානන් කොල්ල මෙලහකට වෙන රටක සිටිසන්,ඇල්ල ටවුමෙ හිටපු ලංකන් බල්ලොන්ගෙත් හෙන ලොකු සීන්.. ළඟින් වාහනයක් නතර කලොත් ඩ්‍රයිවර්ව මරන්කන්න වගේ බුරනවා. හුරතල් කරන්න කතාකලොත් වලිගෙ වනන්නෙවත් නෑ. බලු සුරතල් නැතිව සුද්දියෙක් හුරතල් කලානන් කොල්ල මෙලහකට වෙන රටක සිටිසන්,0.8799
කැරි පොන්න හුත්තෝ උඹලා.. එනවා එනවා කියලා අන්තිම මොහොතේ එක හුත්තෙක් නෑ. එක්කෝ එන්න බැරි නම් කලින් කියන්න ඕනේ. ඒනම්... URL,කැරි පොන්න හුත්තෝ උඹලා.. එනවා එනවා කියලා අන්තිම මොහොතේ එක හුත්තෙක් නෑ. එක්කෝ එන්න බැරි නම් කලින් කියන්න ඕනේ. ඒනම්... උර්ල්,0.8799
@USER නෙද්දකින් තෝ 98 පරයෙක්ද,නෙද්දකින් තෝ 98 පරයෙක්ද,0.8799
ජයග්‍රහණයේදි ජාතක පියවරු බොහෝ සිටියත් පරාජයේදි අවජාතක වීම කල නොහැකිය,ජයග්‍රහණයේදි ජාතක පියවරු බොහෝ සිටියත් පරාජයේදි අවජාතක වීම කල නොහැකිය,0.8799
TNA ඇමතියා මේ පැත්තට ආවා විතරයි අන්න යකෝ නාමල් දෙමලෙන් සට සට ගාලා tweet කරනවා හම්මට නා ගනීද දන්නෙ නෑ අප්පච්චි වගේ වේන්ඩුම් වේන්ඩාම් කිව්වා වගේ පොඩ්ඩ පොඩ්ඩ ඩාං වෙනවා ඩුං වෙනවා හැමිනෙනවා අයියෝ Lol,තන ඇමතියා මේ පැත්තට ආවා විතරයි අන්න යකෝ නාමල් දෙමලෙන් සට සට ගාලා tweet කරනවා හම්මට නා ගනීද දන්නෙ නෑ අප්පච්චි වගේ වේන්ඩුම් වේන්ඩාම් කිව්වා වගේ පොඩ්ඩ පොඩ්ඩ ඩාං වෙනවා ඩුං වෙනවා හැමිනෙනවා අයියෝ ලොල්,0.8799
අනේ තෝ කොටුවක් පැනපු වෙලාවක වන් ශොට් බඩ වෙයන් නිවුන්නුම සෙට් වෙයන්...අරුගේ වෙන ගෑනියෙක්ගේ ලමයෙකුත් කරගහගන්න වෙයන් අනේ වෙයන්,අනේ තෝ කොටුවක් පැනපු වෙලාවක වන් ශොට් බඩ වෙයන් නිවුන්නුම සෙට් වෙයන්...අරුගේ වෙන ගෑනියෙක්ගේ ලමයෙකුත් කරගහගන්න වෙයන් අනේ වෙයන්,0.8799
බලමු තෝ අහුවෙයිනේ පකයා....පයිය කපල කටේ ගහන්න‌ෙ හරිද Dulaj Mendis @USER  · 25 Dec 2020  @USER වරෙන්කො ඉතින් උඹ කෙරුමද කියලා බලන්න.,බලමු තෝ අහුවෙයිනේ පකයා....පයිය කපල කටේ ගහන්න‌ෙ හරිද දුලාජ් මෙන්ඩිස් · 25 දෙක් 2020 වරෙන්කො ඉතින් උඹ කෙරුමද කියලා බලන්න.,0.8799
@USER මම කිව්වේ කඩේ බඩු බොල,මම කිව්වේ කඩේ බඩු බොල,0.8794
@USER  @USER ඒක හුගක් අයට තියන ප්‍රශ්නයක් නෙ  ඒකි අරූට දෙනවා ඇයි මට දෙන්නේ නැත්තේ .. මාත් පොඩ්ඩක් බලන්න ඕනි ට්‍ර්‍ය් කරල්ලා  ට්‍රයි කලාම ඒකි දෙන්නේ නෑ  ඒකෙ තරහට කියවනවා අරකි බඩුව ... චී අපි වගෙ උන්ගෙ ඇගෙත් එල්ලෙන්න එනවා කියලා   ඒකෙන් වෙන්නෙ අන්තිමට මොකෙකුටවත් නැති වෙන එක,ඒක හුගක් අයට තියන ප්‍රශ්නයක් නෙ ඒකි අරූට දෙනවා ඇයි මට දෙන්නේ නැත්තේ .. මාත් පොඩ්ඩක් බලන්න ඕනි ට්‍ර්‍ය් කරල්ලා ට්‍රයි කලාම ඒකි දෙන්නේ නෑ ඒකෙ තරහට කියවනවා අරකි බඩුව ... චී අපි වගෙ උන්ගෙ ඇගෙත් එල්ලෙන්න එනවා කියලා ඒකෙන් වෙන්නෙ අන්තිමට මොකෙකුටවත් නැති වෙන එක,0.8794
අඩේ බලු ගෑනියේ󾆜󾆜  තොගෙ ඔය හැකර කට󾌨󾌨  මම අද..... හිටපං  තෝ හිතං ඉන්නෙ මම හැම දාම ඉවසයි කියලද...󾌨󾌨󾌨 󾬥󾬥... URL,අඩේ බලු ගෑනියේ󾆜󾆜 තොගෙ ඔය හැකර කට󾌨󾌨 මම අද..... හිටපං තෝ හිතං ඉන්නෙ මම හැම දාම ඉවසයි කියලද...󾌨󾌨󾌨 󾬥󾬥... උර්ල්,0.8794
ගහනවා තොට වම් පයින් මුං කැවුම් වෙන්න  #SriLankanThreats,ගහනවා තොට වම් පයින් මුං කැවුම් වෙන්න ස්රිලංකංථ්රෙඅත්ස,0.8794
ලොකයා නොදන්නවා උනාට අපි හෙන බේබද්දෝ බම්..   . ගැම්මට #RT කරපල්ලා හොරෙන් බොන උන්.. . #බෙබ්ද්දොsl,ලොකයා නොදන්නවා උනාට අපි හෙන බේබද්දෝ බම්.. . ගැම්මට රට් කරපල්ලා හොරෙන් බොන උන්.. . #බෙබ්ද්දොsl,0.8794
@USER බඩුවට බඩුව නොකියා මල් පහන් තියල වඳින්නැයි,බඩුවට බඩුව නොකියා මල් පහන් තියල වඳින්නැයි,0.8794
"@USER ,  @USER  @USER පල යන්ඩ උලලේනා... තෝ තමා ගිනි තියන්නෙ හැමතැනම.. රෙද්ද.",", පල යන්ඩ උලලේනා... තෝ තමා ගිනි තියන්නෙ හැමතැනම.. රෙද්ද.",0.8794
@USER තො ජාතක උනෙ තම්බියෙකුටද නාකියො.අපට පව් පුරවන්නෙ නැතුව.තම්බි දෙන කටු සූප්පු කැගෙන පාඩුවෙ වැඩක් බලාගෙන ඉදපං. තො එන්න නම් එපා ලංකාවට කොල්ලොන්ට කියලා දාවනවා තොට වැට මාර ලි පෝලිමක් ගෙරියා,තො ජාතක උනෙ තම්බියෙකුටද නාකියො.අපට පව් පුරවන්නෙ නැතුව.තම්බි දෙන කටු සූප්පු කැගෙන පාඩුවෙ වැඩක් බලාගෙන ඉදපං. තො එන්න නම් එපා ලංකාවට කොල්ලොන්ට කියලා දාවනවා තොට වැට මාර ලි පෝලිමක් ගෙරියා,0.8794
"බල්ලෙක්ව හදන්න අරන් ""කාපිය"" කියලා නම දාන්න ඕන කෝමද එතකොට කවදහරි කාටහරි බල්ලා කන්න යනකොට ""කාපිය කාපිය"" කියලා බල්ලට කතාකරද්දි තියෙන මෙවුවා එක","බල්ලෙක්ව හදන්න අරන් ""කාපිය"" කියලා නම දාන්න ඕන කෝමද එතකොට කවදහරි කාටහරි බල්ලා කන්න යනකොට ""කාපිය කාපිය"" කියලා බල්ලට කතාකරද්දි තියෙන මෙවුවා එක",0.879
"@USER හුත්තෝ  පකටද කියව කියව ඉන්නේ, ඇය් උන්ව ඇතුලට දාන්න බැරි? උන් සර්ටත්  උඩින්ද ඉන්නේ? නැත්නම බයද? පොන්න කමටද?","හුත්තෝ පකටද කියව කියව ඉන්නේ, ඇය් උන්ව ඇතුලට දාන්න බැරි? උන් සර්ටත් උඩින්ද ඉන්නේ? නැත්නම බයද? පොන්න කමටද?",0.8789
සිරිසේන/රනිල්ට චන්දය දුන් මෝඩ අමනයනී අඩන්න කදුළු ඉතිරිකර ගනිව්  ප/ලි මේ පවාදෙන්නේ උඹලාගේද දරැවන්ගේ රට ජාතියයි,සිරිසේන/රනිල්ට චන්දය දුන් මෝඩ අමනයනී අඩන්න කදුළු ඉතිරිකර ගනිව් ප/ලි මේ පවාදෙන්නේ උඹලාගේද දරැවන්ගේ රට ජාතියයි,0.8789
යක්ඛ පුතාට හුජ්ජ ගියා වගේ හා.සේ නුවර හාමු @USER  · 27 May 2021 යකෙක් ගහපු  එකක් ඇඳන් ආවටත් පාඩුයි  ඔන්න යඛ්ඛ පුතුන්ගෙ තරමෙ,යක්ඛ පුතාට හුජ්ජ ගියා වගේ හා.සේ නුවර හාමු · 27 May 2021 යකෙක් ගහපු එකක් ඇඳන් ආවටත් පාඩුයි ඔන්න යඛ්ඛ පුතුන්ගෙ තරමෙ,0.8789
"දුමින්ද,විශ්වා පත්විම හිටි නැතම කෙලවේ-අවජාතක මෛත්‍රීගේ කුමන්ත්‍රණය මෙන්න URL","දුමින්ද,විශ්වා පත්විම හිටි නැතම කෙලවේ-අවජාතක මෛත්‍රීගේ කුමන්ත්‍රණය මෙන්න උර්ල්",0.8789
"තිසරු ගුරුගේ නම් අවජාතක, අවලම් පර බල්ලා.........  #FacebooWeerayo #KeyboardKings #lka","තිසරු ගුරුගේ නම් අවජාතක, අවලම් පර බල්ලා......... ඵචෙබූවීරයෝ කෙය්බොඅර්ද්කිඞ්ස ලක",0.8789
@USER සැහ් කැත නැතුව RT ත් කරලා අම්න දැප්කද ළමයි අපිට ඒ කතාවෙන් ගම්න තියන ආදරුසේ,සැහ් කැත නැතුව රට් ත් කරලා අම්න දැප්කද ළමයි අපිට ඒ කතාවෙන් ගම්න තියන ආදරුසේ,0.8789
"@USER  @USER Talk about it Suvi. කොල්ලන්ට උන්ගෙ wallet එක fat කරගන්න උදව් කරල, උන්ගෙ සුබසිද්ධියටම කැප වෙලා උන්ව තැනකට ගෙනවට පස්සෙ උන් මුල අමතක කරනව. රවට්ටල, ජීවිතේ හොඳම කාලෙ විනාශ කරල මග අතෑරල යනව මැරිල පලයන් කියල.  කොල්ලන්ට විතරක් දොස් කියනව නෙවී එහෙම කරන කෙල්ලොත් ඇති. හැබැයි අත්දැකීම කිව්වෙ","Talk about ඉට සුවි කොල්ලන්ට උන්ගෙ wallet එක fat කරගන්න උදව් කරල, උන්ගෙ සුබසිද්ධියටම කැප වෙලා උන්ව තැනකට ගෙනවට පස්සෙ උන් මුල අමතක කරනව. රවට්ටල, ජීවිතේ හොඳම කාලෙ විනාශ කරල මග අතෑරල යනව මැරිල පලයන් කියල. කොල්ලන්ට විතරක් දොස් කියනව නෙවී එහෙම කරන කෙල්ලොත් ඇති. හැබැයි අත්දැකීම කිව්වෙ",0.8789
@USER දෙන හැම එකම කටට ඔබාගන්න එපා නංගි විසභීජ,දෙන හැම එකම කටට ඔබාගන්න එපා නංගි විසභීජ,0.8784
"+ SM වලියක් ගියාද? - ඔව් + පුප බිම ඇනීගෙන වගේ ආවද? - ඔව් + එතකොට පැනපු ගමන් අනිත් එකාගේ අම්මට, ගෑනිට දරුවාට කුණු කතා කිව්වද? - ඔව් + ඒකට තමයි යකෝ පොන්නකම කියන්නේ","+ සම් වලියක් ගියාද? - ඔව් + පුප බිම ඇනීගෙන වගේ ආවද? - ඔව් + එතකොට පැනපු ගමන් අනිත් එකාගේ අම්මට, ගෑනිට දරුවාට කුණු කතා කිව්වද? - ඔව් + ඒකට තමයි යකෝ පොන්නකම කියන්නේ",0.8784
@USER ඒකි පොල්ල තියලා ගිහින්,ඒකි පොල්ල තියලා ගිහින්,0.8784
"නාමල් බේබිව පොලෝසියේ මාමල තෙරපලා...යකෝ බුරුවො, තෝ මැරිලා ඉපදුනාට රටේ අහිංසක මිනිස්සු මැරිලා ඉපදුනේ නෑ... URL","නාමල් බේබිව පොලෝසියේ මාමල තෙරපලා...යකෝ බුරුවො, තෝ මැරිලා ඉපදුනාට රටේ අහිංසක මිනිස්සු මැරිලා ඉපදුනේ නෑ... උර්ල්",0.8784
@USER දැන් ඇමරිකාව කියන්න විදිහකට තමයි උබල නටන්න ඕනේ. උබලාගේ කැමත්තට නටන්න බෑ මෙහේ..,දැන් ඇමරිකාව කියන්න විදිහකට තමයි උබල නටන්න ඕනේ. උබලාගේ කැමත්තට නටන්න බෑ මෙහේ..,0.8784
"අම්මට හුකන පොල්ටික් සිසිටම් හුක්තෝ ලංකාවෙ තියෙන්නේ, රටක් වටින ක්‍රීඩකයන්ව දේශපාලන දඩමීමක් කරගන්නවා, එ්කට හීන් සැරේ පොන්න රැලක් සාධාරණීය කරනවා, පොන්න වේසිගෙ පුත්තු","අම්මට හුකන පොල්ටික් සිසිටම් හුක්තෝ ලංකාවෙ තියෙන්නේ, රටක් වටින ක්‍රීඩකයන්ව දේශපාලන දඩමීමක් කරගන්නවා, එ්කට හීන් සැරේ පොන්න රැලක් සාධාරණීය කරනවා, පොන්න වේසිගෙ පුත්තු",0.8784
@USER  @USER වඩේ කඩෙත් වහලා රෙද්ද,වඩේ කඩෙත් වහලා රෙද්ද,0.8784
"අපේ අම්ම බනින්න පටන්ගත්තාම eminem, logic ල කැලෙ  Voice recorde කරල beat එකක් දාල ගත්තනන්.",අපේ අම්ම බනින්න පටන්ගත්තාම එමිනෙම් logic ල කැලෙ Voice රෙචොර්දේ කරල beat එකක් දාල ගත්තනන්.,0.8784
ගෙදර අම්ම උයනකොට ලඟට වෙල පොඩි එකෙක් වගෙ හුරතල් වෙයි තාත්ත එක්ක හවසට අවිදින්න යයි කොල්ලො එක්ක මහ රෑ වෙනකන් රවුම් ගහයි #IfThereWasNoInternetSL,ගෙදර අම්ම උයනකොට ලඟට වෙල පොඩි එකෙක් වගෙ හුරතල් වෙයි තාත්ත එක්ක හවසට අවිදින්න යයි කොල්ලො එක්ක මහ රෑ වෙනකන් රවුම් ගහයි ඉෆ්ථෙරෙවස්නොඉන්තෙර්නෙත්ස්ල,0.8784
@USER උබ බඩුව නිසා බං,උබ බඩුව නිසා බං,0.8784
ඉන්න ඕනෙ අය නතර වෙයි යන අය යයි උඹ උඹේ ගමන පලයං  #තුංමංහංදිය,ඉන්න ඕනෙ අය නතර වෙයි යන අය යයි උඹ උඹේ ගමන පලයං #තුංමංහංදිය,0.8784
@USER  @USER උඹ නින්දෙන්ද පහළට යන්නේ. පරිස්සමින් පලයන්. හැමතැනම ලිස්සනවා.,උඹ නින්දෙන්ද පහළට යන්නේ. පරිස්සමින් පලයන්. හැමතැනම ලිස්සනවා.,0.8784
"""කක්කා දාලා පුක හේදුවා අවුරුදු පහකට පස්සේ""  ලයික්ස් : 53728263839..","""කක්කා දාලා පුක හේදුවා අවුරුදු පහකට පස්සේ"" ලයික්ස් : 53728263839..",0.8779
"යකෝ මේ වෙලාවෙ මුස්ලිම් කඩ වලට ගහල පල්ලි වලට ගහල උඹල හිතනව නං උඹල නියම සිංහලයො කියල, උඹලට වැරදිල.උඹල නපුංසකයො බං.යමල්ල ඔක්කොම එකතු වෙලා මේ දේවල් ගැන කට පුක වහං ඉන්න ජනාධිපති, අගමැති මේ සක්කිලි පාර්ලිමේන්තුව වටලන්න.අපිත් එනවා.","යකෝ මේ වෙලාවෙ මුස්ලිම් කඩ වලට ගහල පල්ලි වලට ගහල උඹල හිතනව නං උඹල නියම සිංහලයො කියල, උඹලට වැරදිල.උඹල නපුංසකයො බං.යමල්ල ඔක්කොම එකතු වෙලා මේ දේවල් ගැන කට පුක වහං ඉන්න ජනාධිපති, අගමැති මේ සක්කිලි පාර්ලිමේන්තුව වටලන්න.අපිත් එනවා.",0.8779
"@USER තෝ ක්‍රස් එකක් නිසානෙ නහින්නෙ ,හිටාන්කො ඒ කාලෙ අපි නැහුන නැහිල්ල කොහෙවත් ඉන්න බඩු නලවන්න   දැන් උන් හොයපු ලයිෆ් ලැබිලා ඉන්නෙ ලෙසටම","තෝ ක්‍රස් එකක් නිසානෙ නහින්නෙ ,හිටාන්කො ඒ කාලෙ අපි නැහුන නැහිල්ල කොහෙවත් ඉන්න බඩු නලවන්න දැන් උන් හොයපු ලයිෆ් ලැබිලා ඉන්නෙ ලෙසටම",0.8779
මේ මල්ලි කටට දෙනවා..ගිහින් ගන්න ලමායි  rozairownz @USER  · 10 Feb 2021 එන්න පෝලිමට .. කට කට දෙනවා හැමෝටම,මේ මල්ලි කටට දෙනවා..ගිහින් ගන්න ලමායි රොළෛරොව්න්ළ · 10 ෆෙබ් 2021 එන්න පෝලිමට .. කට කට දෙනවා හැමෝටම,0.8779
අනේ නයිටීඑන් එකේ වට්ටෝරුකිම්බ තමයි. මහින්දගෙ කාලෙ උංට පුක දුන්නා. දැන් මුංට පුක දෙනවා. පුක දීමෙත් සීමාවක් තියෙන්න එපැයි. ඈ මං හාන්නේ.   ඔය මිනිස්සු ඔච්චර ආතල් එකේ එන්නේ බොන්න තමයි. ඇයි මීට කලිං එකෙකෞත්තලා... URL,අනේ නයිටීඑන් එකේ වට්ටෝරුකිම්බ තමයි. මහින්දගෙ කාලෙ උංට පුක දුන්නා. දැන් මුංට පුක දෙනවා. පුක දීමෙත් සීමාවක් තියෙන්න එපැයි. ඈ මං හාන්නේ. ඔය මිනිස්සු ඔච්චර ආතල් එකේ එන්නේ බොන්න තමයි. ඇයි මීට කලිං එකෙකෞත්තලා... උර්ල්,0.8779
"@USER හොද දෙයක් වෙනකොට ඇස් වල කටු ඇනගන්න උනුයි, පුපේ අමාරු කාරයොයි, අයිතිකාරයොයි ගොඩයි මෙයා.","හොද දෙයක් වෙනකොට ඇස් වල කටු ඇනගන්න උනුයි, පුපේ අමාරු කාරයොයි, අයිතිකාරයොයි ගොඩයි මෙයා.",0.8779
""" අලි ඇත්තු කෙසේ වෙතත් පහුගිය ටිකේ සත්ව හිංසනයට එරෙහිව ගෝතයෝ දෙන්න තුන්දෙනෙක් පඩ අරිනවා පුක මූට්ටු කරගෙන ඉන්නවා දැක්කා  WAZI @USER  · 23 Aug 2021 හරියටම කියන්න, කුලප්පු වෙලා තියෙන්නෙ අලිද ඇත්තුද? දන්නෙ නැති නිසා ඇහුවෙ, හිනාවෙන්නෙපා",""" අලි ඇත්තු කෙසේ වෙතත් පහුගිය ටිකේ සත්ව හිංසනයට එරෙහිව ගෝතයෝ දෙන්න තුන්දෙනෙක් පඩ අරිනවා පුක මූට්ටු කරගෙන ඉන්නවා දැක්කා වළි · 23 ඖග් 2021 හරියටම කියන්න, කුලප්පු වෙලා තියෙන්නෙ අලිද ඇත්තුද? දන්නෙ නැති නිසා ඇහුවෙ, හිනාවෙන්නෙපා",0.8779
"ඌ - අඩෝ මම උඹට කිවුවනෙ,නාමල් ලඟ බඩු (ලැම්බො) තිබ්බ කියල,උඹ ඇහුවෙ නෑනෙ  මම - උඹ කොහොමද හරියටම එහෙම කියන්නෙ ?  ඌ -... URL","ඌ - අඩෝ මම උඹට කිවුවනෙ,නාමල් ලඟ බඩු (ලැම්බො) තිබ්බ කියල,උඹ ඇහුවෙ නෑනෙ මම - උඹ කොහොමද හරියටම එහෙම කියන්නෙ ? ඌ -... උර්ල්",0.8779
Vaccine ගන්න ගිහිල්ලා පෝලිමේ ඉද්දි ඉස්සරහ හිටපු කෙල්ලගෙ පස්ස දිහා බලද්දී ඒකිගෙ අම්මට මාට්ටු වුනා කියහංකෝ. විලි ලැජ්ජා හතයි,Vaccine ගන්න ගිහිල්ලා පෝලිමේ ඉද්දි ඉස්සරහ හිටපු කෙල්ලගෙ පස්ස දිහා බලද්දී ඒකිගෙ අම්මට මාට්ටු වුනා කියහංකෝ. විලි ලැජ්ජා හතයි,0.8779
@USER පට්ට බැල්ලි ගහනව තොට වැලි.  එහෙම බැරි උනොත් සීනි දාල වෙඩි තියනව කූඹි කාල මැරෙන්⁣ඩ,පට්ට බැල්ලි ගහනව තොට වැලි. එහෙම බැරි උනොත් සීනි දාල වෙඩි තියනව කූඹි කාල මැරෙන්⁣ඩ,0.8779
@USER @USER  පිස්සු කොර වගේ මටනම්.අර කාබනික එකේ පියවර හතේ කෙස් එක තඹ අරික්කාලක්වත් සුවර් නෑ  @USER,පිස්සු කොර වගේ මටනම්.අර කාබනික එකේ පියවර හතේ කෙස් එක තඹ අරික්කාලක්වත් සුවර් නෑ,0.8779
@USER @USER අප්පෝ..... මම සත්තු මරන්නේ නෑ බං. ඕනෙනං එළවලා දාන්නම්. එක්කෝ උඹම පලයන්......  @USER,අප්පෝ..... මම සත්තු මරන්නේ නෑ බං. ඕනෙනං එළවලා දාන්නම්. එක්කෝ උඹම පලයන්......,0.8779
Searching කටට සැරට කන්න දෙයක්,Searching කටට සැරට කන්න දෙයක්,0.8779
@USER Afte effects ඉතින් එයාගේ ඇගේ අමාරු මිසක් වෙන මුකුත් නෑ,ඇෆ්ටේ effects ඉතින් එයාගේ ඇගේ අමාරු මිසක් වෙන මුකුත් නෑ,0.8779
@USER  @USER බඩ දියටම පලයන්,බඩ දියටම පලයන්,0.8774
@USER නෑ ඉරිසියා නෑ ඔන්නොකිව හම්බෙලා කනට එකක් ගහන්න තිබානම් ඇති වේසි.,නෑ ඉරිසියා නෑ ඔන්නොකිව හම්බෙලා කනට එකක් ගහන්න තිබානම් ඇති වේසි.,0.8774
"""දැන් ඔය විවෘත කරපු එක හෝටලයක් කිව්වට හෝටලයක්ද? හෝටලයක්නං කෝ කාමර? අපි ටීච කිව්වොත් ගෑනු කෙනෙක්. කෑම කිව්වොත් බත්. බත් කමු කිව්වොත් කෑම කමු. ගෑනි කිව්වොත් වේසි. පවුල කිව්වොත් ගෑනි. ප්‍රජාතන්ත්‍රවාදෙ කියන්නේ ඡන්දෙ. ඔව්වා වැරදියි කියන්ඩ බෑනේ. මේක වෙනම ලෝකයක්.""","""දැන් ඔය විවෘත කරපු එක හෝටලයක් කිව්වට හෝටලයක්ද? හෝටලයක්නං කෝ කාමර? අපි ටීච කිව්වොත් ගෑනු කෙනෙක්. කෑම කිව්වොත් බත්. බත් කමු කිව්වොත් කෑම කමු. ගෑනි කිව්වොත් වේසි. පවුල කිව්වොත් ගෑනි. ප්‍රජාතන්ත්‍රවාදෙ කියන්නේ ඡන්දෙ. ඔව්වා වැරදියි කියන්ඩ බෑනේ. මේක වෙනම ලෝකයක්.""",0.8774
දම්සාරී...පවන්...කෙලලා...වෙන එකියක්ට උඹ නැති හින්ද :p URL,දම්සාරී...පවන්...කෙලලා...වෙන එකියක්ට උඹ නැති හින්ද ප් උර්ල්,0.8774
@USER @USER  කොළඹට පුක දෙන උඩරට ලොලුකම  ට්වුවිටර් එක version eka :D,කොළඹට පුක දෙන උඩරට ලොලුකම ට්වුවිටර් එක version එක ද,0.8774
@USER පුක නොදි  හිටපං පරයො තොපි අප්පල අතෙ ගහල සරමෙ පිහදාගන්න තිබ්බ උන් අවජාතක සක්කිලි ngo පකයි රටට වින කටින්න තොපි සෙරම එකතු වෙලා ඉන්නෙ කොරොනා හැදෙන්නෙ තොපිට මොකද වින කටිනවට රට ජාතිය ආගමට,පුක නොදි හිටපං පරයො තොපි අප්පල අතෙ ගහල සරමෙ පිහදාගන්න තිබ්බ උන් අවජාතක සක්කිලි නගෝ පකයි රටට වින කටින්න තොපි සෙරම එකතු වෙලා ඉන්නෙ කොරොනා හැදෙන්නෙ තොපිට මොකද වින කටිනවට රට ජාතිය ආගමට,0.8774
Mia Khalifa ව අකතාරින්න කාලෙ හරි හරියන්නෑ මේ ගෑණි පිට යනව වැඩී,මිඅ Khalifa ව අකතාරින්න කාලෙ හරි හරියන්නෑ මේ ගෑණි පිට යනව වැඩී,0.8774
අනේ බොල ලොන්ත පසික්කාඩු වඳ සිප්පියො. තෝ ෆේක් හදාගෙන ඇමිනෙන්න ආවට තොපිට ඇටෙන්ශන් දෙන්නෑ තවත්. තෝ බලාපිය ගිහින් තොගෙ ජාතකේ කොහෙද කියලා සිංහල ටිකවත් හරියට කතාකරගන්න බැරි ගොත සක්කිලි එනවා අනුන්ගෙ හක්කවල ඇද හොයන්ඩ. පඳුරු අස්සෙ ජාතක උනු උන්ට තමා ජාතියක් ජන්මයක් නැතුව ෆේක් වල හැංගෙන්නෙ රාක්ෂයා @USER  · 25 Dec 2020 වැඩක් කරන්න ඉස්සේල්ලා ත‌ෝ ප‌ොඩ්ඩක් ත්රීප‌ෝෂ පැකට් දෙකතුනක් අරගනෙ කාපන්....උඹ කිරෙන් බාලවෙලා තොගේ අම්මා හරියට කිරිදීලා නෑ.....ඒ්කයි.....ඇගේ හැටි විතරක් මූසල ගෙවල පෙරේතයා twitter.com/DulajOnline/st…,අනේ බොල ලොන්ත පසික්කාඩු වඳ සිප්පියො. තෝ ෆේක් හදාගෙන ඇමිනෙන්න ආවට තොපිට ඇටෙන්ශන් දෙන්නෑ තවත්. තෝ බලාපිය ගිහින් තොගෙ ජාතකේ කොහෙද කියලා සිංහල ටිකවත් හරියට කතාකරගන්න බැරි ගොත සක්කිලි එනවා අනුන්ගෙ හක්කවල ඇද හොයන්ඩ. පඳුරු අස්සෙ ජාතක උනු උන්ට තමා ජාතියක් ජන්මයක් නැතුව ෆේක් වල හැංගෙන්නෙ රාක්ෂයා · 25 දෙක් 2020 වැඩක් කරන්න ඉස්සේල්ලා ත‌ෝ ප‌ොඩ්ඩක් ත්රීප‌ෝෂ පැකට් දෙකතුනක් අරගනෙ කාපන්....උඹ කිරෙන් බාලවෙලා තොගේ අම්මා හරියට කිරිදීලා නෑ.....ඒ්කයි.....ඇගේ හැටි විතරක් මූසල ගෙවල පෙරේතයා ට්විට්ටේර්චොම්දුලජෝන්ලිනෙස්ට්,0.877
ගොන් බඩු පෝම් කිරීම කලාවක් නම් එහි පිකාසෝලා මෙහි වැහි වැහැලා ඇත..  ප.ලි.  අදාල උන්ටම වැදියාන්,ගොන් බඩු පෝම් කිරීම කලාවක් නම් එහි පිකාසෝලා මෙහි වැහි වැහැලා ඇත.. ප.ලි. අදාල උන්ටම වැදියාන්,0.877
@USER  @USER නන්ගි පුක සේදුවද දාලා,නන්ගි පුක සේදුවද දාලා,0.877
Remixes these days   ඒක් ලඩ්කී කෝ දේකා තෝ ඒසා ලගා   පූජා කරන්නම් මලක් ඔයා නමින් ඉන්නවාටත් වඩා ඉන්න සතුටින් හොන්දින්,රෙමිෂෙස් these days ඒක් ලඩ්කී කෝ දේකා තෝ ඒසා ලගා පූජා කරන්නම් මලක් ඔයා නමින් ඉන්නවාටත් වඩා ඉන්න සතුටින් හොන්දින්,0.877
@USER අනුන්ගේ agreement ගැන කියවන්න කලින් උබ හොර passport හදන ඵක නවත්තපන් විමලේ.,අනුන්ගේ agreement ගැන කියවන්න කලින් උබ හොර passport හදන ඵක නවත්තපන් විමලේ.,0.877
@USER පවු මුගේ අම්මලට තාත්තලට බනින එක..මු නම් ජාතක වෙලා තියෙන්නේ ප්‍රන්ශේ විදියක පුක දීපු සුද්දෙකුට ජාතක වෙලා..නොදකින් කාලකන්නි පකයා,පවු මුගේ අම්මලට තාත්තලට බනින එක..මු නම් ජාතක වෙලා තියෙන්නේ ප්‍රන්ශේ විදියක පුක දීපු සුද්දෙකුට ජාතක වෙලා..නොදකින් කාලකන්නි පකයා,0.877
මචන් අලුතින් පට්ට වැලක් දැම්ම.   පුක කරට යන්න අයිය හුකන හිකිල්ල….  මේ ලින්ක් එකෙන් ගිහින් බලන්න : URL,මචන් අලුතින් පට්ට වැලක් දැම්ම. පුක කරට යන්න අයිය හුකන හිකිල්ල…. මේ ලින්ක් එකෙන් ගිහින් බලන්න : උර්ල්,0.877
නංගි කිව්ව කොණ්ඩෙ ටිකක් කපන්න කියල. මට ලෝස් නෑ නෙ. ඉතිං අල්ලල කැපුව. අඟලක් විතර කපල කියල අන්න අරහෙ විස්සෝප වෙී අඬනව මිනිහ මැරිච්ච ගෑනි වගේ.  දැං අම්ම ආවම මට තමා අහගන්න වෙන්නෙ,නංගි කිව්ව කොණ්ඩෙ ටිකක් කපන්න කියල. මට ලෝස් නෑ නෙ. ඉතිං අල්ලල කැපුව. අඟලක් විතර කපල කියල අන්න අරහෙ විස්සෝප වෙී අඬනව මිනිහ මැරිච්ච ගෑනි වගේ. දැං අම්ම ආවම මට තමා අහගන්න වෙන්නෙ,0.877
උගත් දරුවන් අතරේ අවජාතක බල්ලෝ කීප දෙනෙකුත් ඉන්නවා.... URL,උගත් දරුවන් අතරේ අවජාතක බල්ලෝ කීප දෙනෙකුත් ඉන්නවා.... උර්ල්,0.877
@USER පව් කාලකණ්ණි හැතිකරේ. ඔය වගේ ලමයි තමයි වැදුවට පස්සේ කානු අස්සේ දාල යන්න වටින්නේ,පව් කාලකණ්ණි හැතිකරේ. ඔය වගේ ලමයි තමයි වැදුවට පස්සේ කානු අස්සේ දාල යන්න වටින්නේ,0.877
@USER  @USER හුකාවි පෝනෙකෙත් සෙල්ෆි කම් ටිකක් ඔපො වගෙ .. කලු පුක පොඩ්ඩක් සෙල්ෆියක් ගහලදාන්නකො කොච්චර සුදුවෙලද කියල බලන්න..,හුකාවි පෝනෙකෙත් සෙල්ෆි කම් ටිකක් ඔපො වගෙ .. කලු පුක පොඩ්ඩක් සෙල්ෆියක් ගහලදාන්නකො කොච්චර සුදුවෙලද කියල බලන්න..,0.877
@USER @USER  පස්ස වැඩියි උගේ.. ගහනවා නෙමෙයි ගානවා බම්.. ඔව් ඔව්..වැලි කඩදාසි වලින් .තමා..   @USER,පස්ස වැඩියි උගේ.. ගහනවා නෙමෙයි ගානවා බම්.. ඔව් ඔව්..වැලි කඩදාසි වලින් .තමා..,0.877
ජීවතයට හුගක් ලං වුන උන්ට ඕනවට වඩා පුක දෙන්න ගියාම වුන්ට එක අගයක් නෑ  ඒ නිසා අත ඇරලා දාපන් පුකකට ගණන් නොගෙන එකයි වෙන්න ඕන,ජීවතයට හුගක් ලං වුන උන්ට ඕනවට වඩා පුක දෙන්න ගියාම වුන්ට එක අගයක් නෑ ඒ නිසා අත ඇරලා දාපන් පුකකට ගණන් නොගෙන එකයි වෙන්න ඕන,0.877
@USER අද අමාරු උනොත් නම් අම්බානට කනවා ..,අද අමාරු උනොත් නම් අම්බානට කනවා ..,0.877
"ඉස්සර සිල් ගන්න ගියාම ""නමෝතස්ස රෑට කැස්ස, ආප්ප කන්න ඕන සල්ලි හුක හුත්ති"" වගේ ටෝක් දැම්ම උන්ගේ තමා කෙල්ලෙක් එරමිණිය ගොතන් වාඩි වෙලා විතර්ක මුද්‍රාව පෙන්නන් ඉද්දි වැඩියෙන්ම පුකේ ඉත්⁣තෑවෝ දුවන්නේ","ඉස්සර සිල් ගන්න ගියාම ""නමෝතස්ස රෑට කැස්ස, ආප්ප කන්න ඕන සල්ලි හුක හුත්ති"" වගේ ටෝක් දැම්ම උන්ගේ තමා කෙල්ලෙක් එරමිණිය ගොතන් වාඩි වෙලා විතර්ක මුද්‍රාව පෙන්නන් ඉද්දි වැඩියෙන්ම පුකේ ඉත්⁣තෑවෝ දුවන්නේ",0.8765
Ping එක 150+ කොහොමද හු*තෝ game එක ගහන්නේ?  @USER,Ping එක 150+ කොහොමද හු*තෝ game එක ගහන්නේ?,0.8765
"@USER ,  @USER  @USER බන්ටකො අක්කෙ  චුට්ටෙගෙ කෑත හිත් මන් වල් ලු",", බන්ටකො අක්කෙ චුට්ටෙගෙ කෑත හිත් මන් වල් ලු",0.8765
ලොරෙන්සෝ ද අල්මේදාගේ Team එක කැත කෑමක් කනවා අද.  අද දිනන්නේ Colombo Kings.  #LPL2020,ලොරෙන්සෝ ද අල්මේදාගේ Team එක කැත කෑමක් කනවා අද. අද දිනන්නේ චොලොම්බෝ කිංග්ස් #LPL2020,0.8765
@USER මේක ෆේස්බුක් එකේ වේස බඩුවක් වගේ දකින දකින එකා ඩූප් ගහලා තිබුණා ඕයි,මේක ෆේස්බුක් එකේ වේස බඩුවක් වගේ දකින දකින එකා ඩූප් ගහලා තිබුණා ඕයි,0.8765
"@USER  @USER    ලබ්බ නිදි නැති එක මොනාහරි කියමුකො,මුංගෙ ආච්චිගෙ ලබ්බ විතරක් වැල්වායෙ දාල ආවෙ ඇයි මූ","ලබ්බ නිදි නැති එක මොනාහරි කියමුකො,මුංගෙ ආච්චිගෙ ලබ්බ විතරක් වැල්වායෙ දාල ආවෙ ඇයි මූ",0.8765
කන්‍යාරාමෙට කොල්ලෙක් කොටු පැනලා. කෙල්ලෝ හතරක් පහුවදා පෝලිං කරලා පවු සෝදවනවා.  වරද-එයාගේ එක දැක්කා. සෝදගන්නවා පවුකාර ඇස් දෙක. 2වරද-එයාගේ එක ඇල්ලුවා. පවුකාර අද්දෙක හෝදගන්නවා.  සිටියදි 4පෙරට පැමිණ කට සෝදාගනී.තමුන් ඇයි පෝලිම පැන්නේ. තුන්වැනිය ඇවිත් පුක හේදුවට පස්සේ මට කට හෝදන්න බෑ.,කන්‍යාරාමෙට කොල්ලෙක් කොටු පැනලා. කෙල්ලෝ හතරක් පහුවදා පෝලිං කරලා පවු සෝදවනවා. වරද-එයාගේ එක දැක්කා. සෝදගන්නවා පවුකාර ඇස් දෙක. 2වරද-එයාගේ එක ඇල්ලුවා. පවුකාර අද්දෙක හෝදගන්නවා. සිටියදි 4පෙරට පැමිණ කට සෝදාගනී.තමුන් ඇයි පෝලිම පැන්නේ. තුන්වැනිය ඇවිත් පුක හේදුවට පස්සේ මට කට හෝදන්න බෑ.,0.8765
@USER  සන්ලයිට්! පුක සෝදන සබන් කැටේ!   #සාජ්ජේ,සන්ලයිට්! පුක සෝදන සබන් කැටේ! #සාජ්ජේ,0.8765
@USER තාම හතලිස් නමයෙ ඩේට කාඩ් එකෙන් ⁣වැල බලල අම්මට හොරෙන් අතේ ගහන හුජ්ජ කොල්ලො,තාම හතලිස් නමයෙ ඩේට කාඩ් එකෙන් ⁣වැල බලල අම්මට හොරෙන් අතේ ගහන හුජ්ජ කොල්ලො,0.8765
@USER හොරාගේ අම්මට කියනවා අම්මෙ මම හොරකම් කරානම් හා හොයලා දෙන්න කියලා! අම්මා හොයලම දෙයි ආ ඉදා කියලා! නඩේසයි හිරුයි හිතාගෙන ඇති රටේ ඉන්න ඔක්කොම මැටි හරක් කියලා! ඔච්චරම පස්ස අමාරුනම්  නඩේ දාපං  PANDORA ට ලොකු වන්දියක් ඉල්ලලා නඩුවක්! දාපං යකෝ නඩුවක්! නිකන් පඩ ෂෝ නොදා ගොං හිරුත් අල්ලගෙන!,හොරාගේ අම්මට කියනවා අම්මෙ මම හොරකම් කරානම් හා හොයලා දෙන්න කියලා! අම්මා හොයලම දෙයි ආ ඉදා කියලා! නඩේසයි හිරුයි හිතාගෙන ඇති රටේ ඉන්න ඔක්කොම මැටි හරක් කියලා! ඔච්චරම පස්ස අමාරුනම් නඩේ දාපං PANDORA ට ලොකු වන්දියක් ඉල්ලලා නඩුවක්! දාපං යකෝ නඩුවක්! නිකන් පඩ ෂෝ නොදා ගොං හිරුත් අල්ලගෙන!,0.8765
"""වලක් හාරලා පයිය ඒකට දාන්න""  ඔව් ඔව් හෙන වලත්තයි වගේ තමයි....  කඩ්ඩෙන් කිවුවනම් ශේප් නෙහ්...එතකොට ලස්සනයි...","""වලක් හාරලා පයිය ඒකට දාන්න"" ඔව් ඔව් හෙන වලත්තයි වගේ තමයි.... කඩ්ඩෙන් කිවුවනම් ශේප් නෙහ්...එතකොට ලස්සනයි...",0.8765
@USER හා. ගහලා හිරේ පලයන් එතකොට උඹේ වදෙත් ඉවරයි...,හා. ගහලා හිරේ පලයන් එතකොට උඹේ වදෙත් ඉවරයි...,0.8765
අඩු කුලේ පර හැත්ත Thisaranie (තිසරණී) @USER  · 6 Nov 2017 තෙල් නෙවෙයි කන්න බොන්න නැති වුණත් ආණ්ඩුවේ රෙදි හෝදන පනික්කි කුලේ පරයෝ තෙල් පෝලිම්වලම ඉන්නවා,අඩු කුලේ පර හැත්ත ථිසරංඉඑ (තිසරණී) · 6 නොව 2017 තෙල් නෙවෙයි කන්න බොන්න නැති වුණත් ආණ්ඩුවේ රෙදි හෝදන පනික්කි කුලේ පරයෝ තෙල් පෝලිම්වලම ඉන්නවා,0.876
@USER යකො උබල usa ගිහින් ලස්සන කියනව.ලන්කාව කැද හැලියක් කරල.නොදකින් තොපි,යකො උබල උස ගිහින් ලස්සන කියනව.ලන්කාව කැද හැලියක් කරල.නොදකින් තොපි,0.876
@USER  @USER ඉතින් ඇවිල්ලා මගේ පය්ය කටට ගනින්කෝ පඳුරු වේසයේ,ඉතින් ඇවිල්ලා මගේ පය්ය කටට ගනින්කෝ පඳුරු වේසයේ,0.876
ජංගි පොඩ්ඩවත් නැතුව හෙලිවැල්ලෙන් සිටි කාලය මට මතකය. අංග ජාතය පොලවට ලම්බකව එල්ලාගෙන.හොරි හැදුනු කුශ්ට ශරීරය දරාගෙන ගෙදර වත්තේ කොහේ හෝ කක්කුස්සි ගිහින් පුක නොහෝදා ඇට්ටැම්බෙන් සිටි කාලය මට මතකය.,ජංගි පොඩ්ඩවත් නැතුව හෙලිවැල්ලෙන් සිටි කාලය මට මතකය. අංග ජාතය පොලවට ලම්බකව එල්ලාගෙන.හොරි හැදුනු කුශ්ට ශරීරය දරාගෙන ගෙදර වත්තේ කොහේ හෝ කක්කුස්සි ගිහින් පුක නොහෝදා ඇට්ටැම්බෙන් සිටි කාලය මට මතකය.,0.876
"@USER අම්ම දැන් ඇවිල්ලා කෑ ගහනවා පෙන්නුවා ඒත් යවන්න බෑ බල්ලෝ අල්ලනවනේ, ඒ නිසා හොද කරලම යවන්න ඕන","අම්ම දැන් ඇවිල්ලා කෑ ගහනවා පෙන්නුවා ඒත් යවන්න බෑ බල්ලෝ අල්ලනවනේ, ඒ නිසා හොද කරලම යවන්න ඕන",0.876
@USER තොට තුන් වේලටම කිරිබත් ලැබියන්! ගුම්මෝනින්!,තොට තුන් වේලටම කිරිබත් ලැබියන්! ගුම්මෝනින්!,0.876
@USER පොන්න බල්ලා තෝ පාරක බැහලා මගේ අතටනම් අහුවෙන්න එපා කොලුකාර වේසිගේ පුතා මගේ රට නැතිකරන පරයා,පොන්න බල්ලා තෝ පාරක බැහලා මගේ අතටනම් අහුවෙන්න එපා කොලුකාර වේසිගේ පුතා මගේ රට නැතිකරන පරයා,0.876
@USER @USER  කන්න පුලුවන් නම් කනව යකෝ!!!!!,කන්න පුලුවන් නම් කනව යකෝ!!!!!,0.876
ඔය හැම හු%*@USER ළමයෙකුට දුන්නම මම මොනවද පාවිච්චි කරම්නේ යකෝ 󾌫󾌱󾍇,ඔය හැම හු%* ළමයෙකුට දුන්නම මම මොනවද පාවිච්චි කරම්නේ යකෝ 󾌫󾌱󾍇,0.876
@USER ඇවිද්දම බඩ අඩුවෙනවද යකෝ දුවපං.,ඇවිද්දම බඩ අඩුවෙනවද යකෝ දුවපං.,0.876
"උන්ට ඕන වෙලාවට විතරක් නම් උන් Call කරන්නේ ,  උඹට ඕන වෙලාවට විතරක් මීටපස්සෙ උඹ answer කරපන්...    #මලවිකාර","උන්ට ඕන වෙලාවට විතරක් නම් උන් Call කරන්නේ , උඹට ඕන වෙලාවට විතරක් මීටපස්සෙ උඹ answer කරපන්... #මලවිකාර",0.876
That Four  ඒක පට්ට පාර ස්මිත් ..   දොදොල් හැදි ගානවා වගේ   #SAvAUS,That Four ඒක පට්ට පාර ස්මිත් .. දොදොල් හැදි ගානවා වගේ සවුස්,0.876
"@USER  @USER , 89 කාලෙ වගේ මේ වගේ රැග් කරන් එව්න්ව හොයාගෙන ගිහින් එකෙක් එකියක් නෑර සේරොන්ගෙම බෙලි කපලා උන්ගෙ අම්මලා තාත්තලට පේන්න... උන්ගෙම ගෙවල් වල වැටවල් වල ගැහුවනම් හරියනවා. අවජාතක හැත්ත... තූහ් නෙදකින්....",", 89 කාලෙ වගේ මේ වගේ රැග් කරන් එව්න්ව හොයාගෙන ගිහින් එකෙක් එකියක් නෑර සේරොන්ගෙම බෙලි කපලා උන්ගෙ අම්මලා තාත්තලට පේන්න... උන්ගෙම ගෙවල් වල වැටවල් වල ගැහුවනම් හරියනවා. අවජාතක හැත්ත... තූහ් නෙදකින්....",0.876
@USER අර ඇන්ටිගේ පුතෙක්ද කොහෙද. හෙන ලොකු පොරවල් කියලා හිතාගෙන ඉන්නේ. කෙලින්ම කාගේ හරි ජොබට කෙලවලා තමයි පටන් ගන්නේ. ජරාම සත්තු.,අර ඇන්ටිගේ පුතෙක්ද කොහෙද. හෙන ලොකු පොරවල් කියලා හිතාගෙන ඉන්නේ. කෙලින්ම කාගේ හරි ජොබට කෙලවලා තමයි පටන් ගන්නේ. ජරාම සත්තු.,0.876
අම්මල සතපහකට වත් ගනන් ගන්නැති එවුන් හෙට මව්වරුන්ගේ දිනයට අම්මත් එක්ක #Selfie ගහල #SocialMedia දානව කියන්නේ. අනේ යකෝ උබලගේ ජීවිත!,අම්මල සතපහකට වත් ගනන් ගන්නැති එවුන් හෙට මව්වරුන්ගේ දිනයට අම්මත් එක්ක සෙල්ෆිඑ ගහල සොකිඅල්මෙදිඅ දානව කියන්නේ. අනේ යකෝ උබලගේ ජීවිත!,0.8755
"@USER  @USER හුටා,සිහානි ලමයව අල්ලගන්න කිව්වොත් දුවපං පස්ස නොබලා","හුටා,සිහානි ලමයව අල්ලගන්න කිව්වොත් දුවපං පස්ස නොබලා",0.8755
තෝ ඕමද ස්කෝලෙ යන්නේ පොල් බූරුවේ තොට (######)   අපේ අම්මා,තෝ ඕමද ස්කෝලෙ යන්නේ පොල් බූරුවේ තොට (######) අපේ අම්මා,0.8755
@USER කාලකණ්ණි වේසිගේ පුතාලා ඔිකූන්ට හෙණහත ගහන්න ඕනේ..මගෙත් දෙපාරක් පර්ස් එකට ගැහුවා නේ..,කාලකණ්ණි වේසිගේ පුතාලා ඔිකූන්ට හෙණහත ගහන්න ඕනේ..මගෙත් දෙපාරක් පර්ස් එකට ගැහුවා නේ..,0.8755
@USER  part time උ.පෙ කරලා full time පිස්සු කෙලපු එකෙක් නෙමෙයි වෙන්න ඇති,part time උ.පෙ කරලා full time පිස්සු කෙලපු එකෙක් නෙමෙයි වෙන්න ඇති,0.8755
"Try කරලා  දාගන්න බැරි පාර  ඌ මොකක්ද කිව්වේ  ""ඒකි හෙන බඩුව බං""","Try කරලා දාගන්න බැරි පාර ඌ මොකක්ද කිව්වේ ""ඒකි හෙන බඩුව බං""",0.8755
@USER උබ මොකෙක්ද බන් .ඇයි බන් මෝඩකම ප්‍රදර්ශනේ කරන්නෙ. උබ මහ ගෝතයෙක් හුත්තො .කොන්දක් පන නැති පොන්නයෙක් වෙන්න එපා .තොව වදපු අම්මටත් තෝ බරක් වෙන්න එප හුත්තො .වේස වැඩ කරන්නෙ නැතුව හිටහන් හුකන්නෙ .උබව දිරව්නනෙ නෑ හුත්ට්ගො .තො පකෝ දැන දැන ගොන් බඩුවක් වෙන්න එපා පකෝ .වේස බල්ල .,උබ මොකෙක්ද බන් .ඇයි බන් මෝඩකම ප්‍රදර්ශනේ කරන්නෙ. උබ මහ ගෝතයෙක් හුත්තො .කොන්දක් පන නැති පොන්නයෙක් වෙන්න එපා .තොව වදපු අම්මටත් තෝ බරක් වෙන්න එප හුත්තො .වේස වැඩ කරන්නෙ නැතුව හිටහන් හුකන්නෙ .උබව දිරව්නනෙ නෑ හුත්ට්ගො .තො පකෝ දැන දැන ගොන් බඩුවක් වෙන්න එපා පකෝ .වේස බල්ල .,0.8755
@USER @USER  අනේ හප්පේ කවුරුත් නැද්දෝ....මේ හොදට හොටිය කොල්ලගේ කටට මෝහිනී වහල,අනේ හප්පේ කවුරුත් නැද්දෝ....මේ හොදට හොටිය කොල්ලගේ කටට මෝහිනී වහල,0.8755
"අන්න මැදපෙරදිග රැකියාව කරන උඹලයේ අම්මලා,තාත්තලා,අයියලා,අක්කලා වීසා කැන්සල් කරලා ලංකාවට එවන්න යනවලු. දැන් නානට ගහන්න ගෙනිච්ච පොල්ල පුකේ ගහන් ගල වල්ලේ එල්ල ගෙන නියපොතු කකා හිටහන්","අන්න මැදපෙරදිග රැකියාව කරන උඹලයේ අම්මලා,තාත්තලා,අයියලා,අක්කලා වීසා කැන්සල් කරලා ලංකාවට එවන්න යනවලු. දැන් නානට ගහන්න ගෙනිච්ච පොල්ල පුකේ ගහන් ගල වල්ලේ එල්ල ගෙන නියපොතු කකා හිටහන්",0.8755
"@USER ,  @USER  @USER Mable beach ඓකෙ කුඩුයි මලුයි නැතුව ඇති ඓකයි මෙ කාලකණ්ණි  කෑගහන්නෙ",", මබ්ලේ beach ඓකෙ කුඩුයි මලුයි නැතුව ඇති ඓකයි මෙ කාලකණ්ණි කෑගහන්නෙ",0.8755
@USER බට දාල රෙන එකෙක්,බට දාල රෙන එකෙක්,0.8755
@USER එකද ගල් පොන්නයා තෝ මේක සිංහල බෞද්ධ රටක් නෙවෙයි කිව්වේ මේ අත්මෙත් හරියට පිරිමියෙක් වෙලා ඉපදෙන්න බැරි උනෙත් එකයි ලබන අත්මේත් උරගයෙක් වෙලා  තමා තෝ ඉපදෙන්නේ,එකද ගල් පොන්නයා තෝ මේක සිංහල බෞද්ධ රටක් නෙවෙයි කිව්වේ මේ අත්මෙත් හරියට පිරිමියෙක් වෙලා ඉපදෙන්න බැරි උනෙත් එකයි ලබන අත්මේත් උරගයෙක් වෙලා තමා තෝ ඉපදෙන්නේ,0.875
@USER  @USER හුරතලේ එහෙම්මමයි කියන්නෙ අම්ම වගේම බලා ගන්නව ඇති.,හුරතලේ එහෙම්මමයි කියන්නෙ අම්ම වගේම බලා ගන්නව ඇති.,0.875
වල් බැල්ලි.. (ගස් බැල්ලි)  WinD - සු - දේශිකා @USER  · 22 Aug 2018 බංගි  බව්වෙක් උනත් ගස් නගින්න ඉගෙනගන්න ඕන.,වල් බැල්ලි.. (ගස් බැල්ලි) WinD - සු - දේශිකා · 22 ඖග් 2018 බංගි බව්වෙක් උනත් ගස් නගින්න ඉගෙනගන්න ඕන.,0.875
ඉහල උන්ගෙ කල්ලි වල්ලි අපිලග නෑ සල්ලි මල්ලි පුංචි රෝමෙ වැල්ලෙ බැල්ලි අල්ලයි බං උංගෙ ජල්ලි  H¡rus𝖍a°• @USER  · 1 Jul 2019 උඹලා වඩදියේ දඟලලා වෙලා දෝදු පෙනෙයි වාරකන් හුත්තො වරෙන් යන්න මුහුදු.. #sajja twitter.com/defyixviiithar…,ඉහල උන්ගෙ කල්ලි වල්ලි අපිලග නෑ සල්ලි මල්ලි පුංචි රෝමෙ වැල්ලෙ බැල්ලි අල්ලයි බං උංගෙ ජල්ලි හ්රුස්𝖍අ · 1 ජුල 2019 උඹලා වඩදියේ දඟලලා වෙලා දෝදු පෙනෙයි වාරකන් හුත්තො වරෙන් යන්න මුහුදු.. සජ්ජ ත්විත්තෙර්කොම්දෙෆ්යිෂ්වීඉථර්,0.875
වල් දෙල්/බැදි දෙල්/සිංහල දෙල්?හිංගල දෙල්,වල් දෙල්/බැදි දෙල්/සිංහල දෙල්?හිංගල දෙල්,0.875
මොනෞත්තක්ද අයිසේ.... මං බීලත් නෑ ගංජා ගහලාත් නෑ. අමුවෙන් ඉන්නේ අද... හුත්ත පෛය,මොනෞත්තක්ද අයිසේ.... මං බීලත් නෑ ගංජා ගහලාත් නෑ. අමුවෙන් ඉන්නේ අද... හුත්ත පෛය,0.875
@USER අනේ පොන්නයො..තොගෙ අම්මා ජොලියට හුකලා වැරදිලා හිටලා උඹව ජාතක උනාට මේ ලංකාවේ අහිංසක මිනිස්සු පලි නෑ ඕයි. තෝ වගේ ජාතියක් ජන්මයක් නැති අවජාතක බල්ලො නිසා තමා මේ රටට කෙල වෙන්නෙ.. තො කොලුකාරයා කියලා අපි මොනවා කරන්නද. මේකෙන් වෙන සෙතේ මොකද්ද රටට කියලා ප්‍රසිද්ධ වේදිකාවෙ කියපං..,අනේ පොන්නයො..තොගෙ අම්මා ජොලියට හුකලා වැරදිලා හිටලා උඹව ජාතක උනාට මේ ලංකාවේ අහිංසක මිනිස්සු පලි නෑ ඕයි. තෝ වගේ ජාතියක් ජන්මයක් නැති අවජාතක බල්ලො නිසා තමා මේ රටට කෙල වෙන්නෙ.. තො කොලුකාරයා කියලා අපි මොනවා කරන්නද. මේකෙන් වෙන සෙතේ මොකද්ද රටට කියලා ප්‍රසිද්ධ වේදිකාවෙ කියපං..,0.875
@USER එක එක නම් වලින් ඉන්නේ කුලී ලියන්නෝ. දේශියව නිෂ්පාදනය කරපල්ලා ඊට පස්සේ හැමදේම නවත්තපල්ලා. කහ පුච්චනකොට රචනා ලියපු උඹලා වගේ අවජාතක කාලකන්නි සීනි හංගපු උන්ගෙන් සල්ලි දීලා ගන්න කොට ගෑණිගේ රෙද්ද අස්සේ හැංගිලා දැන් ආයෙත් එලියට ඇවිත් රචනා. උඹලා වගේ මෝඩ හරක්! පිස්සගේ ආණ්ඩුවට හොදා,එක එක නම් වලින් ඉන්නේ කුලී ලියන්නෝ. දේශියව නිෂ්පාදනය කරපල්ලා ඊට පස්සේ හැමදේම නවත්තපල්ලා. කහ පුච්චනකොට රචනා ලියපු උඹලා වගේ අවජාතක කාලකන්නි සීනි හංගපු උන්ගෙන් සල්ලි දීලා ගන්න කොට ගෑණිගේ රෙද්ද අස්සේ හැංගිලා දැන් ආයෙත් එලියට ඇවිත් රචනා. උඹලා වගේ මෝඩ හරක්! පිස්සගේ ආණ්ඩුවට හොදා,0.875
ටහුඩු...  ගෙඩි 2ම කන්න ඕනි... Maduwa @USER  · 23 Jun 2019 ගුඩි මෝනිං කොමඩු කමුද වරෙන්,ටහුඩු... ගෙඩි 2ම කන්න ඕනි... මඩුව · 23 ජුන් 2019 ගුඩි මෝනිං කොමඩු කමුද වරෙන්,0.875
@USER අඩො ඔහෙ PMC ටික ඉතුරැ කරල වරෙන් ඇ උබලගෙ lecturesලගෙ consultantsලගෙ ලමයින්ට යන්න තැනක් තියෙන්න ඔනනෙ,අඩො ඔහෙ ප්ම්ක ටික ඉතුරැ කරල වරෙන් ඇ උබලගෙ lecturesලගෙ consultantsලගෙ ලමයින්ට යන්න තැනක් තියෙන්න ඔනනෙ,0.875
මගේ කලු හම උනාට ලේ නං රතූ.. ආස නෑ මං නං වම්බටූ.. ඕන්නෑ මට ලංකන් සුදු බඩූ.. හරියන්නේ උඹ විතරයි කෙල්ලේ කලූ..  #Rap #freestyle #lka,මගේ කලු හම උනාට ලේ නං රතූ.. ආස නෑ මං නං වම්බටූ.. ඕන්නෑ මට ලංකන් සුදු බඩූ.. හරියන්නේ උඹ විතරයි කෙල්ලේ කලූ.. #Rap ෆ්රීස්ට්ය්ලේ ලක,0.875
"@USER ,  @USER  @USER පයිය කියන්නෙ මැට්ටො රවුම්, දිග, මහත, කලු එකක්. ඔයාගෙ සීනි කුරුල්ලට මගෙ තට්ටං දෙක පහුකරන්න බෑ . . . දිගමදි",", පයිය කියන්නෙ මැට්ටො රවුම්, දිග, මහත, කලු එකක්. ඔයාගෙ සීනි කුරුල්ලට මගෙ තට්ටං දෙක පහුකරන්න බෑ . . . දිගමදි",0.875
@USER පලයන් ෆකයා බඩ උනාට පස්සෙත් වටේ යනවං යන්නෙ බඩ අඩු කරගන්න.,පලයන් ෆකයා බඩ උනාට පස්සෙත් වටේ යනවං යන්නෙ බඩ අඩු කරගන්න.,0.8745
අර බාගෙට හෙළුවෙන් ඉන්න එකීගේ ගොන් කැප්ෂන් like කරන ජංගි වාටි පොන්නයෝ ටික block කරන්න ඕනේ මුලින්ම,අර බාගෙට හෙළුවෙන් ඉන්න එකීගේ ගොන් කැප්ෂන් like කරන ජංගි වාටි පොන්නයෝ ටික block කරන්න ඕනේ මුලින්ම,0.8745
@USER ගෙරි හම්බයො එලවන්ඩෝන රටින්ම අහවල් එක කපල,ගෙරි හම්බයො එලවන්ඩෝන රටින්ම අහවල් එක කපල,0.8745
මස් වල කට්ටට අල්ල තියෙන තුනපහ නිසා කට්ට පට්ට රසයි.  In other hand  කෙට්ටු කෙල්ලො එක්ක යාලු වෙලා ඉන්න කෙල්ලොන්ගෙන් මොනාද බන් මුකුත් නෑනෙ අහන්න එපා. කට්ටෙ රස දන්නෙ කටු කන්න ආස අය.  පරස් පර විරෝධී සිද්දි,මස් වල කට්ටට අල්ල තියෙන තුනපහ නිසා කට්ට පට්ට රසයි. ඉන් other hand කෙට්ටු කෙල්ලො එක්ක යාලු වෙලා ඉන්න කෙල්ලොන්ගෙන් මොනාද බන් මුකුත් නෑනෙ අහන්න එපා. කට්ටෙ රස දන්නෙ කටු කන්න ආස අය. පරස් පර විරෝධී සිද්දි,0.8745
වලෙන් උබේ අප්පවයි අම්මාවයි උබට ඔන විදියට හදලා දෙන්න අහිංසක පිස්සා,වලෙන් උබේ අප්පවයි අම්මාවයි උබට ඔන විදියට හදලා දෙන්න අහිංසක පිස්සා,0.8745
@USER උඹේ බඩ හොඳින්ද පෙරියමුල්ලෙන් කොත්තු කාලා?  එ්ක නෙවෙ උඹ පෙරියමුල්ලෙ මොකෝ කලේ?,උඹේ බඩ හොඳින්ද පෙරියමුල්ලෙන් කොත්තු කාලා? එ්ක නෙවෙ උඹ පෙරියමුල්ලෙ මොකෝ කලේ?,0.8745
@USER අනේ උඹෙ අම්මට හුකාපං පොන්න වේසිගේ පුතා. තෝ කිව්වෙ කරේ ඒ වගේ දේවල්ද පොන්න වේසිගෙ පුතෝ. රට පාවලා දීපු කැරි බල්ලා. තෝ මාතර වෙච්ච එකයි පකෝ අපිට දුක.,අනේ උඹෙ අම්මට හුකාපං පොන්න වේසිගේ පුතා. තෝ කිව්වෙ කරේ ඒ වගේ දේවල්ද පොන්න වේසිගෙ පුතෝ. රට පාවලා දීපු කැරි බල්ලා. තෝ මාතර වෙච්ච එකයි පකෝ අපිට දුක.,0.8745
"@USER අලින්ට,මොනරැන්,රිලවුන්ට එහෙමද.හම්බන්තොට කැලේ රෙන එවුන්ට toilet හදල දීපල්ල ඒක වටිනව ඊට වඩා","අලින්ට,මොනරැන්,රිලවුන්ට එහෙමද.හම්බන්තොට කැලේ රෙන එවුන්ට toilet හදල දීපල්ල ඒක වටිනව ඊට වඩා",0.8745
@USER  @USER වෝල්පේපර් කැරියා  ඩීවීඩී හුකන්නා  වීසීඩී පොන්නයා  ස්ටිකර් පකයා  වයිෆයි හුකන්නා  මොබයිල් ඩේටා කැරියා  අගුන කොල හුත්ති  ආශකී හුත්තී  අල්ලපු ගෙදර හුත්තී  ඉස්සරා ගෙදර බැල්ලී,වෝල්පේපර් කැරියා ඩීවීඩී හුකන්නා වීසීඩී පොන්නයා ස්ටිකර් පකයා වයිෆයි හුකන්නා මොබයිල් ඩේටා කැරියා අගුන කොල හුත්ති ආශකී හුත්තී අල්ලපු ගෙදර හුත්තී ඉස්සරා ගෙදර බැල්ලී,0.8745
"දොස්තර මහත්තයෝ, මං දන්න කෙල්ලෙක් ඉන්නවා ඒකිගේ පයෝධර හරි පොඩියට තිබුනේ ඒකි කෙට්ටුයි දැන් විසාල වෙලා තියෙනවා. හරිම අසාමාන්‍යයි. ම... — They have tricks for tht  URL","දොස්තර මහත්තයෝ, මං දන්න කෙල්ලෙක් ඉන්නවා ඒකිගේ පයෝධර හරි පොඩියට තිබුනේ ඒකි කෙට්ටුයි දැන් විසාල වෙලා තියෙනවා. හරිම අසාමාන්‍යයි. ම... — They have ට්‍රිච්ක්ස් for තට් උර්ල්",0.8745
"@USER මොනා කියනවද , පොල් සීයට ගිහින් රෙන්න දෙයක් තරම්වත් කන්න දෙයක් නෑතත් මොකො තොපෙ හාමුවගෙ පුක ලෙවකන්න පුලුවන්නම් නෙද රටට කෙලාවුනත්, ඉද්කින් වහල් පිම්පිය කියන ලස්සන විතරක්","මොනා කියනවද , පොල් සීයට ගිහින් රෙන්න දෙයක් තරම්වත් කන්න දෙයක් නෑතත් මොකො තොපෙ හාමුවගෙ පුක ලෙවකන්න පුලුවන්නම් නෙද රටට කෙලාවුනත්, ඉද්කින් වහල් පිම්පිය කියන ලස්සන විතරක්",0.8745
@USER  @USER ඔය ආශාවන් වෙනස් එවුන් කී දෙනෙක් පාරේ රේස් ගිහිල්ල අහිංසක ලමයි මැරුවද? ඔය මොලේ නැති  තැන නොතැන තේරෙන්නේ නැති මෝඩ කාලකණ්නි එක්කෝ අල්ලලා හිරේ දාන්න ඕන. නැත්තං ගහක හැප්පිලා මැරිලා යන්න ඕන. අනිත් මිනිස්සුන්ට වද නොදී..,ඔය ආශාවන් වෙනස් එවුන් කී දෙනෙක් පාරේ රේස් ගිහිල්ල අහිංසක ලමයි මැරුවද? ඔය මොලේ නැති තැන නොතැන තේරෙන්නේ නැති මෝඩ කාලකණ්නි එක්කෝ අල්ලලා හිරේ දාන්න ඕන. නැත්තං ගහක හැප්පිලා මැරිලා යන්න ඕන. අනිත් මිනිස්සුන්ට වද නොදී..,0.8745
@USER බලන් ඉන්න අපිට ඒ ඇරිය ඇරිල්ල දැක්කම මෙහෙම නම් උන්ට පිස්සු හැදෙන එක අහන්න දෙයක් යැ,බලන් ඉන්න අපිට ඒ ඇරිය ඇරිල්ල දැක්කම මෙහෙම නම් උන්ට පිස්සු හැදෙන එක අහන්න දෙයක් යැ,0.8741
සහතික ඇත්ත.. ඕවා අපේ සත් ගුණවත් නලලේ බුද්ධාගම කොටන් ඉන්න කට්ටිය හදාගත්තු බහුබූත තමයි.. ළමයෙක් ඉපදෙන්නෙත් අම්මා ගෙන්. එහෙව් ගෑණි ගෙ කිලි ලු පන්සල ඇතුලට එද්දි.. URL This Tweet is unavailable.,සහතික ඇත්ත.. ඕවා අපේ සත් ගුණවත් නලලේ බුද්ධාගම කොටන් ඉන්න කට්ටිය හදාගත්තු බහුබූත තමයි.. ළමයෙක් ඉපදෙන්නෙත් අම්මා ගෙන්. එහෙව් ගෑණි ගෙ කිලි ලු පන්සල ඇතුලට එද්දි.. උර්ල් This Tweet ඉස unavailable.,0.874
@USER ඡන්දේ ඉල්ලන්නෙත් නැතිව තෝ වගේ පෙරේත පාදෙන් ආව වේසිගේ පුත්තුන්ට මේ රටේ පාරිපාලනය අතටගන්න ඉඩ තියන්නේ නෑ. මිනිස්සු. බලන් හිටපන් වෙන දේ. කාළකණ්නියා. තොගේ පවුලේ හැත්ත විතරද ජීවත්වෙන්නේ පකයෝ.,ඡන්දේ ඉල්ලන්නෙත් නැතිව තෝ වගේ පෙරේත පාදෙන් ආව වේසිගේ පුත්තුන්ට මේ රටේ පාරිපාලනය අතටගන්න ඉඩ තියන්නේ නෑ. මිනිස්සු. බලන් හිටපන් වෙන දේ. කාළකණ්නියා. තොගේ පවුලේ හැත්ත විතරද ජීවත්වෙන්නේ පකයෝ.,0.874
රනිල් පොන්නයාගේ ඇටලේවකන 62 ලක්ෂයක පොන්න පැටව් පුලුවන්නම් උත්තර දීපන්  තොපි අපේ රටට පහලවෙච්ච මුසල වේ ## පුතාල... URL,රනිල් පොන්නයාගේ ඇටලේවකන 62 ලක්ෂයක පොන්න පැටව් පුලුවන්නම් උත්තර දීපන් තොපි අපේ රටට පහලවෙච්ච මුසල වේ ## පුතාල... උර්ල්,0.874
Program මාරු කරන එකා විල්බැරෝ එකක් අරන් බඩු ගන්න ගිහිල්ලද යකෝ   @USER,Program මාරු කරන එකා විල්බැරෝ එකක් අරන් බඩු ගන්න ගිහිල්ලද යකෝ,0.874
"ඈඈඈ මට එල්ලෙන්න වැලක් ඩීපියව්, ඇති යකෝ  හොඳට ම ඇති. මාව follow කරන්න එපා! හොඳට හිටිය මට වුණ විපතා… :|","ඈඈඈ මට එල්ලෙන්න වැලක් ඩීපියව්, ඇති යකෝ හොඳට ම ඇති. මාව follow කරන්න එපා! හොඳට හිටිය මට වුණ විපතා… :|",0.874
@USER  @USER One shot One    “කෞද යකෝ මේ පොලවට ටයිල් අලලපු එකා?”,One shot One “කෞද යකෝ මේ පොලවට ටයිල් අලලපු එකා?”,0.874
IMPACT SENSOR  සෙන්සර් හැදුවට රටක් හදන්න පුලුවන් වෙයි කියලා ගොන් විදියට හිත උන් දැන් බොවෙලා...  උබෙ වාහනෙ Air bag nane...... මගෙ Bicycle එකෙත් නෑ.  ඒ නිසා කට වහන් හිටපන්,IMPACT SENSOR සෙන්සර් හැදුවට රටක් හදන්න පුලුවන් වෙයි කියලා ගොන් විදියට හිත උන් දැන් බොවෙලා... උබෙ වාහනෙ Air bag nane...... මගෙ Bicycle එකෙත් නෑ. ඒ නිසා කට වහන් හිටපන්,0.874
"@USER  @USER අලියටම අලි ෆට්ට වදේ.. මටත් තීනෝ පස්ස පැත්තටත් වඩා දිග කොණ්ඩයක්.. එක ගහක් කැපුවත් අපෙ අම්මා එයාගෙ කොණ්ඩෙ වගේ කෑගහනෝ්..,but ඉක්කන්ට කොට කළනෝ","අලියටම අලි ෆට්ට වදේ.. මටත් තීනෝ පස්ස පැත්තටත් වඩා දිග කොණ්ඩයක්.. එක ගහක් කැපුවත් අපෙ අම්මා එයාගෙ කොණ්ඩෙ වගේ කෑගහනෝ්..,but ඉක්කන්ට කොට කළනෝ",0.874
රෙද්ද උස්සන් ගේ වටේ දුවහන්.. සීනි බහී...  Tamasha Wijemanne (කවිකාරි) @USER  · 31 Dec 2021 මට විශ් කරන කොට කිරියෙන් පැණියෙන් ඉතුරේවා කියන්න එපා   මට පැණි කාලා මිග්‍රේන් වැඩි කර ගන්න බෑ !   #දැනුවත්_කිරීම්,රෙද්ද උස්සන් ගේ වටේ දුවහන්.. සීනි බහී... Tamasha විජේමන්නේ (කවිකාරි) · 31 දෙක් 2021 මට විශ් කරන කොට කිරියෙන් පැණියෙන් ඉතුරේවා කියන්න එපා මට පැණි කාලා මිග්‍රේන් වැඩි කර ගන්න බෑ ! #දැනුවත්_කිරීම්,0.874
අපේ හාමුදුරුවන්ට අපහාස කරන අවජාතක බල්ලන්ගේ පව්ල් පිටින් හැදිගෑවිල අකුලොලම පල.... URL,අපේ හාමුදුරුවන්ට අපහාස කරන අවජාතක බල්ලන්ගේ පව්ල් පිටින් හැදිගෑවිල අකුලොලම පල.... උර්ල්,0.874
@USER එතකොට curfew තිබිලත්  වැඩට යන අපි?,එතකොට curfew තිබිලත් වැඩට යන අපි?,0.874
"ඔබත් මෙහෙමද?  කොහෙද ආච්චියෙ දුවන්නේ? අහකට වෙයන් දරුවෝ මං මේ රෙද්ද පල්ලෙන් බේරෙන්න කලින් වැසිකිලියට දුවනවා. හනේ අම්මේ, අම්මා ඔහොම කියනවා මටත් එහෙමනේ, හිනා වෙන්න කහින්න, කිවිසුම් අරින්න, බෑ යට ඇදුම් තෙමෙනවා. ඉතිං මමත් පුළුවන් හැම වෙලේම වැසිකිලියට යනවා.","ඔබත් මෙහෙමද? කොහෙද ආච්චියෙ දුවන්නේ? අහකට වෙයන් දරුවෝ මං මේ රෙද්ද පල්ලෙන් බේරෙන්න කලින් වැසිකිලියට දුවනවා. හනේ අම්මේ, අම්මා ඔහොම කියනවා මටත් එහෙමනේ, හිනා වෙන්න කහින්න, කිවිසුම් අරින්න, බෑ යට ඇදුම් තෙමෙනවා. ඉතිං මමත් පුළුවන් හැම වෙලේම වැසිකිලියට යනවා.",0.874
@USER   හෙන ගහන්න ඕනෙ. සක්කිලි,හෙන ගහන්න ඕනෙ. සක්කිලි,0.8737
බල්ල බුරනවට ගිහින් බැලුවා. වැස්සට තඩි ගල් ඉබ්බෙක් ඇවිත් මිදුලට. ඌට තමයි බුරල තියෙන්නෙ,බල්ල බුරනවට ගිහින් බැලුවා. වැස්සට තඩි ගල් ඉබ්බෙක් ඇවිත් මිදුලට. ඌට තමයි බුරල තියෙන්නෙ,0.8735
"එක්කෝ battery බහින්න ඕනි මේ මගුල charge කරගන්න, එක්කෝ බහින්නේ නැතුව  තියෙන්නේ ඕනි දවසම, පොඩ්ඩ පොඩ්ඩ අඩු වෙන්නේ රෙද්ද","එක්කෝ battery බහින්න ඕනි මේ මගුල charge කරගන්න, එක්කෝ බහින්නේ නැතුව තියෙන්නේ ඕනි දවසම, පොඩ්ඩ පොඩ්ඩ අඩු වෙන්නේ රෙද්ද",0.8735
"'පුප' කියන්නෙත් 'පුක'ටම නම්, පුක අසභ්‍ය වෙලා පුප සභ්‍ය වෙන්නේ අහවල් හුත්තක් නිසා දැ?  #මටතියෙනපුරස්න #උණවිකාරේ — feeling amused","'පුප' කියන්නෙත් 'පුක'ටම නම්, පුක අසභ්‍ය වෙලා පුප සභ්‍ය වෙන්නේ අහවල් හුත්තක් නිසා දැ? #මටතියෙනපුරස්න #උණවිකාරේ — feeling amused",0.8735
උන්ගේ හිනාවවල් කාළකණ්නි  තාමත් උන්ට කඩේ යන අවලං අවජාතක උන් මේ ලිස්ට් එකෙත් ඉන්නවා රෙද්ද ඇදගෙන,උන්ගේ හිනාවවල් කාළකණ්නි තාමත් උන්ට කඩේ යන අවලං අවජාතක උන් මේ ලිස්ට් එකෙත් ඉන්නවා රෙද්ද ඇදගෙන,0.8735
"@USER ,  @USER  @USER මෙන්සස් උනාම විතරද අනේ ලීක් වෙන්නේ? බඩේ අමාරු හැදුනමත් වෙන්නේ...",", මෙන්සස් උනාම විතරද අනේ ලීක් වෙන්නේ? බඩේ අමාරු හැදුනමත් වෙන්නේ...",0.8735
තනිකම හොඳයි පාලුවේ මේ උනන කදුලට වඩා   උඹ නටාං,තනිකම හොඳයි පාලුවේ මේ උනන කදුලට වඩා උඹ නටාං,0.8735
මුගේ ඇ$ දෙ# අමෙරිකාවෙ තියල ඇවිත් බිලියන ගනන් හොරකම් කරන ගමන් මෙහේ අසරන ගොවියන්ට අපහාස කරනව.  අපරාදකාර හරකෝ. කාලකන්නි ප%@ හන්දියක් හන්දියක්  ගානේ කඩවල වට්ටක්කා විකුනන්නේ මලගෙවක් වලටද. මෝඩ මූසලයා,මුගේ ඇ$ දෙ# අමෙරිකාවෙ තියල ඇවිත් බිලියන ගනන් හොරකම් කරන ගමන් මෙහේ අසරන ගොවියන්ට අපහාස කරනව. අපරාදකාර හරකෝ. කාලකන්නි ප%@ හන්දියක් හන්දියක් ගානේ කඩවල වට්ටක්කා විකුනන්නේ මලගෙවක් වලටද. මෝඩ මූසලයා,0.8735
@USER තෝ පල ...ආ එපා ඉදලා අර ළාමකිට මඩක් ගහනවා,තෝ පල ...ආ එපා ඉදලා අර ළාමකිට මඩක් ගහනවා,0.8735
@USER @USER  @USER  කොහොමත් බැන්දට පස්සෙ බල්ලා වගේ ඉන්න වෙන එකේ පොඩ්ඩක් ලමයි බලා කියාගෙන ගෙදෙට්ට වෙලා හිටියම මොකෝ,කොහොමත් බැන්දට පස්සෙ බල්ලා වගේ ඉන්න වෙන එකේ පොඩ්ඩක් ලමයි බලා කියාගෙන ගෙදෙට්ට වෙලා හිටියම මොකෝ,0.8735
"ස'ගෙ බැරියාව වහන්න එදා වේල හම්බ කරන් කන පොඩි මිනිහව විකුනන් කන්න එපා යකෝ තොපිට හෙන ගහයි වහල් හැතිකරෙ  රට වහපු නිසා එදා වේල හම්බ කරපු මනුස්සයා අනෙ හුකෙ ඕවා හිතන්න තිබ්බෙ පැණි,මුට්ටි පෙරලපු කාලෙ එතකොට ඒවා වෙනුවෙන් කඩෙ ගිහින් අද පෙලපාලි පිටින් දාලා ඇග බේරගන්නවා ඊයා උත්තො සිකේ","ස'ගෙ බැරියාව වහන්න එදා වේල හම්බ කරන් කන පොඩි මිනිහව විකුනන් කන්න එපා යකෝ තොපිට හෙන ගහයි වහල් හැතිකරෙ රට වහපු නිසා එදා වේල හම්බ කරපු මනුස්සයා අනෙ හුකෙ ඕවා හිතන්න තිබ්බෙ පැණි,මුට්ටි පෙරලපු කාලෙ එතකොට ඒවා වෙනුවෙන් කඩෙ ගිහින් අද පෙලපාලි පිටින් දාලා ඇග බේරගන්නවා ඊයා උත්තො සිකේ",0.8735
@USER පොරගේ සරම ඇතුලෙත් ඇති තඩි ශිවන්යෙක් ලොල්,පොරගේ සරම ඇතුලෙත් ඇති තඩි ශිවන්යෙක් ලොල්,0.8735
@USER duty free වල්ට වඩා අඩුයි හැමතැනම. රෙද්ද තමා duty නෑ කියන්නේ. ගසාකනවා අහිංසක මිනිස්සුන්ගෙ සල්ලි මොන මගුල ගන්න ගියත්,duty free වල්ට වඩා අඩුයි හැමතැනම. රෙද්ද තමා duty නෑ කියන්නේ. ගසාකනවා අහිංසක මිනිස්සුන්ගෙ සල්ලි මොන මගුල ගන්න ගියත්,0.873
@USER + එකක් පුකේ ගහන් වනපු කෑල්ලකට පේන්න අපේ ගාව තිබ්බ 11 max pro එකක් පුකේ ගහන් පේන්න සැලැස්සුවා. ඒකි සෙනික ඒක අස්සෙ ගහගත්තා,+ එකක් පුකේ ගහන් වනපු කෑල්ලකට පේන්න අපේ ගාව තිබ්බ 11 මෂ් pro එකක් පුකේ ගහන් පේන්න සැලැස්සුවා. ඒකි සෙනික ඒක අස්සෙ ගහගත්තා,0.873
රජකාලේ හිටපු වන්දිබට්ටයෝ තමා මේ කාලේ ලොක්කන්ට පුක දෙන්නේ ජම්මෙට වඩා පුරුද්ද ලොකුයි කියනවනේ,රජකාලේ හිටපු වන්දිබට්ටයෝ තමා මේ කාලේ ලොක්කන්ට පුක දෙන්නේ ජම්මෙට වඩා පුරුද්ද ලොකුයි කියනවනේ,0.873
මන් නිදා ගෙන ඉද්දි fan එක ඕෆ් කරලා ගිය පරයා කවුද බොල   ලැට් බාල්දියෙන් ගහල මරන්නේ..... දැනගනින්,මන් නිදා ගෙන ඉද්දි fan එක ඕෆ් කරලා ගිය පරයා කවුද බොල ලැට් බාල්දියෙන් ගහල මරන්නේ..... දැනගනින්,0.873
උණ උඹ හුකහං.. මට වැඩ තියෙනවා! >.< #කොත්තමල්ලිස්වැග් #යෝලෝ #අසනීපවයිබ්ස් #පුකරත්වෙලාඒනිසානළලත්රත්වෙලා #පිස්සුපංපං... URL,උණ උඹ හුකහං.. මට වැඩ තියෙනවා! >.< #කොත්තමල්ලිස්වැග් #යෝලෝ #අසනීපවයිබ්ස් #පුකරත්වෙලාඒනිසානළලත්රත්වෙලා #පිස්සුපංපං... උර්ල්,0.873
@USER පක. උන්ගේ අපේක්ෂකයට අපි පු* නොදෙන නිසා පර්සනල් ගන්න කැහැටු හුකන්නෙක්.,පක. උන්ගේ අපේක්ෂකයට අපි පු* නොදෙන නිසා පර්සනල් ගන්න කැහැටු හුකන්නෙක්.,0.873
මෙහෙමයි ළමයෙක් පිළිසිඳ ගන්නේ අම්ම කෙනෙකුගේ බඩේ URL,මෙහෙමයි ළමයෙක් පිළිසිඳ ගන්නේ අම්ම කෙනෙකුගේ බඩේ උර්ල්,0.873
ගෙවල් වලට මිස් කෝල් ගහල පොන්න ආතල් දෙන පොන්න වේ.......ගේ පුතාලටයි .... පොන්න වැඩ කරන්නේ නැතිව ගේමක්  තියේනම් මුනට... URL,ගෙවල් වලට මිස් කෝල් ගහල පොන්න ආතල් දෙන පොන්න වේ.......ගේ පුතාලටයි .... පොන්න වැඩ කරන්නේ නැතිව ගේමක් තියේනම් මුනට... උර්ල්,0.873
උගේ අම්මාගේ හුත්ත පයිය.... ඉන්නේ හද්ද ඩොටේ....බස් එකක යන්න දන්නේ නෑලු.... බෞකාහන් කෙරි කොල්ලා,උගේ අම්මාගේ හුත්ත පයිය.... ඉන්නේ හද්ද ඩොටේ....බස් එකක යන්න දන්නේ නෑලු.... බෞකාහන් කෙරි කොල්ලා,0.873
@USER මැදි පුක දුන්න නං උඹම නවත්තගනිං,මැදි පුක දුන්න නං උඹම නවත්තගනිං,0.873
@USER අනේ පල හුත්තිගෙ පුතා යන්න තෝ ගිහින් මහින්දගෙ ගෑණි එක්ක හැමනියන් කාලකණ්ණි පකය නිදිකුම්බා,අනේ පල හුත්තිගෙ පුතා යන්න තෝ ගිහින් මහින්දගෙ ගෑණි එක්ක හැමනියන් කාලකණ්ණි පකය නිදිකුම්බා,0.873
ගෙදර අයිතිකාරයා හුරතලේට ඇති කරන බැල්ලිට කොච්චර ආදරේ කලත් වැඩක් නැ.ඒ බැල්ලි කැමති වෙන්⁣නෙ බල්ලෙක්ට විතරයි    කිසි ගැලපීමක් නෑ නේද ? කමක් නැ කොහොමහරි ගලපලා ගනින්,ගෙදර අයිතිකාරයා හුරතලේට ඇති කරන බැල්ලිට කොච්චර ආදරේ කලත් වැඩක් නැ.ඒ බැල්ලි කැමති වෙන්⁣නෙ බල්ලෙක්ට විතරයි කිසි ගැලපීමක් නෑ නේද ? කමක් නැ කොහොමහරි ගලපලා ගනින්,0.873
සතොස ෆුඩ් සිටිය ලග තොග කඩේ ටවුමේ දිගට පොලිමක් ඇත මහ පාර අයිනේ තන් හිඳුනු අම්මලා පැටව් ලා ඇකයේ කිරි පැකට් හොයනවා කර වෙවි අව්වේ,සතොස ෆුඩ් සිටිය ලග තොග කඩේ ටවුමේ දිගට පොලිමක් ඇත මහ පාර අයිනේ තන් හිඳුනු අම්මලා පැටව් ලා ඇකයේ කිරි පැකට් හොයනවා කර වෙවි අව්වේ,0.873
ජෙප්පෝ නමැති අවජාතක දෙපත් නයි  #JVP #anurakumaradissanayaka #LetMeVote ! #lka #sriLanka #SriLankanPolitics #Colombo  @USER  @USER  @USER,ජෙප්පෝ නමැති අවජාතක දෙපත් නයි ජ්ව්ප් අනුරකුමරදිස්සනයක ලේට්මෙවොටේ ! ලක ශ්‍රීලංකා ස්රිලන්කන්පොලිටිච්ස් චොලොම්බෝ,0.873
@USER යකෝ ඒ කෙලීගේ ඔලුව සත්තු වත්ත වගේ ගහින් ගහට පනින උකුනොත් පේනවා..මට එකෙක් අරං එයාගේ අතට ගෙන්නත් හිතුනා..,යකෝ ඒ කෙලීගේ ඔලුව සත්තු වත්ත වගේ ගහින් ගහට පනින උකුනොත් පේනවා..මට එකෙක් අරං එයාගේ අතට ගෙන්නත් හිතුනා..,0.8726
@USER මට දුන්නොත් පුක පලනවා ඇඩෙන්න,මට දුන්නොත් පුක පලනවා ඇඩෙන්න,0.8726
@USER  @USER තෝ පල උලං ඌරු කොන්ඩෙ පොකුටු කෝඩ් කාර හිවල,තෝ පල උලං ඌරු කොන්ඩෙ පොකුටු කෝඩ් කාර හිවල,0.8726
කොපර කොපර පිපිංඤා පස්ස බැලුවොත් මඤ්ඤොක්කා,කොපර කොපර පිපිංඤා පස්ස බැලුවොත් මඤ්ඤොක්කා,0.8726
"@USER ,  @USER  @USER දෙහි ගෙඩි දෙකක් උස නැති එකෙක් එනව ගිනි තියන්න. අනෙ තෝ තියන ගිණි.",", දෙහි ගෙඩි දෙකක් උස නැති එකෙක් එනව ගිනි තියන්න. අනෙ තෝ තියන ගිණි.",0.8726
මම හැරිසන් ගාව හිටියේ තොපේ අමිමලාට ………….වනවා බයියලාගේ .මම ලංකාවට ඇවිත් තොට කන පැලෙන්න ගහනවා. මම සිසිර කුමාර... URL,මම හැරිසන් ගාව හිටියේ තොපේ අමිමලාට ………….වනවා බයියලාගේ .මම ලංකාවට ඇවිත් තොට කන පැලෙන්න ගහනවා. මම සිසිර කුමාර... උර්ල්,0.8726
පයිය කොට නිසයි 30 පැනලත් තනිකඩ ඉන්නෙ කියන්නෙ ඇත්තද? —  curiouscat.live tharu__ CuriousCat is a Q&A social network that allows you to connect with your followersknow new people.,පයිය කොට නිසයි 30 පැනලත් තනිකඩ ඉන්නෙ කියන්නෙ ඇත්තද? — කුරිඖස්කත්ලිවෙ tharu__ කුරිඖස්කත් ඉස අ ක social network that අල්ලොව්ස් you ටො connect with your ෆෝල්ලොවෙර්ස්ක්නොව් new people.,0.8726
"බොක්කට බොක්ක  ටොක්කට ටොක්ක  මර්සි නම් , කොක්කට කොක්ක  නාස් ලණුව දාලා අරන් යන්න හු*තෝ දක්ක දක්ක  #PanchLine #SinhalaRap","බොක්කට බොක්ක ටොක්කට ටොක්ක මර්සි නම් , කොක්කට කොක්ක නාස් ලණුව දාලා අරන් යන්න හු*තෝ දක්ක දක්ක පන්ච්ලිනේ සින්හලරප්",0.8726
ලස්සනට තිබුණු මගේ පවුල කාපු බැල්ලි... :D  උබව මරලා හදනවා මම එතන ප්‍රතිමාවක් බැල්ලි  :D URL,ලස්සනට තිබුණු මගේ පවුල කාපු බැල්ලි... ද උබව මරලා හදනවා මම එතන ප්‍රතිමාවක් බැල්ලි ද උර්ල්,0.8726
යකෝ අහින්සක මගෙ ඩ්‍රම් සෙට් එකේ BASS එක ඇතුලේ සුදු පූසි ලමයි වදලා.සුදු පූසී අද උබ මැරුම් කනවා. තොට වෙන දිහාවක් තිබ්බෙ නැද්ද යකෝ.,යකෝ අහින්සක මගෙ ඩ්‍රම් සෙට් එකේ BASS එක ඇතුලේ සුදු පූසි ලමයි වදලා.සුදු පූසී අද උබ මැරුම් කනවා. තොට වෙන දිහාවක් තිබ්බෙ නැද්ද යකෝ.,0.8721
@USER පලයන් යන්න සමනලයා. අාචචිට හාල් ගරපං!,පලයන් යන්න සමනලයා. අාචචිට හාල් ගරපං!,0.8721
අවජාතක ජේවීපී හැත්ත අදටත්...අන් සුළු ජාතීන් රකිමින් මරන්නේ සිංහල-බෞද්ධ/කතෝලික/ක්‍රිස්තියානී අපව යි,අවජාතක ජේවීපී හැත්ත අදටත්...අන් සුළු ජාතීන් රකිමින් මරන්නේ සිංහල-බෞද්ධ/කතෝලික/ක්‍රිස්තියානී අපව යි,0.8721
"@USER  @USER හෆෝ එපා. ඊට පස්සේ මගෙ පස්සෙන් හොල්මන එයි "" ඒයී ගේනියේ තෝ මං මලාම මගෙ %ල්ල කඩා ගත්තා නේද බූහහාආආආආඅ"" කිය කිය","හෆෝ එපා. ඊට පස්සේ මගෙ පස්සෙන් හොල්මන එයි "" ඒයී ගේනියේ තෝ මං මලාම මගෙ %ල්ල කඩා ගත්තා නේද බූහහාආආආආඅ"" කිය කිය",0.8721
@USER හුත්තිගෙ බැල්ලි මේකි පෙන්නන්න බෑ,හුත්තිගෙ බැල්ලි මේකි පෙන්නන්න බෑ,0.8721
"Tell me why? වස්සොත් ලංකාවේ පාරවල් වල පුදුම විදියට Traffic ඇතිවෙනව, ඒ  ඇයි? එලවන එවුන් වැස්සේ එලවන්න දන්නේ නද්ද? ලංකාවේ පාරවල් හරි නැද්ද?  මේක මහ පුදුම රටක් යකෝ!!!","Tell මේ why? වස්සොත් ලංකාවේ පාරවල් වල පුදුම විදියට Traffic ඇතිවෙනව, ඒ ඇයි? එලවන එවුන් වැස්සේ එලවන්න දන්නේ නද්ද? ලංකාවේ පාරවල් හරි නැද්ද? මේක මහ පුදුම රටක් යකෝ!!!",0.8721
@USER උන්ඟෙ ප්‍රතිපත්තියම මහ වසුලු ගොඩක් නේ ඕයි.. හාන්ඳුරුවන් පෙන්න බෑ.. ජාතික අනන්‍යතාව කියල දෙයක් නෑ.. වේස ගෑනි වගේ ඕනෙ මගුලක් කොරල පලයන් ගද්න දෙනවනම්..වගේ,උන්ඟෙ ප්‍රතිපත්තියම මහ වසුලු ගොඩක් නේ ඕයි.. හාන්ඳුරුවන් පෙන්න බෑ.. ජාතික අනන්‍යතාව කියල දෙයක් නෑ.. වේස ගෑනි වගේ ඕනෙ මගුලක් කොරල පලයන් ගද්න දෙනවනම්..වගේ,0.8721
පුරුශ ධාතු  වගේ සුදු උකු ද්‍රාවන පෙරුම්කායං  ජුන්ඩක් ගන්න බුවෙක් ගබොස් ලේන් එකේ කඩේක පැයක් විතර පෝලිමේ ඉඳලා..ඒ ඩිංග රු 200/=.. මුන් මේ හිඟ ලබ්බවල් හොයන්න ගිහින් තේරුමක් නැතුව තන් තන් වල එකතුවෙලා ලෙඩ සම්බාවිතාව වැඩිකර ගන්නෝ..,පුරුශ ධාතු වගේ සුදු උකු ද්‍රාවන පෙරුම්කායං ජුන්ඩක් ගන්න බුවෙක් ගබොස් ලේන් එකේ කඩේක පැයක් විතර පෝලිමේ ඉඳලා..ඒ ඩිංග රු 200/=.. මුන් මේ හිඟ ලබ්බවල් හොයන්න ගිහින් තේරුමක් නැතුව තන් තන් වල එකතුවෙලා ලෙඩ සම්බාවිතාව වැඩිකර ගන්නෝ..,0.8721
මුගේ අම්මට ******** හිටපිය *රියා. තෝ දුවන්නෙපා..  #IfJamesBondWasLankan,මුගේ අම්මට ******** හිටපිය *රියා. තෝ දුවන්නෙපා.. ඉෆ්ජමෙස්බෝන්ද්වස්ලන්කන්,0.8721
@USER  @USER    මේකා කොහොමද කතා කරේ.....පරයා..තව තේරිම් කාරක සභාවටත් දාලා අවජාතක පා හරයා..,මේකා කොහොමද කතා කරේ.....පරයා..තව තේරිම් කාරක සභාවටත් දාලා අවජාතක පා හරයා..,0.8721
අපිම ඉතිං නයි රෙද්ද අස්සට දාගත්තාම අපිටම කනව තමයි ඉතිං.   අපිම ඉත්තෑවෝ පුකට දා ගත්තාම පුකේ හැම තැනම උන් දුවනවා ඉතිං.  අපරාදේ කොයන්ඩ බෑ සාර සුභාවට හරිම සංතෝසයි ඉතිං.  හැබැයි ඉතිං කවුරු මොනා කලත් එයාලට හම්බවෙන්න ඕන දේවල් ටික පැක් කරලා දීනේ දාන්න විතරක් තියලා තියලා තියනවා ඉතිං.,අපිම ඉතිං නයි රෙද්ද අස්සට දාගත්තාම අපිටම කනව තමයි ඉතිං. අපිම ඉත්තෑවෝ පුකට දා ගත්තාම පුකේ හැම තැනම උන් දුවනවා ඉතිං. අපරාදේ කොයන්ඩ බෑ සාර සුභාවට හරිම සංතෝසයි ඉතිං. හැබැයි ඉතිං කවුරු මොනා කලත් එයාලට හම්බවෙන්න ඕන දේවල් ටික පැක් කරලා දීනේ දාන්න විතරක් තියලා තියලා තියනවා ඉතිං.,0.8716
බාබුල් සමග මොනරුන් වළදන       තටුවේ දෙසනා බණනොවෙ තලනා බන      දුටුවේ  දැරිවිය කෙලසු මහපොකුරක එක    නටුවේ විසිදහසකට ඇණවුම් කලඑක      කොටුවේ   විසිපන්දහේ බණ විකුණාගෙන    කොටුවේ කුණුහරැපයෙන් සාසනෙ කාගෙන නැටුවේ හිරිඇරගන්න අවජාතක උණ         කටුවේ ඇයි අවලමෝ පහලවෙ එකකට    කෙටුවේ  Copied,බාබුල් සමග මොනරුන් වළදන තටුවේ දෙසනා බණනොවෙ තලනා බන දුටුවේ දැරිවිය කෙලසු මහපොකුරක එක නටුවේ විසිදහසකට ඇණවුම් කලඑක කොටුවේ විසිපන්දහේ බණ විකුණාගෙන කොටුවේ කුණුහරැපයෙන් සාසනෙ කාගෙන නැටුවේ හිරිඇරගන්න අවජාතක උණ කටුවේ ඇයි අවලමෝ පහලවෙ එකකට කෙටුවේ Copied,0.8716
අනුරාධපුරේ උන් කටට කියන්නේ මැදවච්චිය කියලලු! URL This Tweet is unavailable.,අනුරාධපුරේ උන් කටට කියන්නේ මැදවච්චිය කියලලු! උර්ල් This Tweet ඉස unavailable.,0.8716
ජාතික කොඩිත් කන ලංකාෙවි පොන්න හැත්ත URL,ජාතික කොඩිත් කන ලංකාෙවි පොන්න හැත්ත උර්ල්,0.8716
ඒකත් මට අම්ම ලේස් ගැටගහගන්න බැරුව ගහල ගහල 7 වසරෙදි ඉගැන්නුවෙ,ඒකත් මට අම්ම ලේස් ගැටගහගන්න බැරුව ගහල ගහල 7 වසරෙදි ඉගැන්නුවෙ,0.8716
"උඹේ ජීවිතේ කෙනෙක් ඇති..  උඹව කවදාවත්ම දැකලා නැති, ඒත්, ඒකිගෙ මුලු ජීවිතේම  උඹ වුන කෙනෙක්...  උඹ ගැනම හොය හොය, කෑවද, කොහෙද ඉන්නේ, කාත් එක්කද යන්නෙ,  හැමවෙලේම අහන එකෙක්...  මේ දේවල් උඹට වදයක් වෙලා ඇති...  සමහරවිට උඹ හිතලම  ඒකිව මඟ අරිනවා ඇති....  ඒත් පොඩ්ඩක් හිතලා බලපන්,","උඹේ ජීවිතේ කෙනෙක් ඇති.. උඹව කවදාවත්ම දැකලා නැති, ඒත්, ඒකිගෙ මුලු ජීවිතේම උඹ වුන කෙනෙක්... උඹ ගැනම හොය හොය, කෑවද, කොහෙද ඉන්නේ, කාත් එක්කද යන්නෙ, හැමවෙලේම අහන එකෙක්... මේ දේවල් උඹට වදයක් වෙලා ඇති... සමහරවිට උඹ හිතලම ඒකිව මඟ අරිනවා ඇති.... ඒත් පොඩ්ඩක් හිතලා බලපන්,",0.8716
"අපේ අක්කා කොට ගවුමක් ඇදන් කොහේ හරි යන්න යද්දී අපේ අම්මම්මා          ""යකෝ සිප්පි දෙක හරියට වැහෙන්න ඇදුමක් ඇදන් පල""  එතකොට මම       ""මොකක්ද අම්මම්මේ සිප්පි දෙක"" ""පල හු#$ගේ පුතා මගෙ මුකුත් නාහා""""""","අපේ අක්කා කොට ගවුමක් ඇදන් කොහේ හරි යන්න යද්දී අපේ අම්මම්මා ""යකෝ සිප්පි දෙක හරියට වැහෙන්න ඇදුමක් ඇදන් පල"" එතකොට මම ""මොකක්ද අම්මම්මේ සිප්පි දෙක"" ""පල හු#$ගේ පුතා මගෙ මුකුත් නාහා""""""",0.8716
@USER බඩේ තඩි වලක් වෙන්න ඇති,බඩේ තඩි වලක් වෙන්න ඇති,0.8716
කෝච්චියේ හිටගෙන යනගමන් Espn Cricinfo app eka බල බල යනවා  ආහ් කෝ අර එකෙක් කිවුවා කොච්ච්යේ Free Wife දෙනවා කියලා   ආච්ච්ගේ රෙද්ද,කෝච්චියේ හිටගෙන යනගමන් එස්පං ච්රිචින්ෆෝ අප්ප එක බල බල යනවා ආහ් කෝ අර එකෙක් කිවුවා කොච්ච්යේ Free Wife දෙනවා කියලා ආච්ච්ගේ රෙද්ද,0.8716
මන් හරක් මස් කන්නේ නැති නිසා උඹ යහතින් ඉන්නවා කියලා හිතා ගනින්... නැත්තන් කනවා යකොව් මන් තොපි ඔක්කොම...   #SriLankanThreats,මන් හරක් මස් කන්නේ නැති නිසා උඹ යහතින් ඉන්නවා කියලා හිතා ගනින්... නැත්තන් කනවා යකොව් මන් තොපි ඔක්කොම... ස්රිලංකංථ්රෙඅත්ස,0.8711
අපෙ පොලිසිය තියන් ඉන්නේ වේවැල්ලක් ඉන්දියාවේ පොලිසිය ගාව තියෙන්නේ දෙකේ දෙකේ පොලු සයිස් එකේ තඩි පොල්ලක්..,අපෙ පොලිසිය තියන් ඉන්නේ වේවැල්ලක් ඉන්දියාවේ පොලිසිය ගාව තියෙන්නේ දෙකේ දෙකේ පොලු සයිස් එකේ තඩි පොල්ලක්..,0.8711
මයෙ රිමෙක මෙම්ම මයෙ සුරොපි ඇගලි ආරස්ස කොරන්ඩත් ඕනෙ.. මයෙ එක්ම දරොව වසයෙම් තෝ තමා භොල ..... කෝ උඩ නාන ලිදෙම් උනනවාද පලෙහා නාන ලිදෙම් උනනවාද...... උනල රීමෙක අරන් ඉතුරු සල්ලි වලිම් පා ගෙඩක් ඇන්න වරෙම් පුතෝ  බටර් පිරීලා බාට් නෝ පාං....,මයෙ රිමෙක මෙම්ම මයෙ සුරොපි ඇගලි ආරස්ස කොරන්ඩත් ඕනෙ.. මයෙ එක්ම දරොව වසයෙම් තෝ තමා භොල ..... කෝ උඩ නාන ලිදෙම් උනනවාද පලෙහා නාන ලිදෙම් උනනවාද...... උනල රීමෙක අරන් ඉතුරු සල්ලි වලිම් පා ගෙඩක් ඇන්න වරෙම් පුතෝ බටර් පිරීලා බාට් නෝ පාං....,0.8711
"එකියක් ඉන්නව..  ඒකිට කතා කරල පොඩ්ඩක් හිචි හිචි කච කච ගෑවම හිතට වදදෙන බඩකඩිත්තු , මුස්පේන්තුකම් කොහේ ගියාද නෑහ්..    කොටින්ම මෙහෙමයි..  ඔලුව විකාරෙන්ද ? ලෝකෙ නැති සමයං හිතෙනවද ?  දුන්නා මේකිට කෝල් එකක්.. හිතේ අමාරු කොහේ ගියාද නෑ..  ඔව් බන් අසමෝදගම් කැලේ  @USER","එකියක් ඉන්නව.. ඒකිට කතා කරල පොඩ්ඩක් හිචි හිචි කච කච ගෑවම හිතට වදදෙන බඩකඩිත්තු , මුස්පේන්තුකම් කොහේ ගියාද නෑහ්.. කොටින්ම මෙහෙමයි.. ඔලුව විකාරෙන්ද ? ලෝකෙ නැති සමයං හිතෙනවද ? දුන්නා මේකිට කෝල් එකක්.. හිතේ අමාරු කොහේ ගියාද නෑ.. ඔව් බන් අසමෝදගම් කැලේ",0.8711
@USER හක්ක පැනල  දිව ඇදුනා  අක්ක පස්ස එලියෙ දමා වැල හුලගට පැද්දෙන විට හිනාවක් ගියා මුක්කු කපන් මම එනකන් ඉදපන් බුදුඅක්කේ ඔහොමා... බඩේ වදිනවා,හක්ක පැනල දිව ඇදුනා අක්ක පස්ස එලියෙ දමා වැල හුලගට පැද්දෙන විට හිනාවක් ගියා මුක්කු කපන් මම එනකන් ඉදපන් බුදුඅක්කේ ඔහොමා... බඩේ වදිනවා,0.8711
@USER  @USER අසරණ බල්ලා පවු. දං ගෙඩියට බෙල්ල තියල වගේ ඉන්නෙ,අසරණ බල්ලා පවු. දං ගෙඩියට බෙල්ල තියල වගේ ඉන්නෙ,0.8711
"යුරෝපය යනු කොළෙන් පුක පිහිදා, සබන් දා අත හෝදන මහාද්වීපයකි ලංකාව යනු පනිට්ටුවෙන් පුක හෝදා පෝච්චියට වතුර නොගසන රටකි.. #lka #SriLanka #සිතුවිලි","යුරෝපය යනු කොළෙන් පුක පිහිදා, සබන් දා අත හෝදන මහාද්වීපයකි ලංකාව යනු පනිට්ටුවෙන් පුක හෝදා පෝච්චියට වතුර නොගසන රටකි.. ලක ශ්‍රීලංකා #සිතුවිලි",0.8711
@USER කණකරනං කොහොමත් රජයට දීල තියන්නෙ. ඉතුරු වෙලා තියන්නෙ පුක විතරයි,කණකරනං කොහොමත් රජයට දීල තියන්නෙ. ඉතුරු වෙලා තියන්නෙ පුක විතරයි,0.8711
@USER  @USER ටුවිට් එකේ හැමෝටම පේන්න එයාට දාන්න හොද නම් මම සුට්ටක් බැලුවම මක් වේද  ගල හොද නම් අබරන කහ මක් වෙර්ද කිව්වලු..,ටුවිට් එකේ හැමෝටම පේන්න එයාට දාන්න හොද නම් මම සුට්ටක් බැලුවම මක් වේද ගල හොද නම් අබරන කහ මක් වෙර්ද කිව්වලු..,0.8711
අම්බෝ maxwell අපිට ගහපු ගැහිල්ලට අපේ එව්න්ටනේ බං පිස්සු හැදෙන්න ඕනා.,අම්බෝ maxwell අපිට ගහපු ගැහිල්ලට අපේ එව්න්ටනේ බං පිස්සු හැදෙන්න ඕනා.,0.8711
"@USER එයාගෙ ආච්චිත් whatsapp ඉන්නව contact name නනා ""nana"" ඒකට අපේ අම්ම තාම nokiw 1280 එකෙන් එහාට use කරන්න දන්නෙ නෑ","එයාගෙ ආච්චිත් ව්හට්සාප්ප් ඉන්නව contact name නනා ""nana"" ඒකට අපේ අම්ම තාම නොකිව් 1280 එකෙන් එහාට use කරන්න දන්නෙ නෑ",0.8706
කෙල්ලො නිසා කොල්ලො විනාශ වෙන්නේ යම් සේද එලෙසම අපේ පුසත් විනාස්ග විය...කකුල් කඩන්...කණ් ඉරාගෙන...තුවල කරන්...පිස්සා වගේ,කෙල්ලො නිසා කොල්ලො විනාශ වෙන්නේ යම් සේද එලෙසම අපේ පුසත් විනාස්ග විය...කකුල් කඩන්...කණ් ඉරාගෙන...තුවල කරන්...පිස්සා වගේ,0.8706
ටික දවසකට කලින් කෑල්ලට බඩුව බඩුව කිව්ව එකා රිමාන්ඩ් ද බලපන් කෑල්ලගෙ බෙල්ල මිරිකලා,ටික දවසකට කලින් කෑල්ලට බඩුව බඩුව කිව්ව එකා රිමාන්ඩ් ද බලපන් කෑල්ලගෙ බෙල්ල මිරිකලා,0.8706
@USER  @USER මුස්ලිම් එවුන්ට පුක දීලා සුනන්දගෙ පුක ලොකු ඇති නේද...නාකි පකයා මේකා කෑගහන්නෙ NGO ඩොලර් වලට,මුස්ලිම් එවුන්ට පුක දීලා සුනන්දගෙ පුක ලොකු ඇති නේද...නාකි පකයා මේකා කෑගහන්නෙ නගෝ ඩොලර් වලට,0.8706
අම්මට 45ක් වගේ පෙනුම. දුවට 26ක් වගේ පෙනුම.. කඩේට ඇවිල්ල කියන ඒවට මට දෙන්න හිතුන හොම්බට හැටක්.  අම්ම කියනව අයිය කියල.. දුව කියනව මාම කියල.  මාර සමාජයක් නෙ මේක..  #ලකේපංකාව,අම්මට 45ක් වගේ පෙනුම. දුවට 26ක් වගේ පෙනුම.. කඩේට ඇවිල්ල කියන ඒවට මට දෙන්න හිතුන හොම්බට හැටක්. අම්ම කියනව අයිය කියල.. දුව කියනව මාම කියල. මාර සමාජයක් නෙ මේක.. #ලකේපංකාව,0.8706
මේ දැං බස් එකේ කැත වැඩක් කරල බල්ලෙක්. ක්ලචස් වලින් ඇවිදින අයිය කෙනෙක්ගේ පර්ස් එක උස්සල පාහරයෙක්. පව ඌට ඇඩිල වගේ. — feeling sad,මේ දැං බස් එකේ කැත වැඩක් කරල බල්ලෙක්. ක්ලචස් වලින් ඇවිදින අයිය කෙනෙක්ගේ පර්ස් එක උස්සල පාහරයෙක්. පව ඌට ඇඩිල වගේ. — feeling sad,0.8706
"@USER සාටකයො ලගින්වත් තියන්ඩ පුලුවන්ද මුන්ව. ඔකුන් හැදිගැවිලා ගිය දවසට තමා ලංකාවට හරියන්නේ.ආතල් එකට හැmනුන සමහර උන්ගේ ජාතකයක් නැතිව ඉපදිච්ච , රාජ පස්සලාගේ තවමත් පුක ලෙව කන ලොන්තයෝ එකක්ම හෙදිලා යන්න ඔනි.","සාටකයො ලගින්වත් තියන්ඩ පුලුවන්ද මුන්ව. ඔකුන් හැදිගැවිලා ගිය දවසට තමා ලංකාවට හරියන්නේ.ආතල් එකට හැmනුන සමහර උන්ගේ ජාතකයක් නැතිව ඉපදිච්ච , රාජ පස්සලාගේ තවමත් පුක ලෙව කන ලොන්තයෝ එකක්ම හෙදිලා යන්න ඔනි.",0.8706
සජිත් එන්නේ ගෝටත් එක්ක එකට ගෝටගේ ක්‍රමේට වැඩ කරන්න කියන්නේ..  යකෝ ගෙදර ගෑණි ඉන්දැද්දි පිට ගෑණුන්ට කියලා ලමයි හදා ගන්න තරං පිස්සුවක් ගෝටට නෑ මයේ හිතේ  #lka #Election2020,සජිත් එන්නේ ගෝටත් එක්ක එකට ගෝටගේ ක්‍රමේට වැඩ කරන්න කියන්නේ.. යකෝ ගෙදර ගෑණි ඉන්දැද්දි පිට ගෑණුන්ට කියලා ලමයි හදා ගන්න තරං පිස්සුවක් ගෝටට නෑ මයේ හිතේ ලක #Election2020,0.8701
@USER @USER  @USER උණ කටුව??? ඔයාට පිස්සු වගේ නෙවෙයි ඔයාට පිස්සු තමයි! මල් කරවලෙක්ට උණ කටුවක් කියන්නෙ??,උණ කටුව??? ඔයාට පිස්සු වගේ නෙවෙයි ඔයාට පිස්සු තමයි! මල් කරවලෙක්ට උණ කටුවක් කියන්නෙ??,0.8701
@USER බොරු කියන පොශ්වට ඇඳගත් හිඟන්නො..ඕකුන් අම්ම තාත්ත ලමයි විකුනගෙන කාල මිනිස්සුන්ගෙ තුට්ටු දෙකට කෙලෝල හැන්දෑවට සැපට ගංජ කුඩු කසිප්පු ගහනෝ කියල රියදුරු කීවෙ.. මාත් රියදුරුගෙ වැඩේට මනාපයි..බහුතරේ ගල්කෙප්ප කෙලින්නේ..,බොරු කියන පොශ්වට ඇඳගත් හිඟන්නො..ඕකුන් අම්ම තාත්ත ලමයි විකුනගෙන කාල මිනිස්සුන්ගෙ තුට්ටු දෙකට කෙලෝල හැන්දෑවට සැපට ගංජ කුඩු කසිප්පු ගහනෝ කියල රියදුරු කීවෙ.. මාත් රියදුරුගෙ වැඩේට මනාපයි..බහුතරේ ගල්කෙප්ප කෙලින්නේ..,0.8701
@USER  @USER    ඔය එක එකාගේ දෙශපාලන උවමනා වලට බොරු පතුරවන ස්වාධීන  මාධ්‍ය වේදියෝ කියා ගන්න වේස ගෑණු නං ගහලා රටෙං පන්නන්න ඕන. නැද්ද හා..,ඔය එක එකාගේ දෙශපාලන උවමනා වලට බොරු පතුරවන ස්වාධීන මාධ්‍ය වේදියෝ කියා ගන්න වේස ගෑණු නං ගහලා රටෙං පන්නන්න ඕන. නැද්ද හා..,0.8701
"Peliyagoda Expressway exit එකේම එකෙක් උඩ නැගල දෙකට නැමිල බෝඩ් එකක් හදනවා, එන වාහන සේරටම පුක පෙන්නගෙන. එතන සහයට ඉන්න එකෙක්වත් උට ඒක කියන්නෙත් නෑ.  උදේ පාන්දර ඉරවල් දෙකයි.","පෙලියගොඩ Expressway exit එකේම එකෙක් උඩ නැගල දෙකට නැමිල බෝඩ් එකක් හදනවා, එන වාහන සේරටම පුක පෙන්නගෙන. එතන සහයට ඉන්න එකෙක්වත් උට ඒක කියන්නෙත් නෑ. උදේ පාන්දර ඉරවල් දෙකයි.",0.8701
සිස්සත්ත්වෙ ලේසි. Physics කෑල්ල පොඩ්ඩක් අමාරු උනා.,සිස්සත්ත්වෙ ලේසි. Physics කෑල්ල පොඩ්ඩක් අමාරු උනා.,0.8701
"යකෝ ලංකාවෙ පට්ට #කඩු තොගයක්නෙ තිබිල තියෙන්නෙ   හිනා යනව ඕයි news වලට එක දිගට කියන් යනව , මෙහෙන් කඩු මෙච්චරයි අරහෙන් කඩු මෙච්චරයි කිය කිය","යකෝ ලංකාවෙ පට්ට #කඩු තොගයක්නෙ තිබිල තියෙන්නෙ හිනා යනව ඕයි news වලට එක දිගට කියන් යනව , මෙහෙන් කඩු මෙච්චරයි අරහෙන් කඩු මෙච්චරයි කිය කිය",0.8701
මේ හෙන ගහන වැස්සේ කෝපී බොන්ඩ බෑ ඩේසි වැල්පෙනෙල කෝප්පයක් වගේනං හා,මේ හෙන ගහන වැස්සේ කෝපී බොන්ඩ බෑ ඩේසි වැල්පෙනෙල කෝප්පයක් වගේනං හා,0.8701
@USER පුක උඩ දාගන හොඳටම campaign කරේ ඔයාල නේ මිනිස්සුන්ගේ ඔලුව හොඳන නාලිකාව Derana,පුක උඩ දාගන හොඳටම campaign කරේ ඔයාල නේ මිනිස්සුන්ගේ ඔලුව හොඳන නාලිකාව දෙරණ,0.8701
@USER විෂ ගල ලේසතිකරල තියාගන්න උරච්චි කරල ගන්න පුලාන්,විෂ ගල ලේසතිකරල තියාගන්න උරච්චි කරල ගන්න පුලාන්,0.8701
||#ගල පෙන්න කොටට ඇදලා ගලට #මලක් දාලා වහන #කෙල්ලෝනම් සාපයක් ||,||#ගල පෙන්න කොටට ඇදලා ගලට #මලක් දාලා වහන #කෙල්ලෝනම් සාපයක් ||,0.8701
මොරා මගේ මනුස්සයා. #හපුටි  මොරා තෝ මට බොරු කරා.වංචා කරා..තෝ අපි දෙන්නටම හොයා ගත්තේ මේ හපුටිද?,මොරා මගේ මනුස්සයා. #හපුටි මොරා තෝ මට බොරු කරා.වංචා කරා..තෝ අපි දෙන්නටම හොයා ගත්තේ මේ හපුටිද?,0.8701
@USER  @USER හිතන්නවත් එපා  හෙන ගහනව.හොයාගෙන එයි,හිතන්නවත් එපා හෙන ගහනව.හොයාගෙන එයි,0.8697
ගෙදර මිනිස්සුන්ට(නංගි හැර)මොකක් හරි කියල තේරැම් කරනවාට වඩා ලේසී කටටයි පුකටයි කිරල ඇබ දෙකක් ගහගෙන දංඕව්ට පාලමෙන් පල්ලෙහා කුණු ඇලට පනිනව  ප.ලි-@USER දැන් තෝ මේක ගෙදරට කියල තිබ්බොත් උබවත් දානවා එතනින් පල්ලෙහාට,ගෙදර මිනිස්සුන්ට(නංගි හැර)මොකක් හරි කියල තේරැම් කරනවාට වඩා ලේසී කටටයි පුකටයි කිරල ඇබ දෙකක් ගහගෙන දංඕව්ට පාලමෙන් පල්ලෙහා කුණු ඇලට පනිනව ප.ලි- දැන් තෝ මේක ගෙදරට කියල තිබ්බොත් උබවත් දානවා එතනින් පල්ලෙහාට,0.8696
"මෝහිනී ළමය අරන් ඇව්ත්,ළමයා වඩා ගන්න රෙද්ද හදාගන්න කිව්වම චතුර කියල තියෙනවා ""Bitch pls මගේ සරම හදන්න"" කියලා  #Chathura_Facts","මෝහිනී ළමය අරන් ඇව්ත්,ළමයා වඩා ගන්න රෙද්ද හදාගන්න කිව්වම චතුර කියල තියෙනවා ""Bitch ප්ලස් මගේ සරම හදන්න"" කියලා #Chathura_Facts",0.8696
@USER ටයි එක කෝට් එක කලිසම  සපත්තු දෙක මේස් දෙක සුද්දගේ .. ඈ බොල තෝ යටට ඇදලා නැද්ද එහෙම නැත්තම්  මහ එකාගේ සාඨකෙන්ද අබුඩෙ ගහගෙන ඉන්නේ? මෙහෙමත් මීහරක් මේ රටේ ඉනිනවනේ ජනතාව ගොං කියලා හිතන!,ටයි එක කෝට් එක කලිසම සපත්තු දෙක මේස් දෙක සුද්දගේ .. ඈ බොල තෝ යටට ඇදලා නැද්ද එහෙම නැත්තම් මහ එකාගේ සාඨකෙන්ද අබුඩෙ ගහගෙන ඉන්නේ? මෙහෙමත් මීහරක් මේ රටේ ඉනිනවනේ ජනතාව ගොං කියලා හිතන!,0.8696
"@USER අදාල එකාට දාපු ට්වීට් එක පහළ ලිංක් එකේ ඇති. ගිහිං බලපං ඌ ලොවෙත් නෑ.  උබ කියපු එක හරි. කොටිම්ම මේව වැඩක් නෑ. එදත් ආතල් ගන්නව, අදත් ආතල් ගන්නව හෙටත් ආතල් ගන්නව. හැබැයි ඔය වැගේ චැට් වල හැමිනිනෙ පොන්න පකයලා අදාලම නෑ. මහසොහොන් @USER  · 17 Dec 2019 රැහේ එකෙකුට වචෙනෙකිං හරි මොනා හරි කියනවා දැක්කාම එලි බහින උබල වගේ උන් ඉන්නකල් බය නෑ @USER බ්‍රෝ.  මට යාළුවෝ නෑ කිව්වනේ. අරකි @USER ලගින් ගියත් ආප්ප හැන්දෙන් ගලවන්න වෙනව කිව්වනේ.  ඉදා උබම ගලෝ ගනින් දැන් ආප්ප හැන්දෙන්. ඕකටනේ නැටුවෙ.  #ඇරි_සෝනා #ලකේ_පුයිට්  twitter.com/Chandu_origina…","අදාල එකාට දාපු ට්වීට් එක පහළ ලිංක් එකේ ඇති. ගිහිං බලපං ඌ ලොවෙත් නෑ. උබ කියපු එක හරි. කොටිම්ම මේව වැඩක් නෑ. එදත් ආතල් ගන්නව, අදත් ආතල් ගන්නව හෙටත් ආතල් ගන්නව. හැබැයි ඔය වැගේ චැට් වල හැමිනිනෙ පොන්න පකයලා අදාලම නෑ. මහසොහොන් · 17 දෙක් 2019 රැහේ එකෙකුට වචෙනෙකිං හරි මොනා හරි කියනවා දැක්කාම එලි බහින උබල වගේ උන් ඉන්නකල් බය නෑ බ්‍රෝ. මට යාළුවෝ නෑ කිව්වනේ. අරකි ලගින් ගියත් ආප්ප හැන්දෙන් ගලවන්න වෙනව කිව්වනේ. ඉදා උබම ගලෝ ගනින් දැන් ආප්ප හැන්දෙන්. ඕකටනේ නැටුවෙ. #ඇරි_සෝනා #ලකේ_පුයිට් twitter.com/Chandu_origina…",0.8696
@USER එ් ඉතින් වීස හම්බුනොත් නේ! එ්කටත් ගියපු භාගෙට භාගයක් හොර කරපු නිසාත් එතන ඔලුවෙන් හිටගෙන රගන්න ඕනේ යන්නත් වීස එකක් ගන්න! අන්තිමට ඉතින් අාඩම්බර වෙන්න තමා තියෙන්නේ! පුක තමා!!,එ් ඉතින් වීස හම්බුනොත් නේ! එ්කටත් ගියපු භාගෙට භාගයක් හොර කරපු නිසාත් එතන ඔලුවෙන් හිටගෙන රගන්න ඕනේ යන්නත් වීස එකක් ගන්න! අන්තිමට ඉතින් අාඩම්බර වෙන්න තමා තියෙන්නේ! පුක තමා!!,0.8696
තොගේ ගොං๬ මෝඩ කම් නම් මේ #colombo හරියන්නේ නැ,තොගේ ගොං๬ මෝඩ කම් නම් මේ චොලොම්බෝ හරියන්නේ නැ,0.8696
ඉන්න ගමන් පොඩ්ඩක් ඇරලා බලපං ඇස්දෙක මචං.. මේ මම දිරවපු කෑම යකෝ උඹ කන්නේ ලෙව.. #Sanuka #OluwaWikarai #DissDiss #වෙනස්බූට්සින්දුවක්,ඉන්න ගමන් පොඩ්ඩක් ඇරලා බලපං ඇස්දෙක මචං.. මේ මම දිරවපු කෑම යකෝ උඹ කන්නේ ලෙව.. සනුක ඔලුවවිකරි දිස්ස්දිස්ස් #වෙනස්බූට්සින්දුවක්,0.8696
@USER  @USER රාජපක්සලගේ බෙට්ටට පවා වැඳං ඉන්න එවුං හිතං ඉන්නේ රාජපස්සලාගේ පුක ලෙවකන එක තමා “රටට ආදරේ කරනවා” කියන්නේ කියලා.,රාජපක්සලගේ බෙට්ටට පවා වැඳං ඉන්න එවුං හිතං ඉන්නේ රාජපස්සලාගේ පුක ලෙවකන එක තමා “රටට ආදරේ කරනවා” කියන්නේ කියලා.,0.8696
"@USER  @USER    ජීවිතේට දැකලා නෑ උඹ වගේ සක්කිලි වැසිගෙ පුතෙක්, පුලුවන් නම් උඹෙ අම්මාවත් රාජපක්ශ හුකන්න ඇහුවොත් දිපන්","ජීවිතේට දැකලා නෑ උඹ වගේ සක්කිලි වැසිගෙ පුතෙක්, පුලුවන් නම් උඹෙ අම්මාවත් රාජපක්ශ හුකන්න ඇහුවොත් දිපන්",0.8696
@USER ඒ එයාලගෙ කට නිකම් පුක වගේ නිසා,ඒ එයාලගෙ කට නිකම් පුක වගේ නිසා,0.8696
@USER උබේ කටට මසුරන් දාන්න ඕන බම්.ඔහොම කියන්නෙ අපි අවසානෙ වැරැද්ද බාරගන්නවා කියල දැනගෙන.අපි අන්තිමේ ගොනා වෙලා,උබේ කටට මසුරන් දාන්න ඕන බම්.ඔහොම කියන්නෙ අපි අවසානෙ වැරැද්ද බාරගන්නවා කියල දැනගෙන.අපි අන්තිමේ ගොනා වෙලා,0.8696
උදේ ඉඳන් වහිනව වහිනව ඉවරයක් නෑ. තඩි කුඩයක් අරං පාරට බැස්සම එක වැහිපොදක් නෑ.  #ලකේපංකාව,උදේ ඉඳන් වහිනව වහිනව ඉවරයක් නෑ. තඩි කුඩයක් අරං පාරට බැස්සම එක වැහිපොදක් නෑ. #ලකේපංකාව,0.8696
"@USER @USER  ඈ බන් මාල හොරෝ, උඹේ‍ මාල කඩන සගයන්ට සහන දෙන්න ඔනෙ නිසාද මෙහෙම යෝජනා ගේන්නේ? මෝඩ හරකා. ඉස්සෙල්ලා තෝ පල බයිසිකලෙන් කනත්තට.","ඈ බන් මාල හොරෝ, උඹේ‍ මාල කඩන සගයන්ට සහන දෙන්න ඔනෙ නිසාද මෙහෙම යෝජනා ගේන්නේ? මෝඩ හරකා. ඉස්සෙල්ලා තෝ පල බයිසිකලෙන් කනත්තට.",0.8696
"ඥානසාර හිමි ""අල්ලාගේ ලබ්බ"" කියලා කිව්වා - පොලිස් සහන මැදිරියට පැමිණිලි තොග පිටින් වැටේ - Colombo Today URL","ඥානසාර හිමි ""අල්ලාගේ ලබ්බ"" කියලා කිව්වා - පොලිස් සහන මැදිරියට පැමිණිලි තොග පිටින් වැටේ - චොලොම්බෝ Today උර්ල්",0.8696
උබට අනුන්ගෙ පු* වල් නැතුවම බැ වාගේ  Ranuka® @USER  · 1 Sep 2016 @USER ගෙ පු* සුදුද ?? cc @USER  #QuestionsOnTweeps,උබට අනුන්ගෙ පු* වල් නැතුවම බැ වාගේ රනුක · 1 සේප 2016 ගෙ පු* සුදුද ?? ක්ක කුඑස්තිඔන්සොන්ත්වෙඑප්ස,0.8696
@USER යකෝ අර ළං අැතුලේ හැදෙන්නෙ කොලේ දිග පඳුරක්? මෙහේ එ්කම Potted විකුණනවා 10USD,යකෝ අර ළං අැතුලේ හැදෙන්නෙ කොලේ දිග පඳුරක්? මෙහේ එ්කම Potted විකුණනවා 10USD,0.8696
මුගෙ අම්මට යකෝ.... ජොලියට ගහලා කරුමෙට හිටපු පකෙක්ද කොහෙද මූ.... මූව නම් තියන්න වටින්නේ නෑ... මං යන පරකදිවත්... URL,මුගෙ අම්මට යකෝ.... ජොලියට ගහලා කරුමෙට හිටපු පකෙක්ද කොහෙද මූ.... මූව නම් තියන්න වටින්නේ නෑ... මං යන පරකදිවත්... උර්ල්,0.8691
යකෝ දන්නවනම් කොලඹ උන් පපඩම් කන්න මෙච්චර ආසයි කියල taco bell දාන්න කලින් මටත් දාගන්න තිබ්බා පපඩම් කඩයක්.,යකෝ දන්නවනම් කොලඹ උන් පපඩම් කන්න මෙච්චර ආසයි කියල ටචෝ bell දාන්න කලින් මටත් දාගන්න තිබ්බා පපඩම් කඩයක්.,0.8691
රන්ජන් වැනි බොරු කියන ඈයෝ තවත් සිටීද? තල් අත්තට බොරළුගසා පඩ හඬ යටපත් කල හැකිද? (සද්දෙ ඇහුනෙ නැත්නම් තව ටිකකින් ගඳ ඒවි - පොල් කරූ ගෙ ගෑණි),රන්ජන් වැනි බොරු කියන ඈයෝ තවත් සිටීද? තල් අත්තට බොරළුගසා පඩ හඬ යටපත් කල හැකිද? (සද්දෙ ඇහුනෙ නැත්නම් තව ටිකකින් ගඳ ඒවි - පොල් කරූ ගෙ ගෑණි),0.8691
ස්කෝ‌ප්ප ආ‌සිය එක්කල රුවිත හේර එහෙම ළඟින්ම ඇ‌දල උඹ මට උඩ තියල කො‌ලේ වහල ඇ‌ද්දට කමක් නෑ තුරැම්පු ඉවර වුනාම පො‌ඩි... URL,ස්කෝ‌ප්ප ආ‌සිය එක්කල රුවිත හේර එහෙම ළඟින්ම ඇ‌දල උඹ මට උඩ තියල කො‌ලේ වහල ඇ‌ද්දට කමක් නෑ තුරැම්පු ඉවර වුනාම පො‌ඩි... උර්ල්,0.8691
සෙම් එකපටන්ගත්තගමන් හැමතැනම රස්තා ගහනවා කරන්න වැඩකුත් නෑ මැදක් යද්දි තමා වැඩගොඩගැහිල පුක රත් වෙන්නෙ,සෙම් එකපටන්ගත්තගමන් හැමතැනම රස්තා ගහනවා කරන්න වැඩකුත් නෑ මැදක් යද්දි තමා වැඩගොඩගැහිල පුක රත් වෙන්නෙ,0.8691
මූ නම් මහ අමන පාදඩ තුප්පහි සක්කිලි අවජාතක තිරිසන් හොරෙන්.සේරම හොරකන් කරන්න ඇත්තෙ මේකා තමා.ඒකනෙ පැරදුන ගමන් රට... URL,මූ නම් මහ අමන පාදඩ තුප්පහි සක්කිලි අවජාතක තිරිසන් හොරෙන්.සේරම හොරකන් කරන්න ඇත්තෙ මේකා තමා.ඒකනෙ පැරදුන ගමන් රට... උර්ල්,0.8691
@USER  @USER අම්මට ගින්න දෙන්නම් මං තෝ කැම්පස් ගිහින් QUOTE ගගහා ඉන්නවා කියලා,අම්මට ගින්න දෙන්නම් මං තෝ කැම්පස් ගිහින් QUOTE ගගහා ඉන්නවා කියලා,0.8691
පෙති ගසල සුදිය දාන ගමන් වේස නිරූපණ සිල් පිනියන්ට ඕන ලෙසට පාසල් දරුවන්ව අව්වේ පුච්චවා ..ජෝඩුවගේ රෙද්ද උස්සපු... URL,පෙති ගසල සුදිය දාන ගමන් වේස නිරූපණ සිල් පිනියන්ට ඕන ලෙසට පාසල් දරුවන්ව අව්වේ පුච්චවා ..ජෝඩුවගේ රෙද්ද උස්සපු... උර්ල්,0.8687
හා හා ඔය යහපාලන #srilanka #police ඔය ඇරගෙන තියෙන්නේ දෙකට නැවිලා. ඔන්න  @USER  තම්පිකලාගේ සුදු සරම් සිංහල ජාතිවාදයේ හෙළුව. බඩු ගහ......... ගියාට අපිට මොකෝ එත් මෝල වැඩි කමට මේ රටේ කොල්ලෝ ටික මරාගෙන කන්නේ නැතිව. මුන්ටම ගැලපෙන ගොන් නිලියෝ ටිකකුත් ඉන්නවානේ මේ රටේ  @USER,හා හා ඔය යහපාලන ශ්‍රීලංකා #police ඔය ඇරගෙන තියෙන්නේ දෙකට නැවිලා. ඔන්න තම්පිකලාගේ සුදු සරම් සිංහල ජාතිවාදයේ හෙළුව. බඩු ගහ......... ගියාට අපිට මොකෝ එත් මෝල වැඩි කමට මේ රටේ කොල්ලෝ ටික මරාගෙන කන්නේ නැතිව. මුන්ටම ගැලපෙන ගොන් නිලියෝ ටිකකුත් ඉන්නවානේ මේ රටේ,0.8687
ගමේ ඇන්ටි කෙනෙක් ඉන්නවා ඒකි හිතන් ඉන්නේ තාම ඒකි වර්ජින්...  ලමයි දෙන්නත් ඒකිගේ නංගිලා කියලා...,ගමේ ඇන්ටි කෙනෙක් ඉන්නවා ඒකි හිතන් ඉන්නේ තාම ඒකි වර්ජින්... ලමයි දෙන්නත් ඒකිගේ නංගිලා කියලා...,0.8687
"උම්බ ඒකට කියන්නේ පුක දෙනවා කියලාද? අනික මගෙ පුක එකිට දෙන්න ඒකි කොල්ලෝ ගහනවාද?අනික කොහෙවත් යන එවුන් මට පලල් කරන්න ඕනත් නෑ... මේකේ ඉන්න ඔයිට වඩා කෑලි මට පලල් කරලත් තියෙනවා, තෝ වගේ රිලා පැටියෙක්ට පලල් කරේ නැති උනාට..","උම්බ ඒකට කියන්නේ පුක දෙනවා කියලාද? අනික මගෙ පුක එකිට දෙන්න ඒකි කොල්ලෝ ගහනවාද?අනික කොහෙවත් යන එවුන් මට පලල් කරන්න ඕනත් නෑ... මේකේ ඉන්න ඔයිට වඩා කෑලි මට පලල් කරලත් තියෙනවා, තෝ වගේ රිලා පැටියෙක්ට පලල් කරේ නැති උනාට..",0.8687
@USER කෝලිගේ බාබර් ගේ රෙකොඩ්  පොඩිය කඩනවා කුසල් දවසක අතගෙන කොඩිය බලපන් එතකොට දානව තෝ පහලට පඩිය පලයං කුස්සියට උඹදන්නවා ඉටි ගෙඩිය,කෝලිගේ බාබර් ගේ රෙකොඩ් පොඩිය කඩනවා කුසල් දවසක අතගෙන කොඩිය බලපන් එතකොට දානව තෝ පහලට පඩිය පලයං කුස්සියට උඹදන්නවා ඉටි ගෙඩිය,0.8687
පුක හින්දා හිරේ ගියපු උනුත් මැරෙන්න කලින් ගොඩක් උන්ට බලාගන්න පුලුවන්..  ඉතිරි වෙන උන්ගේ ආච්චිලා සියියලා වෙලා උන්ගේ ලමයින්ගේ පොඩි උන්ට පැහැදිලි කරනකොට තමයි උන්ගේ පුක ඉරෙන්නේ,පුක හින්දා හිරේ ගියපු උනුත් මැරෙන්න කලින් ගොඩක් උන්ට බලාගන්න පුලුවන්.. ඉතිරි වෙන උන්ගේ ආච්චිලා සියියලා වෙලා උන්ගේ ලමයින්ගේ පොඩි උන්ට පැහැදිලි කරනකොට තමයි උන්ගේ පුක ඉරෙන්නේ,0.8687
@USER කොට පප්පද? බඩ පප්පද? නාකි පප්පද? තාච්චි පප්පද? සිංදු කියල ගුටිකන පප්පද අඳුනන්නෙ ? :3,කොට පප්පද? බඩ පප්පද? නාකි පප්පද? තාච්චි පප්පද? සිංදු කියල ගුටිකන පප්පද අඳුනන්නෙ ? :3,0.8687
මට තියෙන පුදුමේ 300 ක් මැරුණ වෙලාවේ මේ අක්කලා පුක මූට්ටු කරන් ඉදලා ඇයි මේ එක පාරටම පළල් කරන්නේ කියල. Njb Sri Lanka (Kuwait ) @USER  · 22 Dec 2020,මට තියෙන පුදුමේ 300 ක් මැරුණ වෙලාවේ මේ අක්කලා පුක මූට්ටු කරන් ඉදලා ඇයි මේ එක පාරටම පළල් කරන්නේ කියල. න්ජ්බ් Sri ලංකා කුවෛට් ) · 22 දෙක් 2020,0.8687
@USER ගෝටාගේ පුක ලෙව කාලා දැන් ගෝටා රෙන්නෙත් මුගේ කටින්,ගෝටාගේ පුක ලෙව කාලා දැන් ගෝටා රෙන්නෙත් මුගේ කටින්,0.8687
Bro code- Free නැත්නම් ඌට ගෑණිගෙන් කන්න වෙන්නේ අපි අහන ප්‍රශ්න ඒකි දැක්කොත්,බ්‍රෝ code- Free නැත්නම් ඌට ගෑණිගෙන් කන්න වෙන්නේ අපි අහන ප්‍රශ්න ඒකි දැක්කොත්,0.8687
@USER  @USER    කෙල්ල love නම් room අරන් පලයන්,කෙල්ල love නම් room අරන් පලයන්,0.8687
@USER @USER  හෙන ගහලා අකුලොලාම පලයන්,හෙන ගහලා අකුලොලාම පලයන්,0.8685
@USER හරකට කටින් කියලා හරියන්නෑ shot එකක් දෙන්නම වෙනවා,හරකට කටින් කියලා හරියන්නෑ shot එකක් දෙන්නම වෙනවා,0.8683
මේ ඩ්‍රාමා ඉවරවෙනකන් කට පුක වහන් ඉන්නෝන,මේ ඩ්‍රාමා ඉවරවෙනකන් කට පුක වහන් ඉන්නෝන,0.8682
"වැසි වසීවි,සුලි සුලන් ඒවි,ගංගා ඇල දොල වල් උතුරාවී      ඒත් රිසාල්ට් එනව සත්තයි","වැසි වසීවි,සුලි සුලන් ඒවි,ගංගා ඇල දොල වල් උතුරාවී ඒත් රිසාල්ට් එනව සත්තයි",0.8682
තොට ඇත්තන ඇට කැවිලද ගොං වස්සියෙ කොටි බෝම්බ ගහල මිනිස්සු මරනකොට උඹ හිටියෙ රුවන් තොටිල්ලෙද බොල URL,තොට ඇත්තන ඇට කැවිලද ගොං වස්සියෙ කොටි බෝම්බ ගහල මිනිස්සු මරනකොට උඹ හිටියෙ රුවන් තොටිල්ලෙද බොල උර්ල්,0.8682
"කෑමක් උයාගන්න බැරි කොල්ලෙක්ව හරි කෙල්ලෙක්ව හරි බදිනවා කියන්නේ, පස්ස හෝදා ගන්න බැරි අත දරුවෙක්ව බදිනවා වගේ වැඩක්. උන්ව බදින්න එපා. අම්මත් එක්කම තියන්න.","කෑමක් උයාගන්න බැරි කොල්ලෙක්ව හරි කෙල්ලෙක්ව හරි බදිනවා කියන්නේ, පස්ස හෝදා ගන්න බැරි අත දරුවෙක්ව බදිනවා වගේ වැඩක්. උන්ව බදින්න එපා. අම්මත් එක්කම තියන්න.",0.8682
අන්නරූ ලබ්බ හම් කෑල්ලකින් වහගෙන.. ඒ මදිවට ඌ ගෑනිට උකන්නෙත් දැං ගුහාවෙ හැංගිල..මුන් මේ අපෙ මානව වරිගෙ දැලිගානව.. සාපියන් පරම්පරා නම කැතකරනව..  මුලින්ම ඇඳුම් ඇඳ රහසේ සෙස් කරන්නට ගිය මානවයින්ට අනෙක් උන්ගෙන් එසේ කෛ කතන්දර අහන්නට සිද්ද වෙන්නට ඇත..,අන්නරූ ලබ්බ හම් කෑල්ලකින් වහගෙන.. ඒ මදිවට ඌ ගෑනිට උකන්නෙත් දැං ගුහාවෙ හැංගිල..මුන් මේ අපෙ මානව වරිගෙ දැලිගානව.. සාපියන් පරම්පරා නම කැතකරනව.. මුලින්ම ඇඳුම් ඇඳ රහසේ සෙස් කරන්නට ගිය මානවයින්ට අනෙක් උන්ගෙන් එසේ කෛ කතන්දර අහන්නට සිද්ද වෙන්නට ඇත..,0.8682
බයෝ එක බලන එකාට හෙන ගහල අකුලොලම පල ..  #SriLankanBiosBeLike,බයෝ එක බලන එකාට හෙන ගහල අකුලොලම පල .. ස්රිලංකංබිඔස්බෙලිකෙ,0.8682
@USER @USER  උඹ මේ පයියක් කතාකරනවා.තිබ්බ පකේ තමා දාගත්තේ. #පයිටෝක්ස් #බන්ධුල,උඹ මේ පයියක් කතාකරනවා.තිබ්බ පකේ තමා දාගත්තේ. #පයිටෝක්ස් #බන්ධුල,0.8677
හායි බේබිස්  හෙන  අහින්සකයි නේ මන්  ඇහැ දිහයි  තොල දිහයි   ලපේ දිහයි  බලන්න එපා  හා ද?   #dp,හායි බේබිස් හෙන අහින්සකයි නේ මන් ඇහැ දිහයි තොල දිහයි ලපේ දිහයි බලන්න එපා හා ද? දප්,0.8677
"උඹයි මමයි දෙන්නම ඉපදුනේ, තාත්තෙකුට දාව අම්මෙකුගෙ බඩේ නම්, උඹත් මැරෙනව නම්, මමත් මැරෙනව නම්, මම මොකටද ? උඹේ ලොකුකම් බලන්නේ උඹ මොකටද ? මගෙ ලොකුකම් බලන්නේ උඹ සුදු ඇති , මම කළු ඇති උඹට සල්ලි ඇති, මට නැතුව ඇති, හැබැයි උඹයි මමයි කවදහරි මේ පොළවට පස් වෙනවා යතාර්ථය දැකපන් නිහතමානි වෙයන්","උඹයි මමයි දෙන්නම ඉපදුනේ, තාත්තෙකුට දාව අම්මෙකුගෙ බඩේ නම්, උඹත් මැරෙනව නම්, මමත් මැරෙනව නම්, මම මොකටද ? උඹේ ලොකුකම් බලන්නේ උඹ මොකටද ? මගෙ ලොකුකම් බලන්නේ උඹ සුදු ඇති , මම කළු ඇති උඹට සල්ලි ඇති, මට නැතුව ඇති, හැබැයි උඹයි මමයි කවදහරි මේ පොළවට පස් වෙනවා යතාර්ථය දැකපන් නිහතමානි වෙයන්",0.8677
@USER යකෝ කාලා බීල හිටහන් නැතන් ගෑස් හැදිල නින්ද න්නතිව විශාදිය හැදිල අම්මෝ  එහෙම කරන්න එපා අපෙ දෙයොයෝ,යකෝ කාලා බීල හිටහන් නැතන් ගෑස් හැදිල නින්ද න්නතිව විශාදිය හැදිල අම්මෝ එහෙම කරන්න එපා අපෙ දෙයොයෝ,0.8677
@USER තෝ වෙඩින් වලට ගිහින් බීලා බීලා ඩවුන් නෙහ්. රෑ මම හෙව්වා තෝව. පේන්ඩ හිටියේ නෑ,තෝ වෙඩින් වලට ගිහින් බීලා බීලා ඩවුන් නෙහ්. රෑ මම හෙව්වා තෝව. පේන්ඩ හිටියේ නෑ,0.8677
උඹේ ගමේ උඹ     #රියෙක් මගේ ගමේ මම     #රියෙක් පොල්ස් කිටක් දැක්ක ගමන් දුවනවා උඹ සේ      නරියෙක්  #කොරන්ටයින්වයිබ්ස්  ටිකක් හිනාවෙලා පිට්ටෙකේ හිටාල්ලා මේ ටිකේ. ප්‍රතිශක්තිය වත් වැඩි වෙන්න. කොරෝනා කියලා අපිට පාන්ද  කටින් රඟන ගස් ගෝතයට විතරක් වදින්න කවිය දැම්මෙ,උඹේ ගමේ උඹ #රියෙක් මගේ ගමේ මම #රියෙක් පොල්ස් කිටක් දැක්ක ගමන් දුවනවා උඹ සේ නරියෙක් #කොරන්ටයින්වයිබ්ස් ටිකක් හිනාවෙලා පිට්ටෙකේ හිටාල්ලා මේ ටිකේ. ප්‍රතිශක්තිය වත් වැඩි වෙන්න. කොරෝනා කියලා අපිට පාන්ද කටින් රඟන ගස් ගෝතයට විතරක් වදින්න කවිය දැම්මෙ,0.8677
යකෝ.... Lankadeepa @USER  · 28 Sep 2020 අනියම් බිරියට පොරොවෙන් කොටා කෑලිකපා පුච්චා ඇටකටු මාඔයට දාලා   URL,යකෝ.... ලංකාදීප · 28 සේප 2020 අනියම් බිරියට පොරොවෙන් කොටා කෑලිකපා පුච්චා ඇටකටු මාඔයට දාලා උර්ල්,0.8672
ටහුඩු ඒක Sailor @USER  · 9 Dec 2018 Apple කියන්නේ ආගමක් ලු  වැටිලා ඩිස්ප්ලේ එක ගියොත් තියන්න වෙන්නේ බෝදි පුජාතමයි  #Apple #ආගමක්,ටහුඩු ඒක Sailor · 9 දෙක් 2018 Apple කියන්නේ ආගමක් ලු වැටිලා ඩිස්ප්ලේ එක ගියොත් තියන්න වෙන්නේ බෝදි පුජාතමයි #Apple #ආගමක්,0.8672
මැතිවණය ප්‍රකාශයට පත් කරන්නත් කලින් ඉඳන් draft කරගෙන තිබුන tweet එක   පෝලිමේ වේලි වේලි  බඩ තඩි හැකර කටවල් තියෙන  ඇත්තොන්ගේ  සාක්කු පෝසත් කරන්න  කතිරෙ ගහන්න යනවට වඩා හොදයි  වැඩක් බලාගෙන  ගෙදරට වෙලා ඉන්නවා  #SriLankaElections2020,මැතිවණය ප්‍රකාශයට පත් කරන්නත් කලින් ඉඳන් draft කරගෙන තිබුන tweet එක පෝලිමේ වේලි වේලි බඩ තඩි හැකර කටවල් තියෙන ඇත්තොන්ගේ සාක්කු පෝසත් කරන්න කතිරෙ ගහන්න යනවට වඩා හොදයි වැඩක් බලාගෙන ගෙදරට වෙලා ඉන්නවා #SriLankaElections2020,0.8672
@USER  @USER තෝ ඉටින් එක විසික් කොරන්නෙ නැතුව වල්ල කහ කහ හිටියනෙ,තෝ ඉටින් එක විසික් කොරන්නෙ නැතුව වල්ල කහ කහ හිටියනෙ,0.8672
අනුරගෙ සට්ටැඹියන්ගෙ ඉත්තෑවො දුඑඅන එක අහන්නදෙයක්ද  තව බැනපල්ල ට්ගව මඩගහපල්ල  උඹලගෙ සක්කිලි පර ගති ලෝකෙටම පෙන්නපල්ල.   %ට ඇදල දැම්මෙත් මේකෙ ඇමනෙන සිප්පිකටු,අනුරගෙ සට්ටැඹියන්ගෙ ඉත්තෑවො දුඑඅන එක අහන්නදෙයක්ද තව බැනපල්ල ට්ගව මඩගහපල්ල උඹලගෙ සක්කිලි පර ගති ලෝකෙටම පෙන්නපල්ල. %ට ඇදල දැම්මෙත් මේකෙ ඇමනෙන සිප්පිකටු,0.8672
@USER තන් දෙකත් වේසි වගෙම ඇති. කැරි බැල්ලී....,තන් දෙකත් වේසි වගෙම ඇති. කැරි බැල්ලී....,0.8667
"අනිත ඔක්කොම හරි. ශක්තික සත්කුමාරගෙ දෙකයි පනහෙ කෙටි කතාවට නම් කඩේ යන්නෙ නෑ.  සල්ලි බලන් බල්ලන්ටත් අම්ම විකුණන ජාතියෙ උන්. Lakna @USER  · 22 May 2019 හසලක මසහිමා නැව් සුක්කානමක් ඇති ගව්මක් ඇඳි වරදට අත් අඩංගුවේ සිටී.ශක්තික සත්කුමාර කෙටිකතාවක් ලියා අත් අඩංගුවේ සිටී.  නමුත් අධිකරණයට අපහාස කිරීමේ වරදට සිරගත වූ ඥානසාරට අද ජනපති සමාව ලැබී ඇත. මිනුවන්ගොඩ මුස්ලිම්වරුන්ට, ප්‍රදේශවසීන්ට හා ඔවුන්ගේ දේපලවලට හානිකල 32ක් අද ඇප ලද්දෝය #lka","අනිත ඔක්කොම හරි. ශක්තික සත්කුමාරගෙ දෙකයි පනහෙ කෙටි කතාවට නම් කඩේ යන්නෙ නෑ. සල්ලි බලන් බල්ලන්ටත් අම්ම විකුණන ජාතියෙ උන්. ලකන · 22 May 2019 හසලක මසහිමා නැව් සුක්කානමක් ඇති ගව්මක් ඇඳි වරදට අත් අඩංගුවේ සිටී.ශක්තික සත්කුමාර කෙටිකතාවක් ලියා අත් අඩංගුවේ සිටී. නමුත් අධිකරණයට අපහාස කිරීමේ වරදට සිරගත වූ ඥානසාරට අද ජනපති සමාව ලැබී ඇත. මිනුවන්ගොඩ මුස්ලිම්වරුන්ට, ප්‍රදේශවසීන්ට හා ඔවුන්ගේ දේපලවලට හානිකල 32ක් අද ඇප ලද්දෝය ලක",0.8667
"මේක හෙන නිව්ස් එකක්ද  මටනම් නෑ Mano Ganesan @USER  · 30 Apr 2020 Young Mohamed Razlan, from a #Tamil speaking #Muslim family has achieved 8As & 1B at #Kurunegala #Maliyadeva, is a model today by achieving one of his ‘A’ in Buddhism! #lka",මේක හෙන නිව්ස් එකක්ද මටනම් නෑ Mano ගනේසන් · 30 අප‍ 2020 Young මෝහමෙඩ් රළ්ලං from අ ටැමිල් speaking මුස්ලිම් family හස අචිඑවෙද් 8As & 1B ඇත කුරුනෙගල මලියදේව ඉස අ model today බ්ය් අචිඑවින්ග් one ඔෆ් his අ ඉන් බුද්ධිස්ම් ලක,0.8667
ඇනියට නැගලා වරෙන් යන්න උඩප්පු මඩියට මාළු පිරෙයි නැතිව කුලප්පු උඹ නාඩිය මගේ පණ කෙන්දට දාපු පලික්කු  #sajje #marians,ඇනියට නැගලා වරෙන් යන්න උඩප්පු මඩියට මාළු පිරෙයි නැතිව කුලප්පු උඹ නාඩිය මගේ පණ කෙන්දට දාපු පලික්කු සාජ්ජේ මරිඅන්ස්,0.8667
"@USER   ආපු එක ලොකු දෙයක් මං call කරන්න හිටියේ, උඹට අපි ඉන්නව නේ ඉඳපන් මේකේ ගොන් හු** මෝඩ ආතල් උන් ගත්තාවේ  @USER","ආපු එක ලොකු දෙයක් මං call කරන්න හිටියේ, උඹට අපි ඉන්නව නේ ඉඳපන් මේකේ ගොන් හු** මෝඩ ආතල් උන් ගත්තාවේ",0.8667
"@USER දිනිදුවා, ඔය මනුස්සයා එක්ක එල්ලෙන එක නතර කරපං. මුලු රටම දන්නව කියල හදන්න පුලුවං වයසක/ මානසික මට්ටමක නෙවේ ඔය මනුස්සයා ඉන්නෙ කියල.  අහක යන නයි රෙද්ද අස්සෙ දාගෙන කවාගත්ත වෙලාවට උඹට ඔය විසිල් ගහන අප්පුඩි ගහන කවුරුත් නෑ. අහිංසක ගෙදර උන්දැල විතරයි.  කරන දෙයක් පරිස්සමිං.","දිනිදුවා, ඔය මනුස්සයා එක්ක එල්ලෙන එක නතර කරපං. මුලු රටම දන්නව කියල හදන්න පුලුවං වයසක/ මානසික මට්ටමක නෙවේ ඔය මනුස්සයා ඉන්නෙ කියල. අහක යන නයි රෙද්ද අස්සෙ දාගෙන කවාගත්ත වෙලාවට උඹට ඔය විසිල් ගහන අප්පුඩි ගහන කවුරුත් නෑ. අහිංසක ගෙදර උන්දැල විතරයි. කරන දෙයක් පරිස්සමිං.",0.8667
@USER තොට ? මම? ඊයාඅ... බල්ලෙක්ව දාලා තොට අරින්න ඔනා   @USER,තොට ? මම? ඊයාඅ... බල්ලෙක්ව දාලා තොට අරින්න ඔනා,0.8667
@USER මේ දවස් වල වැස්සනේ...රෙදි වේලගන්න අමාරු නිසා..වෙන්න අැති...ඔ්ක දාගෙන තෙමුනොත් එ්ම වේලන්න අව්ව එපැයි..අව්ව නෑනේ..අාන්න එ් නිසා තමා දාන්නේ නැත්තේ,මේ දවස් වල වැස්සනේ...රෙදි වේලගන්න අමාරු නිසා..වෙන්න අැති...ඔ්ක දාගෙන තෙමුනොත් එ්ම වේලන්න අව්ව එපැයි..අව්ව නෑනේ..අාන්න එ් නිසා තමා දාන්නේ නැත්තේ,0.8667
@USER  @USER වලේ renne නැතුව රෙද්දෙ රීලා රෙද්ද වැලේ waenuwama ඔහොම වෙනවා,වලේ renne නැතුව රෙද්දෙ රීලා රෙද්ද වැලේ වෙනුවම ඔහොම වෙනවා,0.8667
@USER දැං තට්ටෙ පිටිපස්සෙ පච්චයක් කොටපං පුක කියල,දැං තට්ටෙ පිටිපස්සෙ පච්චයක් කොටපං පුක කියල,0.8667
@USER Wow...ලසසනයි....පස්ස පේනව මදි...පස්සක් දාල නේද...ලව්ලි..,Wow...ලසසනයි....පස්ස පේනව මදි...පස්සක් දාල නේද...ලව්ලි..,0.8667
"කොහෙන්ද යකෝ ඉගෙනගත්තේ ඔය ටික Nimesh Nishara @USER  · 29 Oct 2019  @USER@USER ඕයි බොල පෙනෙළ හුකන්නෝ, විස්කිරිඤ්ඤා පයියෝ, අඹ කිරි පොන්නයෝ, හතර වටේ ලින්ක් ඇලවිල්ල නතර කරලා සල්ලි හම්බ වෙන පකක් හොයාගනිංකො පවු නොදී. ගොං කැරියා","කොහෙන්ද යකෝ ඉගෙනගත්තේ ඔය ටික නිමේෂ් නිෂර · 29 ඔච්ට් 2019 ඕයි බොල පෙනෙළ හුකන්නෝ, විස්කිරිඤ්ඤා පයියෝ, අඹ කිරි පොන්නයෝ, හතර වටේ ලින්ක් ඇලවිල්ල නතර කරලා සල්ලි හම්බ වෙන පකක් හොයාගනිංකො පවු නොදී. ගොං කැරියා",0.8667
පාසල් දැරියකගේ කටට රෙදි ඔබා දූෂණය කරලා #rape URL,පාසල් දැරියකගේ කටට රෙදි ඔබා දූෂණය කරලා #rape උර්ල්,0.8667
Flash Back ගහපු පිස්සු හැදෙන ෂෝ එකක් URL හැමෝටම බලන්න share කරන්න URL,Flash Back ගහපු පිස්සු හැදෙන ෂෝ එකක් උර්ල් හැමෝටම බලන්න share කරන්න උර්ල්,0.8667
"""දවස් තුනක් කැම්ප් එකේ තියාගෙන දරුවාව දුෂණය කරලා. 4 වෙනි දවසේ රෑ 9 ට වෙඩි තියලා මරලා දාලා තිබුණා. මට ආරංචි වෙලා මට පිස්සු හැදිලා පාරවල් ගානේ ගානේ දිව්වා. මන් එනකොට ඒ ඔක්කොම ඉවර වෙලා, මල මිනියත් කොහෙද කියලා නෑ. ඒ ඕකුන් කරපු අපරාධ""   අහන්න, ඇයි යුක්තිය අහිමි කියා? මේ අම්මාට #lka","""දවස් තුනක් කැම්ප් එකේ තියාගෙන දරුවාව දුෂණය කරලා. 4 වෙනි දවසේ රෑ 9 ට වෙඩි තියලා මරලා දාලා තිබුණා. මට ආරංචි වෙලා මට පිස්සු හැදිලා පාරවල් ගානේ ගානේ දිව්වා. මන් එනකොට ඒ ඔක්කොම ඉවර වෙලා, මල මිනියත් කොහෙද කියලා නෑ. ඒ ඕකුන් කරපු අපරාධ"" අහන්න, ඇයි යුක්තිය අහිමි කියා? මේ අම්මාට ලක",0.8664
"ගම්පහ කොල්ලෙක්! Niyamai Sanuka.   "" ඉන්න ගමන් පොඩ්ඩක් ඇරලා බලපං ඇස්දෙක මචං  මේ මම දිරවපු කෑම යකෝ උඹ කන්නේ ලෙව ""... URL","ගම්පහ කොල්ලෙක්! නියමි සනුක "" ඉන්න ගමන් පොඩ්ඩක් ඇරලා බලපං ඇස්දෙක මචං මේ මම දිරවපු කෑම යකෝ උඹ කන්නේ ලෙව ""... උර්ල්",0.8662
මම උස වැඩිලු කියලා තව කෙට්ටු වෙන්න කියලා ලොකු වන්ඩිත් නැති හින්දා ලොකු seen එකම දැම්මා උඹ වංශේ හබල් ගාලා පොල් අක්කර ගැන කියලා මට නින්දක් නැහැ තාමත් අඩ නින්දෙන් මම ජා-ඇල එනවා...,මම උස වැඩිලු කියලා තව කෙට්ටු වෙන්න කියලා ලොකු වන්ඩිත් නැති හින්දා ලොකු seen එකම දැම්මා උඹ වංශේ හබල් ගාලා පොල් අක්කර ගැන කියලා මට නින්දක් නැහැ තාමත් අඩ නින්දෙන් මම ජා-ඇල එනවා...,0.8662
උඹ මගේ දෝතට වෙලා ඉන්නෙකත් ඇති මගෙ පුතේ   #EasterSundayAttacksLK #PrayforSrilanka,උඹ මගේ දෝතට වෙලා ඉන්නෙකත් ඇති මගෙ පුතේ එඅස්තෙර්සුඬ්යත්තක්ක්ස්ල්ක ප්‍රය්ෆොර්ස්රිලංකා,0.8662
යකෝ ලයිටුත් නෑ වතුරත් නෑ මේ ආන්ඩුව ඉන්න පොන්න පකයින්ගේ අම්මා ලාට හුරුල්ලෝ කවන්න යකෝ නාගන්න රෙදි හොදන්න අද සෙනසුරාදා කියලා දන්නේ නෑ මේ හුත්තලා,යකෝ ලයිටුත් නෑ වතුරත් නෑ මේ ආන්ඩුව ඉන්න පොන්න පකයින්ගේ අම්මා ලාට හුරුල්ලෝ කවන්න යකෝ නාගන්න රෙදි හොදන්න අද සෙනසුරාදා කියලා දන්නේ නෑ මේ හුත්තලා,0.8662
ඒකි එබුවොත් එබිලා තියෙයි. බතල කොටේ,ඒකි එබුවොත් එබිලා තියෙයි. බතල කොටේ,0.8662
@USER ශිට් ගස් බැල්ලි..තෝ මොකට ඉපදුනාද මංදා අපිවම කන්න ..හෙනයක්ගහලවත් මැරිලා යන්නෙ නෑනෙ ..මටම කෙලවන්න බලන් ඉන්නව,ශිට් ගස් බැල්ලි..තෝ මොකට ඉපදුනාද මංදා අපිවම කන්න ..හෙනයක්ගහලවත් මැරිලා යන්නෙ නෑනෙ ..මටම කෙලවන්න බලන් ඉන්නව,0.8662
කැරි පොන්න අම්මයර් out එක දුන්නා එක out නෑ හුත්තෝ කැරි indian පොන්නයන්ට අත දෙන කැරියෙක් පොන්නයා,කැරි පොන්න අම්මයර් out එක දුන්නා එක out නෑ හුත්තෝ කැරි ඉඳිං පොන්නයන්ට අත දෙන කැරියෙක් පොන්නයා,0.8662
"""කියන දේ හොඳට අහපන්. උඹ දැන් ඔය දන්නව කියල හිතන් ඉන්න හැමදේම බොරු""  What the hell is that? #Koombiyo","""කියන දේ හොඳට අහපන්. උඹ දැන් ඔය දන්නව කියල හිතන් ඉන්න හැමදේම බොරු"" What the hell ඉස that? කූම්බියෝ",0.8662
@USER  @USER ඔය ජරාව කාල තමා මගේ බඩේ කැක්කුම උන්ට හෙන හතම ගහන්න ඕන ඕව කරන මිනිස්සුන්ට කවදාවත් හොඳ වෙන් නැති ලූස් මෝශන් හැදේවා,ඔය ජරාව කාල තමා මගේ බඩේ කැක්කුම උන්ට හෙන හතම ගහන්න ඕන ඕව කරන මිනිස්සුන්ට කවදාවත් හොඳ වෙන් නැති ලූස් මෝශන් හැදේවා,0.8662
එංගලන්තයේ මහරැජිනගේ බල්ලා නැතිවෙලාකේට්ගේ දරු හැදිල්ල පැත්තක තියලා දැන් බල්ලාගේ මරනෙ ගැන පන්පෝරිගහන්න ප්‍රෙන්  #uk #lka,එංගලන්තයේ මහරැජිනගේ බල්ලා නැතිවෙලාකේට්ගේ දරු හැදිල්ල පැත්තක තියලා දැන් බල්ලාගේ මරනෙ ගැන පන්පෝරිගහන්න ප්‍රෙන් උක් ලක,0.8662
"@USER ,  @USER  @USER මේ පත්තිනි අම්මේ.  තී වතාවක් දරෙන් රෙද්ද ගලවගත්තැහේ මේ පාර තිගෙ බොඩියවත් ඉතිරිවෙන්නේ නෑ තංගැට දෙක වහගන්ටවත්. ආං ඒක මතක තියාන අටවගත්ත රෙද්දවල් අකුලන හුම්මෙ ගහන එන දරත් ඇන්න පල   ගත්තරු පරට්ටි එනවා මෙතන ජාතක මයින්ඩ",", මේ පත්තිනි අම්මේ. තී වතාවක් දරෙන් රෙද්ද ගලවගත්තැහේ මේ පාර තිගෙ බොඩියවත් ඉතිරිවෙන්නේ නෑ තංගැට දෙක වහගන්ටවත්. ආං ඒක මතක තියාන අටවගත්ත රෙද්දවල් අකුලන හුම්මෙ ගහන එන දරත් ඇන්න පල ගත්තරු පරට්ටි එනවා මෙතන ජාතක මයින්ඩ",0.8662
@USER මටත් තිබ්බ බීඑම්එක්ස් එකක්. සෙල්ලං දාල ඇට දෙක තලාගෙන ගෙදර ආවම කිරි අම්ම බයිසිකල් කියන ජාතිය හොයාගත්ත එවුන්ටත් එක්ක බැන බැන ඇට දෙකේ තෙල් ගානව,මටත් තිබ්බ බීඑම්එක්ස් එකක්. සෙල්ලං දාල ඇට දෙක තලාගෙන ගෙදර ආවම කිරි අම්ම බයිසිකල් කියන ජාතිය හොයාගත්ත එවුන්ටත් එක්ක බැන බැන ඇට දෙකේ තෙල් ගානව,0.8662
"ඒ මට ආසයි , උඹෙ ශර්ට් එකක් ඇඳල බලන්න   ඒ විතරකුත් නෙවෙයි.. එහෙම කළාම උඹ කට උල්කරන්  ඒයි මෝඩය,මොකද ඔය මගෙ ශර්ට් එකක් ඇඳන් කරන්නෙ.. මෙහෙ දෙනව මොට්ටය   කියල රවාගෙන පනිනව බලන්න   ඕන නම් ඇවිත් ගලගන්නව ඕයි    කියල පස්ස මිරිකල පණ කඩාගෙන ලතෝනි තියන් දුවන්න..  පිස්සුනෙ ? ikr","ඒ මට ආසයි , උඹෙ ශර්ට් එකක් ඇඳල බලන්න ඒ විතරකුත් නෙවෙයි.. එහෙම කළාම උඹ කට උල්කරන් ඒයි මෝඩය,මොකද ඔය මගෙ ශර්ට් එකක් ඇඳන් කරන්නෙ.. මෙහෙ දෙනව මොට්ටය කියල රවාගෙන පනිනව බලන්න ඕන නම් ඇවිත් ගලගන්නව ඕයි කියල පස්ස මිරිකල පණ කඩාගෙන ලතෝනි තියන් දුවන්න.. පිස්සුනෙ ? ඉක්ර්",0.8657
"බේබිලට පුක දෙන්න යන උන්ට මෙහෙම වෙලා මදි...කුලියක් මලියක් කරගෙන ඉන්නේ නැතිව, බත් පැකට් එකටයි, අරක්කු කාලටයි ඔහොම... URL","බේබිලට පුක දෙන්න යන උන්ට මෙහෙම වෙලා මදි...කුලියක් මලියක් කරගෙන ඉන්නේ නැතිව, බත් පැකට් එකටයි, අරක්කු කාලටයි ඔහොම... උර්ල්",0.8657
"කවුරු හරි ඇවිල්ල කිව්වොත් ඌ හෙන photographer කෙනෙක් කියලා , උගේ කනට දෙකක් ගහලා මේ ඇල්බම් එක පෙන්නපන්!!! URL","කවුරු හරි ඇවිල්ල කිව්වොත් ඌ හෙන photographer කෙනෙක් කියලා , උගේ කනට දෙකක් ගහලා මේ ඇල්බම් එක පෙන්නපන්!!! උර්ල්",0.8657
@USER  @USER ඕයි. ගෝත පකෙක් වගේ ට්වීට් කරන්ඩ එපා. වලියට නං එහෙම වරෙන්. තෝ ගොබ්බ මීරක් ගනේට වැටිල ට්වීට් කරන එවුන් දැකලම නෑ මං. තොගෙ ඔය ගොබ්බ ට්වීට් වලට රිප්ලයි කරන්ඩ බෑ. එක්කො හරියට ගේමට වර. කෝකටත් උඹට DM එකක් දාන්නං මං mobile number එක. එහෙම කත කරගමු ඉස්සරහට කරන්ඩ ඉන්න ටික,ඕයි. ගෝත පකෙක් වගේ ට්වීට් කරන්ඩ එපා. වලියට නං එහෙම වරෙන්. තෝ ගොබ්බ මීරක් ගනේට වැටිල ට්වීට් කරන එවුන් දැකලම නෑ මං. තොගෙ ඔය ගොබ්බ ට්වීට් වලට රිප්ලයි කරන්ඩ බෑ. එක්කො හරියට ගේමට වර. කෝකටත් උඹට දම් එකක් දාන්නං මං mobile number එක. එහෙම කත කරගමු ඉස්සරහට කරන්ඩ ඉන්න ටික,0.8657
@USER ඇයි උඹ බයද කුනුහරප කියන්ඩ??  බල්ල කියන්නෙ කොහොමද බං ඌ කොච්චර හොද සතෙක්ද.. මේ වගේ අවජාතක කැරි වේසිගෙ පුතාලට කියන්ඩ නම් අපිම හදන්ඩ ඕන,ඇයි උඹ බයද කුනුහරප කියන්ඩ?? බල්ල කියන්නෙ කොහොමද බං ඌ කොච්චර හොද සතෙක්ද.. මේ වගේ අවජාතක කැරි වේසිගෙ පුතාලට කියන්ඩ නම් අපිම හදන්ඩ ඕන,0.8657
පකයා සහ බඩුව URL via  @USER,පකයා සහ බඩුව උර්ල් via,0.8657
@USER කොණට වෙලා තෝ තනියෙන් ගංජා ගහනවද හොරෙන්. ඕවා බැහැ අපිත් එක්ක හොදේ. වරෙන් මෙහෙට බලන්න,කොණට වෙලා තෝ තනියෙන් ගංජා ගහනවද හොරෙන්. ඕවා බැහැ අපිත් එක්ක හොදේ. වරෙන් මෙහෙට බලන්න,0.8657
@USER  @USER    තෝ කලින් කියන්න එපැයි වල් බල්ලො... හිතුවද phone අතේ තියන් ඉන්නව කියල,තෝ කලින් කියන්න එපැයි වල් බල්ලො... හිතුවද phone අතේ තියන් ඉන්නව කියල,0.8657
අපිත් ලමයි තමයි අයිසෙ  මත් වතුර කටෙ තියන්නෙ නෑ,අපිත් ලමයි තමයි අයිසෙ මත් වතුර කටෙ තියන්නෙ නෑ,0.8657
@USER හෙන ගහන්න වගේ ඇත්ත,හෙන ගහන්න වගේ ඇත්ත,0.8653
චෙක් කරගනින්. උබට මානසික පිඩනය තියෙනවානම් වෙන්නත් පුලුවන් බය වෙන්න එපා. තෙලත් චෙක්කරගනින්. කරපිංචා සුදුලුණු කැද බීපන්. හැබැයි ඔය මොක කරත් වැඩක් නෑ තොට තියෙන්න මානසික පීඩනයනම්. මෙකේ මුකුත් නොකර පල ඩොකෙක් ගාවට  බය වෙන්න එපා තව ගෙවන්න පව් ඇති බන්,චෙක් කරගනින්. උබට මානසික පිඩනය තියෙනවානම් වෙන්නත් පුලුවන් බය වෙන්න එපා. තෙලත් චෙක්කරගනින්. කරපිංචා සුදුලුණු කැද බීපන්. හැබැයි ඔය මොක කරත් වැඩක් නෑ තොට තියෙන්න මානසික පීඩනයනම්. මෙකේ මුකුත් නොකර පල ඩොකෙක් ගාවට බය වෙන්න එපා තව ගෙවන්න පව් ඇති බන්,0.8652
@USER ඒකි ගිහින් HR එකට කියලා  අරූ බඩු කාරයා ඒකයි,ඒකි ගිහින් හර් එකට කියලා අරූ බඩු කාරයා ඒකයි,0.8652
සර්- ඒයි කෙල්ලේ මෝනාද කතාව  ආහ් උබේ ගෑනිට කෙල්ලලු  උබට ප*ද?  අනේ වටේ යන එකියක්ව කරගහලා  ඉතින්  තෝ කටවහපන් නයිටියා  ඊයා උබට නයිටියාලු  තෝ චිච්චියානේ  ඕක නවතපියව් හු*තනේ  එපා එපා ඇදපන් ගේම  තෝ පාඩුවෙ දපන් කොට්ටෝරුවා  මොන වේසකමක්ද මේ? සර්- ඉවරද ?  තෝ ඔක්කටම මුල  එපා,සර්- ඒයි කෙල්ලේ මෝනාද කතාව ආහ් උබේ ගෑනිට කෙල්ලලු උබට ප*ද? අනේ වටේ යන එකියක්ව කරගහලා ඉතින් තෝ කටවහපන් නයිටියා ඊයා උබට නයිටියාලු තෝ චිච්චියානේ ඕක නවතපියව් හු*තනේ එපා එපා ඇදපන් ගේම තෝ පාඩුවෙ දපන් කොට්ටෝරුවා මොන වේසකමක්ද මේ? සර්- ඉවරද ? තෝ ඔක්කටම මුල එපා,0.8652
අයේ ......සුවමින්වහන්සේ නොකන්ට අන්කල ගහේ ගෙඩි තෝ අල්ලාවත් තිබුනොත් එහෙම මන් තෝව මරනවා එදාට ...........................වෙලස්සන කිඋව්වද එහෙම .....ආදම් ...ඒවට ....,අයේ ......සුවමින්වහන්සේ නොකන්ට අන්කල ගහේ ගෙඩි තෝ අල්ලාවත් තිබුනොත් එහෙම මන් තෝව මරනවා එදාට ...........................වෙලස්සන කිඋව්වද එහෙම .....ආදම් ...ඒවට ....,0.8652
අපේ #මයිලා හෙන පරයා. අපි බොන්න ආස නැති නිසාම මිනිහා pasteurized milk මයි ගේන්නේ  බඩම යන්න ඕනේ පොල් මයිනට #මරදානබෝඩිම,අපේ #මයිලා හෙන පරයා. අපි බොන්න ආස නැති නිසාම මිනිහා පස්තෙඋරිළෙද් milk මයි ගේන්නේ බඩම යන්න ඕනේ පොල් මයිනට #මරදානබෝඩිම,0.8652
@USER  @USER    ගල විඳලා හාරන්න ගියා එකෙක්. පටං ගද්දිම වතුර එයි කියලා භයයි ලු උට,ගල විඳලා හාරන්න ගියා එකෙක්. පටං ගද්දිම වතුර එයි කියලා භයයි ලු උට,0.8652
මුලදි අමාරු උනාට හොඳටම අවධානය දුන්නට පස්සේ පුළුවන් උනා. H¡rus𝖍a°• @USER  · 5 May 2020 Katteya mokeda karanney?apet artle ekak gamude?,මුලදි අමාරු උනාට හොඳටම අවධානය දුන්නට පස්සේ පුළුවන් උනා. හ්රුස්𝖍අ · 5 May 2020 කට්ටේය මොකේද කරන්නේයපෙට් අර්ට්ලේ එකක් ගමුදේ,0.865
@USER හෙන ගැහැව්වොත් මැරෙයි උඹ,හෙන ගැහැව්වොත් මැරෙයි උඹ,0.8648
තන් දෙක මැද්දෙ තියලා හුකනවද? — අහපංකො ඔය ප්‍රශ්නේ තොගෙ ආච්චීගෙන් curiouscat.live PhuckYou_ CuriousCat is a Q&A social network that allows you to connect with your followersknow new people.,තන් දෙක මැද්දෙ තියලා හුකනවද? — අහපංකො ඔය ප්‍රශ්නේ තොගෙ ආච්චීගෙන් කුරිඖස්කත්ලිවෙ PhuckYou_ කුරිඖස්කත් ඉස අ ක social network that අල්ලොව්ස් you ටො connect with your ෆෝල්ලොවෙර්ස්ක්නොව් new people.,0.8647
"""අම්මේ මම call එකක හිමින් කතා කරන්න""  ""එලියට පලයන්""  #WhenYouWorkFromHomeInSL","""අම්මේ මම call එකක හිමින් කතා කරන්න"" ""එලියට පලයන්"" ව්හෙන්යෞවොර්ක්ෆ්රොම්හොමෙඉන්ස්ල",0.8647
මෝඩ හුක%*$-ෆ නෝ  ගයාශ් Earthling @USER  · 24 Apr 2019 මෙහෙ ඉන්න බඩුවක් ගහගෙන ඉන්නේ නැතුව යනවා මෙතන ස්වර්ගයේ කන්‍යාවියෝ හොයාගෙන.  ඒ යන්නෙත් අපේ උන්ව මරාගෙන!,මෝඩ හුක%*$-ෆ නෝ ගයාශ් Earthling · 24 අප‍ 2019 මෙහෙ ඉන්න බඩුවක් ගහගෙන ඉන්නේ නැතුව යනවා මෙතන ස්වර්ගයේ කන්‍යාවියෝ හොයාගෙන. ඒ යන්නෙත් අපේ උන්ව මරාගෙන!,0.8647
"අද,  Alarm 4ට, මං:- මල කරදරෙ උට්ට අම්මා:-ජූලා පුතා නැගි⁣ටින් නැද්ද  Alarm 4:15ට, මං:-මල කරදරේ අම්ම:-නැගිටින් නැද්ද 5 වෙලාව[මුලාව]  Alarm 4:30ට, මං:-&#&$-$**- අම්ම:- තෝ නැගිටින් නැද්ද අද             මතක නැද්ද තොගෙ ගිය වාරෙ ලකුණු            40,50 හැම එකටම තොට මං:-හරි නැගිට්ට","අද, Alarm 4ට, මං:- මල කරදරෙ උට්ට අම්මා:-ජූලා පුතා නැගි⁣ටින් නැද්ද Alarm 4:15ට, මං:-මල කරදරේ අම්ම:-නැගිටින් නැද්ද 5 වෙලාව[මුලාව] Alarm 4:30ට, මං:-&#&$-$**- අම්ම:- තෝ නැගිටින් නැද්ද අද මතක නැද්ද තොගෙ ගිය වාරෙ ලකුණු 40,50 හැම එකටම තොට මං:-හරි නැගිට්ට",0.8647
ගෙරි වණයක් එක්ක ඇවිද ඇවිද හිටපු පිස්සු හිඟන්නෙක්ව අල්ලලා උගේ වණේට බෙහෙත් කරලා අතෑරියට පස්සේ ඌ අනික්පැත්තට ඇහුවලු ‘වෙනස සැපද?‘ කියලා.,ගෙරි වණයක් එක්ක ඇවිද ඇවිද හිටපු පිස්සු හිඟන්නෙක්ව අල්ලලා උගේ වණේට බෙහෙත් කරලා අතෑරියට පස්සේ ඌ අනික්පැත්තට ඇහුවලු ‘වෙනස සැපද?‘ කියලා.,0.8647
@USER  @USER ගණුදෙනුව අවසානයේ සන්නද්ධ කොටි ඉවරයි ඉතුරුවෙලා ඉන්නේ සීතල කොටි සහ පොන්න කොටි විතරයි!#lka,ගණුදෙනුව අවසානයේ සන්නද්ධ කොටි ඉවරයි ඉතුරුවෙලා ඉන්නේ සීතල කොටි සහ පොන්න කොටි විතරයි!#lka,0.8647
@USER  @USER පැහැදිලි ඉරිසියාව ඔය. අපේ පව්ල කඩාකප්පල් කරන්න අාව හැතිරි! ගහනව තොට වැලි,පැහැදිලි ඉරිසියාව ඔය. අපේ පව්ල කඩාකප්පල් කරන්න අාව හැතිරි! ගහනව තොට වැලි,0.8647
සිරසට අද වලිප්පුව හැදිලා මැරෙයි යකෝ. #noconfidencemotion #NoConfidenceSL,සිරසට අද වලිප්පුව හැදිලා මැරෙයි යකෝ. නොකොන්ෆිදෙන්කෙමොතිඔන් නොචොන්ෆිදෙන්චෙස්ල්,0.8647
ගස් බල්ලා යන සත්ව විශේෂය  WinD - සු - දේශිකා @USER  · 22 Aug 2018 බංගි  බව්වෙක් උනත් ගස් නගින්න ඉගෙනගන්න ඕන.,ගස් බල්ලා යන සත්ව විශේෂය WinD - සු - දේශිකා · 22 ඖග් 2018 බංගි බව්වෙක් උනත් ගස් නගින්න ඉගෙනගන්න ඕන.,0.8647
@USER අඩෝ නෑ බං. මම දන්න එකියක් ඉන්නවා ඒකිගෙ ගෙඩි දෙක ආටි කොපු දෙකක් වගේ. පුක උඩ දැයට කිරුලක් උනත් ගැහුවහැකි. ලස්සනත් ඒවගේම තමා,අඩෝ නෑ බං. මම දන්න එකියක් ඉන්නවා ඒකිගෙ ගෙඩි දෙක ආටි කොපු දෙකක් වගේ. පුක උඩ දැයට කිරුලක් උනත් ගැහුවහැකි. ලස්සනත් ඒවගේම තමා,0.8647
සිගරට් නෙමේ තෝ ඒකිට පේන්න හොඳට තැනකට පල මෝඩ මූසලයා  URL This Tweet is unavailable.,සිගරට් නෙමේ තෝ ඒකිට පේන්න හොඳට තැනකට පල මෝඩ මූසලයා උර්ල් This Tweet ඉස unavailable.,0.8647
තඩි කුක්කු එලියෙදාගෙන ඉන්න අක්කියෙක් TL එකේ මොකද බැලුවා. බලද්දි රත්තා,තඩි කුක්කු එලියෙදාගෙන ඉන්න අක්කියෙක් තල් එකේ මොකද බැලුවා. බලද්දි රත්තා,0.8647
අර වේස කැරි තඩියට බැනලම එපා වෙනවා.  #LPL2020,අර වේස කැරි තඩියට බැනලම එපා වෙනවා. #LPL2020,0.8647
අර චන්දිම ගමගේ කියන මන්ත්‍රී කාරයා daily ගහලද ඉන්නේ නැත්නම් ඒ ඌගේ හැටිද?  පිස්සු හුකන්නෙක්.,අර චන්දිම ගමගේ කියන මන්ත්‍රී කාරයා daily ගහලද ඉන්නේ නැත්නම් ඒ ඌගේ හැටිද? පිස්සු හුකන්නෙක්.,0.8647
මු අවජාතක බන් එච්චරයි කියන්න තියෙන්නෙ පළාතේ වැරද්දක් වත් වෙන දෙයක් වත් නෙවෙයි මුගෙ ජාතකෙ අවුලක්. මුගෙ තාත්තා අනිවාර්යෙන්ම ඔටුවෙක් . #srilanka #SriLankan #SriLankanPolitics Mangala Samaraweera @USER  · 3 Jun 2019 #Cardinal Malcolm Ranjith fanning the flames of hatredcommunalism by visiting fasting robed MP Rathana. #Vatican TAKE NOTE! @USER @USER  #lka,මු අවජාතක බන් එච්චරයි කියන්න තියෙන්නෙ පළාතේ වැරද්දක් වත් වෙන දෙයක් වත් නෙවෙයි මුගෙ ජාතකෙ අවුලක්. මුගෙ තාත්තා අනිවාර්යෙන්ම ඔටුවෙක් . ශ්‍රීලංකා ශ්‍රීලන්කන් ස්රිලන්කන්පොලිටිච්ස් මංගල සමරවීර · 3 ජුන් 2019 #Cardinal මල්චොල්ම් රන්ජිත් fanning the ෆ්ලමෙස් ඔෆ් හට්‍රෙද්චොම්මුනලිස්ම් බ්ය් visiting fasting රෝබෙඩ් ම්ප් රතන වටිචාන් TAKE NOTE! ලක,0.8647
@USER හොදම වැඩෙ තොට නම්.ආච්චි ගහන්න තිබුනෙ මුට,හොදම වැඩෙ තොට නම්.ආච්චි ගහන්න තිබුනෙ මුට,0.8647
සරල සිංහලෙන් අවජාතක වේසිගෙපුත්තූ කියන්නෙ මුන්ට තමයි... පොලිස් පරයෙක් නම් පාරෙ මැරිල වැටිල හිටියත් බලන්න හොඳ නෑ..... URL,සරල සිංහලෙන් අවජාතක වේසිගෙපුත්තූ කියන්නෙ මුන්ට තමයි... පොලිස් පරයෙක් නම් පාරෙ මැරිල වැටිල හිටියත් බලන්න හොඳ නෑ..... උර්ල්,0.8647
Vimasha Vimarshi බල්ලෙක්ට ජාතක උන වේස බල්ලා මෛත්‍රීපාල සිරිසෙන..තොගෙ වේස කතාවට තොට හෙන වැදිල කෑලි කෑලි කුඩු වෙන්න... URL,විමෂ විමර්ශී බල්ලෙක්ට ජාතක උන වේස බල්ලා මෛත්‍රීපාල සිරිසෙන..තොගෙ වේස කතාවට තොට හෙන වැදිල කෑලි කෑලි කුඩු වෙන්න... උර්ල්,0.8647
"@USER ,  @USER  @USER තෝ රොටියක් වගෙ තැලුනාම මාව මරන්නෙ කෝමද",", තෝ රොටියක් වගෙ තැලුනාම මාව මරන්නෙ කෝමද",0.8647
@USER වේස වහලියක්... තන් දෙකට ක්ලිප් ගහන්න ඕනේ...,වේස වහලියක්... තන් දෙකට ක්ලිප් ගහන්න ඕනේ...,0.8643
@USER ඌ එක්කම පලයන් කියලා පුකට එකක් දෙනවා,ඌ එක්කම පලයන් කියලා පුකට එකක් දෙනවා,0.8643
@USER @USER  පොඩ්ඩක් මිස්අන්ඩර්ස්ටෑන්ඩින්ග්ස් උනා xD.  පච්චේ බඩුව එල ආහ්! කොහොමද මගේ කොණ්ඩේ බඩුව? :3,පොඩ්ඩක් මිස්අන්ඩර්ස්ටෑන්ඩින්ග්ස් උනා ෂ්ද පච්චේ බඩුව එල ආහ්! කොහොමද මගේ කොණ්ඩේ බඩුව? :3,0.8643
"උබල ප්‍රවේසම් වෙයල්ලා  බඹරු ඇවිල්ලා  මොකක්ද යකෝ උඹේ ඇඟිලි ගහන්න ඉතුරු වෙලා තියෙන්න උබ යකෝ බොම්බේ ලුකින් කැල්කට නෙව පංචිකාවත්ත බැලුවම මුට පෙන්නේ බොරැල්ල   ඒ මලහොන්තුව මෙතන ඇවිත් ටාට බයි චෙරියෝ කිව්වම උබට මෙලොසිහියක් නෑනේ චාර්ලි චැප්ලින් මගේ බාප්පා කුඩප්ප ගේ දරුවෝ Chamalka© @USER  · 25 May 2020 මංගලජය:- එහෙනම් දැන් කියමුකො ආපු කාරණාව  :- මේකයි කපු මහත්තයා,         උඹ කියපන්කො         උඹ කියපන්කො         අනෙ උඹ කියපන්කො මංගලජය:- දෙන්නගෙන් එකෙක් කවුරුහරි කියපල්ලකො :- මේකයි කපුමහත්තයා අපි මේ ආවේ           ලැජ්ජයි යකෝ කියපන්කො,          අපිදෙන්නගෙ මෙව්වදෙක බලාගන්න  twitter.com/MsMendiz/statu…","උබල ප්‍රවේසම් වෙයල්ලා බඹරු ඇවිල්ලා මොකක්ද යකෝ උඹේ ඇඟිලි ගහන්න ඉතුරු වෙලා තියෙන්න උබ යකෝ බොම්බේ ලුකින් කැල්කට නෙව පංචිකාවත්ත බැලුවම මුට පෙන්නේ බොරැල්ල ඒ මලහොන්තුව මෙතන ඇවිත් ටාට බයි චෙරියෝ කිව්වම උබට මෙලොසිහියක් නෑනේ චාර්ලි චැප්ලින් මගේ බාප්පා කුඩප්ප ගේ දරුවෝ චමල්ක · 25 May 2020 මංගලජය:- එහෙනම් දැන් කියමුකො ආපු කාරණාව :- මේකයි කපු මහත්තයා, උඹ කියපන්කො උඹ කියපන්කො අනෙ උඹ කියපන්කො මංගලජය:- දෙන්නගෙන් එකෙක් කවුරුහරි කියපල්ලකො :- මේකයි කපුමහත්තයා අපි මේ ආවේ ලැජ්ජයි යකෝ කියපන්කො, අපිදෙන්නගෙ මෙව්වදෙක බලාගන්න ත්විත්තෙර්කොම්ම්ස්මෙඉළ්ස්තතු",0.8643
"@USER ,  @USER  @USER තෝ නම් වැද්දෙක් කියන්නත් ලැජ්ජයි ඕයි. දුනු හී ඉබේ මෑනිලා හීය ඔටෝ මුවාගේ වැදිලා, මුවා කකුල් දෙක ගාවට ඇවිල්ල මැරිලා වැටිලා, ඊට පස්සෙ පිහිය ඉබේ ඇවිල්ල ඌව මස් කරල, ගිනි මැලේ ඔටෝ හැදිල පත්තු වෙලා, මං ඉබේ පිච්චිලා, කවුරු හරි කවන්නත් ඕනද.... තූඃ.... තෝ නම්.",", තෝ නම් වැද්දෙක් කියන්නත් ලැජ්ජයි ඕයි. දුනු හී ඉබේ මෑනිලා හීය ඔටෝ මුවාගේ වැදිලා, මුවා කකුල් දෙක ගාවට ඇවිල්ල මැරිලා වැටිලා, ඊට පස්සෙ පිහිය ඉබේ ඇවිල්ල ඌව මස් කරල, ගිනි මැලේ ඔටෝ හැදිල පත්තු වෙලා, මං ඉබේ පිච්චිලා, කවුරු හරි කවන්නත් ඕනද.... තූඃ.... තෝ නම්.",0.8643
හා..කෝ වරෙල්ල බලන්න මේ සක්කිලි දෙමල බැල්ලි වෙනුවෙන් කඩේ ගියපු අවජාතක නමට සිංහල කොටි ටික..මූන බලාගන්න URL,හා..කෝ වරෙල්ල බලන්න මේ සක්කිලි දෙමල බැල්ලි වෙනුවෙන් කඩේ ගියපු අවජාතක නමට සිංහල කොටි ටික..මූන බලාගන්න උර්ල්,0.8643
Fake හදලා පොන්න ආතල් ගන්න එපා බ්‍රෝ .. URL,Fake හදලා පොන්න ආතල් ගන්න එපා බ්‍රෝ .. උර්ල්,0.8643
මෝඩ බබාලා CWE එක කාපු හොරා ගැන මොනාද දන්නේ? උගේ පට්ට කෙබ්බ ගිලලා බලේ දුන්නා ඌ ඊට වඩා පතාක හොරකමක් කළා! නොදරුවෝ දැන් තක් බිරිවෙලා ! LOL :D Nimak Nomathi - Lanka @USER  · 2 Aug 2017  @USER ඔක්කොම බබාලා කවුරුත් දැනගෙන හිටියේ නැතිද ? කරුණානායක ගිය පාර සතොස කාපු එකේ මේපා කන්නේ මොනවාද කියලා. #lka #srilanka @USER @USER,මෝඩ බබාලා ච්වේ එක කාපු හොරා ගැන මොනාද දන්නේ? උගේ පට්ට කෙබ්බ ගිලලා බලේ දුන්නා ඌ ඊට වඩා පතාක හොරකමක් කළා! නොදරුවෝ දැන් තක් බිරිවෙලා ! ලොල් ද නිමක් නොමැති - ලංකා · 2 ඖග් 2017 ඔක්කොම බබාලා කවුරුත් දැනගෙන හිටියේ නැතිද ? කරුණානායක ගිය පාර සතොස කාපු එකේ මේපා කන්නේ මොනවාද කියලා. ලක ශ්‍රීලංකා,0.8643
ඇන්ටි පුක හෙම සනීපෙන්ද?   ඇයි පුකට අසනීපනම් තෝ ලැට් එකක් අරං එන්නඩ? අනෙහ් නිකං පව් නොදී පලෑන් යන්න..  ආ හා..ඒනම් අන්ටි වක පුන පුනා ගිහින් ගමම මෝල් කරල සතුටින් ඉන්නකෝ ඔයා..,ඇන්ටි පුක හෙම සනීපෙන්ද? ඇයි පුකට අසනීපනම් තෝ ලැට් එකක් අරං එන්නඩ? අනෙහ් නිකං පව් නොදී පලෑන් යන්න.. ආ හා..ඒනම් අන්ටි වක පුන පුනා ගිහින් ගමම මෝල් කරල සතුටින් ඉන්නකෝ ඔයා..,0.8643
RT erangatennakoon: දනින් වැටී නළල ඔබා නිළතල අර ගනිල්ලා කල දුටු කළ වල ඉහගෙන මඩි තඩි කරගනිල්ලා #PresPollSL,රට් එරන්ගටෙන්නකූන් දනින් වැටී නළල ඔබා නිළතල අර ගනිල්ලා කල දුටු කළ වල ඉහගෙන මඩි තඩි කරගනිල්ලා ප්රෙස්පොල්ල්ස්ල්,0.8643
කතාවක් ලියන්න ගිය. ඒකෙ වලියකින් අත් දෙකම කපා කොටපු කොල්ලෙක් ඉස්පිරිතාලෙ. ඌට බත් ටික කවන්නවත් කාත් කවුරුත් නෑ..වෙන ලෙඩෙක් බලන්න ආපු අම්ම කෙනෙක් ඌට බත් කවනෝ. ඒ කවනකොට සට සටගාල කඳුලු උගෙ බත්පිගානට වැටෙනෝ. බුවාට එතන්දි එයාගෙ අම්ම මතක් වෙනෝ. මට මේක ඉවරකරන්න වෙන් නැ ලොවෙත්..,කතාවක් ලියන්න ගිය. ඒකෙ වලියකින් අත් දෙකම කපා කොටපු කොල්ලෙක් ඉස්පිරිතාලෙ. ඌට බත් ටික කවන්නවත් කාත් කවුරුත් නෑ..වෙන ලෙඩෙක් බලන්න ආපු අම්ම කෙනෙක් ඌට බත් කවනෝ. ඒ කවනකොට සට සටගාල කඳුලු උගෙ බත්පිගානට වැටෙනෝ. බුවාට එතන්දි එයාගෙ අම්ම මතක් වෙනෝ. මට මේක ඉවරකරන්න වෙන් නැ ලොවෙත්..,0.8643
විමලේ හිමින් හිමින් යකෝ ඔය නහරයක් පුපුරයි. කට ඇරියාම වැසිකිලිය වගේ Talks පමණයි no proof. Baseless machang! #MayDaySL,විමලේ හිමින් හිමින් යකෝ ඔය නහරයක් පුපුරයි. කට ඇරියාම වැසිකිලිය වගේ ටල්ක්ස් පමණයි නො proof. Baseless මචන් මය්දය්ස්ල්,0.8643
"@USER One after one, මුන් කොරෝනාවලට කලින් ආතල් දීලා මරන්නෙ අපිව","One after one, මුන් කොරෝනාවලට කලින් ආතල් දීලා මරන්නෙ අපිව",0.8638
@USER  පොන්න කෙරියා තොගෙ අම්මට....,පොන්න කෙරියා තොගෙ අම්මට....,0.8638
"@USER ,  @USER  @USER අම්මගෙ පුකෙන්ද සල්ලි හොයන්නෙ ,සික් යකො නමට බවුද්ද උනාට වැඩක් නෑ තොගෙ අම්මගෙ පුක විකුනනවා නම්",", අම්මගෙ පුකෙන්ද සල්ලි හොයන්නෙ ,සික් යකො නමට බවුද්ද උනාට වැඩක් නෑ තොගෙ අම්මගෙ පුක විකුනනවා නම්",0.8638
කේල්ලෝ අඩනවා දසුන් හින්දා හෙන පව්ලු දුකයිලු අම්මපා මේවා දැකලා පුක හපාගෙන මැරෙන්න හිතිලා ඉන්නේ දැන් පුක බයෙන්... URL,කේල්ලෝ අඩනවා දසුන් හින්දා හෙන පව්ලු දුකයිලු අම්මපා මේවා දැකලා පුක හපාගෙන මැරෙන්න හිතිලා ඉන්නේ දැන් පුක බයෙන්... උර්ල්,0.8638
"@USER ,  @USER  @USER අම්මට දඩාවතේ යන බල්ලො හුකලා තෝ ඉපදුන එකට අපි පලි නෑ පකෝ. ඇස් පේන්නෙත් නැත්තෙ ඇහේ ඉදන් ඇරියද එක එකා. හපෝ සමාජ රෝග ගුහාවක්නෙ මේ පොන්න පකා. කෝ ෆොටෝ එක දාපන් බන කියවන්නෙ නැතුව. පුළුවන්නම් පයිය නග්ගල පෙන්නපන්කො ගූ පොන්නයො.",", අම්මට දඩාවතේ යන බල්ලො හුකලා තෝ ඉපදුන එකට අපි පලි නෑ පකෝ. ඇස් පේන්නෙත් නැත්තෙ ඇහේ ඉදන් ඇරියද එක එකා. හපෝ සමාජ රෝග ගුහාවක්නෙ මේ පොන්න පකා. කෝ ෆොටෝ එක දාපන් බන කියවන්නෙ නැතුව. පුළුවන්නම් පයිය නග්ගල පෙන්නපන්කො ගූ පොන්නයො.",0.8638
Whatsapp groups හරියට වේස$&@?! වගේය. ඇරල බලන්නම හිතුනට අන්තර්ගතය මෙලෝ රහක් නැත,ව්හට්සාප්ප් ග්රෝඋප්ස් හරියට වේස$&@?! වගේය. ඇරල බලන්නම හිතුනට අන්තර්ගතය මෙලෝ රහක් නැත,0.8638
@USER @USER  වමෙන් කාලා වමෙන් පුක සෝදන උන් අත උස්සපන් බලන්න?,වමෙන් කාලා වමෙන් පුක සෝදන උන් අත උස්සපන් බලන්න?,0.8638
@USER ඒ විදිය පට්ට. පොඩි කාලේ ඒම තමයි dance කරේ ඉතිම්.   කැරකිලා දෙකට නැමිලා බඩ මිරිකලා බුරිය හපලා.,ඒ විදිය පට්ට. පොඩි කාලේ ඒම තමයි dance කරේ ඉතිම්. කැරකිලා දෙකට නැමිලා බඩ මිරිකලා බුරිය හපලා.,0.8638
@USER ටෞකන්න උත්තීකොල්ලා තෝ කනවද මං කන්නද,ටෞකන්න උත්තීකොල්ලා තෝ කනවද මං කන්නද,0.8638
"රට පාවාදුන් අවජාතක සිරිසේන හෙලාදකිමු  අවුරුද්දට සුබපැතුම් ඕන නැත්නම්, මෙ මම වගේ BL PRESIDENT කියලා type කරලා 9010... URL","රට පාවාදුන් අවජාතක සිරිසේන හෙලාදකිමු අවුරුද්දට සුබපැතුම් ඕන නැත්නම්, මෙ මම වගේ බ්ල PRESIDENT කියලා type කරලා 9010... උර්ල්",0.8638
@USER @USER  හෙන ගහපන් හෙන ගහලා හකුලෝලම පල සුජී,හෙන ගහපන් හෙන ගහලා හකුලෝලම පල සුජී,0.8638
@USER පලයන් මරක්කල වේසිගෙ පුතා යන්න..තෝ ඉවරයි දැන්..නල්ල මලේ හුවාජීන මාජ්ජවේදියා,පලයන් මරක්කල වේසිගෙ පුතා යන්න..තෝ ඉවරයි දැන්..නල්ල මලේ හුවාජීන මාජ්ජවේදියා,0.8638
"1. තාත්ත කියනව අම්මට, ලමයට පැනිරහ කන්න දෙන්න එපා කියලා.   . අම්ම ලමයට පැනිරහ කන්න දෙන්නෑ ඉතින්  . ලමය බනින්න ඕනි අම්මටද තාත්තටද","1. තාත්ත කියනව අම්මට, ලමයට පැනිරහ කන්න දෙන්න එපා කියලා. . අම්ම ලමයට පැනිරහ කන්න දෙන්නෑ ඉතින් . ලමය බනින්න ඕනි අම්මටද තාත්තටද",0.8638
"වේසි,බඩුව, whore, slut, hoe, ඕවා ඉතින් මිනිස්සු හැමවෙලෙම පාවිච්චි කරන වචන නේ. The WITCH @USER  · 10 Dec 2020 අපි ඊයේ ෆස්ලුල්ලා මුස්ලිම් කාන්තාවන් එක්ක අල්ලලා කෙරුව ප්‍රකාශය නිසා කේන්ති ගත්තට,කල්පනා කරලා බැලුවොත් ඔය චෝදනාවම වෙනත් වචන වලින් කරන ගෑනු පිරිමි අපි අතරම කොච්චර නම් ඉන්නවද ?  කොටට අඳින,deep neckline තියෙන ඇඳුමක් අඳින කාන්තාවන්ට අපහස කරන අය කොච්චරද.මිනිස්සු ඇත්තට කොච්චර කුහකද","වේසි,බඩුව, whore, slut, hoe, ඕවා ඉතින් මිනිස්සු හැමවෙලෙම පාවිච්චි කරන වචන නේ. The WITCH · 10 දෙක් 2020 අපි ඊයේ ෆස්ලුල්ලා මුස්ලිම් කාන්තාවන් එක්ක අල්ලලා කෙරුව ප්‍රකාශය නිසා කේන්ති ගත්තට,කල්පනා කරලා බැලුවොත් ඔය චෝදනාවම වෙනත් වචන වලින් කරන ගෑනු පිරිමි අපි අතරම කොච්චර නම් ඉන්නවද ? කොටට අඳින,deep neckline තියෙන ඇඳුමක් අඳින කාන්තාවන්ට අපහස කරන අය කොච්චරද.මිනිස්සු ඇත්තට කොච්චර කුහකද",0.8638
"පලු  හිඹුටු කාලා නෑ   තව මොනාද මේ වගේ පලතුරු තියෙන්නේ? කෝන්,වීර, මරං, දං, මාදං, මසන්,වෙරලු, ඇඹිල්ල, දෙලුම්,අන්නාසී, වල් අන්නාසී, කැලෑ දෙල්, කෙසෙල් වර්ග, පේර වර්ග, අඹ වර්ග, සැපථිල්ලා, ලොවි, කරඹ, කටු ලොවි, එරමිනියා, කොමඩු වර්ග, දොඩම් වර්ග, අලි පේර, රඹුටන්, දූරියන්, ගල් සියබල","පලු හිඹුටු කාලා නෑ තව මොනාද මේ වගේ පලතුරු තියෙන්නේ? කෝන්,වීර, මරං, දං, මාදං, මසන්,වෙරලු, ඇඹිල්ල, දෙලුම්,අන්නාසී, වල් අන්නාසී, කැලෑ දෙල්, කෙසෙල් වර්ග, පේර වර්ග, අඹ වර්ග, සැපථිල්ලා, ලොවි, කරඹ, කටු ලොවි, එරමිනියා, කොමඩු වර්ග, දොඩම් වර්ග, අලි පේර, රඹුටන්, දූරියන්, ගල් සියබල",0.8638
"පොහොට්ටුව කියන්නේ අවජාතක පක්ෂයක්ලු ,,,,ආනන්ද අලුත්ගමගේ කියයි. URL","පොහොට්ටුව කියන්නේ අවජාතක පක්ෂයක්ලු ,,,,ආනන්ද අලුත්ගමගේ කියයි. උර්ල්",0.8633
ශෘන්ගාරිගේ පස්ස පැත්ත වැවක් හදන්න තරම් ලොකුයිද.? මම හිතුවෙ #ජම්බෝලෙගෙපුක විතරයි එච්චර ලොකු කියලා කමක් නෑ #ශෘන්ගාරිගෙපුක ත් අවුලක් නෑ  ශෘංගාරී @USER  · 5 Jan 2020 වැව ළග,ශෘන්ගාරිගේ පස්ස පැත්ත වැවක් හදන්න තරම් ලොකුයිද.? මම හිතුවෙ #ජම්බෝලෙගෙපුක විතරයි එච්චර ලොකු කියලා කමක් නෑ #ශෘන්ගාරිගෙපුක ත් අවුලක් නෑ ශෘංගාරී · 5 ජන 2020 වැව ළග,0.8633
වරකා මදුල කාලේට පීදෙන්නේ නෑහැනේ ගොරකා... වාරෙට මල් දුන්නෙන් ගෑවම මමද සුන්දර බඹරා.. සොකරි නටන තාලෙට දක්වපන් මේ කළු හරකා.. පාරට බැස්සම මලට බඹරු වැහුවා පොරකා...  #chinthi,වරකා මදුල කාලේට පීදෙන්නේ නෑහැනේ ගොරකා... වාරෙට මල් දුන්නෙන් ගෑවම මමද සුන්දර බඹරා.. සොකරි නටන තාලෙට දක්වපන් මේ කළු හරකා.. පාරට බැස්සම මලට බඹරු වැහුවා පොරකා... චින්ති,0.8633
@USER  @USER නැතුව...  ගලට වෙනම ගන්නවා. ගල කපන්න වෙනම ගන්නවා.  උඹ හිතුවද උඹේ ගල වගේ කියල මේ ගල්...,නැතුව... ගලට වෙනම ගන්නවා. ගල කපන්න වෙනම ගන්නවා. උඹ හිතුවද උඹේ ගල වගේ කියල මේ ගල්...,0.8633
මේ නංගි මල්ලි පුක නොදී පාඩුවෙ ඉන්නවද හු#@.. samankumara @USER  · 21 Sep 2021 @USER @USER @USER @USER,මේ නංගි මල්ලි පුක නොදී පාඩුවෙ ඉන්නවද හු#@.. සමන්කුමාර · 21 සේප 2021,0.8633
@USER  @USER    අරූට ඉතින් එලොව පොල් පෙනුනලු...ලැජ්ජාවට හිනා වෙලා පොර සේපෙට පෙත්තෙ කොලේ ගලෝල ආයෙ කටින් තියාගත්තලු...සෙනික දියවෙලා පෙත්ත ගියාලු...අම්මටහුඩු පොරට හෙන හැපි...පස්සෙ ඇහුවලු මොකක්ද බ්‍රෝ ඒ පෙත්ත...හරිම වඳ රහක් ආවෙ කියල. අනික කිව්වලු ඕක බිව්වම වඳ තමා වෙන්නෙ මාතියා කියල,අරූට ඉතින් එලොව පොල් පෙනුනලු...ලැජ්ජාවට හිනා වෙලා පොර සේපෙට පෙත්තෙ කොලේ ගලෝල ආයෙ කටින් තියාගත්තලු...සෙනික දියවෙලා පෙත්ත ගියාලු...අම්මටහුඩු පොරට හෙන හැපි...පස්සෙ ඇහුවලු මොකක්ද බ්‍රෝ ඒ පෙත්ත...හරිම වඳ රහක් ආවෙ කියල. අනික කිව්වලු ඕක බිව්වම වඳ තමා වෙන්නෙ මාතියා කියල,0.8633
"හොදයි හොදයි කියලා!! භගයක් චම් චුට්ටක් වල්  හයිබිරිට් කෙල්ලෙක්  ටොක් කලා, බලපුවම මෙකි කොරොල්ලෙක්නි පැට්ට්‍රල්... URL","හොදයි හොදයි කියලා!! භගයක් චම් චුට්ටක් වල් හයිබිරිට් කෙල්ලෙක් ටොක් කලා, බලපුවම මෙකි කොරොල්ලෙක්නි පැට්ට්‍රල්... උර්ල්",0.8633
@USER නෑ බං හිරා අපි ආතල් ගන්නකොට කොහෙවත් ඉන්නෙ පොන්න හිවල්ලු ගේම ඉල්ලනව. ගෙදරට ගිහින් උස්සන්ඩ ඕනෙ කැරියව,නෑ බං හිරා අපි ආතල් ගන්නකොට කොහෙවත් ඉන්නෙ පොන්න හිවල්ලු ගේම ඉල්ලනව. ගෙදරට ගිහින් උස්සන්ඩ ඕනෙ කැරියව,0.8633
ඔය ගෑනිට කොරොනා හැදුනේ කොහොමද යකෝ?,ඔය ගෑනිට කොරොනා හැදුනේ කොහොමද යකෝ?,0.8633
ඊයා නේද මටනම් අප්පිරියයි යකෝ කෑහ් තුහ් WinD - සු - දේශිකා @USER  · 17 Apr 2018  @USER@USER රත්තෝ අහම්බෙන් වත් හම්බුනොත් මම කනවා තොගේ කට අම්මපා,ඊයා නේද මටනම් අප්පිරියයි යකෝ කෑහ් තුහ් WinD - සු - දේශිකා · 17 අප‍ 2018 රත්තෝ අහම්බෙන් වත් හම්බුනොත් මම කනවා තොගේ කට අම්මපා,0.8633
කවුද යකෝ මේ අහින්සකයා පෙන්නලා දුන්න වැරැද්ද පිලිගත්ත නැති මූසලයා වරෙන් යකෝ කපනවා කෑලී වලට URL This Tweet is unavailable.,කවුද යකෝ මේ අහින්සකයා පෙන්නලා දුන්න වැරැද්ද පිලිගත්ත නැති මූසලයා වරෙන් යකෝ කපනවා කෑලී වලට උර්ල් This Tweet ඉස unavailable.,0.8633
"@USER ,  @USER  @USER බඩුවක් ගහන්න වත් මොල් වෙන්නැති පොන්නයො තමයි මෙතන කැරිම බඩු කාරයො වගේ දගලන්නෙ අනුන්ගෙ කෙල්ලොන්ට ඉන්න දිලා බඩු ගහන්න බැරිනම් උබෙ පුක විකුනපන් ගොටුකොල හුකන්නා",", බඩුවක් ගහන්න වත් මොල් වෙන්නැති පොන්නයො තමයි මෙතන කැරිම බඩු කාරයො වගේ දගලන්නෙ අනුන්ගෙ කෙල්ලොන්ට ඉන්න දිලා බඩු ගහන්න බැරිනම් උබෙ පුක විකුනපන් ගොටුකොල හුකන්නා",0.8633
බඩුවට බඩුව නොකිය ඉතින් ආයෙ පත්තිනි අම්ම කියන්නද,බඩුවට බඩුව නොකිය ඉතින් ආයෙ පත්තිනි අම්ම කියන්නද,0.8633
@USER Me too. ඕවා ගැන මෙකේ කිව්වම මෙකේ පුක දෙන කඩි නිකම් ෆෝම් වෙලා දඟලනවා.,මේ too. ඕවා ගැන මෙකේ කිව්වම මෙකේ පුක දෙන කඩි නිකම් ෆෝම් වෙලා දඟලනවා.,0.8633
@USER @USER  කඩේ ගිහින් බඩු තෝරගන්න ඉගෙනගන්න කෑල්ල එක්ක හරි අම්ම එක්ක හරි. :v,කඩේ ගිහින් බඩු තෝරගන්න ඉගෙනගන්න කෑල්ල එක්ක හරි අම්ම එක්ක හරි. ව,0.8628
@USER  @USER    තෝ මාව කන්ඩ එපා ශාපයක්  කාපිය මාව ඉදා part වලට ගලෝලා දෙන්න්ම මාව උයන් කාපන්,තෝ මාව කන්ඩ එපා ශාපයක් කාපිය මාව ඉදා part වලට ගලෝලා දෙන්න්ම මාව උයන් කාපන්,0.8628
"@USER  @USER මේ අමු ගවයෝ හිතන්නේ රටේ ටවුන් 10ක 15ක සෙනග එලියට බැස්ස ගමන් මිලියන 21 ම සුඛිත මුදිත වෙලා. ගමකට එහෙම ආවොත් උදලු බන්දකින් හරි වළඳකින් හරි කන්නේ මේ ගොන් තැබ්බවල්. අර උද්දඡ්ච, නොසැලිකිලිමත්කම තියෙන්නේ. වැරැද්ද පිලි ගනිව් නම්බුපිට. එහෙම නෑ ඩෝබිකම ඊට වටී.","මේ අමු ගවයෝ හිතන්නේ රටේ ටවුන් 10ක 15ක සෙනග එලියට බැස්ස ගමන් මිලියන 21 ම සුඛිත මුදිත වෙලා. ගමකට එහෙම ආවොත් උදලු බන්දකින් හරි වළඳකින් හරි කන්නේ මේ ගොන් තැබ්බවල්. අර උද්දඡ්ච, නොසැලිකිලිමත්කම තියෙන්නේ. වැරැද්ද පිලි ගනිව් නම්බුපිට. එහෙම නෑ ඩෝබිකම ඊට වටී.",0.8628
කෙල්ලෙක් ෆොටෝ එකක් දැම්ම සැනින් ගාල කඩාගත්ත හරක් වගේ කැලේ කඩාගෙන ගිහිල්ල අනේ පනේ තනේ වැන්නේ අක්කියෝ නංගි බබෝ කියාගෙන සෙවල හැලිය පෙරා ගත්තට ඕකුං දෙන ලබ්බක් නෑ බං. තොපි ලෙසටම කඩේ යන එක විතරයි වෙන්නෙ.  ඕනම නම් පේන බුරියක් බලාගෙන පස්වරක් පා විසි පායි කියලා වනලා හොදට හොදං නිදා ගනියව්.,කෙල්ලෙක් ෆොටෝ එකක් දැම්ම සැනින් ගාල කඩාගත්ත හරක් වගේ කැලේ කඩාගෙන ගිහිල්ල අනේ පනේ තනේ වැන්නේ අක්කියෝ නංගි බබෝ කියාගෙන සෙවල හැලිය පෙරා ගත්තට ඕකුං දෙන ලබ්බක් නෑ බං. තොපි ලෙසටම කඩේ යන එක විතරයි වෙන්නෙ. ඕනම නම් පේන බුරියක් බලාගෙන පස්වරක් පා විසි පායි කියලා වනලා හොදට හොදං නිදා ගනියව්.,0.8628
වැස්ස  අපිව මෙහෙම හුරතල් කරන්න එපා . . . . . තෝද එක්සෑම් ලියන්නෙ ඇවිත්.පර බල්ලා,වැස්ස අපිව මෙහෙම හුරතල් කරන්න එපා . . . . . තෝද එක්සෑම් ලියන්නෙ ඇවිත්.පර බල්ලා,0.8628
හතේ පංතියේ ඉන්න පොඩි කොල්ලෙක් උපන්දිනේට PS4 එකක් ඉල්ලනව. යකෝ මම උගෙ වයසෙ ඉන්නකොට ඉල්ලුවෙ ඇට විදින තුවක්කුවක්. — feeling ලෙල්ල හුටං,හතේ පංතියේ ඉන්න පොඩි කොල්ලෙක් උපන්දිනේට PS4 එකක් ඉල්ලනව. යකෝ මම උගෙ වයසෙ ඉන්නකොට ඉල්ලුවෙ ඇට විදින තුවක්කුවක්. — feeling ලෙල්ල හුටං,0.8628
"උඹ මට දැම්මට                          ""ලොකු ලයින්""  කවදා හරි දවසක මං උඹට වඩා                            ""ඉස්සරහින්""  එතකොට උඹට දෙන්න වෙන්නේ                               ""සේලයින්""  #rs","උඹ මට දැම්මට ""ලොකු ලයින්"" කවදා හරි දවසක මං උඹට වඩා ""ඉස්සරහින්"" එතකොට උඹට දෙන්න වෙන්නේ ""සේලයින්"" රස්",0.8628
"දෙහි ගෙඩිය හැන්දෙ තියන් දුවන ගමන් අවුරුදු කුමාරිගෙ රෙද්ද ඇදන් දුවන්න ඕන,නැත්තන් කිසි ගැම්මක් නෑ  #AwuruduWithJayarathne","දෙහි ගෙඩිය හැන්දෙ තියන් දුවන ගමන් අවුරුදු කුමාරිගෙ රෙද්ද ඇදන් දුවන්න ඕන,නැත්තන් කිසි ගැම්මක් නෑ අවුරුදුවිත්ජයරත්නේ",0.8628
⁣පෞ ඒ අයියා... එකෙක්ට ගහන්න 10ක් ඇවිල්ලා  ගංජා කෙලලා කෙලලා මේ ඒසිගෙ පුතාලට හොදට පිස්සු,⁣පෞ ඒ අයියා... එකෙක්ට ගහන්න 10ක් ඇවිල්ලා ගංජා කෙලලා කෙලලා මේ ඒසිගෙ පුතාලට හොදට පිස්සු,0.8623
"@USER ,  @USER  @USER බලන් ගියාම උඹ කොල්ලො ගහන ලොල්ලෙක් නෙ බන්.. මහ ලොකුවට හයියෙන් ගහන්න කතාව. පුක ඉරිලද.. මහගනින් බන්.. ඔය වේස කමේ ගියා මදැයි",", බලන් ගියාම උඹ කොල්ලො ගහන ලොල්ලෙක් නෙ බන්.. මහ ලොකුවට හයියෙන් ගහන්න කතාව. පුක ඉරිලද.. මහගනින් බන්.. ඔය වේස කමේ ගියා මදැයි",0.8623
"ටිකිරි කැපුවත් 3rd Class, උඹ ඉතිං 1st Class (කටින්). ටිකිරිගෙන් මරව මරව වැඩගත්ත උන් තමයි ටිකිරිව කැපුවේ. — දැන් මම තැනක ඉදිද්දි කසනවා නේ????","ටිකිරි කැපුවත් 3rd Class, උඹ ඉතිං 1st Class (කටින්). ටිකිරිගෙන් මරව මරව වැඩගත්ත උන් තමයි ටිකිරිව කැපුවේ. — දැන් මම තැනක ඉදිද්දි කසනවා නේ????",0.8623
විල්සන් අංකල්ලෑ ගෙදර ඉස්තෝප්පුවෙ  කනප්පුවට  එලා තිබුණු රෙද්ද ඔතාගෙන ඇවිත්  URL This Tweet is unavailable.,විල්සන් අංකල්ලෑ ගෙදර ඉස්තෝප්පුවෙ කනප්පුවට එලා තිබුණු රෙද්ද ඔතාගෙන ඇවිත් උර්ල් This Tweet ඉස unavailable.,0.8623
"@USER ,  @USER  @USER කොල්ලෙක් උපන්නොත් නරියෙක්හට දාව උපතින් ඌට උරුහය වන්නේ හූව එම්බා කොල්ලනේ තොපි මට හූ කීව අම්මා ලඟට ගොස් මකවාගනු හූව",", කොල්ලෙක් උපන්නොත් නරියෙක්හට දාව උපතින් ඌට උරුහය වන්නේ හූව එම්බා කොල්ලනේ තොපි මට හූ කීව අම්මා ලඟට ගොස් මකවාගනු හූව",0.8623
මං කිව්වෙ නෙද්දකින් වේසා හැත්ත,මං කිව්වෙ නෙද්දකින් වේසා හැත්ත,0.8623
@USER @USER  Principal හෙන moral කියලා කියන්නේ උබට ඕව්වා තේරෙන්නේ නෑ අපේ ස්කොලේ පිනා මොරාල් නෑනේ,Principal හෙන moral කියලා කියන්නේ උබට ඕව්වා තේරෙන්නේ නෑ අපේ ස්කොලේ පිනා මොරාල් නෑනේ,0.8623
"යාලුවොත් එක්ක කොත්තු කාලා ආවා, අම්මත් උයලා. අම්ම පවු නිසා බතුත් කෑවා. දැන් ඉස්මුරුත්තාව වගේ","යාලුවොත් එක්ක කොත්තු කාලා ආවා, අම්මත් උයලා. අම්ම පවු නිසා බතුත් කෑවා. දැන් ඉස්මුරුත්තාව වගේ",0.8623
"ආදරේ වඩයක්,  ඒකි වඩේ විකුණන  කඩයක්.   ***මෙය මා විසින් කුලුදුල් ආදරේ අරුත කියාදුන් ඇයට පුදකරමි.***","ආදරේ වඩයක්, ඒකි වඩේ විකුණන කඩයක්. ***මෙය මා විසින් කුලුදුල් ආදරේ අරුත කියාදුන් ඇයට පුදකරමි.***",0.8623
@USER තෝ හිතුවද යකෝ තෝ වගේ වටේ ගිහින් කිනිතුල්ලෝ බෝ කරන් එනවා කියල. කිනිතුල්ලෝ නෙමේ තොගේ නම් කෝ#&@ ඇති. සික්. හෙට ඉදං කොන්ඩෙ හැලුනොත් තොගේ කොන්ඩ ගහ ගහ ගලෝලා මරන්නෙ....,තෝ හිතුවද යකෝ තෝ වගේ වටේ ගිහින් කිනිතුල්ලෝ බෝ කරන් එනවා කියල. කිනිතුල්ලෝ නෙමේ තොගේ නම් කෝ#&@ ඇති. සික්. හෙට ඉදං කොන්ඩෙ හැලුනොත් තොගේ කොන්ඩ ගහ ගහ ගලෝලා මරන්නෙ....,0.8623
@USER  @USER තෝ ඉල්ලන්ඩ එපැයි. කිව්වා නම් සෝනුව බදා ගන්න උනත් චාන්ස් එකක් දෙන්න තිබ්බා.,තෝ ඉල්ලන්ඩ එපැයි. කිව්වා නම් සෝනුව බදා ගන්න උනත් චාන්ස් එකක් දෙන්න තිබ්බා.,0.8623
@USER ඉල්ලන් නානවා නේද...  හාම්පුතාට කොනිත්තද්දි අකුණක් ගහලා වගේ බුරන සුරතලුන්ගෙ ඇඟේ ඉන්න මැක්කෙක් වගේ dial එකක් බං උඹ...,ඉල්ලන් නානවා නේද... හාම්පුතාට කොනිත්තද්දි අකුණක් ගහලා වගේ බුරන සුරතලුන්ගෙ ඇඟේ ඉන්න මැක්කෙක් වගේ dial එකක් බං උඹ...,0.8623
"@USER ,  @USER  @USER උබ වගේ ගොන් හරකෙක් ,වැද්ද කියල දාල තියන නමට පකවල් කියනවනෙහ් අනෙහ් බන් හුත්තො මන් කියල තියෙන එව්ව ඉස්සෙල්ල බලහන් පුක නොදී ප්ද්ලයන් වද නොදී උබ මල වදයක් උනනේ .හැමිනෙන්න එනව උදේ පාන්දර",", උබ වගේ ගොන් හරකෙක් ,වැද්ද කියල දාල තියන නමට පකවල් කියනවනෙහ් අනෙහ් බන් හුත්තො මන් කියල තියෙන එව්ව ඉස්සෙල්ල බලහන් පුක නොදී ප්ද්ලයන් වද නොදී උබ මල වදයක් උනනේ .හැමිනෙන්න එනව උදේ පාන්දර",0.8623
@USER  @USER උබ බය වෙලා ඇයි ඉතින් හරිය එක්ක face to face හැප්පියන්කො තිස්සය එක්ක මිශ්‍ර ජාන හොයන්න කලින්. පෞ උබ. උබ පොර බයියන්ට විතරයි අපිට නම් තෝ ගෝ ගොඩේ වසන නිළ මැස්සෙක් පමණයි,උබ බය වෙලා ඇයි ඉතින් හරිය එක්ක face ටො face හැප්පියන්කො තිස්සය එක්ක මිශ්‍ර ජාන හොයන්න කලින්. පෞ උබ. උබ පොර බයියන්ට විතරයි අපිට නම් තෝ ගෝ ගොඩේ වසන නිළ මැස්සෙක් පමණයි,0.8623
ඇස කට නාසය පිප්පිය අල්ල අල්ල ඉන්න එපා එන එන WhatsApp forward නිකන් share කරන්න එපා ඒව බොරූ.. පට්ට බොරූ.. Verify කර share කරන්න,ඇස කට නාසය පිප්පිය අල්ල අල්ල ඉන්න එපා එන එන ව්හට්සාප්ප් forward නිකන් share කරන්න එපා ඒව බොරූ.. පට්ට බොරූ.. Verify කර share කරන්න,0.8623
බස්සා නිදිමරයි කිසි හොරකමක්   බැරි බල්ලා සෙමින් නොගියත් කිසි වැඩක් බැරි ඌරා මඩ හෑරු මුත් වැපරුමක්. බැරි සිවලා සිංහ වෙස් ගත්තද නාද  බැරි,බස්සා නිදිමරයි කිසි හොරකමක් බැරි බල්ලා සෙමින් නොගියත් කිසි වැඩක් බැරි ඌරා මඩ හෑරු මුත් වැපරුමක්. බැරි සිවලා සිංහ වෙස් ගත්තද නාද බැරි,0.8623
අහ් බොල මූකලන් බස්සෝ.. නිකමට දාන ඒවා උඹ ඔහොම වද්දගත්තම හරිද මන් අහන්නේ.. උඹ වගේ ගොන් හරකෙක් යකෝ මෝඩ මූසලයෙක්... Plz grow up man..,අහ් බොල මූකලන් බස්සෝ.. නිකමට දාන ඒවා උඹ ඔහොම වද්දගත්තම හරිද මන් අහන්නේ.. උඹ වගේ ගොන් හරකෙක් යකෝ මෝඩ මූසලයෙක්... ප්ල්ළ grow උප man..,0.8623
@USER පක තමයි එතකොට තොපෙ මුස්ලිම් හුත්තලා හොරෙන් කඩු ගෙනත් සංවිධානය වෙලා හිටියෙ අනිත් ජාතීන්ගෙ බෙලි කපන්න,පක තමයි එතකොට තොපෙ මුස්ලිම් හුත්තලා හොරෙන් කඩු ගෙනත් සංවිධානය වෙලා හිටියෙ අනිත් ජාතීන්ගෙ බෙලි කපන්න,0.8618
@USER කැම්පස් එකේ ගොන් තෙල් කාපු First year උන් වගේ,කැම්පස් එකේ ගොන් තෙල් කාපු First year උන් වගේ,0.8618
උඹ ඇම්ඩ උබව අන්දන්න හඩන්නේ  පැණි කද සමග වැටුණු වැද්දා - වැද්දාපැණි ඇල්ල  (Wadda Peni Ella Falls) yourchoiceway.com පැණි කද සමග වැටුණු වැද්දා - වැද්දාපැණි ඇල්ල (Wadda Peni Ella Falls අද අපි ඔයාලා එක්ක කතාකරන්නේ පොඩි දියඇල්ලක් ගැන.. පොඩි වුණාට සැරයි..ඒ ඇල්ලේ නම නම් ඔයාලට අමතක වෙන එකක් නෑ..එය නමින් වැද්දාපැණි ඇල්ල. මම මුලින්ම ඔයාලට,උඹ ඇම්ඩ උබව අන්දන්න හඩන්නේ පැණි කද සමග වැටුණු වැද්දා - වැද්දාපැණි ඇල්ල වැද්ද පෙනී එල්ල ඵල්ල්ස් යෞර්චොඉකෙවය්කොම් පැණි කද සමග වැටුණු වැද්දා - වැද්දාපැණි ඇල්ල වැද්ද පෙනී එල්ල ඵල්ල්ස් අද අපි ඔයාලා එක්ක කතාකරන්නේ පොඩි දියඇල්ලක් ගැන.. පොඩි වුණාට සැරයි..ඒ ඇල්ලේ නම නම් ඔයාලට අමතක වෙන එකක් නෑ..එය නමින් වැද්දාපැණි ඇල්ල. මම මුලින්ම ඔයාලට,0.8618
@USER @USER   මොනාද මූ කියන්නේ  අම්මප මං දැන් තමුසෙ piano ගහන ඔක්කොගෙම link මෙතන දානව ඈහ්,මොනාද මූ කියන්නේ අම්මප මං දැන් තමුසෙ piano ගහන ඔක්කොගෙම link මෙතන දානව ඈහ්,0.8618
@USER  @USER ඔව් කට කද්දී මිනිහට අමාරු වෙයි මිරිස් ගලේ ගෑවම,ඔව් කට කද්දී මිනිහට අමාරු වෙයි මිරිස් ගලේ ගෑවම,0.8618
ජාත්‍යන්තර ගායකයො විව්ස් ගන්න උඩ දාපු ගොං බඩුව අන්න පොලිසියෙන් අල්ලා...,ජාත්‍යන්තර ගායකයො විව්ස් ගන්න උඩ දාපු ගොං බඩුව අන්න පොලිසියෙන් අල්ලා...,0.8618
මූණ කචල් පුක සුරතල් උන් තමයි ඔය පුකේ 4tos දාන්නෙ  දැං ඩිංග බැරිවෙන්න බෑ පුක පෙන්නල දුවන්නෙ  #පුකපෙන්නීම,මූණ කචල් පුක සුරතල් උන් තමයි ඔය පුකේ 4tos දාන්නෙ දැං ඩිංග බැරිවෙන්න බෑ පුක පෙන්නල දුවන්නෙ #පුකපෙන්නීම,0.8618
@USER පිස්සු වහෙ කෙනෙක් නේ.. ඔයාට ආ පාර්සලේ කඩල විතරක් නෙමෙ තා එක්කෙනෙකුටත් දීල. ඔයාගෙන් නාහම..පුදුම බඩුවක්නෙ නෑනා.,පිස්සු වහෙ කෙනෙක් නේ.. ඔයාට ආ පාර්සලේ කඩල විතරක් නෙමෙ තා එක්කෙනෙකුටත් දීල. ඔයාගෙන් නාහම..පුදුම බඩුවක්නෙ නෑනා.,0.8618
ඇන්ටි තන් දෙක් ‌මල්ලිට පෙන්නනවා,ඇන්ටි තන් දෙක් ‌මල්ලිට පෙන්නනවා,0.8618
දැන් තමා කොවිඩ් කන්ට්‍රෝල් කරන්න ඕනා උන් පුක කැඩිච්ච කඩි වගේ දඟලන්නේ.,දැන් තමා කොවිඩ් කන්ට්‍රෝල් කරන්න ඕනා උන් පුක කැඩිච්ච කඩි වගේ දඟලන්නේ.,0.8618
@USER මේ පකයෝ ⁣අම්මට  මිනිස්සු පාවලා දෙන්නේ තෝ පකය අවජාතක අම්ම තාත්ත නැතිව උපන්න පොන්නයෙක්ද හුත්තෝ,මේ පකයෝ ⁣අම්මට මිනිස්සු පාවලා දෙන්නේ තෝ පකය අවජාතක අම්ම තාත්ත නැතිව උපන්න පොන්නයෙක්ද හුත්තෝ,0.8618
@USER මහා ශිෂ්‍ය සංගමය කියන එවුන් රකින්නෙ කව්ද කියන එක ප්‍රශ්නයක්.  අහිංසක දරුවෙකුට ජීවිතේ නැතිවෙන වැඩ කරපු එවුන් රකින උන් මොකුන්ද. අනේ තොපේ පුකේ රැඩිකල්. ආණ්ඩුවේ පින්බත් කකා ජවිපෙ ඇටේ මිරිකල පුක ලෙවකන වහල්ලු. නොදකින්,මහා ශිෂ්‍ය සංගමය කියන එවුන් රකින්නෙ කව්ද කියන එක ප්‍රශ්නයක්. අහිංසක දරුවෙකුට ජීවිතේ නැතිවෙන වැඩ කරපු එවුන් රකින උන් මොකුන්ද. අනේ තොපේ පුකේ රැඩිකල්. ආණ්ඩුවේ පින්බත් කකා ජවිපෙ ඇටේ මිරිකල පුක ලෙවකන වහල්ලු. නොදකින්,0.8618
@USER අප්පට සිරි හුකන්නමයි හිතේන්නේ කිම්බ දේන්නකො හොදට දිවදාලා උරලා වතුර ටික එලියට ගන්නං,අප්පට සිරි හුකන්නමයි හිතේන්නේ කිම්බ දේන්නකො හොදට දිවදාලා උරලා වතුර ටික එලියට ගන්නං,0.8618
@USER අමාරුවෙන් එක කරන්නේ දාල පලකො පොන්න හැත්ත,අමාරුවෙන් එක කරන්නේ දාල පලකො පොන්න හැත්ත,0.8618
@USER ඕ දානවලට පුවක් හෙමත් හොඳ කරනවා නෙ දැහැත් විඩට.. මං සුට්ටිකාලෙ ඕ කිට්ටුවෙල කටෑරන් බලං ඉද්දි..  ආ පුංචි මස්සිනා බිජ්ජ තියෙනවයි.. ගනින් ඔන්නෝකත් හොඳ කරල අපි දැහැත් විඩට තියමු..  කියල බයකොරනවත් එක්ක අංකල් බුවාල..,ඕ දානවලට පුවක් හෙමත් හොඳ කරනවා නෙ දැහැත් විඩට.. මං සුට්ටිකාලෙ ඕ කිට්ටුවෙල කටෑරන් බලං ඉද්දි.. ආ පුංචි මස්සිනා බිජ්ජ තියෙනවයි.. ගනින් ඔන්නෝකත් හොඳ කරල අපි දැහැත් විඩට තියමු.. කියල බයකොරනවත් එක්ක අංකල් බුවාල..,0.8618
මේවුවා දැකලා පන පලයන්. ලබන සුමානේ  Like us Page # Agalawatta Api - අගලවත්ත අපි URL,මේවුවා දැකලා පන පලයන්. ලබන සුමානේ Like උස Page # අගලවට්ට අපි - අගලවත්ත අපි උර්ල්,0.8618
@USER කොල්ලන්ට මෙන්සස් හැදෙන්නෑ. තොට හැදුනා ඒක කන්ට්‍රඩික්ශන් එකක් . ඒ අසාමාන්‍තාවය නිසා උඹව හොස්පිටිල් ගෙනිච්චා,කොල්ලන්ට මෙන්සස් හැදෙන්නෑ. තොට හැදුනා ඒක කන්ට්‍රඩික්ශන් එකක් . ඒ අසාමාන්‍තාවය නිසා උඹව හොස්පිටිල් ගෙනිච්චා,0.8618
@USER අර කටට අරන් ගහන එක ගහන් ආතල් එකේ ඉන්න,අර කටට අරන් ගහන එක ගහන් ආතල් එකේ ඉන්න,0.8618
ඒයිල කට්ටියක්ම ඔාලෑ ගෙවල්ගාව පදිංචිදේයි ??? මරු මරු  එයාල පුක දිවෙන් කිතිකවනව කොල්ලො බිත්ති දිගේ යන ගානටේයි,ඒයිල කට්ටියක්ම ඔාලෑ ගෙවල්ගාව පදිංචිදේයි ??? මරු මරු එයාල පුක දිවෙන් කිතිකවනව කොල්ලො බිත්ති දිගේ යන ගානටේයි,0.8613
"@USER ,  @USER  @USER ALs තියෙනවා ALs කරන උන්ට, තෝ නම් ALs කරන එකෙක් වගේ පෙන්නෙ නෑ",", අලස් තියෙනවා අලස් කරන උන්ට, තෝ නම් අලස් කරන එකෙක් වගේ පෙන්නෙ නෑ",0.8613
සල්ලි නිසා බදූර්දීන්ගේ පුක දිවෙන් සුද්ද... URL,සල්ලි නිසා බදූර්දීන්ගේ පුක දිවෙන් සුද්ද... උර්ල්,0.8613
හැම එකාම ඇරපුවාම පස්ස ලොකු වෙනවා නේද,හැම එකාම ඇරපුවාම පස්ස ලොකු වෙනවා නේද,0.8613
@USER @USER  උඹේ අත් දෙක දැන් මෝරපු මුරුන්ග අත්තක් වගේ. පට්ට තඩියි යකෝ. හුලන් ගැහුවද?,උඹේ අත් දෙක දැන් මෝරපු මුරුන්ග අත්තක් වගේ. පට්ට තඩියි යකෝ. හුලන් ගැහුවද?,0.8613
@USER ඔය වගේ පොන්න වේසාවෝ පිරිලා  මේවා රැග්ද හුත්තො,ඔය වගේ පොන්න වේසාවෝ පිරිලා මේවා රැග්ද හුත්තො,0.8613
"දැන් අර අවුරුදු 17 කොල්ලා සිය දිවි නසාගනීද මංදා,  වේස බලු මාධ්‍ය !! කොකාකෝලා නම කියන්න බෑ..17 එකාගේ වැල කියනවා... හමුනවන්නෝන ෆක්කුන්ට","දැන් අර අවුරුදු 17 කොල්ලා සිය දිවි නසාගනීද මංදා, වේස බලු මාධ්‍ය !! කොකාකෝලා නම කියන්න බෑ..17 එකාගේ වැල කියනවා... හමුනවන්නෝන ෆක්කුන්ට",0.8613
@USER හිසේ කැක්කුම ට තියෙන්න එකම ප්‍රතිකාරෙ pain killers විතරයි කියල හිතං ඉඳපු මෝඩ මං...,හිසේ කැක්කුම ට තියෙන්න එකම ප්‍රතිකාරෙ pain කිල්ලෙර්ස් විතරයි කියල හිතං ඉඳපු මෝඩ මං...,0.8613
ප්‍රභාකරන් හිටියනම් දානව අරූගෙ කටට බොම්බයක් දුන්න ලේ බිංදුවට තවත් කුල කියනවද අහල,ප්‍රභාකරන් හිටියනම් දානව අරූගෙ කටට බොම්බයක් දුන්න ලේ බිංදුවට තවත් කුල කියනවද අහල,0.8613
@USER  @USER අනේප්පල ඩෝ යන්න. තෝ උඩ තට්ටුවෙ ඉඳං වටේ ගෑනඅ නාන ඒව බලබල අත මරන වෙලාවෙ අපි ඇඟට පතට හරිහමං ඇඳුමක්වත් නැතුව දාඩිය මුගුරු පෙරාගෙන මහන්සි වෙලා තමයි දරුවො හැදුවෙ.  කතා කරපං @USER,අනේප්පල ඩෝ යන්න. තෝ උඩ තට්ටුවෙ ඉඳං වටේ ගෑනඅ නාන ඒව බලබල අත මරන වෙලාවෙ අපි ඇඟට පතට හරිහමං ඇඳුමක්වත් නැතුව දාඩිය මුගුරු පෙරාගෙන මහන්සි වෙලා තමයි දරුවො හැදුවෙ. කතා කරපං,0.8613
......සුදානම් වන්න... සිරිසේනගේ අවජාතක ආණ්ඩුවේ ඇත්ත වසන් කිරිමට   ලාංකීකයන්ට තහනම් වු ජාතියක් අවදිකල මහා... URL,......සුදානම් වන්න... සිරිසේනගේ අවජාතක ආණ්ඩුවේ ඇත්ත වසන් කිරිමට ලාංකීකයන්ට තහනම් වු ජාතියක් අවදිකල මහා... උර්ල්,0.8613
@USER නිකං බොද්දි බඩේ අමාරුවක් උනත් කොහෙන් ගියාද දන්නෑලු ඒකෙ රත් කරලා බිව්වොත් ඔයාවත් හොයාගන්ඩ බැරි වෙයි පිස්සු නැතුව රත් නොකර බොන්න ළමයෝ,නිකං බොද්දි බඩේ අමාරුවක් උනත් කොහෙන් ගියාද දන්නෑලු ඒකෙ රත් කරලා බිව්වොත් ඔයාවත් හොයාගන්ඩ බැරි වෙයි පිස්සු නැතුව රත් නොකර බොන්න ළමයෝ,0.8613
"එබැවින්............ ඔබෙ පුකට කුඩම්මාගේ සැලකිලි නොදක්වන්න. ඔබේ පුක ගැන ඔබ ආඩම්බර වන්න. ඇස් දෙක මෙන් පුක රැක බලාගන්න. රජෙකුට මෙන් පුකට සලකන්න. පුකට ආදරය කරන්න. පුක ඔබ සමග නිරතුරුව රැදීසිටීවි.... පුක ගැන කියවීම ඉවරයක් කළ නොහැක.. ඒ තරම් ලොකු මාතෘකාවකි, පුක..","එබැවින්............ ඔබෙ පුකට කුඩම්මාගේ සැලකිලි නොදක්වන්න. ඔබේ පුක ගැන ඔබ ආඩම්බර වන්න. ඇස් දෙක මෙන් පුක රැක බලාගන්න. රජෙකුට මෙන් පුකට සලකන්න. පුකට ආදරය කරන්න. පුක ඔබ සමග නිරතුරුව රැදීසිටීවි.... පුක ගැන කියවීම ඉවරයක් කළ නොහැක.. ඒ තරම් ලොකු මාතෘකාවකි, පුක..",0.8613
@USER ජොකා ඉලාස්ටික්  ඇට දෙක ප්ලාස්ටික්  පුක මැද ලිප්ස්ටික් සර බර සා,ජොකා ඉලාස්ටික් ඇට දෙක ප්ලාස්ටික් පුක මැද ලිප්ස්ටික් සර බර සා,0.8613
දැකලා තියෙනවද සිංහල උන්ට උඩ තියාගෙන අන්තවාදීන් ජාතිවාදීන් කියලා හංවඩු ගහද්දි කට පුක වහන් ඉදලා.. මුස්ලිම් එකෙක්ට දෙයක් කියද්දි ඇවිල්ලා සුපර් මෑන් වෙන්න හදන සිංහල උං.. ඕකුන් තමයි ගබ්සා පෙති වලින් සම්පූර්ණයෙන් හානි නොවුන කළල..,දැකලා තියෙනවද සිංහල උන්ට උඩ තියාගෙන අන්තවාදීන් ජාතිවාදීන් කියලා හංවඩු ගහද්දි කට පුක වහන් ඉදලා.. මුස්ලිම් එකෙක්ට දෙයක් කියද්දි ඇවිල්ලා සුපර් මෑන් වෙන්න හදන සිංහල උං.. ඕකුන් තමයි ගබ්සා පෙති වලින් සම්පූර්ණයෙන් හානි නොවුන කළල..,0.8613
"@USER ,  @USER  @USER වහල්ලු 2015 වෙනකම්ම කෑවේ අශුචි තමයි..!!! උබලයි අම්මට කියපන් රෑට රෑට වළව්වේ නිදිවදින එක නවත්තන්ට කියාලා;  නැත්තම් තෝ වගේ ම අවජාතක බල්ලෙක් මේ රටේ කරුමෙට ඉපදෙයි..!!!!!",", වහල්ලු 2015 වෙනකම්ම කෑවේ අශුචි තමයි..!!! උබලයි අම්මට කියපන් රෑට රෑට වළව්වේ නිදිවදින එක නවත්තන්ට කියාලා; නැත්තම් තෝ වගේ ම අවජාතක බල්ලෙක් මේ රටේ කරුමෙට ඉපදෙයි..!!!!!",0.8613
"@USER ,  @USER  @USER නිකන් පල මාලු වේසි යන්න. මංගලගෙ ඇටේ උරල එනව දැන් අපිට පුක දෙන්න",", නිකන් පල මාලු වේසි යන්න. මංගලගෙ ඇටේ උරල එනව දැන් අපිට පුක දෙන්න",0.8613
මගෙ Phone එක උස්සපු එකාට හෙනම ගහපිය... කොටියම කාපිය... හත් කඩකට පැලිය... තූ නොදකින් කාලකන්නියා....  කඩේක එහෙම... URL,මගෙ Phone එක උස්සපු එකාට හෙනම ගහපිය... කොටියම කාපිය... හත් කඩකට පැලිය... තූ නොදකින් කාලකන්නියා.... කඩේක එහෙම... උර්ල්,0.8613
"@USER පුම්බන්ඩ එපා තෝ, නිවිලා තියෙන්නෙ දැන්","පුම්බන්ඩ එපා තෝ, නිවිලා තියෙන්නෙ දැන්",0.8613
@USER  @USER තෝ ගංජා ගහලාද කුඩු ගහලාද ලසා?,තෝ ගංජා ගහලාද කුඩු ගහලාද ලසා?,0.8613
"@USER තොපේ දේ රැකගෙන, අහින්සක මිනිසුන්ගේ තියෙන තුට්ටුවට කෙළවන තොගේ මහාඑකා  @USER  ට කඹුරන තොට වැහිනැති හෙණගහන්න ඕනෙ යකෝ. මූසලයා.","තොපේ දේ රැකගෙන, අහින්සක මිනිසුන්ගේ තියෙන තුට්ටුවට කෙළවන තොගේ මහාඑකා ට කඹුරන තොට වැහිනැති හෙණගහන්න ඕනෙ යකෝ. මූසලයා.",0.8608
තමුන්ගේ පුක ගලවගෙන ගිහින් වෙන එකෙක් රීලා පිරිසිදු කරන් එනවා නම් පුකත් ගලෝලා දෙන තරමට කම්මැලි ගෑනු ගොඩක් ඉන්නවා දැන් ගම්වල.  ගෙදර වත්තේ තියෙන එලෝලු පලාජාති පලතුරු කඩන්න කම්මැලි කමේ ගිහින් පොලෙන් මාර්කැට් එකෙන් ඒවාම අරගෙන එනව.,තමුන්ගේ පුක ගලවගෙන ගිහින් වෙන එකෙක් රීලා පිරිසිදු කරන් එනවා නම් පුකත් ගලෝලා දෙන තරමට කම්මැලි ගෑනු ගොඩක් ඉන්නවා දැන් ගම්වල. ගෙදර වත්තේ තියෙන එලෝලු පලාජාති පලතුරු කඩන්න කම්මැලි කමේ ගිහින් පොලෙන් මාර්කැට් එකෙන් ඒවාම අරගෙන එනව.,0.8608
යකෝ කෙල්ලන්ගේ ස්ටයිල්.මලක පොල් කුරුමිණියෙක් වහපු කොණ්ඩ කටුවක්,යකෝ කෙල්ලන්ගේ ස්ටයිල්.මලක පොල් කුරුමිණියෙක් වහපු කොණ්ඩ කටුවක්,0.8608
සමහරු පුක දිලාම ට්විට් හෑත්තදහක් විතර ගහලා !,සමහරු පුක දිලාම ට්විට් හෑත්තදහක් විතර ගහලා !,0.8608
@USER බෝතලයක් නැද්ද බං උඹේ අම්ම හංගපුවත්,බෝතලයක් නැද්ද බං උඹේ අම්ම හංගපුවත්,0.8608
@USER සිකේ යකෝ.පැත්තකට කතා කරන්න එපා ඔය හැම වේස බඩුවම එකයි..,සිකේ යකෝ.පැත්තකට කතා කරන්න එපා ඔය හැම වේස බඩුවම එකයි..,0.8608
කෙල්ලො දහා දෙනෙක් විතර ඉස්සරහා පුක ගලක වැදිලා පුක උලාගෙන ගිහින් අැලකට අැදගෙන වැටුණා   Mr6feet @USER  · 18 Mar 2021 ඔයාගේ ජිවිතේ මතකම නැති අවස්ථා මොනාද,කෙල්ලො දහා දෙනෙක් විතර ඉස්සරහා පුක ගලක වැදිලා පුක උලාගෙන ගිහින් අැලකට අැදගෙන වැටුණා Mr6feet · 18 Mar 2021 ඔයාගේ ජිවිතේ මතකම නැති අවස්ථා මොනාද,0.8608
@USER වැස්ස වහිනවා මහවැලි ගග උතුරනවා... සුද්දි නානවා සුද්දිගෙ පස්ස පේනවා.... කැරකිල,වැස්ස වහිනවා මහවැලි ගග උතුරනවා... සුද්දි නානවා සුද්දිගෙ පස්ස පේනවා.... කැරකිල,0.8608
@USER  @USER මු කවදා හරි මුගේ අම්මට තාත්තට මෙහෙම කරාවිද? නොදකින් පතලක් අස්සේ සරමක පිහන්න ඕනේ එකෙක් මේ ලෝකෙට ජාතක වෙලා,මු කවදා හරි මුගේ අම්මට තාත්තට මෙහෙම කරාවිද? නොදකින් පතලක් අස්සේ සරමක පිහන්න ඕනේ එකෙක් මේ ලෝකෙට ජාතක වෙලා,0.8608
"@USER ,  @USER  @USER ඒවා තියන්නේ පිදේනි තටුවේ අර ගොටුකොළ රොටී අපේ අම්ම මට හැමදාම හදල දෙනවා මොලේ වර්දනය වෙන්න",", ඒවා තියන්නේ පිදේනි තටුවේ අර ගොටුකොළ රොටී අපේ අම්ම මට හැමදාම හදල දෙනවා මොලේ වර්දනය වෙන්න",0.8608
@USER  @USER    පක තමයි ජය ගන්නෙ. අනේ හුත්තිගෙ පකයෝ හැමිනෙන්නෙ නැතුව හිටපන්.,පක තමයි ජය ගන්නෙ. අනේ හුත්තිගෙ පකයෝ හැමිනෙන්නෙ නැතුව හිටපන්.,0.8608
හෝ.... එක ලඩ්කි කෝ දේකා තෝ ඈසා ළගා....,හෝ.... එක ලඩ්කි කෝ දේකා තෝ ඈසා ළගා....,0.8608
@USER තොගේ ෆෝන් එක සර්විස් කර ගනින්. එක්කෝ කන සුද්ද කර ගනින්. යකෝ තොගේ කට හඩට වඩා ගොරෝසුවට කඩි කෑ ගහනවා.,තොගේ ෆෝන් එක සර්විස් කර ගනින්. එක්කෝ කන සුද්ද කර ගනින්. යකෝ තොගේ කට හඩට වඩා ගොරෝසුවට කඩි කෑ ගහනවා.,0.8608
"මගේ යාලුවෙක් බලු පැටියෙක් උස්සං ආව ගෙදර... බලු පැටියගෙ වැඩේ නැට්ටත් එක්ක පස්ස නටවන එකලු නංගි කියුවලු අයියේ මූට නමක් දාමු කියල, ඌට දාන්න නමක් කල්පනා කලාලු... නංගී මං ජපන් නමක් දැම්මා කියල යාලුව කියුවලු නංගි: මොකක්ද? යාලුවා: ""නකපුටෝ"" නංගි තාම දන්නෑලු එහෙම දැම්මෙ ඇයි කියල","මගේ යාලුවෙක් බලු පැටියෙක් උස්සං ආව ගෙදර... බලු පැටියගෙ වැඩේ නැට්ටත් එක්ක පස්ස නටවන එකලු නංගි කියුවලු අයියේ මූට නමක් දාමු කියල, ඌට දාන්න නමක් කල්පනා කලාලු... නංගී මං ජපන් නමක් දැම්මා කියල යාලුව කියුවලු නංගි: මොකක්ද? යාලුවා: ""නකපුටෝ"" නංගි තාම දන්නෑලු එහෙම දැම්මෙ ඇයි කියල",0.8606
@USER උල් පිහි දුන්නොත් උයන්නෙ මොට්ට පිහියෙන්ද,උල් පිහි දුන්නොත් උයන්නෙ මොට්ට පිහියෙන්ද,0.8604
අම්මගේ රෙද්ද තමයි..... රටම පාවා දුන්න අවජාතකයාගේ මඩ හාේදන පාලම් කොක්කු ඉන්නවනේ.... URL,අම්මගේ රෙද්ද තමයි..... රටම පාවා දුන්න අවජාතකයාගේ මඩ හාේදන පාලම් කොක්කු ඉන්නවනේ.... උර්ල්,0.8604
නිවරදිව දේශපාලනය කරන්න දන්නේ නැති කොන්ද පණ නැති අවජාතක බල්ලෝ.. URL,නිවරදිව දේශපාලනය කරන්න දන්නේ නැති කොන්ද පණ නැති අවජාතක බල්ලෝ.. උර්ල්,0.8604
@USER  @USER නොදකින් !! වල පයයි ගොඩ පයයි තියන් SM ඇවිත් නටන හැතිකරේ,නොදකින් !! වල පයයි ගොඩ පයයි තියන් සම් ඇවිත් නටන හැතිකරේ,0.8604
@USER  @USER මම මැද්දෙන් පැනලා පුක දුන්නේ නැත්තම් ඉතිං දෙන්නගෙන් එක්කෙන්ක්ට පුක ඉරාගන්න තමා වෙන්නේ. පාටි දීපන් ඕන පුකක්,මම මැද්දෙන් පැනලා පුක දුන්නේ නැත්තම් ඉතිං දෙන්නගෙන් එක්කෙන්ක්ට පුක ඉරාගන්න තමා වෙන්නේ. පාටි දීපන් ඕන පුකක්,0.8604
යකෝ ඩැනියෙල් tweet දදා icc එකේ ඇඩ්මින් කාරයාට ඇඟිල්ලෙන් ඇන ඇන මතක් දෙන්නොනිද වැදගත් දෙයක් tweet කරගන්න  GIF,යකෝ ඩැනියෙල් tweet දදා ඉක්ක එකේ ඇඩ්මින් කාරයාට ඇඟිල්ලෙන් ඇන ඇන මතක් දෙන්නොනිද වැදගත් දෙයක් tweet කරගන්න GIF,0.8604
Nibba Nibbi නවත්පන් යකෝ හිනාවෙලාම ඉල ඇට රිදෙනව,නිබ්බ නිබ්බි නවත්පන් යකෝ හිනාවෙලාම ඉල ඇට රිදෙනව,0.8604
"මේ වගේ එකක් අපේ කිරි අම්මට දුන්නා නම් බනී යකෝ.""තෝ පර බල්ලා.තොගෙ  අම්ම අප්පටත් නව නින්ගිරාවක්.තෝව හැදුවට වඩා හොදයි කූඩුවක දාල කිරි වව්ලෙක් ඇති කරානම් වනචර බල්ලා.තොගේ කේන්දරෙත් තිබ්බේ වලත්තයෙක් වෙනව කියලා.කොහෙද... URL","මේ වගේ එකක් අපේ කිරි අම්මට දුන්නා නම් බනී යකෝ.""තෝ පර බල්ලා.තොගෙ අම්ම අප්පටත් නව නින්ගිරාවක්.තෝව හැදුවට වඩා හොදයි කූඩුවක දාල කිරි වව්ලෙක් ඇති කරානම් වනචර බල්ලා.තොගේ කේන්දරෙත් තිබ්බේ වලත්තයෙක් වෙනව කියලා.කොහෙද... උර්ල්",0.8604
අම්ම හරි. මගේ බඩේ හිගන්නෙක් ඉන්දන් හැම වෙලේම කෑම ඉල්ලනවා,අම්ම හරි. මගේ බඩේ හිගන්නෙක් ඉන්දන් හැම වෙලේම කෑම ඉල්ලනවා,0.8604
@USER පක කියල තියෙන්නේ විස විදින නයින්ගේද එතකොට මං දැකල නැනෙ ඒම උන්,පක කියල තියෙන්නේ විස විදින නයින්ගේද එතකොට මං දැකල නැනෙ ඒම උන්,0.8604
@USER කොන්ද පණ නැති අවජාතක වේස පරයා...වලක් කපාගෙන වැලලියං ඔයිට වඩා හොඳයි.....,කොන්ද පණ නැති අවජාතක වේස පරයා...වලක් කපාගෙන වැලලියං ඔයිට වඩා හොඳයි.....,0.8604
ඒත් එදාට සමහරවිට මම නැති වෙයි උඹ ළඟ..   #Cracky #Love #Lovequotes #Sinhala #LKA #SriLanka  #Poems #ShortPoem #TweetPoetry,ඒත් එදාට සමහරවිට මම නැති වෙයි උඹ ළඟ.. #Cracky #Love ලොවෙකුඔතෙස් සිංහල ලක ශ්‍රීලංකා පොඑම්ස් ශොර්ත්පොඑම් ත්වෙඑත්පොඑත්ර්ය,0.8604
මම බංගිට බැන්නා හු&%$ බැල්ලි කියලා. ඊට පස්සෙ මතක් උනා ඒකි මගෙ කියලා,මම බංගිට බැන්නා හු&%$ බැල්ලි කියලා. ඊට පස්සෙ මතක් උනා ඒකි මගෙ කියලා,0.8604
@USER කේරි නාකියා ඇන්ටි මම එක්ක ඉන්නෙ තෝ පොම්සි යා කියල නිග කියල ඊට පස්සෙ අතින් ගහන්න බැරිනං ගල් ගහල ඔයත් ඉස්පිරිතාලෙ නතර වෙන්න,කේරි නාකියා ඇන්ටි මම එක්ක ඉන්නෙ තෝ පොම්සි යා කියල නිග කියල ඊට පස්සෙ අතින් ගහන්න බැරිනං ගල් ගහල ඔයත් ඉස්පිරිතාලෙ නතර වෙන්න,0.8604
ලපේ ගලෝල ඔබන්න ඔන කටේ මේකගෙ... සල්ලි වලට තමන්ගෙ අම්ම උනත් විකුණයි මේක.. URL,ලපේ ගලෝල ඔබන්න ඔන කටේ මේකගෙ... සල්ලි වලට තමන්ගෙ අම්ම උනත් විකුණයි මේක.. උර්ල්,0.8604
@USER නොදකින්. තෝව බ්ලොක් කරන්ඩෝනෙ,නොදකින්. තෝව බ්ලොක් කරන්ඩෝනෙ,0.8599
@USER @USER  @USER  තෝ මගේ කට අව්ස්ස ගන්න එපා.... මරනවා කට කපලා තොගේ,තෝ මගේ කට අව්ස්ස ගන්න එපා.... මරනවා කට කපලා තොගේ,0.8599
එකොළොස් වෙනි එක   මොන මගුලක් ද යකෝ මේ  මට නම් තේරුනේ නෑ  පකේ Time Travel  අනික ඇයි මේ හුත්ති හැමතිස්සෙම පණ බයෙන් ඉන්නේ?  — watching Arrival,එකොළොස් වෙනි එක මොන මගුලක් ද යකෝ මේ මට නම් තේරුනේ නෑ පකේ Time Travel අනික ඇයි මේ හුත්ති හැමතිස්සෙම පණ බයෙන් ඉන්නේ? — watching Arrival,0.8599
@USER එපා බන්. fake like වලට වඩා යාලුවෙක් දාන එක like එක වටිනවා. අනික like කන්නද යකෝ. උබත් ඔය එකාට like දදා ඉන්නේ නැතුව උබටම කියලා දෙයක් කරගනින්,එපා බන්. fake like වලට වඩා යාලුවෙක් දාන එක like එක වටිනවා. අනික like කන්නද යකෝ. උබත් ඔය එකාට like දදා ඉන්නේ නැතුව උබටම කියලා දෙයක් කරගනින්,0.8599
Travelling කරන්න යන ගොඩාක් උන් Travel කරන්න යනවා කියාගෙන යන්නේ රැල්ලට තමන්⁣ ගේන අමතර දේවල් ආපහු ගෙදර ගේන්න බැරිනම් වදින්නම් Travel කරන්න යන්න එපා.  කාලකණ්ණි වේසිගේ පුතාලා Captain America ✪ @USER  · 26 Feb 2020 Travel කරාට කමක්නෑ එත් මෙහෙම අරන් ගිය කුනු දාලා හිතකින් එන්නේ කොහොමද කියලා හිතාගන්න අමාරුයි..මිනිස්සුද බන්.නාරන්ගල විනාසකරලා අපේම කාලකන්නී හැත්ත.හිත රිදෙනවා බන් මේවා දකිනකොට... #Travel #LKA,ට්‍රවෙල්ලින්ග් කරන්න යන ගොඩාක් උන් Travel කරන්න යනවා කියාගෙන යන්නේ රැල්ලට තමන්⁣ ගේන අමතර දේවල් ආපහු ගෙදර ගේන්න බැරිනම් වදින්නම් Travel කරන්න යන්න එපා. කාලකණ්ණි වේසිගේ පුතාලා Captain අමෙරිචා ✪ · 26 ෆෙබ් 2020 Travel කරාට කමක්නෑ එත් මෙහෙම අරන් ගිය කුනු දාලා හිතකින් එන්නේ කොහොමද කියලා හිතාගන්න අමාරුයි..මිනිස්සුද බන්.නාරන්ගල විනාසකරලා අපේම කාලකන්නී හැත්ත.හිත රිදෙනවා බන් මේවා දකිනකොට... #Travel ලක,0.8599
@USER මේ වගේ photo එකක් දැක්කම පයිය නගින එක වනචර කම නෙවෙයි bro. ඒක තමයි මෝල. එහෙම නොවෙනව නම් උගේ පයියෙ mole sensor එක හරියට function වෙන්නෙ නෑ.,මේ වගේ photo එකක් දැක්කම පයිය නගින එක වනචර කම නෙවෙයි බ්‍රෝ ඒක තමයි මෝල. එහෙම නොවෙනව නම් උගේ පයියෙ mole sensor එක හරියට function වෙන්නෙ නෑ.,0.8599
සමහරුන්ගේ tweet හරිම ගොන් #howtobemean,සමහරුන්ගේ tweet හරිම ගොන් හොව්තොබෙමෙං,0.8599
"@USER කුකුල්,හරක්,එලු,ඌරු එකී මෙකී නොකී මස් ගිලගිල බල්ලා පව් කියනවා","කුකුල්,හරක්,එලු,ඌරු එකී මෙකී නොකී මස් ගිලගිල බල්ලා පව් කියනවා",0.8599
@USER ඇ බොල මේ අහිංසක මාව මරන්නද හදන්නේ පොලවෙි ගහලා.,ඇ බොල මේ අහිංසක මාව මරන්නද හදන්නේ පොලවෙි ගහලා.,0.8599
"උඹ යන්නම ගියා නේද අයියෙ. සංසාරේ කොතනකරි උඹට ලොකු වැරැද්දක් වෙන්න ඇති.ඒ පවට අපිත් කරගහන්න ඇති. අපිව රැකගන්න දඟලපු උඹට බැරිවුණා, උඹව රැකගන්න. Curfew තියෙද්දිත් උඹව බලන්න ආපු සෙනඟ උඹ එකතු කරපු මනුස්සකමයි පෙන්නුවේ. උන්ගේ ඇස්වලින් වැටුන කදුළු උඹ ගැනයි කිව්වෙ.. නිවන් සුව ලැබේවා අපෙ The following media includes potentially sensitive content. Change settings View","උඹ යන්නම ගියා නේද අයියෙ. සංසාරේ කොතනකරි උඹට ලොකු වැරැද්දක් වෙන්න ඇති.ඒ පවට අපිත් කරගහන්න ඇති. අපිව රැකගන්න දඟලපු උඹට බැරිවුණා, උඹව රැකගන්න. Curfew තියෙද්දිත් උඹව බලන්න ආපු සෙනඟ උඹ එකතු කරපු මනුස්සකමයි පෙන්නුවේ. උන්ගේ ඇස්වලින් වැටුන කදුළු උඹ ගැනයි කිව්වෙ.. නිවන් සුව ලැබේවා අපෙ The following media ඉන්ච්ලුදෙස් potentially sensitive content. Change සෙට්ටින්ග්ස් View",0.8599
"""සොරි මචං ! හැදුවේ 3% එලවන්න.. කෙළවුණේ උඹට නේද ? අරූ එළියේ හිටියානම් උඹ ඇතුලේ ""","""සොරි මචං ! හැදුවේ 3% එලවන්න.. කෙළවුණේ උඹට නේද ? අරූ එළියේ හිටියානම් උඹ ඇතුලේ """,0.8599
"ගොනාව කණුවක බැදලා ළඟට, රට තණකොල කන්න දුන්නත් වැඩක් නෑ, ඌ රට තණකොල නැතිව වල් තණකොලම හොයනවානම්... අනිවා ඌ කඹේ කඩන් ගිහින් හරි වල් තණකොල උලාකනවා.. කඹේ කඩා ගන්න කලින් හයිය ලණුවකින් ගැටේ ගහපන් හරියට... මෙල්ල කරන්න බැරිම නම් නාස් ළණුවෙන් බැදපන්..","ගොනාව කණුවක බැදලා ළඟට, රට තණකොල කන්න දුන්නත් වැඩක් නෑ, ඌ රට තණකොල නැතිව වල් තණකොලම හොයනවානම්... අනිවා ඌ කඹේ කඩන් ගිහින් හරි වල් තණකොල උලාකනවා.. කඹේ කඩා ගන්න කලින් හයිය ලණුවකින් ගැටේ ගහපන් හරියට... මෙල්ල කරන්න බැරිම නම් නාස් ළණුවෙන් බැදපන්..",0.8599
@USER  @USER අනුන්ගේ වගා ලිං සුද්ද කරලාම හරියන්නේ නෑ. මටම කියලා ලිදක් කපා ගන්න ඕනේ. හිතුනොත් ගල විදලා මුල ඉදලාම නල ලිදක්ම ගහනවා,අනුන්ගේ වගා ලිං සුද්ද කරලාම හරියන්නේ නෑ. මටම කියලා ලිදක් කපා ගන්න ඕනේ. හිතුනොත් ගල විදලා මුල ඉදලාම නල ලිදක්ම ගහනවා,0.8599
@USER මෙහෙ කොළඹම ගෙඩියක් 1000යි. උඹ මෙහෙ ආවම එනවකො අපේ ගෙවල් පැත්තෙ. දෙන්න පුලුවන් ලොට් එකක්ම. නිකන්ම ඉදිල වැටිල යනව.,මෙහෙ කොළඹම ගෙඩියක් 1000යි. උඹ මෙහෙ ආවම එනවකො අපේ ගෙවල් පැත්තෙ. දෙන්න පුලුවන් ලොට් එකක්ම. නිකන්ම ඉදිල වැටිල යනව.,0.8599
"අනුරාධපුරේ තමංගෙ දුවව දූෂණය කරපු කාලකණ්නි නවත්තපු  තාත්ත කෙනෙක් කපා කොටා මරල දාලා.  මේ සක්කිලි රටේ මිනිස්සු  හදන්න නම් මේ වගේ අති විශේෂ නඩු විභාග කරන්න සීඝ්‍රගාමී අධිකරණ පිහිටුවලා, නොකඩවා විභාග කරලා, ඔප්පු වූවන්ට මරණ දඬුවම දෙන්න ඕන.  #SriLanka #LKa #APuraFatherKilled","අනුරාධපුරේ තමංගෙ දුවව දූෂණය කරපු කාලකණ්නි නවත්තපු තාත්ත කෙනෙක් කපා කොටා මරල දාලා. මේ සක්කිලි රටේ මිනිස්සු හදන්න නම් මේ වගේ අති විශේෂ නඩු විභාග කරන්න සීඝ්‍රගාමී අධිකරණ පිහිටුවලා, නොකඩවා විභාග කරලා, ඔප්පු වූවන්ට මරණ දඬුවම දෙන්න ඕන. ශ්‍රීලංකා ලක අපුරඵතෙර්කිල්ලෙඩ්",0.8599
@USER  @USER රතු හැට්ටෙ පළල් මදි දෙතන පෙනෙන්නට තිසරුන් ආසයි මුහුන බලන්නට උස්සලා තන පට තද කරපන් රණ තිසරු පනී බැදපන්  සේලෙ පලන් උඹේ කලව පෙන්නෙන්ට සුලිය වගේ නාභිය පෙන්වන්නට උස්සලා පස්ස ටිකාක් හදපන් ඉඟ සේලෙ තදින් ඇදපන්,රතු හැට්ටෙ පළල් මදි දෙතන පෙනෙන්නට තිසරුන් ආසයි මුහුන බලන්නට උස්සලා තන පට තද කරපන් රණ තිසරු පනී බැදපන් සේලෙ පලන් උඹේ කලව පෙන්නෙන්ට සුලිය වගේ නාභිය පෙන්වන්නට උස්සලා පස්ස ටිකාක් හදපන් ඉඟ සේලෙ තදින් ඇදපන්,0.8599
@USER හී රහට තියෙනෝඅක්කා...  එහෙම අමාරු නෑ අක්කා.. ලේසියි.. ආයේ හදමු.. කියන්නම් අක්කට හදන හැටි,හී රහට තියෙනෝඅක්කා... එහෙම අමාරු නෑ අක්කා.. ලේසියි.. ආයේ හදමු.. කියන්නම් අක්කට හදන හැටි,0.8599
@USER එතෝට බැල්ලි නෑවීම කියන්නේ මොකක්ඩ,එතෝට බැල්ලි නෑවීම කියන්නේ මොකක්ඩ,0.8598
@USER පර සක්කිලි මරණ්න ඔන ඔකුන්,පර සක්කිලි මරණ්න ඔන ඔකුන්,0.8598
@USER @USER  හැදිච්ච කෙල්ලොත් පුලුවනි සමව හැදුනු කෙල්ලො තමා අමාරු..ඇතැමුන්ගෙ කට විතරක් ලොකුවට හැදී තිබේ,හැදිච්ච කෙල්ලොත් පුලුවනි සමව හැදුනු කෙල්ලො තමා අමාරු..ඇතැමුන්ගෙ කට විතරක් ලොකුවට හැදී තිබේ,0.8594
@USER  @USER අපේ රට බෞද්ධ රටක් පමණක් කියල කොහෙවත් මම කියල නෑ. බට් බහුතරය අපි. එහෙම එකේ ඔයා කියන්නෙ ටීනාගෙ කුක්කු බැලුවෙ හම්බයො කියලද? වහ්ට ජෝක් අහ් පුතා තමන්ගෙ අම්මා වේස කමේ ගියත් ඇඟිල්ල දික් කරල පෙන්න්න පුරුදු වෙන්න. තමන්ගෙ වැරදි වහන්න වහන්න ඒවගෙ විපාකත් තමන්ට මයි. 1/2,අපේ රට බෞද්ධ රටක් පමණක් කියල කොහෙවත් මම කියල නෑ. බට් බහුතරය අපි. එහෙම එකේ ඔයා කියන්නෙ ටීනාගෙ කුක්කු බැලුවෙ හම්බයො කියලද? වහ්ට ජෝක් අහ් පුතා තමන්ගෙ අම්මා වේස කමේ ගියත් ඇඟිල්ල දික් කරල පෙන්න්න පුරුදු වෙන්න. තමන්ගෙ වැරදි වහන්න වහන්න ඒවගෙ විපාකත් තමන්ට මයි. 1/2,0.8594
අනේ අතට ගත්ත එක කටට දාගාන්න බැරිවුන හැටි,අනේ අතට ගත්ත එක කටට දාගාන්න බැරිවුන හැටි,0.8594
@USER  @USER දෙව්මාල් නවතිනු... නුඹලා රන්ඩු වන්නේ වෙඩි තියලා නිසානේ... නුඹලා හඩාලා දොඩලා... වැඩක් නෑ උඩ පැනලා...  අන්න අරහේ උඹලා මරලා.  දැන් ගන්ස් කොපුවලට දමලා...  දෙදෙනාට දෙදෙනා ඉඹලා... මට වැඳලා පලයන්...,දෙව්මාල් නවතිනු... නුඹලා රන්ඩු වන්නේ වෙඩි තියලා නිසානේ... නුඹලා හඩාලා දොඩලා... වැඩක් නෑ උඩ පැනලා... අන්න අරහේ උඹලා මරලා. දැන් ගන්ස් කොපුවලට දමලා... දෙදෙනාට දෙදෙනා ඉඹලා... මට වැඳලා පලයන්...,0.8594
@USER නිමේස්ස් ඔයාට වැලි ගැහුවද මුසා? නැතම් ගහනවා තොට වැලි කිව්වද?,නිමේස්ස් ඔයාට වැලි ගැහුවද මුසා? නැතම් ගහනවා තොට වැලි කිව්වද?,0.8594
@USER උඩකෑල්ල විතරක් වෙන්දේසියෙ තියලා විකුනලා ඒකෙන් තුනපහ හය හතර අරන් යට කෑල්ල උයලා කමු.ආ අලි මැටිමුට්ටියකුත් ගමු.පත්තකුත් ගමු.,උඩකෑල්ල විතරක් වෙන්දේසියෙ තියලා විකුනලා ඒකෙන් තුනපහ හය හතර අරන් යට කෑල්ල උයලා කමු.ආ අලි මැටිමුට්ටියකුත් ගමු.පත්තකුත් ගමු.,0.8594
@USER  @USER ගල හොඳ්ට රස්නෙට තියෙන්නෝන ඕම පිම්බිලා එන්න. එක පැතතක් චුට්ටක් පිම්බෙනකොට අනික් පැත්තට හරවන්න ඕන එතකොට හොඳ්ට පිම්බිලා එනවා...,ගල හොඳ්ට රස්නෙට තියෙන්නෝන ඕම පිම්බිලා එන්න. එක පැතතක් චුට්ටක් පිම්බෙනකොට අනික් පැත්තට හරවන්න ඕන එතකොට හොඳ්ට පිම්බිලා එනවා...,0.8594
@USER තොට නෙමෙයි අර SL Geek එකේ ගොන් වස්සාට දැම්මේ. අවුලක් නෑ තොප්පිය හරිනම් දාගන්න.,තොට නෙමෙයි අර සල් Geek එකේ ගොන් වස්සාට දැම්මේ. අවුලක් නෑ තොප්පිය හරිනම් දාගන්න.,0.8594
@USER මුගෙ අම්ම එහෙම හොදින්ද දන්නේ නෑ නේද.....,මුගෙ අම්ම එහෙම හොදින්ද දන්නේ නෑ නේද.....,0.8594
“දුමක් බීපන්.... ලස්සන කෙල්ලෙක් උඹට ආදරය කරනවාට කැමතිද..? ඔව් උඹ කැමති වෙයි.... උඹ ඇයගේ දෙතොල් ඉරැවොත්.... ඒකි උඹව මුලු ජීවිත කාලෙම බැඳ ගනීවී.... උඹට ඒකිගෙන් ගැලවෙන්න බැරි වේවි.... කෙල්ලෝ කියනවා උඹට පන වගේ ආදරය කරනවා කියලා....,“දුමක් බීපන්.... ලස්සන කෙල්ලෙක් උඹට ආදරය කරනවාට කැමතිද..? ඔව් උඹ කැමති වෙයි.... උඹ ඇයගේ දෙතොල් ඉරැවොත්.... ඒකි උඹව මුලු ජීවිත කාලෙම බැඳ ගනීවී.... උඹට ඒකිගෙන් ගැලවෙන්න බැරි වේවි.... කෙල්ලෝ කියනවා උඹට පන වගේ ආදරය කරනවා කියලා....,0.8594
මේකේ ඉන්න සමහරු පුක පෙන්නලා මේක පුක නෙවෙයි කට කිව්වත්.. ෂා ෂෝක් කට කියලා රිප්ලයි කරන ලයික් කරන රීට්විට් කරන උන් සෙට් එකකුත් ඉන්නවා මිතුරේ,මේකේ ඉන්න සමහරු පුක පෙන්නලා මේක පුක නෙවෙයි කට කිව්වත්.. ෂා ෂෝක් කට කියලා රිප්ලයි කරන ලයික් කරන රීට්විට් කරන උන් සෙට් එකකුත් ඉන්නවා මිතුරේ,0.8594
"කසිප්පු අරක්කු බොනකොට තිත්ත නෑ ,කසාය බොනකොට තිත්තයි .  අනෙ හුක තො  @USER  · 2 Mar 2020 ඇඟට අමාරුයි අම්මෙ උගුරත් පොඩ්ඩක් රිදෙනව කියල පැයක් ගියෙනෑ තිත්තම තිත්ත කසාය ලොකූ කෝප්පයක් හදන් ඇවිල්ල පෙව්වා","කසිප්පු අරක්කු බොනකොට තිත්ත නෑ ,කසාය බොනකොට තිත්තයි . අනෙ හුක තො · 2 Mar 2020 ඇඟට අමාරුයි අම්මෙ උගුරත් පොඩ්ඩක් රිදෙනව කියල පැයක් ගියෙනෑ තිත්තම තිත්ත කසාය ලොකූ කෝප්පයක් හදන් ඇවිල්ල පෙව්වා",0.8594
වෙල් යායක ගොන් යුවලක් කකා උනී ඉන් එකේක් වලිගය නැතිව වැනි වැනී  වලිගය ඇති එකා මැස්සන්ට බැට දුනී ගැතිකමත් වලිගය නැති ගොනා වැනි   - සන්නා,වෙල් යායක ගොන් යුවලක් කකා උනී ඉන් එකේක් වලිගය නැතිව වැනි වැනී වලිගය ඇති එකා මැස්සන්ට බැට දුනී ගැතිකමත් වලිගය නැති ගොනා වැනි - සන්නා,0.8594
"@USER අපේ අම්ම ගහපු තරමක් ගැහුවෙ දනිස් දෙකෙන් පහලට, දිවුවොත් වැඩිපුර ගහනව","අපේ අම්ම ගහපු තරමක් ගැහුවෙ දනිස් දෙකෙන් පහලට, දිවුවොත් වැඩිපුර ගහනව",0.8589
බලු පැටව් ගොඩක් හේනෙන් දැක්කා  තව බල්ලෙක් ගත්තොත් අම්ම එලවයිද?,බලු පැටව් ගොඩක් හේනෙන් දැක්කා තව බල්ලෙක් ගත්තොත් අම්ම එලවයිද?,0.8589
මචං #ඉර.. උඹ එක එක පැත්තට cross-over කරාට කමක් නෑ. Brighness පොඩ්ඩක් අඩු කර ගනිංකෝ. දාඩියට යටවෙලා-ගිලිල මැරෙනවා බං,මචං #ඉර.. උඹ එක එක පැත්තට cross-over කරාට කමක් නෑ. බ්‍රිඝ්නේස්ස් පොඩ්ඩක් අඩු කර ගනිංකෝ. දාඩියට යටවෙලා-ගිලිල මැරෙනවා බං,0.8589
"@USER වල් බල්ලා වල් බල්ලා කියන්න එපා. උන්ගේ breed එක Sinhalese Hound. අපේ ගෙදර ඉන්නෙත් Sinhalese Hound කෙනෙක් තමා. අනාත වුන වීදි බල්ලෝ දහස් ගණන් ඉන්න රටේ දසදහස් ගණන් දීල පිටරට බල්ලො ගන්න එක තේරුමක් නෑ. අපිට හම්බෙන ආදරයේ, ආරක්ෂාවෙ වෙනසක් නෑ බල්ලා මොකා වුනත්.","වල් බල්ලා වල් බල්ලා කියන්න එපා. උන්ගේ breed එක සින්හලෙසේ Hound. අපේ ගෙදර ඉන්නෙත් සින්හලෙසේ Hound කෙනෙක් තමා. අනාත වුන වීදි බල්ලෝ දහස් ගණන් ඉන්න රටේ දසදහස් ගණන් දීල පිටරට බල්ලො ගන්න එක තේරුමක් නෑ. අපිට හම්බෙන ආදරයේ, ආරක්ෂාවෙ වෙනසක් නෑ බල්ලා මොකා වුනත්.",0.8589
@USER නෙදකින් කාලකන්නියා.. මෙදා පාරනම් තොපි corona පතුරවන්න පාරට බැස්සොත් අනිවාර්යෙන්ම අසූචි ගහනවා..,නෙදකින් කාලකන්නියා.. මෙදා පාරනම් තොපි corona පතුරවන්න පාරට බැස්සොත් අනිවාර්යෙන්ම අසූචි ගහනවා..,0.8589
Daddy:  මාව මඟ නොහැර පං පං පං මගේ මූණටම කියා පං පං පං පැත්ත ගියත් උඹ ඇත්තම කියලා  මාව දාලා පල යං යං යං  Everyone else:,Daddy: මාව මඟ නොහැර පං පං පං මගේ මූණටම කියා පං පං පං පැත්ත ගියත් උඹ ඇත්තම කියලා මාව දාලා පල යං යං යං Everyone else:,0.8589
යකෝ මිනිස්සු වහ කනවා...  මේකි චීස් කනවා,යකෝ මිනිස්සු වහ කනවා... මේකි චීස් කනවා,0.8589
@USER අපිටනම් බාදාවක් නෑ.. තෝ එක්ක මේකෙ මරාගන්න උන්ගෙන්නම් එලෝ එලෝ පලි ගයි.. සමහරවිට සුන්ගාරිගෙ පුප රහින්ඩත් බැරි නෑ තියෙන ඉරිසියාවට..,අපිටනම් බාදාවක් නෑ.. තෝ එක්ක මේකෙ මරාගන්න උන්ගෙන්නම් එලෝ එලෝ පලි ගයි.. සමහරවිට සුන්ගාරිගෙ පුප රහින්ඩත් බැරි නෑ තියෙන ඉරිසියාවට..,0.8589
කලු පුක නම් ෆේවරිට් කරන්න. සුදු පුක නම් රීට්වීට් කරන්න.,කලු පුක නම් ෆේවරිට් කරන්න. සුදු පුක නම් රීට්වීට් කරන්න.,0.8589
@USER ආච්චි ගේ රෙද්ද  ආයේ මාත් එක්ක තෝ පබ්ජ ගහන්න සෙට් උනොත් බෝම්බයක් දාලා මරනවා,ආච්චි ගේ රෙද්ද ආයේ මාත් එක්ක තෝ පබ්ජ ගහන්න සෙට් උනොත් බෝම්බයක් දාලා මරනවා,0.8588
රංජන් ජම්පරේ ඇදන් වැලිකඩට අච්චු වෙනවා දකිද්දි ඇහැට කදුළක් ආවේ නැත්නම් උඹ තිරිසනෙක්,රංජන් ජම්පරේ ඇදන් වැලිකඩට අච්චු වෙනවා දකිද්දි ඇහැට කදුළක් ආවේ නැත්නම් උඹ තිරිසනෙක්,0.8584
හෙළ යකුන්ගේ ගුණ නොදත් අවලං බල්ලා. කිරිබත් කටක් හරියට කන්න බෑ ඔය ගෑස් හුචක්කුවෙ උයල කිරි මැටි වගේ. තොපි මොනවද බොලව් දන්නෙ. මේ හෙළ දීපයේ මේ සා යක්ක ප්‍රාතිහාර්‍ය පෑවෙ දර ලිපේ උයපුව ගිලල බොල. Dulaj Mendis @USER  · 25 Dec 2020 කවුද යකෝ පුස්කොළ පොත් කියලා ලණු දෙන්නේ මෝඩයින්‍ට. උන් ඒක අදහන්න අරන් මලවදේ.  twitter.com/wargapoornikaw…,හෙළ යකුන්ගේ ගුණ නොදත් අවලං බල්ලා. කිරිබත් කටක් හරියට කන්න බෑ ඔය ගෑස් හුචක්කුවෙ උයල කිරි මැටි වගේ. තොපි මොනවද බොලව් දන්නෙ. මේ හෙළ දීපයේ මේ සා යක්ක ප්‍රාතිහාර්‍ය පෑවෙ දර ලිපේ උයපුව ගිලල බොල. දුලාජ් මෙන්ඩිස් · 25 දෙක් 2020 කවුද යකෝ පුස්කොළ පොත් කියලා ලණු දෙන්නේ මෝඩයින්‍ට. උන් ඒක අදහන්න අරන් මලවදේ. ට්විට්ටේර්චොම්වර්ගපූර්නිකව්,0.8584
@USER උඹව යවන්න කියල හැදුවෙ. ගෝනි ඉඳිකට්ටකුයි තංගුස් යාර දෙසීයක් විතර පුක මහන්න යන නිසා වැඩේ අතෑරල දැම්ම.,උඹව යවන්න කියල හැදුවෙ. ගෝනි ඉඳිකට්ටකුයි තංගුස් යාර දෙසීයක් විතර පුක මහන්න යන නිසා වැඩේ අතෑරල දැම්ම.,0.8584
"@USER පල පල බොරු කියන්නේ නැතුව, පුක එලියේ දාගෙන ගල් උඩ ඉඳලා දැන් නෑ නෑ ගානවා.","පල පල බොරු කියන්නේ නැතුව, පුක එලියේ දාගෙන ගල් උඩ ඉඳලා දැන් නෑ නෑ ගානවා.",0.8584
@USER ඔව් වාඩිගලේ කොරටු වල එලෝලු සරුවට හැදුනාලු.. අපේ අයියා පතෝල කරල් වල නැගලා ටාසන් ඇට් කරන්න ගිහින් පුක බිම ඇනගන්නවාලු.. ඒ කාලේ..,ඔව් වාඩිගලේ කොරටු වල එලෝලු සරුවට හැදුනාලු.. අපේ අයියා පතෝල කරල් වල නැගලා ටාසන් ඇට් කරන්න ගිහින් පුක බිම ඇනගන්නවාලු.. ඒ කාලේ..,0.8584
බඩේ අමාරැවක් /loose motion හැදුනම බොන්න හොඳ ස්වභාවික බෙහෙතක් කියන්නකු   (කැත කමෙන්ට් ඔට්ටු නැ හරිය),බඩේ අමාරැවක් /loose motion හැදුනම බොන්න හොඳ ස්වභාවික බෙහෙතක් කියන්නකු (කැත කමෙන්ට් ඔට්ටු නැ හරිය),0.8584
රෙන පුකෙන් ආදායමක් හොයාගන්න හදන්නෙ මලෙ අරු නම්,රෙන පුකෙන් ආදායමක් හොයාගන්න හදන්නෙ මලෙ අරු නම්,0.8584
"නරියන්, සැලමැන්ඩර් කටුස්සන්, පූසන්, සුනඛයින්, බීවරයින්, මොණරුන්, බූරුවන්, කිඹුලන්, උරුලෑවන්, ඌරුමීයන්, දිය බල්ලන්, පැස්බරුවන්, වල් හාවුන්ද වනවා.  චීනයේ South China Morning Post වාර්තාකරන අන්දමට විශාල වන සත්ව වෙළඳපොලවල් වල වන සතුන් වර්ග 120ක් පමණ ආහාරය සඳහා විකුණනවා.","නරියන්, සැලමැන්ඩර් කටුස්සන්, පූසන්, සුනඛයින්, බීවරයින්, මොණරුන්, බූරුවන්, කිඹුලන්, උරුලෑවන්, ඌරුමීයන්, දිය බල්ලන්, පැස්බරුවන්, වල් හාවුන්ද වනවා. චීනයේ South China Morning Post වාර්තාකරන අන්දමට විශාල වන සත්ව වෙළඳපොලවල් වල වන සතුන් වර්ග 120ක් පමණ ආහාරය සඳහා විකුණනවා.",0.8584
@USER @USER අන්න අපේ අම්ම ඌට කිරි පොවනවා. කෝ අපේ Gud Boy කිරි බොන්නලු -.-,අන්න අපේ අම්ම ඌට කිරි පොවනවා. කෝ අපේ Gud Boy කිරි බොන්නලු -.-,0.8584
@USER උබට හුකල ගිය ගෑණි සතුටු වෙයි උත්තෝ..,උබට හුකල ගිය ගෑණි සතුටු වෙයි උත්තෝ..,0.8584
@USER @USER  @USER අඩේහ් තෝව බාවනවා යකෝ,අඩේහ් තෝව බාවනවා යකෝ,0.8579
@USER ඔයා වෙජිටේරියන් උනාට කටට දුන්නම ගන්නවා නෙහ්,ඔයා වෙජිටේරියන් උනාට කටට දුන්නම ගන්නවා නෙහ්,0.8579
@USER හබරල කොලයක් හිල්වෙන්න චූ කරගන්න පණ නෑ කතාව නම් කටට දෙන්න අනේ යකෝ ඕවා ගිහිම් කියපම් උඹ වගේම *න්නයොන්ට,හබරල කොලයක් හිල්වෙන්න චූ කරගන්න පණ නෑ කතාව නම් කටට දෙන්න අනේ යකෝ ඕවා ගිහිම් කියපම් උඹ වගේම *න්නයොන්ට,0.8579
මම දෙක වසරෙදි ස්කෝලෙ මාරු කරල පන්තියට ගිහින් ඉදගන්න සෙට් උනේ කෙල්ලෙක් ලග.ටිකක් වෙලා ගිහින් ඒකි කීව අකුරු වල කැත කියල එදා පටන් ගත්ත වයිරෙ ඉවර උනෙ OL වලින්. ඒකිව අදටත් දැක්කම මම කොරවක් පුක්කි කියල කියාගෙන යන්නෙ. #මතක,මම දෙක වසරෙදි ස්කෝලෙ මාරු කරල පන්තියට ගිහින් ඉදගන්න සෙට් උනේ කෙල්ලෙක් ලග.ටිකක් වෙලා ගිහින් ඒකි කීව අකුරු වල කැත කියල එදා පටන් ගත්ත වයිරෙ ඉවර උනෙ ඔල වලින්. ඒකිව අදටත් දැක්කම මම කොරවක් පුක්කි කියල කියාගෙන යන්නෙ. #මතක,0.8579
"දවසකට පිළිකා මරණ 38යි නව පිළිකා රෝගීන් හදුනාගැනීම් 64යි.  එන්න...තව කමු මැගී රසමුසු..  වට්ටක්කා මාලුවටත් සුප්කැට දාලම කමු. පුදුම රහක්.  මෝඩ මිනිස්සු ඉන්න මේ රටේ ඕනි ජරාවක් විකුණන්න පුලුවන්    deaths, 64 new cancer patients detected daily - NewsWire newswire.lk  deaths, 64 new cancer patients detected daily - NewsWire  Sri Lankans are diagnosed with cancer every day, said Minister Dullas Alahapperuma adding 38 people die of cancer daily.Continue Reading","දවසකට පිළිකා මරණ 38යි නව පිළිකා රෝගීන් හදුනාගැනීම් 64යි. එන්න...තව කමු මැගී රසමුසු.. වට්ටක්කා මාලුවටත් සුප්කැට දාලම කමු. පුදුම රහක්. මෝඩ මිනිස්සු ඉන්න මේ රටේ ඕනි ජරාවක් විකුණන්න පුලුවන් දෙඅත්ස් 64 new cancer පටිඑන්ට්ස් දෙටෙච්ටෙඩ් daily - නෙව්ස්විරේ නෙව්ස්විරෙල්ක් දෙඅත්ස් 64 new cancer පටිඑන්ට්ස් දෙටෙච්ටෙඩ් daily - නෙව්ස්විරේ Sri ලන්කන්ස් are දිඅග්නොසෙඩ් with cancer every day, said Minister දුල්ලස් අලහප්පෙරුම අද්දින්ග් 38 people die ඔෆ් cancer දෛල්ය්කොන්තිනුඑ Reading",0.8579
ගැට පොලොස් කියන් බැන්ද මමත් කර කාර ලදක්  ඒකි ගති .  මුල්ම දවස් ඉතිං ගත්තු ගමං ඔනි ලබ්බක් අපිටත් වටී  එන්න එන්න වැඩ වෙන්න අරං දෙන්න කියන්නෙම කතා බැරි  රෑට මලක් ගහං යද්දි නග්ගන් ‍ ඇදෙ මේකි හොන්දටම බුදි..   ගංජ කවි,ගැට පොලොස් කියන් බැන්ද මමත් කර කාර ලදක් ඒකි ගති . මුල්ම දවස් ඉතිං ගත්තු ගමං ඔනි ලබ්බක් අපිටත් වටී එන්න එන්න වැඩ වෙන්න අරං දෙන්න කියන්නෙම කතා බැරි රෑට මලක් ගහං යද්දි නග්ගන් ‍ ඇදෙ මේකි හොන්දටම බුදි.. ගංජ කවි,0.8579
"අපේ බල්ලට පාන් දුන්නොත් ""උඹෙ ආච්චිට හාල්ගරන්න කැ*යා තොපි බත් ගිල ගිල මට පාන් දෙන්න.තෝ හිතුවද අපි ඔටුවෝ කියල හු*ගන්නෙ නැතුව බත් දීපන්. කියනව WinD @USER  · 22 Jun 2017 අපේ බල්ලට පාං ගෙඩියකුයි පිහියකුයි දුන්නම පෙති කපාගෙන ලස්සනට කනවා.","අපේ බල්ලට පාන් දුන්නොත් ""උඹෙ ආච්චිට හාල්ගරන්න කැ*යා තොපි බත් ගිල ගිල මට පාන් දෙන්න.තෝ හිතුවද අපි ඔටුවෝ කියල හු*ගන්නෙ නැතුව බත් දීපන්. කියනව WinD · 22 ජුන් 2017 අපේ බල්ලට පාං ගෙඩියකුයි පිහියකුයි දුන්නම පෙති කපාගෙන ලස්සනට කනවා.",0.8579
මේ එලබෙන්න අවුරුද්දට වතාවක් අදින සරමක් රෙද්ද හැට්ටයක්  සමග profile pictures upload වෙන සමයයි,මේ එලබෙන්න අවුරුද්දට වතාවක් අදින සරමක් රෙද්ද හැට්ටයක් සමග profile පිච්ටුරෙස් උප්ලොඅද් වෙන සමයයි,0.8579
ලස්සන ත්‍රෙඩ් එකක් දාල අතිමට උගෙම පුක ඌම ලෙව කාගෙන,ලස්සන ත්‍රෙඩ් එකක් දාල අතිමට උගෙම පුක ඌම ලෙව කාගෙන,0.8579
මහින්ද මහත්තයා හැත්තෑව පැනලා අර කාල්ටන් එකට වෙලා චූන් එකෙ ඉද්දි ඒ නාකි උන්දැට දොට්ට පිලට යන්නටත් නැතුව බයියෝ ආයෙ එන්න අප්පච්චි කිය කිය පස්සෙන් ගියා.. ඒ වයසක උන්දැ ස්ටේජ් නග්ගල අගමැති කලා. දැං එයාලම අහනවා ජෙවිපෙ ඇයි වයසක උන්දැල උද්ඝෝෂණ වලට ගේන්නේ කියලා.,මහින්ද මහත්තයා හැත්තෑව පැනලා අර කාල්ටන් එකට වෙලා චූන් එකෙ ඉද්දි ඒ නාකි උන්දැට දොට්ට පිලට යන්නටත් නැතුව බයියෝ ආයෙ එන්න අප්පච්චි කිය කිය පස්සෙන් ගියා.. ඒ වයසක උන්දැ ස්ටේජ් නග්ගල අගමැති කලා. දැං එයාලම අහනවා ජෙවිපෙ ඇයි වයසක උන්දැල උද්ඝෝෂණ වලට ගේන්නේ කියලා.,0.8577
ඩිලාන්තරස් සහ අවජාතක කමක ඝණකම පෙන්වන ජොස්තරලා URL,ඩිලාන්තරස් සහ අවජාතක කමක ඝණකම පෙන්වන ජොස්තරලා උර්ල්,0.8574
සැප කෑමක් ඔයා ඔය ඉල්ලන්නෙ පුතේ. කට පුක වහගෙන තමංගෙ වැඩක් බලාගෙන හිටපං,සැප කෑමක් ඔයා ඔය ඉල්ලන්නෙ පුතේ. කට පුක වහගෙන තමංගෙ වැඩක් බලාගෙන හිටපං,0.8574
@USER දැන් අර කැරි පොන්න ඉන්දියන් වේසිගෙ පුතාලා මේකෙ හායි,දැන් අර කැරි පොන්න ඉන්දියන් වේසිගෙ පුතාලා මේකෙ හායි,0.8574
අද දවල්ට අම්ම උයල තියෙන්නෙ තම්බපූ හාල්  මම කන්නේ නෑ බත් ඇට ලොකු නිසා ගිලෙන්නේ නෑ...  දූලා දූලා කඩේට ගීන් එල හරකා තලප කප් දෙකක්ම ගෙනත් කෑවා..,අද දවල්ට අම්ම උයල තියෙන්නෙ තම්බපූ හාල් මම කන්නේ නෑ බත් ඇට ලොකු නිසා ගිලෙන්නේ නෑ... දූලා දූලා කඩේට ගීන් එල හරකා තලප කප් දෙකක්ම ගෙනත් කෑවා..,0.8574
ස්කූල් ලමයි රු:-15000 යි.. මේ බිස්නස් ඒකට හවුල් වෙලා ඉන්න පට්ට නාකි වේසි බලපන් අම්මපා අහුවුනොත් කපලා යනවා... URL,ස්කූල් ලමයි රු:-15000 යි.. මේ බිස්නස් ඒකට හවුල් වෙලා ඉන්න පට්ට නාකි වේසි බලපන් අම්මපා අහුවුනොත් කපලා යනවා... උර්ල්,0.8574
අම්මෝ කවුද යකෝ මූ සරමේ නිදන් වෙන්ඩ ඕනේ ජාන බඩේ නිදන් උනාම මේ වගේ ජාන විකෘතී ලැට් ගොඩවල් බිහි වෙනවා මේ ලෝකෙට  මුන් රෙන එකත් මහ පොලොවට බරක් අඩේ  අවසානෙට මූ කලිසමත් ගලෝලා යන්නේ  මුට එසේ මෙසේ ශොට් එකක් නෙමේ තියෙන්නේ ඉස්ගෙඩි බිච්  The following media includes potentially sensitive content. Change settings View,අම්මෝ කවුද යකෝ මූ සරමේ නිදන් වෙන්ඩ ඕනේ ජාන බඩේ නිදන් උනාම මේ වගේ ජාන විකෘතී ලැට් ගොඩවල් බිහි වෙනවා මේ ලෝකෙට මුන් රෙන එකත් මහ පොලොවට බරක් අඩේ අවසානෙට මූ කලිසමත් ගලෝලා යන්නේ මුට එසේ මෙසේ ශොට් එකක් නෙමේ තියෙන්නේ ඉස්ගෙඩි බිච් The following media ඉන්ච්ලුදෙස් potentially sensitive content. Change සෙට්ටින්ග්ස් View,0.8574
@USER  @USER වේස ගෑනි වගේ දැන් ඉංදියන් සාගරෙ අමුතු ඇටේ...,වේස ගෑනි වගේ දැන් ඉංදියන් සාගරෙ අමුතු ඇටේ...,0.8574
@USER  @USER කොටාගෙන කොටාගෙන යද්දි වැරදිලා කෙහෙල් ගහකට කෙටවිලා හොට පැටලෙද්දි කොට්ටෝරුවො දාන හිනාව නං පොන්නයි. මේ හිනාව මගෙ. ඒක පොන්න නෑ.,කොටාගෙන කොටාගෙන යද්දි වැරදිලා කෙහෙල් ගහකට කෙටවිලා හොට පැටලෙද්දි කොට්ටෝරුවො දාන හිනාව නං පොන්නයි. මේ හිනාව මගෙ. ඒක පොන්න නෑ.,0.8574
@USER  @USER ඔයිටවඩඩා හොඳයි උඹ මට පොන්නයො දෙන්නෙක් දම්මල කුඩවලින් ගැස්සුවනං ගේ ඉස්සරහ,ඔයිටවඩඩා හොඳයි උඹ මට පොන්නයො දෙන්නෙක් දම්මල කුඩවලින් ගැස්සුවනං ගේ ඉස්සරහ,0.8574
"සමාජේ වෙනස්වෙන්න ඕන, පිටින් විතරක් නෙවේ, මනුස්සයාගේ ඇතුලතින්මයි,That means the mind needs to improve. කොටට අදින කෙල්ලට බඩුව,tattoo එකක් ගහපු කොල්ලට රස්තියාදුකාරයා,කියන සමාජෙක දිගට අඳින ගණිකාවොත්, tattoo නොගහපු කුඩු කාරයොත් ඉන්නවා.Do not measure people's interior from the outside.","සමාජේ වෙනස්වෙන්න ඕන, පිටින් විතරක් නෙවේ, මනුස්සයාගේ ඇතුලතින්මයි,That මෙඅන්ස් the mind needs ටො improve. කොටට අදින කෙල්ලට බඩුව,tattoo එකක් ගහපු කොල්ලට රස්තියාදුකාරයා,කියන සමාජෙක දිගට අඳින ගණිකාවොත්, tattoo නොගහපු කුඩු කාරයොත් ඉන්නවා.Do not measure පෙඔප්ලේස් interior from the outside.",0.8574
@USER  @USER පුකෙන් කලිසන් අඳිනයද අලේ මේකිට පිස්සු ලාදුරැහැදිලා,පුකෙන් කලිසන් අඳිනයද අලේ මේකිට පිස්සු ලාදුරැහැදිලා,0.8574
"""තෝ වරෙන් එළියට, බූරුවා.... දන්නෙ නෑ තෝ මගේ හැටි.... "" මේ නිළි රැජිණ ද? මැර රැජිණ ද? URL","""තෝ වරෙන් එළියට, බූරුවා.... දන්නෙ නෑ තෝ මගේ හැටි.... "" මේ නිළි රැජිණ ද? මැර රැජිණ ද? උර්ල්",0.8573
පුක මහල ජාපාල කවනව #srilankanthreats,පුක මහල ජාපාල කවනව ස්රිලංකංථ්රෙඅත්ස,0.8569
@USER ඒ උනාට අකුණ එවන්නෙ මංනෙ. බොගෙ පුක පැලුනොත් මගෙ පුක දෙන්නද කියන්නෙ.,ඒ උනාට අකුණ එවන්නෙ මංනෙ. බොගෙ පුක පැලුනොත් මගෙ පුක දෙන්නද කියන්නෙ.,0.8569
@USER හුත්ත=උට්ට පයිය=ප්‍රයිය හුකනවා=උක්කනවා අතේ ගහනවා=තේ ගහනවා පුකේ අරිනවා=කේ අරිනවා,හුත්ත=උට්ට පයිය=ප්‍රයිය හුකනවා=උක්කනවා අතේ ගහනවා=තේ ගහනවා පුකේ අරිනවා=කේ අරිනවා,0.8569
නෙද්දකිං යහ පාලනේ අවජාතක අයවැයට හෙන ගහල අකුලෝලම පල හිටං! -_- URL,නෙද්දකිං යහ පාලනේ අවජාතක අයවැයට හෙන ගහල අකුලෝලම පල හිටං! -_- උර්ල්,0.8569
@USER  @USER    මුගේ කටට රීල චුවලින් පරෂ් කරන්න හිතෙනවා පකයෝ තෝ හිතන් ඉන්නේ අම්මට බැන්නම ලොකු පොරක් කියලද,මුගේ කටට රීල චුවලින් පරෂ් කරන්න හිතෙනවා පකයෝ තෝ හිතන් ඉන්නේ අම්මට බැන්නම ලොකු පොරක් කියලද,0.8569
බේබි උකෝලා තොට කියන්නේ දාදාන එකට ෆේවරිට් කරන්න එපා. බෝම්බයක් බැදගෙන මරාගෙන මැරෙනවා උබත් එක්ක.,බේබි උකෝලා තොට කියන්නේ දාදාන එකට ෆේවරිට් කරන්න එපා. බෝම්බයක් බැදගෙන මරාගෙන මැරෙනවා උබත් එක්ක.,0.8569
@USER  @USER අපේ අම්ම තමයි හදන්නේ ඒක ටහුඩු ඒකට ගහන්ම බෑ අපේ ලොකු එකාටවත්,අපේ අම්ම තමයි හදන්නේ ඒක ටහුඩු ඒකට ගහන්ම බෑ අපේ ලොකු එකාටවත්,0.8569
"@USER පර හැත්ත,හව් උනොත් උල තියනවා","පර හැත්ත,හව් උනොත් උල තියනවා",0.8569
@USER නිකං පලයන් යන්න... මේවගෙ එකෙක් ගන්න උබෙ තාත්ත මහි see more.....,නිකං පලයන් යන්න... මේවගෙ එකෙක් ගන්න උබෙ තාත්ත මහි see more.....,0.8569
ඇපල් කන්නේ පනුවෝ විතරක්ම නෙමෙයි යකෝ   අපිත් කනවා සෙද්ද   #lka #sl,ඇපල් කන්නේ පනුවෝ විතරක්ම නෙමෙයි යකෝ අපිත් කනවා සෙද්ද ලක සල්,0.8569
"@USER මේ සැරේ උණ ,උගුරේ අමාරු ,හෙම්බිරිස්සාවක් වගේ තිබ්බා .","මේ සැරේ උණ ,උගුරේ අමාරු ,හෙම්බිරිස්සාවක් වගේ තිබ්බා .",0.8569
@USER වැව් මාලු තිබ්බේ. තඩි ලූල්ලු නාම්බෝ හතර දෙනෙක්,වැව් මාලු තිබ්බේ. තඩි ලූල්ලු නාම්බෝ හතර දෙනෙක්,0.8569
ෆක් මී බෙය්බි කියමින් කෑ ගැසිය යුතූ.. පොල්ලෙලි ක්‍රමය සහ වැඩ කිඩ දැමිය යුතූ.. සියොළඟ සැපේ රිසිලෙස අප ලැබිය යුතූ.. අපිට එපා බඩ තඩි සිල් ගත්ත  හුතූ..,ෆක් මී බෙය්බි කියමින් කෑ ගැසිය යුතූ.. පොල්ලෙලි ක්‍රමය සහ වැඩ කිඩ දැමිය යුතූ.. සියොළඟ සැපේ රිසිලෙස අප ලැබිය යුතූ.. අපිට එපා බඩ තඩි සිල් ගත්ත හුතූ..,0.8569
මන් හිතන් හිටියේ #WI #SA අමාරු උනත් #ENG වලට අපේ එවුන් කරේ තියන් ගහයි කියලා   #WT20,මන් හිතන් හිටියේ වී ස අමාරු උනත් එන් වලට අපේ එවුන් කරේ තියන් ගහයි කියලා #WT20,0.8569
@USER @USER  මේකට පැනලා මැරිය තොපි කුරුණෑගල ලොකු නෑ Thisaranie (තිසරණී) @USER  · 17 Apr 2017 ඔය පරණයි කියලා කියන උන් මරාගෙන මාත් පනිනවා යකෝ මේ වලකට. මට බෑ  URL,මේකට පැනලා මැරිය තොපි කුරුණෑගල ලොකු නෑ ථිසරංඉඑ (තිසරණී) · 17 අප‍ 2017 ඔය පරණයි කියලා කියන උන් මරාගෙන මාත් පනිනවා යකෝ මේ වලකට. මට බෑ උර්ල්,0.8569
@USER  @USER අප්පා මොකෙක්ද මේවේසියන්ට දාව ඉපදුනාම දකින දකින කෙල්ලට වේසි වේසි ගානව ඉතින් උබ හරි,අප්පා මොකෙක්ද මේවේසියන්ට දාව ඉපදුනාම දකින දකින කෙල්ලට වේසි වේසි ගානව ඉතින් උබ හරි,0.8564
පොඩි එකී වැලි අනයි මායිම් කම්බි වැට ළඟ වන පෙතේ... බැල්ලි ඉඳලත් බලුපැටව් ටික කෑ ගහන්නේ හිතු මතේ... වගාවට වල් ඌරො ආවොත් මෙදාපාරත් හාමතේ... උගුල් දැම්මා කීපයක් මං බයෙන් ඉන්නට බෑ හිතේ...,පොඩි එකී වැලි අනයි මායිම් කම්බි වැට ළඟ වන පෙතේ... බැල්ලි ඉඳලත් බලුපැටව් ටික කෑ ගහන්නේ හිතු මතේ... වගාවට වල් ඌරො ආවොත් මෙදාපාරත් හාමතේ... උගුල් දැම්මා කීපයක් මං බයෙන් ඉන්නට බෑ හිතේ...,0.8564
අමාරුවෙන් ගේම ගහගන්න කෙල්ලන්ටයි අනතුරු වෙන්නේ. Men are trash කියාගෙන උඹලැයි මහ එකා හදාපු ගෙදර සැපට පස්ස බිම ගහගෙන ඔළුවේ තියෙන අසූචි මෙතන හලන උඹට නෙවෙයි.,අමාරුවෙන් ගේම ගහගන්න කෙල්ලන්ටයි අනතුරු වෙන්නේ. Men are trash කියාගෙන උඹලැයි මහ එකා හදාපු ගෙදර සැපට පස්ස බිම ගහගෙන ඔළුවේ තියෙන අසූචි මෙතන හලන උඹට නෙවෙයි.,0.8564
කෑවනම් බිව්වනම් ගෙදර පලයන් ගයා Dialog Axiata @USER  · 19 Sep 2019  @USER We'll uopdate yoy ince an uodate comes ^gaya,කෑවනම් බිව්වනම් ගෙදර පලයන් ගයා දිඅලොග් අෂිඅත · 19 සේප 2019 We'll උඔප්දතෙ yoy ඉන්චේ අන් උඔදටේ comes ගය,0.8564
ගොම්මන්පිල උඹ කරුනටයි පිල්ලෙයන්ටයි කියලා උඹෙ අම්මටයි ගෙදර ගෑනිටයි හු@USERින්. URL,ගොම්මන්පිල උඹ කරුනටයි පිල්ලෙයන්ටයි කියලා උඹෙ අම්මටයි ගෙදර ගෑනිටයි හුින්. උර්ල්,0.8564
News බැලුවම ගඟේ මාලු ඇඟේ නටනවා බොල! හමුදාවයි දොස්තරලයි පණ නහගෙන මේක control කරන්න දඟලනවා. මේ හැත්ත බීච් ගිහින් සෙල්ෆි ගහනවා. පැත්තෙන් බඩ දරු අම්මෙකුත් ඉන්නවා. එකෙක් සිරීපාදේ ගිහින් සැරම ෆන් එකක් ගත්තලු!  තොපේ මොළ හාරලා ඇතුලේ තියෙන්නේ අසූචිද කියලා බලන්න ඕනේ..,News බැලුවම ගඟේ මාලු ඇඟේ නටනවා බොල! හමුදාවයි දොස්තරලයි පණ නහගෙන මේක control කරන්න දඟලනවා. මේ හැත්ත බීච් ගිහින් සෙල්ෆි ගහනවා. පැත්තෙන් බඩ දරු අම්මෙකුත් ඉන්නවා. එකෙක් සිරීපාදේ ගිහින් සැරම ෆන් එකක් ගත්තලු! තොපේ මොළ හාරලා ඇතුලේ තියෙන්නේ අසූචිද කියලා බලන්න ඕනේ..,0.8564
"@USER  @USER මේ ගෑණි මාව Block කරලා තියෙන්නේ , අම්මපා මුකුත්ම කියාගන්න බැරුව ඉන්නේ මන්  LOL!","මේ ගෑණි මාව Block කරලා තියෙන්නේ , අම්මපා මුකුත්ම කියාගන්න බැරුව ඉන්නේ මන් ලොල්",0.8564
"ඇහ් බන්, මහින්ද උබලගෙ අප්පච්චි උනේ උබලගෙ අම්ම  මැදමුලනෙ ගියාද නැත්තන් පොර උබලගෙ ගෙට රිංගුවද? #AskBayya  #lka #GenElecSL","ඇහ් බන්, මහින්ද උබලගෙ අප්පච්චි උනේ උබලගෙ අම්ම මැදමුලනෙ ගියාද නැත්තන් පොර උබලගෙ ගෙට රිංගුවද? අස්ක්බය්ය ලක ගෙනෙලේච්ස්ල්",0.8564
@USER හිවලෙක් තටු හලන්න බලන් ඉන්නවා .කෑපතේ රෙන උන් ඇඳට ගන්න ගමන්,හිවලෙක් තටු හලන්න බලන් ඉන්නවා .කෑපතේ රෙන උන් ඇඳට ගන්න ගමන්,0.8564
"@USER ,  @USER  @USER ඉතිං අපට පාංද..? මට බඩ යන්න ඕන කිවා තෝ",", ඉතිං අපට පාංද..? මට බඩ යන්න ඕන කිවා තෝ",0.8564
@USER යකෝ වේලි වේලි ඉන්නකොට හම්බිවෙච්චි එකාගෙනුත් CV ඉල්ලනවද?,යකෝ වේලි වේලි ඉන්නකොට හම්බිවෙච්චි එකාගෙනුත් චව් ඉල්ලනවද?,0.8564
"@USER @USER  @USER  නපුන්සකයෝ දෙදෙනෙක් රණ්ඩුවෙනවා බලා සිටියා ,,,තෝ වේසි,,තෝ වේසි,, කියා ගන්නවා","නපුන්සකයෝ දෙදෙනෙක් රණ්ඩුවෙනවා බලා සිටියා ,,,තෝ වේසි,,තෝ වේසි,, කියා ගන්නවා",0.8564
"ධම්මික පෙරේරා අවජාතක බිස්නස් පප්පා BANDAARE H.M.A.R. @USER  · 21 Jul 2019 ඩොලර් , යුවාන් වෙනුවෙන් අම්ම අප්පත් විකුණන් කන අවජාතක බල්ලන්ගේ බිස්නස්...!!!! මුන්ට වැහි නැති හෙන පතිත නොවන්නේ ඇයි..?????","ධම්මික පෙරේරා අවජාතක බිස්නස් පප්පා බණ්ඩාරේ හමර් · 21 ජුල 2019 ඩොලර් , යුවාන් වෙනුවෙන් අම්ම අප්පත් විකුණන් කන අවජාතක බල්ලන්ගේ බිස්නස්...!!!! මුන්ට වැහි නැති හෙන පතිත නොවන්නේ ඇයි..?????",0.856
මෙහෙම එකෙක් මරන්න ඕනෙ පවුලපිටින් අවජාතක පරය... URL,මෙහෙම එකෙක් මරන්න ඕනෙ පවුලපිටින් අවජාතක පරය... උර්ල්,0.856
@USER  @USER ලකුණු ආපු දවසට:  අම්මා- තොට තමයි අමාරු වෙලා තියෙන්නේ බලපන් අර අල්ලපු ගෙදර එකා ඒ කොල්ලා 100 න් 99 ක්ම අරං.තොට සැප වැඩි වෙලා..#######  මම-,ලකුණු ආපු දවසට: අම්මා- තොට තමයි අමාරු වෙලා තියෙන්නේ බලපන් අර අල්ලපු ගෙදර එකා ඒ කොල්ලා 100 න් 99 ක්ම අරං.තොට සැප වැඩි වෙලා..####### මම-,0.856
@USER ඒම නෙමෙ ඝොං ගෑනියෙ. වත්තෙ හුලං ගෙට එන්නැතුව බල්ලකුටවත් ඉන්න බෑ අපෙ ගේ ඇතුලෙ.... අපි ජනෙල් ග්‍රිල් වල තීන්තත් ගානෝ..ඉතිං ඕ රෙදි දාල හුලං නැති උනාම ආයෙ ඔව්ව උස්ස උස්ස ගලෝ ගලෝ කරුම කොරන්නෙ මක්කටෙයි.. ජනෙල් වල තින්ත ගෑව රෙදි ගැලෙව්ව  වෙරි සිම්පල්...,ඒම නෙමෙ ඝොං ගෑනියෙ. වත්තෙ හුලං ගෙට එන්නැතුව බල්ලකුටවත් ඉන්න බෑ අපෙ ගේ ඇතුලෙ.... අපි ජනෙල් ග්‍රිල් වල තීන්තත් ගානෝ..ඉතිං ඕ රෙදි දාල හුලං නැති උනාම ආයෙ ඔව්ව උස්ස උස්ස ගලෝ ගලෝ කරුම කොරන්නෙ මක්කටෙයි.. ජනෙල් වල තින්ත ගෑව රෙදි ගැලෙව්ව වෙරි සිම්පල්...,0.856
@USER  @USER    යකෝ උඔ ඒ වෙලාවේ හිටියාද උලමො... ගහනවා උස්සලා පොලවේ... හැලුවා කිව්වොත්,යකෝ උඔ ඒ වෙලාවේ හිටියාද උලමො... ගහනවා උස්සලා පොලවේ... හැලුවා කිව්වොත්,0.856
මේ ම්නියාගෙ කටට අග්ගලයක් දාපල්ලා Calculus Wijesekara @USER  · 18 Jul 2016 මේ #UnfollowNangi (ආසන්නතම දෙවැනි) සිද්ධියෙන් ඉගෙන ගන්න තියෙන්නෙ බොලාම උඩ තියාගෙන ලොකු කරන චීත්ත තොපේ ම ඔළුවලට දවසක පහරනවා කියන එක. සංවරව ම.,මේ ම්නියාගෙ කටට අග්ගලයක් දාපල්ලා Calculus විජේසේකර · 18 ජුල 2016 මේ උන්ෆොල්ලොව්නැඟී (ආසන්නතම දෙවැනි) සිද්ධියෙන් ඉගෙන ගන්න තියෙන්නෙ බොලාම උඩ තියාගෙන ලොකු කරන චීත්ත තොපේ ම ඔළුවලට දවසක පහරනවා කියන එක. සංවරව ම.,0.856
"පහුගිය ආණ්ඩුව කාලේ හැදීගෙන එන ඕනෑම අලුත් දෙයක්... ""ඕක හොටාගේ ලු"" ""ඕක ශිරන්ති ගත්තා ලු"" ""ඕක නාමල්ගේ ලු"" ... කියාපු හරක්, එළදෙනුන් හැත්ත හැබැට කෝ? #lka #sriLanka #Colombo  @USER  @USER  @USER  @USER","පහුගිය ආණ්ඩුව කාලේ හැදීගෙන එන ඕනෑම අලුත් දෙයක්... ""ඕක හොටාගේ ලු"" ""ඕක ශිරන්ති ගත්තා ලු"" ""ඕක නාමල්ගේ ලු"" ... කියාපු හරක්, එළදෙනුන් හැත්ත හැබැට කෝ? ලක ශ්‍රීලංකා චොලොම්බෝ",0.856
"@USER ඌම නේද අර දෙමල කෙල්ලෙක් rape කරාම රෙද්ද උස්සන් යාපනේ ගියේ, හැබැයි උන් සිංහල උන්ට ගහල පැන්නුවම නැට්ට පු*  ගහන් නිදි","ඌම නේද අර දෙමල කෙල්ලෙක් rape කරාම රෙද්ද උස්සන් යාපනේ ගියේ, හැබැයි උන් සිංහල උන්ට ගහල පැන්නුවම නැට්ට පු* ගහන් නිදි",0.856
@USER @USER  @USER  @USER  @USER  අන්තිම කට?ඇයි කට වල් ගොඩක් තියෙනවද?,අන්තිම කට?ඇයි කට වල් ගොඩක් තියෙනවද?,0.856
අම්ම ළමයි තුන් දෙනා එක්ක ලිදට පැනල අනේ බේරගන්න කියල වැලේ එල්ලිලා කෑ ගහද්දි මිනිස්සු එයාව බේරගෙන.. ළමයි තුන් දෙනාම මැරිල.. අම්ම බේරිලා.. අහිංසක ළමයි.. පව් දෙයියනේ..,අම්ම ළමයි තුන් දෙනා එක්ක ලිදට පැනල අනේ බේරගන්න කියල වැලේ එල්ලිලා කෑ ගහද්දි මිනිස්සු එයාව බේරගෙන.. ළමයි තුන් දෙනාම මැරිල.. අම්ම බේරිලා.. අහිංසක ළමයි.. පව් දෙයියනේ..,0.856
@USER  @USER ඔයා දන්නෙම නැද්ද  පිටේ අන්තරේ ගහගෙන ඉන්න හිච්චී නොහොඹිනා අවජාතක පැටව්ගේ පජාත අප්පා Jvp කියලා....,ඔයා දන්නෙම නැද්ද පිටේ අන්තරේ ගහගෙන ඉන්න හිච්චී නොහොඹිනා අවජාතක පැටව්ගේ පජාත අප්පා ජ්ව්ප් කියලා....,0.856
"බුදාම්බෝ..  පිස්සු හැදිලා, ආයෙත් හැදිලා, ආයෙත් හැදිලා, ආයෙත් හැදිලා, ආයෙත් හැදිලා, ආයෙත් හැදුනා..  උම්ම්ම්ම්ම... — feeling crazy","බුදාම්බෝ.. පිස්සු හැදිලා, ආයෙත් හැදිලා, ආයෙත් හැදිලා, ආයෙත් හැදිලා, ආයෙත් හැදිලා, ආයෙත් හැදුනා.. උම්ම්ම්ම්ම... — feeling crazy",0.856
@USER @USER  නෙද්දකින් හෙනම ගහපං හෙන ගහල අකුලෝලම පලයන්,නෙද්දකින් හෙනම ගහපං හෙන ගහල අකුලෝලම පලයන්,0.856
ඉඳිආප්ප කූනි දාපු කහ සම්බෝල පරිප්පු බත් අල තෙල් දාලා සම්බෝල (රතු) තෙලට හදපු චිකන් තව තඩි Merlot glass එකක්. හෙට දවසටම කන්න ඕන්නෑ වගේ,ඉඳිආප්ප කූනි දාපු කහ සම්බෝල පරිප්පු බත් අල තෙල් දාලා සම්බෝල (රතු) තෙලට හදපු චිකන් තව තඩි මෙර්ලොට් glass එකක්. හෙට දවසටම කන්න ඕන්නෑ වගේ,0.856
@USER  @USER    ඈ ගොං පකයෝ තොගේ ට්වීට් එකක් මෙතන තිබ්බේ ගං කබර වේසාවෝ. දැන් ඒක අපේ එකවුන්ට් එකට දාන්න එනවද නගින්නැති පොන්න හුත්තිගේ පුතෝ. බලාගනින් තොගේ පුකේ තියෙන ඇස් දෙක ඔලුවට අරං. නෙදකින් තෝ වගේ පකුදුරිංලොවන්නෙක්.,ඈ ගොං පකයෝ තොගේ ට්වීට් එකක් මෙතන තිබ්බේ ගං කබර වේසාවෝ. දැන් ඒක අපේ එකවුන්ට් එකට දාන්න එනවද නගින්නැති පොන්න හුත්තිගේ පුතෝ. බලාගනින් තොගේ පුකේ තියෙන ඇස් දෙක ඔලුවට අරං. නෙදකින් තෝ වගේ පකුදුරිංලොවන්නෙක්.,0.856
හුත්තියෙ පක  Dulaj Mendis @USER  · 5 Aug 2020 *ත්තියේ ප* කියලා තමා කියන්න වෙලා තියෙන්නේ දැන්.,හුත්තියෙ පක දුලාජ් මෙන්ඩිස් · 5 ඖග් 2020 *ත්තියේ ප* කියලා තමා කියන්න වෙලා තියෙන්නේ දැන්.,0.856
"@USER  @USER    තමන්ගේ ජාතකෙයි වැරැද්ද...තමන් බිහි කරපු අම්ම තාත්ත ගැනවත් හිතල වැදගත් විදිහට කතා කරන්න පුරුදු වෙනවා.මේව දකින මිනිස්සු නැත්තං අම්ම,තාත්තටත් බනී...","තමන්ගේ ජාතකෙයි වැරැද්ද...තමන් බිහි කරපු අම්ම තාත්ත ගැනවත් හිතල වැදගත් විදිහට කතා කරන්න පුරුදු වෙනවා.මේව දකින මිනිස්සු නැත්තං අම්ම,තාත්තටත් බනී...",0.856
@USER ආතල් ගැනීමට ගොස් බෙක්ලොමින් ගාගෙන පුක ලිපට අල්ලාගැනීමට සිදු වූ @USER අක්කාට බලවත් ශෝකය,ආතල් ගැනීමට ගොස් බෙක්ලොමින් ගාගෙන පුක ලිපට අල්ලාගැනීමට සිදු වූ අක්කාට බලවත් ශෝකය,0.856
@USER ගත්තොත් දෙක කටට ඇන්කර්ට සස්ටජන් තමා,ගත්තොත් දෙක කටට ඇන්කර්ට සස්ටජන් තමා,0.856
"උඹට උඹේ විදියට ඉන්න පුළුවන් උනාට, කරුමෙට මට උඹ  නැතුව ඉන්න බෑ....","උඹට උඹේ විදියට ඉන්න පුළුවන් උනාට, කරුමෙට මට උඹ නැතුව ඉන්න බෑ....",0.856
රටකජු කකා හිටියා හක්කෙ දතක් එනවා එතන හම හැපෙනවා . . රටකජු පැත්‍තකින් තිබ්බා දැන් හම කෑල්ල කනවා,රටකජු කකා හිටියා හක්කෙ දතක් එනවා එතන හම හැපෙනවා . . රටකජු පැත්‍තකින් තිබ්බා දැන් හම කෑල්ල කනවා,0.856
"87/89  /89 /89  ජෙප්පෙක් මොනවා හරි කළොත් කිව්‌වොත් කටට එන්නේ 87/89 නම්,  එන්න මේ තියෙන්නේ ජෙප්පෝ කරපු දේවල්.  ජෙප්පෙක් කට ඇරිය ගමන් 87/89 කියන අය  විශේෂයෙන් මේක කියවලා එන්න. URL","87/89 /89 /89 ජෙප්පෙක් මොනවා හරි කළොත් කිව්‌වොත් කටට එන්නේ 87/89 නම්, එන්න මේ තියෙන්නේ ජෙප්පෝ කරපු දේවල්. ජෙප්පෙක් කට ඇරිය ගමන් 87/89 කියන අය විශේෂයෙන් මේක කියවලා එන්න. උර්ල්",0.8556
උන පුරුකේ බලු වලිගේ දාලා තිබුනත් නෑ ඇදේ ඇරෙන්නේ. ආයිශ් අම්ම ගුන්ඩු #sajje,උන පුරුකේ බලු වලිගේ දාලා තිබුනත් නෑ ඇදේ ඇරෙන්නේ. ආයිශ් අම්ම ගුන්ඩු සාජ්ජේ,0.8555
මට ගල පේන්න අදන්දලා 4to ගහන්න කෙල්ලෙක් ඕනේ,මට ගල පේන්න අදන්දලා 4to ගහන්න කෙල්ලෙක් ඕනේ,0.8555
@USER @USER  ඇයි උඹ live in together වත් උනාද ජින්ජිබිරිස් එකත් එක්ක?  @USER,ඇයි උඹ live ඉන් together වත් උනාද ජින්ජිබිරිස් එකත් එක්ක?,0.8555
@USER පලයම් තට්ට උකන්නා තෝ බීලා,පලයම් තට්ට උකන්නා තෝ බීලා,0.8555
"කොච්චිකඩේ පැහි නාකි උනාම වැල I S A M A @USER  · 28 Dec 2016 අපේ යාලුවෙක් පැහි වලට කියන්නෙ ""ගස් චිකන්"" කියල... #RataWateTalks  Cc: Green Arrow","කොච්චිකඩේ පැහි නාකි උනාම වැල ඉ ස අ ම අ · 28 දෙක් 2016 අපේ යාලුවෙක් පැහි වලට කියන්නෙ ""ගස් චිකන්"" කියල... රටවටෙටල්ක්ස් ක්ක Green Arrow",0.8555
"@USER ,  @USER  @USER අදුරන කොල්ලෙක් fb ගන්න බැ වේසි.කොල්ලෙක් එක්ක කතා කරන්න බැ වේසි ඒකද ආදරේ",", අදුරන කොල්ලෙක් ෆ්බ් ගන්න බැ වේසි.කොල්ලෙක් එක්ක කතා කරන්න බැ වේසි ඒකද ආදරේ",0.8555
@USER උබලා අපි වගේ හිතන උන්ට මේකේ උන් කියන්නේ රැඩිකල් පොන්සියෝ කියල. මට පුකෙන් හිනා බන්. ජාතිය කියල ලේ කෝප කරන් පුක දෙනවා. ප්‍රායොගිකව මොලෙන් බලන්නේ නෑ. ඉතින් කොහෙද රටට දියුනුවක්. කාලකන්නී බන්.,උබලා අපි වගේ හිතන උන්ට මේකේ උන් කියන්නේ රැඩිකල් පොන්සියෝ කියල. මට පුකෙන් හිනා බන්. ජාතිය කියල ලේ කෝප කරන් පුක දෙනවා. ප්‍රායොගිකව මොලෙන් බලන්නේ නෑ. ඉතින් කොහෙද රටට දියුනුවක්. කාලකන්නී බන්.,0.8555
25+. . . . . .  . . . . . . . . . . . . . . . . . . . . . . . . . . . . . . . . . හුකපං හුත්තී URL,25+. . . . . . . . . . . . . . . . . . . . . . . . . . . . . . . . . . . . . . . හුකපං හුත්තී උර්ල්,0.8555
@USER  @USER අර බං school bag එක වගේ එල්ලගෙන යන එකක් පටිය පහළට ඇදලා පස්ස ගාවට එල්ලෙන්න දාගෙන යන්නේ..පොඩි ළමයි වගේ..,අර බං school bag එක වගේ එල්ලගෙන යන එකක් පටිය පහළට ඇදලා පස්ස ගාවට එල්ලෙන්න දාගෙන යන්නේ..පොඩි ළමයි වගේ..,0.8555
වැහි දෙයියෝ! ඇයි යකෝ මෙහෙම කරන්නේ කාර් එක සර්විස් කරපු දාම? තොගේ හෙණයක් තොටම වැදිය...,වැහි දෙයියෝ! ඇයි යකෝ මෙහෙම කරන්නේ කාර් එක සර්විස් කරපු දාම? තොගේ හෙණයක් තොටම වැදිය...,0.8555
මම දිරවපු කෑම යකෝ උබ කන්නේ ලෙව.. 󾌸 󾌩 උබ දන්නේ නෑ උබ කෙල්ල හිටියේ මගෙ කලිසම අස්සේ..󾌴󾌴 අදාල නෑ... උබ හින්දා... URL,මම දිරවපු කෑම යකෝ උබ කන්නේ ලෙව.. 󾌸 󾌩 උබ දන්නේ නෑ උබ කෙල්ල හිටියේ මගෙ කලිසම අස්සේ..󾌴󾌴 අදාල නෑ... උබ හින්දා... උර්ල්,0.8555
"@USER Race  පදින්න ලැම්බො එකක් ගන්න ගත්ත වෙන්න බැරිද ?දින්නම නය ගෙවයි,මල කෝලං ඔබ පලයන් පොලීසි ජගත්","Race පදින්න ලැම්බො එකක් ගන්න ගත්ත වෙන්න බැරිද ?දින්නම නය ගෙවයි,මල කෝලං ඔබ පලයන් පොලීසි ජගත්",0.8555
ටහුකන්ඩ දාලා කැරි බස් කාරයෝ මීගමුව මේන් රෝඩ් එක හුත්ත අස්සේ බස් එකක් හරස් කරල පුක දෙනවා කියහන්කෝ!  ටකරන් පකයන්ට... URL,ටහුකන්ඩ දාලා කැරි බස් කාරයෝ මීගමුව මේන් රෝඩ් එක හුත්ත අස්සේ බස් එකක් හරස් කරල පුක දෙනවා කියහන්කෝ! ටකරන් පකයන්ට... උර්ල්,0.8555
අවජාතක වේස බල්ලෝ තොපිලා මේ දේ කලේ උදේ ආහය ගැනිමට අපු අපේ ස්වාමින්වහන්සේලට නේද බොලවු. මතක තියා ගනියවු මේ දේ කරපු... URL,අවජාතක වේස බල්ලෝ තොපිලා මේ දේ කලේ උදේ ආහය ගැනිමට අපු අපේ ස්වාමින්වහන්සේලට නේද බොලවු. මතක තියා ගනියවු මේ දේ කරපු... උර්ල්,0.8555
අතට ගත්ත එක කටට දාගන්න බෑ... #PakvSL,අතට ගත්ත එක කටට දාගන්න බෑ... පක්ව්ස්ල්,0.855
පූජිත පොන්නයෝ..පොලිස්පතිකම බල්ලට දාපු තොගෙ හත්මුතු පරම්පරාවටම හෙනගහපං අවජාතක බල්ලා..කොටින්ට පුක දෙන බල්ලා URL,පූජිත පොන්නයෝ..පොලිස්පතිකම බල්ලට දාපු තොගෙ හත්මුතු පරම්පරාවටම හෙනගහපං අවජාතක බල්ලා..කොටින්ට පුක දෙන බල්ලා උර්ල්,0.855
n සංඛ්‍යාවක් සමඟ සෙක්ස් කිරීම..  n සියගානක් තරම් විශාල වනවිට කෙල්ල වටේයන බඩුවක් වන අතර කොල්ලා පට්ට බඩුකාර පොරක් වේ.,න සංඛ්‍යාවක් සමඟ සෙක්ස් කිරීම.. න සියගානක් තරම් විශාල වනවිට කෙල්ල වටේයන බඩුවක් වන අතර කොල්ලා පට්ට බඩුකාර පොරක් වේ.,0.855
@USER උබ ගියාද උබ ගියාද උබ ගියාද අහ් නෑනේ රෙන පුකට ඇබ ගහන්න එපා සුදුමාමේ,උබ ගියාද උබ ගියාද උබ ගියාද අහ් නෑනේ රෙන පුකට ඇබ ගහන්න එපා සුදුමාමේ,0.855
දෙපැත්තේ කෙල්ලො දෙන්නෙක් හිටිය චූටි ඉඩක පුක තියන්න ගියාට මොකද ඉඩ මදි. කෙල්ලො දෙන්නගෙන් කැත එකියට නිකං දැගලිල්ලාව වගෙ මගෙ කකුල් වදිනකොට. කැලණියෙන් වාඩිවෙලා දෙමටගොඩින් නැගිට්ට. මොකටද නිකං මගෙ කකුල එයාගෙ කකුලෙ ඩිංගක් ගෑවිලා පතිවත වත් ගිලිහුනොත්.,දෙපැත්තේ කෙල්ලො දෙන්නෙක් හිටිය චූටි ඉඩක පුක තියන්න ගියාට මොකද ඉඩ මදි. කෙල්ලො දෙන්නගෙන් කැත එකියට නිකං දැගලිල්ලාව වගෙ මගෙ කකුල් වදිනකොට. කැලණියෙන් වාඩිවෙලා දෙමටගොඩින් නැගිට්ට. මොකටද නිකං මගෙ කකුල එයාගෙ කකුලෙ ඩිංගක් ගෑවිලා පතිවත වත් ගිලිහුනොත්.,0.855
"@USER අපේ ෆැමලි එකේ කෙනෙක්, අම්ම status බලල මටත් පෙන්නුවෙ","අපේ ෆැමලි එකේ කෙනෙක්, අම්ම status බලල මටත් පෙන්නුවෙ",0.855
කඩේ වහන්න හදනකොටම...රෙද්ද කෙල්ලෙක් ඇවිත් පීස් තෝරනව ටවුකන්න,කඩේ වහන්න හදනකොටම...රෙද්ද කෙල්ලෙක් ඇවිත් පීස් තෝරනව ටවුකන්න,0.855
@USER මන් නම් කියන්නේ හොදම වැඩේ මේ ගෑනිට ඔහිම වෙලා මදි  සිවන්‍ය vs ඉසි අම්ම,මන් නම් කියන්නේ හොදම වැඩේ මේ ගෑනිට ඔහිම වෙලා මදි සිවන්‍ය වස් ඉසි අම්ම,0.855
ප්‍රෙග්නට්ද? ප්‍රෙග්නට්ද? කව්ද යකෝ ලිස්සල යන්න හදන එකා...  WinD - සු - දේශිකා @USER  · 6 Feb 2018 ලමයෙක් හැදුවම ඒ ලමයට තාත්තා කෙනෙක් ඉන්නම ඕනද? නෑනේ.,ප්‍රෙග්නට්ද? ප්‍රෙග්නට්ද? කව්ද යකෝ ලිස්සල යන්න හදන එකා... WinD - සු - දේශිකා · 6 ෆෙබ් 2018 ලමයෙක් හැදුවම ඒ ලමයට තාත්තා කෙනෙක් ඉන්නම ඕනද? නෑනේ.,0.855
පොලිස් හු.... හෙන හතම ගහන්න ඕනෙ සක්කිලි හැත්ත... උන් හිතන් ඉන්නෙ උන් තමයි පක්කු කියලා. URL,පොලිස් හු.... හෙන හතම ගහන්න ඕනෙ සක්කිලි හැත්ත... උන් හිතන් ඉන්නෙ උන් තමයි පක්කු කියලා. උර්ල්,0.855
මම නම් මල්ලිලා උඹලට කියන්නෙ බල්ලෙක් අරන් හදාගනින්.පුසන්ට වඩා පට්ට,මම නම් මල්ලිලා උඹලට කියන්නෙ බල්ලෙක් අරන් හදාගනින්.පුසන්ට වඩා පට්ට,0.855
@USER ඒ තෝ වලා නිසා නොවැ. හිටුකො මම් තොගේ අඹුවට කේලම කියලා තෝව කෝටුමස් කොරවන්ඩ.,ඒ තෝ වලා නිසා නොවැ. හිටුකො මම් තොගේ අඹුවට කේලම කියලා තෝව කෝටුමස් කොරවන්ඩ.,0.855
කොටි ගහද්දි පුක උඩ දාගෙන නිදා ගත්තු උන් ... ෆ්‍රොපයිල් පික්චැර් එක අස්සෙ ප්‍රංශ කොඩි දාගෙන... #SoSrilankan,කොටි ගහද්දි පුක උඩ දාගෙන නිදා ගත්තු උන් ... ෆ්‍රොපයිල් පික්චැර් එක අස්සෙ ප්‍රංශ කොඩි දාගෙන... සොස්රිලන්කන්,0.855
"අර සුදු මාමේ පුක දෙනවද කියන එකා අමු ගොබ්බයෙක් බව දැනගෙන හිටියේ, ඒත් කැම්පස් වල අවුරුදු පහලොවක් එකම පේපරේ දෙනවා කියන්න තරම් ගොබ්බ මෝඩ යකෙක් කියලා හිතුනේ නෑ.  . මෙන්ශන් කරන්න එපා, බ්ලොක්","අර සුදු මාමේ පුක දෙනවද කියන එකා අමු ගොබ්බයෙක් බව දැනගෙන හිටියේ, ඒත් කැම්පස් වල අවුරුදු පහලොවක් එකම පේපරේ දෙනවා කියන්න තරම් ගොබ්බ මෝඩ යකෙක් කියලා හිතුනේ නෑ. . මෙන්ශන් කරන්න එපා, බ්ලොක්",0.855
අඩෝ අපි ලකේ පංකාවේ උඹල අපි ජොබ් එකකට යද්දි පොලිස් වාර්ථාවෙ ඉඳන් පරම්පාරාවෙ උන්ගෙත් වැරදිත් හොයනවනේ..  එහෙව් රටේ පකේ ජනාධිපති අතින් නිදහස් වෙච්ච මිනීමරුවෙක්ට අන්න රජයේ තනතුරක් දීල  කටවහන් ඉන්නඩත් බැ ඉතින් මේවා දකිද්දි!  ලක්ශ 69ක් කැමති හින්ද අපිට මොකද. හෙන ගැහිල තැලි ගැහිල ගියත්,අඩෝ අපි ලකේ පංකාවේ උඹල අපි ජොබ් එකකට යද්දි පොලිස් වාර්ථාවෙ ඉඳන් පරම්පාරාවෙ උන්ගෙත් වැරදිත් හොයනවනේ.. එහෙව් රටේ පකේ ජනාධිපති අතින් නිදහස් වෙච්ච මිනීමරුවෙක්ට අන්න රජයේ තනතුරක් දීල කටවහන් ඉන්නඩත් බැ ඉතින් මේවා දකිද්දි! ලක්ශ 69ක් කැමති හින්ද අපිට මොකද. හෙන ගැහිල තැලි ගැහිල ගියත්,0.8548
බඩේ අමාරු හැදුනම මොනාද කන්න හොද????. :/ :(,බඩේ අමාරු හැදුනම මොනාද කන්න හොද????. :/ :(,0.8545
අපේ ගෑනිට නැති උනු නටාසාට පිම්බිලා පිහිටපු සෝ එකේ සුදුවට පෙන්නපු ලොකු පුක වේ ඉතා ගරු  සංස්කෘතියට ඕනිනම් බුර්ක අන්දගෙන බලපන් ඒකි පෙන්වනවානම් අපි ඉතුරුවත් නරබන්නම්  #තූ #කවි,අපේ ගෑනිට නැති උනු නටාසාට පිම්බිලා පිහිටපු සෝ එකේ සුදුවට පෙන්නපු ලොකු පුක වේ ඉතා ගරු සංස්කෘතියට ඕනිනම් බුර්ක අන්දගෙන බලපන් ඒකි පෙන්වනවානම් අපි ඉතුරුවත් නරබන්නම් #තූ #කවි,0.8545
@USER ඔකිට හෙන හැත්ත හතක් ගහල මැරෙන්න ඔනා.,ඔකිට හෙන හැත්ත හතක් ගහල මැරෙන්න ඔනා.,0.8545
ශෘංගාරිගෙ පුක දකින්න ගෑනු ගොඩක් බලාගන්න හොල්මන් පිස්සුව බලන්න  කට්ටියක් ගියා..  තුනී ලෑලි සුංගාරියි එක කෙල්ලට කොල්ලො 60ය් මෙලෝ රහක් නැති ගමනක් ගිහිල්ල ආවා Rasikalink @USER  · 10 Sep 2018 #GalleByRail වලින් පස්සෙ තහවුරු වෙච්ච දේවල් කිහිපයක්.  * ජම්බොලෙ පොටෝ වල වගේ කෙටටු නෑ * ⁣ශෘංගාරිගෙ පොටෝ වල පේන භූ විෂමතා මුකුත්ම නෑ. * පිස්සු හොල්මන පොටෝ වල වගේ සුදුත් නෑ  * ඩෙක්සර්ට හොදටම සිංහල පුලුවන් එල කොල්ලෙක්   #GalleByRailමඩ #GalleByRailරසකතා,ශෘංගාරිගෙ පුක දකින්න ගෑනු ගොඩක් බලාගන්න හොල්මන් පිස්සුව බලන්න කට්ටියක් ගියා.. තුනී ලෑලි සුංගාරියි එක කෙල්ලට කොල්ලො 60ය් මෙලෝ රහක් නැති ගමනක් ගිහිල්ල ආවා රසිකලින්ක් · 10 සේප 2018 ගල්ලෙබ්ය්රිල් වලින් පස්සෙ තහවුරු වෙච්ච දේවල් කිහිපයක්. * ජම්බොලෙ පොටෝ වල වගේ කෙටටු නෑ * ⁣ශෘංගාරිගෙ පොටෝ වල පේන භූ විෂමතා මුකුත්ම නෑ. * පිස්සු හොල්මන පොටෝ වල වගේ සුදුත් නෑ * ඩෙක්සර්ට හොදටම සිංහල පුලුවන් එල කොල්ලෙක් #GalleByRailමඩ #GalleByRailරසකතා,0.8545
පකේ මීටරේ පුක වටේ කැරකේ  කොරෝනා කියල දෙයක් මේ රටේ දැන් නැද්ද කොහේද . ලොරි බස් වල  පොල් පටවපු වගේ ගෙනියන්නෙ. ජායාරූපෙ තියෙන්නෙ ඒ වගේ 176 මාර්ග අංකය යටතේ ධාවනය වන JL 0660 කියන ලබ්බ. මේකෙ හැම ෂීට් එකකම වාඩි කරගෙන හිටගෙන පේලි 3ක් අරන් යන්නෙ. මේ උදාහරණයක් විතරයි. අනිත් බසුත් මෙහෙමයි.,පකේ මීටරේ පුක වටේ කැරකේ කොරෝනා කියල දෙයක් මේ රටේ දැන් නැද්ද කොහේද . ලොරි බස් වල පොල් පටවපු වගේ ගෙනියන්නෙ. ජායාරූපෙ තියෙන්නෙ ඒ වගේ 176 මාර්ග අංකය යටතේ ධාවනය වන ජල් 0660 කියන ලබ්බ. මේකෙ හැම ෂීට් එකකම වාඩි කරගෙන හිටගෙන පේලි 3ක් අරන් යන්නෙ. මේ උදාහරණයක් විතරයි. අනිත් බසුත් මෙහෙමයි.,0.8545
"හත්ලක්ශ තිස් හත්දාහk මේ වෙද්දී fill t ගේ මල්ලී බලල. ඌ  සාර්තකයි! කෙල්ලො දෙන්නගේ පික්ස් වලට ගිහින් ""පට්ට වේසියෝ උබල ගල් ගහනව"" කිව්වට ගොඩක් අපේ අයියල""  හම්ම මරු බඩු දෙක. දිව දාන එකී කොහොමද කිය කිය බලන්නේ.     නොලැබීම මත තීර්නය වන ලිංගික කුහකත්වය ඕක @USER  #fill_T #Malli","හත්ලක්ශ තිස් හත්දාහk මේ වෙද්දී fill ට ගේ මල්ලී බලල. ඌ සාර්තකයි! කෙල්ලො දෙන්නගේ පික්ස් වලට ගිහින් ""පට්ට වේසියෝ උබල ගල් ගහනව"" කිව්වට ගොඩක් අපේ අයියල"" හම්ම මරු බඩු දෙක. දිව දාන එකී කොහොමද කිය කිය බලන්නේ. නොලැබීම මත තීර්නය වන ලිංගික කුහකත්වය ඕක #fill_T මල්ලි",0.8545
"මස් පිඩු වල තද ගතිය.. විශේශයෙන් මූනෙ, බෙල්ලෙ, උරහිසේ.. තවත් හිතුවොත් කොන්දෙ අමාරු, ඔළුවෙ අමාරු, බෙල්ලෙ අමාරු, පපුවෙ තද ගතිය, ඊළඟට නිදාගන්න බැරි කම, පපුවෙ දැවිල්ල, බඩේ අමාරු. මුත්‍ර කරන වාර ගනන වැඩි වෙන එක.. ආතතිය එක්ක එන මේ ශාරීරිකව දැන්නෙ අපහසුතා,, 5/8","මස් පිඩු වල තද ගතිය.. විශේශයෙන් මූනෙ, බෙල්ලෙ, උරහිසේ.. තවත් හිතුවොත් කොන්දෙ අමාරු, ඔළුවෙ අමාරු, බෙල්ලෙ අමාරු, පපුවෙ තද ගතිය, ඊළඟට නිදාගන්න බැරි කම, පපුවෙ දැවිල්ල, බඩේ අමාරු. මුත්‍ර කරන වාර ගනන වැඩි වෙන එක.. ආතතිය එක්ක එන මේ ශාරීරිකව දැන්නෙ අපහසුතා,, 5/8",0.8545
@USER යකෝ කොලඹ ඉදල petrol ගහගෙන නුවර ආවට දෙන්නේ කොපි කෝප්පයක්ද?,යකෝ කොලඹ ඉදල petrol ගහගෙන නුවර ආවට දෙන්නේ කොපි කෝප්පයක්ද?,0.854
@USER බඩ පලයන්.... මේ කරන ඒවට,බඩ පලයන්.... මේ කරන ඒවට,0.854
@USER No matter at all dude!!!  උඹ මට කතාකරන විදිය උගන්නන්න කලින් එයාට කතාකරන විදිය උගන්නපන්. ඒකි කොල්ලෙක්ට අවධාන ගනිකාව කිව්ව. බල්ලො කිව්ව. Zero fucks කිව්ව. ඒව ශෝයිද? මම මිනිස්සුන්ට ගරු කරන්නෙ කකුල් දෙක මැද්දෙ තියෙන්නෙ මොකක්ද කියල බලල නෙමෙයි! උන් අනිත් මිනිස්සුන්ට ගරු කරන විදිය බලල!,නො matter ඇත all dude!!! උඹ මට කතාකරන විදිය උගන්නන්න කලින් එයාට කතාකරන විදිය උගන්නපන්. ඒකි කොල්ලෙක්ට අවධාන ගනිකාව කිව්ව. බල්ලො කිව්ව. Zero ෆුච්ක්ස් කිව්ව. ඒව ශෝයිද? මම මිනිස්සුන්ට ගරු කරන්නෙ කකුල් දෙක මැද්දෙ තියෙන්නෙ මොකක්ද කියල බලල නෙමෙයි! උන් අනිත් මිනිස්සුන්ට ගරු කරන විදිය බලල!,0.854
@USER ලොකු කොස්ස කෝ කියා ඉදලක් ඉල්ලුවා ඒකත් ආයෙමත් නොදී කොහදෝ ගියේ ඔයා..   මතකයි අද වගේ කැඩුවා මගේ ගහේ තෝ හදා වැඩූ  කොස් ගෙඩි දෝ,ලොකු කොස්ස කෝ කියා ඉදලක් ඉල්ලුවා ඒකත් ආයෙමත් නොදී කොහදෝ ගියේ ඔයා.. මතකයි අද වගේ කැඩුවා මගේ ගහේ තෝ හදා වැඩූ කොස් ගෙඩි දෝ,0.854
ඇත්ත සිදුවීම  දූව :- අම්මේ මේ සැක්කිලියට ගහනවා මැරිලා වැටෙන්න  අම්මා :- මීවා තෝ ගාවට එන්නද මං නැත්නම් ඔය කෙල්ලට ඉන්න දෙන්නැද්ද  සමාජ මාධ්‍යවලට දමන විදිහ  මේ මල්ලිත් එක්ක හරිම කරදරයක් අනේ කොණ්ඩේ හයියෙන් ඇදගෙන ඉදලා පිටට හයියෙන් ගහලා දුවනවා මගෙ හුරුබුහුට් මල්ලි කරන වැඩ තමයි ඔය,ඇත්ත සිදුවීම දූව :- අම්මේ මේ සැක්කිලියට ගහනවා මැරිලා වැටෙන්න අම්මා :- මීවා තෝ ගාවට එන්නද මං නැත්නම් ඔය කෙල්ලට ඉන්න දෙන්නැද්ද සමාජ මාධ්‍යවලට දමන විදිහ මේ මල්ලිත් එක්ක හරිම කරදරයක් අනේ කොණ්ඩේ හයියෙන් ඇදගෙන ඉදලා පිටට හයියෙන් ගහලා දුවනවා මගෙ හුරුබුහුට් මල්ලි කරන වැඩ තමයි ඔය,0.854
@USER ඔයාගෙ හස්බන් පට්ට ලකී අනේ මේ කදට ගහන එයා අකමැති වේවිද මාවත් එකතු කරගෙන ඔයාට 3සම් සැපක් දෙන්න අගල් 8 දිගයි මගේ පයිය හුත්තෙ අඩියටම බහින්න දෙන්න පුළුවන් ඔයාල කැමති නම්,ඔයාගෙ හස්බන් පට්ට ලකී අනේ මේ කදට ගහන එයා අකමැති වේවිද මාවත් එකතු කරගෙන ඔයාට 3සම් සැපක් දෙන්න අගල් 8 දිගයි මගේ පයිය හුත්තෙ අඩියටම බහින්න දෙන්න පුළුවන් ඔයාල කැමති නම්,0.854
@USER මං හදපු රසම spaghetti dish එකක්. අපේ අම්ම රසයි කිව්වා කියන්නෙ හොඳයි,මං හදපු රසම spaghetti dish එකක්. අපේ අම්ම රසයි කිව්වා කියන්නෙ හොඳයි,0.854
මට බෑ කැත එකෙක්ව අවුරැදු කුමාරය කරන්න කියල tweet දාන්න  උගෙ ඇඟේ ඉඳි ආප්ප දහයක් කන්න මස් තියනවද? නෑ නේ  @USER  #AwuruduKumaraya17,මට බෑ කැත එකෙක්ව අවුරැදු කුමාරය කරන්න කියල tweet දාන්න උගෙ ඇඟේ ඉඳි ආප්ප දහයක් කන්න මස් තියනවද? නෑ නේ #AwuruduKumaraya17,0.854
"@USER  මාව මරණ එක උයාට ගොඩාක් අමාරු වෙයි,අනික මරන්න ගියොත් ගොඩා....................ක් සිදෙයි ඈ","මාව මරණ එක උයාට ගොඩාක් අමාරු වෙයි,අනික මරන්න ගියොත් ගොඩා....................ක් සිදෙයි ඈ",0.854
@USER අම්බලංගොඩ කෙල්ලෙක් නේද ඔයා ?? පොඩි පිහියක් අරං ගිහිං තගක් දාන්කකො පුක කපනව කතිරෙ හිටින්න කියල,අම්බලංගොඩ කෙල්ලෙක් නේද ඔයා ?? පොඩි පිහියක් අරං ගිහිං තගක් දාන්කකො පුක කපනව කතිරෙ හිටින්න කියල,0.8535
බොරුවට හඬලා කිමද හැපෙන්නේ විමලා කලබල කරලා මොකටද නෑ ලෙඩක් වෙලා උඹ හොන්දට මිරිකලා දෙහි ටික ගනින්කෝ විමලා අනේ උඹේ ඩාලින් සයිමා කට් වෙලා  #sajje,බොරුවට හඬලා කිමද හැපෙන්නේ විමලා කලබල කරලා මොකටද නෑ ලෙඩක් වෙලා උඹ හොන්දට මිරිකලා දෙහි ටික ගනින්කෝ විමලා අනේ උඹේ ඩාලින් සයිමා කට් වෙලා සාජ්ජේ,0.8535
ඔය එක එක බංග දාලා රනිල් පප්පා එලවන්න බැ බොලව් හොද එඩරු පොල්ලක් අරන් තඩි බාපල්ලකො උපරිම මාසයක් ඉදි අම්මපා,ඔය එක එක බංග දාලා රනිල් පප්පා එලවන්න බැ බොලව් හොද එඩරු පොල්ලක් අරන් තඩි බාපල්ලකො උපරිම මාසයක් ඉදි අම්මපා,0.8535
@USER පුක පොඩ්ඩක් දීපන්කො විටක් කොටාගන්න,පුක පොඩ්ඩක් දීපන්කො විටක් කොටාගන්න,0.8535
මලොත් මේ කේක් කෑල්ල හින්ද තමා.. හිතේ දුක නිවාගන්න කේක් කන්න ඇවිල්ල අමාරු වෙලා ඉන්නෙ.. මත් වෙලා වගේ    Good times though...Thank You Katu මගේ non stop කියවිල්ල අහං හිටියට,මලොත් මේ කේක් කෑල්ල හින්ද තමා.. හිතේ දුක නිවාගන්න කේක් කන්න ඇවිල්ල අමාරු වෙලා ඉන්නෙ.. මත් වෙලා වගේ Good times ථෞඝ්ථංක් You කටු මගේ non stop කියවිල්ල අහං හිටියට,0.8535
මාව මරාගෙන කාපිය යකෝ . ගෙනත් දිපන් කවුරු හරි සිවුරක් මෙන්න මුට.කෙලින ගල් බොරු වලට. ඉස්කෝලේ යන කාලේ කෙල්ලෝ වට කරම් ගල් කෙබර කෙලියේ මෙන්න මු වගේ එවුන් තමයි. ආනන්Da @USER  · 6 Oct 2019,මාව මරාගෙන කාපිය යකෝ . ගෙනත් දිපන් කවුරු හරි සිවුරක් මෙන්න මුට.කෙලින ගල් බොරු වලට. ඉස්කෝලේ යන කාලේ කෙල්ලෝ වට කරම් ගල් කෙබර කෙලියේ මෙන්න මු වගේ එවුන් තමයි. ආනන්Da · 6 ඔච්ට් 2019,0.8535
@USER මට ලෙස්බි ලෙස්බි ගගා ඉන්නෙ මම තොගෙන් කී පාරක් ඇහුවද??? තෝ කැමතිද නෑනේ,මට ලෙස්බි ලෙස්බි ගගා ඉන්නෙ මම තොගෙන් කී පාරක් ඇහුවද??? තෝ කැමතිද නෑනේ,0.8535
"@USER ,  @USER  @USER පොලිමේ එන්න කටට දෙන්න",", පොලිමේ එන්න කටට දෙන්න",0.8535
දොඩම් කොහෙද ඇඹූල නරි දන්න හුත්ත RaNiYa @USER  · 17 Jan  @USER නඩුවක් වෙච්ච බඩුවක්,දොඩම් කොහෙද ඇඹූල නරි දන්න හුත්ත රනිය · 17 ජන නඩුවක් වෙච්ච බඩුවක්,0.853
බස් එකේ නාකි ගෑනියෙක්ගෙ ඇගේ වැදුනාම රවන්නෙ නිකන් උන්ට එතනම ලමයි හම්බවෙන්වා වගේ. ලස්සන කෙල්ලෙක් එහෙමනම් රැව්ව්වත් කමක් නැහැ ....,බස් එකේ නාකි ගෑනියෙක්ගෙ ඇගේ වැදුනාම රවන්නෙ නිකන් උන්ට එතනම ලමයි හම්බවෙන්වා වගේ. ලස්සන කෙල්ලෙක් එහෙමනම් රැව්ව්වත් කමක් නැහැ ....,0.853
"@USER  @USER ඌරාගෙන් පෙන්වන්නේ නාමල්, ඊළඟට රිලවා විමල්, ගෙම්බා ගම්මන්පිල..  සිංහයයි, පැටියයි කියන්නේ ඒ හැත්ත පන්නලා දාපු මිනිස්සු. හරිනේ? ^  Favourite comment on that post","ඌරාගෙන් පෙන්වන්නේ නාමල්, ඊළඟට රිලවා විමල්, ගෙම්බා ගම්මන්පිල.. සිංහයයි, පැටියයි කියන්නේ ඒ හැත්ත පන්නලා දාපු මිනිස්සු. හරිනේ? ^ ඵවෝඋරිටේ comment ඕන that post",0.853
'අැහැ වහ ගනින්...කන්‍යාවිය' තෝ  රෙදි නැතිව  යහපාලනේට  කඩේ යනවා කියලා  තොගේ අම්මා අප්පත් මතක් කර කර මිනිස්සු අම්මා මු.... බනින්නේ,'අැහැ වහ ගනින්...කන්‍යාවිය' තෝ රෙදි නැතිව යහපාලනේට කඩේ යනවා කියලා තොගේ අම්මා අප්පත් මතක් කර කර මිනිස්සු අම්මා මු.... බනින්නේ,0.853
ප්‍රියන්ත හේවගේ මාතලන් වගේ පුක දෙන්නෝ මට ගූ කතා කියන්න ඇවිදින් පුක නැති කරගන්න එපා. තමන්ගෙ දේවල් කරගනිල්ලා මා එක්ක ඇමිනෙන්නෙ නැතුව,ප්‍රියන්ත හේවගේ මාතලන් වගේ පුක දෙන්නෝ මට ගූ කතා කියන්න ඇවිදින් පුක නැති කරගන්න එපා. තමන්ගෙ දේවල් කරගනිල්ලා මා එක්ක ඇමිනෙන්නෙ නැතුව,0.853
ඔය තියෙන්නෙ ලංකාවේ බල්ලනට ජාතක උන කාගේ කාරයින්ගෙ වැඩ.කස්ටම් එකේ බල්ලොත් ඉන්නවා ඕවා බලන්න.උන්ගෙ ඇස් පුකේ වෙන්න ඇති.මේවා අරගෙන ගිහින් කන්න දෙන උන්ගෙ පවුල්වල උන්ටත් ලේ බඩ ගිහින් මැරෙන්න ඕනේ සක්කිලි හැත්ත URL,ඔය තියෙන්නෙ ලංකාවේ බල්ලනට ජාතක උන කාගේ කාරයින්ගෙ වැඩ.කස්ටම් එකේ බල්ලොත් ඉන්නවා ඕවා බලන්න.උන්ගෙ ඇස් පුකේ වෙන්න ඇති.මේවා අරගෙන ගිහින් කන්න දෙන උන්ගෙ පවුල්වල උන්ටත් ලේ බඩ ගිහින් මැරෙන්න ඕනේ සක්කිලි හැත්ත උර්ල්,0.853
එක එකාට පුක දීදී පස්සෙන් යන #AduKuleyParaHeththa,එක එකාට පුක දීදී පස්සෙන් යන අඩුකුලේය්පරහෙත්ත,0.853
@USER ඒ කියන්නේ ගෑනු කිව්වොත් මේ පුක කහනවා කියලා..කහන්නේ පුක නෙමෙයි අනික් පැත්තද?  දන් නැති නිසයි ඇහුවේ ඉතිං..,ඒ කියන්නේ ගෑනු කිව්වොත් මේ පුක කහනවා කියලා..කහන්නේ පුක නෙමෙයි අනික් පැත්තද? දන් නැති නිසයි ඇහුවේ ඉතිං..,0.853
@USER කොල්ලො කරද්දි කොලුකම සෙවලකම. කෙල්ලො කරද්දී වේස කම,කොල්ලො කරද්දි කොලුකම සෙවලකම. කෙල්ලො කරද්දී වේස කම,0.853
කුළු ගෙඩි පහරින් මියදුණු දොස්‌තර දිනේන්ද්‍ර  ( මුතු ඇටේ නම කැත කරන වැරදියට ජාතක කල පිස්සෝ )  URL,කුළු ගෙඩි පහරින් මියදුණු දොස්‌තර දිනේන්ද්‍ර ( මුතු ඇටේ නම කැත කරන වැරදියට ජාතක කල පිස්සෝ ) උර්ල්,0.853
චන්දිමාල් ගගා ඌට වස්තිය වැදුනා  සාපයක් තොපි   #SAvSL,චන්දිමාල් ගගා ඌට වස්තිය වැදුනා සාපයක් තොපි සව්ස්ල්,0.853
ඔය අපිත් එක්ක දෙකට ගනින්න බැ වගේ ඉන්න  සමහර දැරිවියෝ බලනකොට දාහටම ගනන් කරපු අය නේ   අම්මපා අම්ම ඇර කිසිම ගැණු පරාණයක් විස්වාස කරන්න බැ,ඔය අපිත් එක්ක දෙකට ගනින්න බැ වගේ ඉන්න සමහර දැරිවියෝ බලනකොට දාහටම ගනන් කරපු අය නේ අම්මපා අම්ම ඇර කිසිම ගැණු පරාණයක් විස්වාස කරන්න බැ,0.853
පුතේ ඊයේ වැටුන දත ලේනුන්ට දුන්නද?   අම්ම කිව්ව නිසා මම වහලට විසිකලා.. ඒත් උන් කෝමද තාත්තේ ඒ දත කටට හයි කරගන්නේ.. ?   #අයියගේළමයි,පුතේ ඊයේ වැටුන දත ලේනුන්ට දුන්නද? අම්ම කිව්ව නිසා මම වහලට විසිකලා.. ඒත් උන් කෝමද තාත්තේ ඒ දත කටට හයි කරගන්නේ.. ? #අයියගේළමයි,0.853
එක්කෝ මේ ගහන අකුණු ටිකට සාධාරණ වෙන ගානට වැහැපන්. නැත්තන් ඔක්කොම අකුලන් පලයන්.,එක්කෝ මේ ගහන අකුණු ටිකට සාධාරණ වෙන ගානට වැහැපන්. නැත්තන් ඔක්කොම අකුලන් පලයන්.,0.853
@USER කට හොදලා නිදා ගනින් අයියේ මතක ඇතුව නැත්තන් උදේට නැගිටිනකොට කට පුක වෙලා තියේවි,කට හොදලා නිදා ගනින් අයියේ මතක ඇතුව නැත්තන් උදේට නැගිටිනකොට කට පුක වෙලා තියේවි,0.853
මෙකට හම්බෙන සෙල්ලම් බඩුව අරන්  කන්නේ නැතුව විසික් කරා,මෙකට හම්බෙන සෙල්ලම් බඩුව අරන් කන්නේ නැතුව විසික් කරා,0.8525
මං ඊයෙ විශ් කලා තොට. තෝ තැන්ක්ස් කිව්වෙ නෑ. දැන් අද මැරියං.,මං ඊයෙ විශ් කලා තොට. තෝ තැන්ක්ස් කිව්වෙ නෑ. දැන් අද මැරියං.,0.8525
මගේ ලිස්ට් එකෙත් ඉන්නවා බල්ද්දි පිදුරංගල ගිහින් පුක පෙන්නලා ෆොටෝ ගහපු එවුන්   මෙන්සන් කරන්නද දෙතුන් දෙනෙක්,මගේ ලිස්ට් එකෙත් ඉන්නවා බල්ද්දි පිදුරංගල ගිහින් පුක පෙන්නලා ෆොටෝ ගහපු එවුන් මෙන්සන් කරන්නද දෙතුන් දෙනෙක්,0.8525
Possible bloopers   * කිම්බ එලියට දාන්න (කූඩුවෙන්) * කිම්බ ඇතුලට දාන්න (කූඩුවට) * කිම්බ දැන් ලොකුද ? * කිම්බගෙ මයිල් වැවිලා නේද දැන්? * කිම්බ දැකලා බය වුනා (හොරු) * කිම්බට අසනීපයි. * කිම්බ නෑවුවද ? * කිම්බ තෙතයි * කිම්බ අතගානවට කැමතී. * කිම්බ හුරතල්... URL,Possible බ්ලූපෙර්ස් * කිම්බ එලියට දාන්න (කූඩුවෙන්) * කිම්බ ඇතුලට දාන්න (කූඩුවට) * කිම්බ දැන් ලොකුද ? * කිම්බගෙ මයිල් වැවිලා නේද දැන්? * කිම්බ දැකලා බය වුනා (හොරු) * කිම්බට අසනීපයි. * කිම්බ නෑවුවද ? * කිම්බ තෙතයි * කිම්බ අතගානවට කැමතී. * කිම්බ හුරතල්... උර්ල්,0.8525
අර දේදුන්නෙ පාට කොඩිය සමලිංගිකයින්ගෙ සංඛේතයක් කියලා නොදැන පොන්න රැලක් වගෙ මාර්ක් කාරය කිවුව පලියට profile pic එකට... URL,අර දේදුන්නෙ පාට කොඩිය සමලිංගිකයින්ගෙ සංඛේතයක් කියලා නොදැන පොන්න රැලක් වගෙ මාර්ක් කාරය කිවුව පලියට profile pic එකට... උර්ල්,0.8525
ගාල්ල ඉමදූව පැත්තෙද බන් උබත්.  පුක හපාගෙන මැරියන් එහෙනම්  URL,ගාල්ල ඉමදූව පැත්තෙද බන් උබත්. පුක හපාගෙන මැරියන් එහෙනම් උර්ල්,0.8525
"""තෝ අපේ මූණෙ දැලි ගෑවා යකෝ.!!""  #WhenALResultsAreOut","""තෝ අපේ මූණෙ දැලි ගෑවා යකෝ.!!"" ව්හෙනල්රෙසුල්ත්සරෙඖත්",0.8525
රෝසි ලක්ෂ 57ක් වියදම් කරල කකුස්සිය අලුත්වැඩිය කලාම කිපෙන්නෙ පුකෙන් කරන්නෙ රෙන එකම කියල හිතන හරක් දෙන පුකවල් වටිනව යකො — feeling sad,රෝසි ලක්ෂ 57ක් වියදම් කරල කකුස්සිය අලුත්වැඩිය කලාම කිපෙන්නෙ පුකෙන් කරන්නෙ රෙන එකම කියල හිතන හරක් දෙන පුකවල් වටිනව යකො — feeling sad,0.8525
@USER @USER  ඔයා අර බඩුව කියලා කිව්ව එක්කෙනාද :P,ඔයා අර බඩුව කියලා කිව්ව එක්කෙනාද ප්,0.8525
ගොලාකාර ලෝකෙ  මිනිසුන්මේ තිරිසන්සෙ  හැදෙන්නෙ වැඩෙන්නෙ කපන්නෙ කොටන්නෙ ගස් වැල් පණ මෙන් රකින්නෝනෙ කපන කපන හැම ගසටම යටවි මැරෙවි උඹ දවසක #lka,ගොලාකාර ලෝකෙ මිනිසුන්මේ තිරිසන්සෙ හැදෙන්නෙ වැඩෙන්නෙ කපන්නෙ කොටන්නෙ ගස් වැල් පණ මෙන් රකින්නෝනෙ කපන කපන හැම ගසටම යටවි මැරෙවි උඹ දවසක ලක,0.8525
මෙහෙමයි ඉතින් කොයි වෙලෙත් කෙනෙක් එක්ක touch එකේ ඉන්න ඕනෙ. උදව්වක් ඕනෙ උනාම පුක කැඩිච්ච කඩියා වගේ දුවන් ඇවිත් බටර් උලලා එක විකාරයක් කරන්න ඕනෙ නෑ එතකොට...,මෙහෙමයි ඉතින් කොයි වෙලෙත් කෙනෙක් එක්ක touch එකේ ඉන්න ඕනෙ. උදව්වක් ඕනෙ උනාම පුක කැඩිච්ච කඩියා වගේ දුවන් ඇවිත් බටර් උලලා එක විකාරයක් කරන්න ඕනෙ නෑ එතකොට...,0.8525
"@USER ,  @USER  @USER නටන් මයුර වන්නම         හිත ගැටෙන වටේ පැදන් වරෙන් ඔරැවක් ඈ        වෙරලෙ ගැටේ මෙහෙම නැවෙන කොට උඹගේ දෝසි කැටේ අඹලයො          බලාපන් කැරකෙයි ඒකි වටේ",", නටන් මයුර වන්නම හිත ගැටෙන වටේ පැදන් වරෙන් ඔරැවක් ඈ වෙරලෙ ගැටේ මෙහෙම නැවෙන කොට උඹගේ දෝසි කැටේ අඹලයො බලාපන් කැරකෙයි ඒකි වටේ",0.8525
@USER  ඩිම්බේ නලලේ තිබ්බත්  කරන්න වෙන්නෙ යටිංම නෙ එපා වෙයි  බිජ්ජ නලලේ තියෙන එකාට.,ඩිම්බේ නලලේ තිබ්බත් කරන්න වෙන්නෙ යටිංම නෙ එපා වෙයි බිජ්ජ නලලේ තියෙන එකාට.,0.8521
උබ පුක දුන්නොත් උබට අරිනවා,උබ පුක දුන්නොත් උබට අරිනවා,0.8521
"@USER ,  @USER  @USER ඔයා නිකන් මිරිස් කුඩු ප්‍රසන්න රනවීර වගේ. පොල් කිම්බ මං කියන්න ඕනෙද? කණ්නාඩියකින් ගිහින් තොගෙ කට බලපංකො. පොල් කිබි හොදයි. නෙදකින් desi හුත්තක් වගේ",", ඔයා නිකන් මිරිස් කුඩු ප්‍රසන්න රනවීර වගේ. පොල් කිම්බ මං කියන්න ඕනෙද? කණ්නාඩියකින් ගිහින් තොගෙ කට බලපංකො. පොල් කිබි හොදයි. නෙදකින් desi හුත්තක් වගේ",0.8521
"@USER හැමදාම බීගෙන ගෙදර එන මිනිහට ගෑනිගෙ සතුට ගැන බලන්න විදියක් නැති නිසා ගෑනි වෙන එකෙක් එක්ක හරි ඉදල ලමයෙක් හදාගත්තු, ඒ පොඩි එකා බඩේදිම මරානොගත්තු නැති අම්ම කෙනෙක්...","හැමදාම බීගෙන ගෙදර එන මිනිහට ගෑනිගෙ සතුට ගැන බලන්න විදියක් නැති නිසා ගෑනි වෙන එකෙක් එක්ක හරි ඉදල ලමයෙක් හදාගත්තු, ඒ පොඩි එකා බඩේදිම මරානොගත්තු නැති අම්ම කෙනෙක්...",0.8521
@USER Ded  උදේ පාන්දර පුක පෙන්නන එපා හුට්ට,දෙද් උදේ පාන්දර පුක පෙන්නන එපා හුට්ට,0.8521
සෝකරි නටන තාලේට දක්කපං මේ කළු හරකා!!!,සෝකරි නටන තාලේට දක්කපං මේ කළු හරකා!!!,0.8521
@USER මගෙ පුකට කරපු ශේමින් වලට. එහෙනම් පුක නැති වෙලා ඉපදෙන්න ඕන,මගෙ පුකට කරපු ශේමින් වලට. එහෙනම් පුක නැති වෙලා ඉපදෙන්න ඕන,0.8521
මේකේ ඉන්න තම්බී කීයකගෙන්ද මන්දා ඇහුවැ ඇයි තොපි අවුරුදු 12ගෑණු ලමයි බැඳලා බාල අපරාධ කරන්නේ කියලා.. තාම උත්තර නෑ හැබැයි. මුන් එක්ක ලමයෙක් හදා ගන්න බයයි. ඇයි මුන්ට ආසා හිතුනොත් පොඩි ලමයි රවටාගෙන බෑඳලා උන්ගේ ආගමට අරං ඔක්කොම හරි කියනවනේ.. #lka #Muslims #EnoughIsEnough,මේකේ ඉන්න තම්බී කීයකගෙන්ද මන්දා ඇහුවැ ඇයි තොපි අවුරුදු 12ගෑණු ලමයි බැඳලා බාල අපරාධ කරන්නේ කියලා.. තාම උත්තර නෑ හැබැයි. මුන් එක්ක ලමයෙක් හදා ගන්න බයයි. ඇයි මුන්ට ආසා හිතුනොත් පොඩි ලමයි රවටාගෙන බෑඳලා උන්ගේ ආගමට අරං ඔක්කොම හරි කියනවනේ.. ලක මුස්ලිම්ස් එනෞඝිසෙනෞඝ්,0.8521
පාරේ photo ගන්න මිනිස්සුන්ගේ selfie stick මැදින් කපන පිස්සු,පාරේ photo ගන්න මිනිස්සුන්ගේ සෙල්ෆිඑ stick මැදින් කපන පිස්සු,0.8521
මේ දවස්වල මම මානසිකව වැට්ලා කකුලත් තුවාල වෙලා බන් තියෙන්නේ.  මේක දැක්කත් දැක්කෙ නෑ වගේ පලයන්....!  #MaZz — feeling crazy,මේ දවස්වල මම මානසිකව වැට්ලා කකුලත් තුවාල වෙලා බන් තියෙන්නේ. මේක දැක්කත් දැක්කෙ නෑ වගේ පලයන්....! මළ්ළ — feeling crazy,0.8516
අතට ගත්තු දේ කටට දාගන්න පින නෑ කියන්නේ ඕකට තමයි #IndvsBan,අතට ගත්තු දේ කටට දාගන්න පින නෑ කියන්නේ ඕකට තමයි ඉන්ද්ව්ස්බන්,0.8516
@USER අඩො නො එ නංගිට කලෙන්තෙ හැදිලාද පව්..,අඩො නො එ නංගිට කලෙන්තෙ හැදිලාද පව්..,0.8516
පසඟ පිහිටලා වැන්දත් පෙන්වන ඔය ආදරේ කඩුපොලු අතරින් දැක්කා පනිනව උඹ බොඩරේ පවට බයක් ඇති බව කිවුත් ඔය මුව සාගරේ ඉහලින් ආ ඔඩරේට රෙදිනම් ඔක්කොම කරේ Supun Aparekka @USER  · 17 Dec 2020 දෑත් එක්කොට කියමි අන්තිම වරට පෙන්වා ආදරේ.. යන්න පසු බැස තාම ඉස්සී නොමැත කඩු පොලු තෝමරේ..  පිරෙයි පවු මට තවත් අඩියක් පැන්නොතින් නුඹ බෝඩරේ.. අරන් ආවේ මමත් ඔබ මෙන්  උඩින් මට දුන් ඕඩරේ..,පසඟ පිහිටලා වැන්දත් පෙන්වන ඔය ආදරේ කඩුපොලු අතරින් දැක්කා පනිනව උඹ බොඩරේ පවට බයක් ඇති බව කිවුත් ඔය මුව සාගරේ ඉහලින් ආ ඔඩරේට රෙදිනම් ඔක්කොම කරේ සුපුන් අපරෙක්ක · 17 දෙක් 2020 දෑත් එක්කොට කියමි අන්තිම වරට පෙන්වා ආදරේ.. යන්න පසු බැස තාම ඉස්සී නොමැත කඩු පොලු තෝමරේ.. පිරෙයි පවු මට තවත් අඩියක් පැන්නොතින් නුඹ බෝඩරේ.. අරන් ආවේ මමත් ඔබ මෙන් උඩින් මට දුන් ඕඩරේ..,0.8516
අම්මාට උඩු.. වැහි නැති හෙන ගහයි බොට..  Sadee i̞̟̫̺ͭ̒ͭͣs̪̭̱̼̼̉̈́ͪ͋̽̚h͚̖̜̍̃͐a̘̫͈̭͌͛͌̇̇̍ @USER  · 29 Mar 2017 මන් විතර ද බන් මේ වෙනකන් twitter රේ එක කෙල්ලෙක්ට වත් පැණි හලලා නැත්තේ,අම්මාට උඩු.. වැහි නැති හෙන ගහයි බොට.. සැදී ඉශ · 29 Mar 2017 මන් විතර ද බන් මේ වෙනකන් twitter රේ එක කෙල්ලෙක්ට වත් පැණි හලලා නැත්තේ,0.8516
@USER කැටයමට හැඩ පස්ස පිරැනු ලැම         ඉස්ස වැලි අතර          ගස්ස ගල්ගොඩක් මත නොයන් ලිස්ස  පටිය තද හින්දා පලුව තට්ටම් නෙරයි සුදු නැන්දා ලීහීයන් පටි කොල්ලො වැන්දා වයසටත් හැඩ අනේ මන්දා,කැටයමට හැඩ පස්ස පිරැනු ලැම ඉස්ස වැලි අතර ගස්ස ගල්ගොඩක් මත නොයන් ලිස්ස පටිය තද හින්දා පලුව තට්ටම් නෙරයි සුදු නැන්දා ලීහීයන් පටි කොල්ලො වැන්දා වයසටත් හැඩ අනේ මන්දා,0.8516
පුල්ලි ගොනා කඹේ කඩාගෙන ගෙට පැනලා ගෙදර උන්දෑ කොණ්ඩෙ බඳින හවරිය කාපු බව   #WhatILearnedFromSinhalaLyrics,පුල්ලි ගොනා කඹේ කඩාගෙන ගෙට පැනලා ගෙදර උන්දෑ කොණ්ඩෙ බඳින හවරිය කාපු බව ව්හතිලෙඅර්නෙද්ෆ්රොම්සින්හලල්ය්රික්ස,0.8516
ඉඳපන් හෙට වැව රවුමට ඇවිත් අමතන්න සද්දෙට  තිශා තෝ කැ* හු#%*# පො&$%^ ප¥*# ඉදපන් තොට හු+%#€ වේ#*  Thish Dissanayake @USER  · 29 Jul 2018 කුරුනෑගල දරුවන් වැව රවුමට පැමින මාව අමතන්න. ඔබට ජය,ඉඳපන් හෙට වැව රවුමට ඇවිත් අමතන්න සද්දෙට තිශා තෝ කැ* හු#%*# පො&$%^ ප¥*# ඉදපන් තොට හු+%#€ වේ#* තිෂ් දිස්සනයකේ · 29 ජුල 2018 කුරුනෑගල දරුවන් වැව රවුමට පැමින මාව අමතන්න. ඔබට ජය,0.8516
අම්මගේ කණකර උකස්කරන් කුඩු ගහන ජාතකයක් නැති වේස බල්ලො ඉන්න රටක්වෙලා මේක. මුන් වැඩියෙන් ඉන්නෙ පාර්ලිමේන්තුවෙ කියන මඩමෙ...,අම්මගේ කණකර උකස්කරන් කුඩු ගහන ජාතකයක් නැති වේස බල්ලො ඉන්න රටක්වෙලා මේක. මුන් වැඩියෙන් ඉන්නෙ පාර්ලිමේන්තුවෙ කියන මඩමෙ...,0.8516
කින්ටාරාගෙ අම්මා කිරි ලේලි නෙව  @USER මුගෙ අම්ම ජොං ජනීසා.. @USER කිම්මින්චියිස් අම්ම කෞඩ ඈ ?,කින්ටාරාගෙ අම්මා කිරි ලේලි නෙව මුගෙ අම්ම ජොං ජනීසා.. කිම්මින්චියිස් අම්ම කෞඩ ඈ ?,0.8511
"දෙකම එකට දාල හැන්දෙන කන නිසා ඒ බෝතල් දෙකම දැන් හොයා ගන්නවත් නැති තැනක අම්ම හංගපු එක ඊට වඩා පස්නයක්  WinD - සු - දේශිකා @USER  · 27 Aug 2021 කිරිපිටි නැති එක මට පස්නයක් නෙවෙ, හැබැයි සීනි නැතිවෙන එක මට පස්නයක්.","දෙකම එකට දාල හැන්දෙන කන නිසා ඒ බෝතල් දෙකම දැන් හොයා ගන්නවත් නැති තැනක අම්ම හංගපු එක ඊට වඩා පස්නයක් WinD - සු - දේශිකා · 27 ඖග් 2021 කිරිපිටි නැති එක මට පස්නයක් නෙවෙ, හැබැයි සීනි නැතිවෙන එක මට පස්නයක්.",0.8511
"@USER උඹ මෙවුවට හිනාවුනා වගේ නෙමේ, සනුහරේ එවුංට පෙන්නන්න එහෙම එපා. රෙද්දක් ඇඳං මලගේකවත් එන්න වෙන්නෙ නෑ","උඹ මෙවුවට හිනාවුනා වගේ නෙමේ, සනුහරේ එවුංට පෙන්නන්න එහෙම එපා. රෙද්දක් ඇඳං මලගේකවත් එන්න වෙන්නෙ නෑ",0.8511
"""උඹේ අම්මාට හුකාපන් හුත්තෝ"" - චමිඳු, වේස කල්ලිය.","""උඹේ අම්මාට හුකාපන් හුත්තෝ"" - චමිඳු, වේස කල්ලිය.",0.8511
"@USER ලඟ හිටියනම් හොඳ එකී, දාලා ගියාම වේසි ..   මොකක්ද ඒ ගැලපිල්ල හැබෑට","ලඟ හිටියනම් හොඳ එකී, දාලා ගියාම වේසි .. මොකක්ද ඒ ගැලපිල්ල හැබෑට",0.8511
"Loose ball දාලා fielderට නවත්තගන්න බැරි වුනාම ""අල්ලපං කො බං බෝලෙ"" කිව්වට වැඩක් නෑ බං.. උඹ ටොක්කක් ඇනගනින් ඔක්කොටම කලින්..  #SLvBAN","Loose ball දාලා fielderට නවත්තගන්න බැරි වුනාම ""අල්ලපං කො බං බෝලෙ"" කිව්වට වැඩක් නෑ බං.. උඹ ටොක්කක් ඇනගනින් ඔක්කොටම කලින්.. ස්ල්ව්බන්",0.8511
@USER ඕයි ඔකාට පණ නෑ ඕකා කටට ගන්නේ නෑ. ගන්ඩ බෑ. ඔකාව හදලා තියෙන්නෙ රෙදි පුළුන් වලින් ඔකාට පණ නෑ,ඕයි ඔකාට පණ නෑ ඕකා කටට ගන්නේ නෑ. ගන්ඩ බෑ. ඔකාව හදලා තියෙන්නෙ රෙදි පුළුන් වලින් ඔකාට පණ නෑ,0.8511
@USER  @USER  දවසට කීප පාරක් ඒම කලානම් ඔය තඩි බඩ බහිනවා බන්ස්,දවසට කීප පාරක් ඒම කලානම් ඔය තඩි බඩ බහිනවා බන්ස්,0.8511
පාදඩ අවජාතක කලවං සිංහල පොන්නයන්ට රිදෙන්න.. URL,පාදඩ අවජාතක කලවං සිංහල පොන්නයන්ට රිදෙන්න.. උර්ල්,0.8511
කෙල්ලෙක් හිනාවෙලා අතල් එකේ ඉන්නකොට එකිට බඩුව කියන්න එපා බං,කෙල්ලෙක් හිනාවෙලා අතල් එකේ ඉන්නකොට එකිට බඩුව කියන්න එපා බං,0.8511
දාර බඩුවක්.. හුම්ම් වැටකොළුත් හැංෙගනවා ඒකි දැක්කහම.,දාර බඩුවක්.. හුම්ම් වැටකොළුත් හැංෙගනවා ඒකි දැක්කහම.,0.8511
ඇයි බං මේ කැකුළු පැටවූ  සිංහ වේස අරන් ඉන්නේ  :D   - අර කකුලුව දිය රත් වෙන තුරු ලු නේ හැලියේ උඩ පනින්නේ :v   - අර... URL,ඇයි බං මේ කැකුළු පැටවූ සිංහ වේස අරන් ඉන්නේ ද - අර කකුලුව දිය රත් වෙන තුරු ලු නේ හැලියේ උඩ පනින්නේ ව - අර... උර්ල්,0.8511
"ප්‍රධාන ටික  පුරුශලිංගය=පයිය,පක ස්ත්‍රීලිංගය=හුත්ත,කිම්බ නපුංසකයා=පොන්නයා වෘෂනබිජ=ඇටදෙක ශුක්‍රාණු=කැරි  *මේවා කුනුහරප වෙන්නෙ කොහෙමද?  *කොළඹ සිංහල මහාචාර්ය කෙනෙක්ම කියලා තියනවා ලංකාවේ තියෙන එකම කුනුහරපය ""ගණිකාව"" කියන එක විතරයි කියලා.අනිත් එවා මිනිස්සු හදාගත්ත පහත් දේවල්","ප්‍රධාන ටික පුරුශලිංගය=පයිය,පක ස්ත්‍රීලිංගය=හුත්ත,කිම්බ නපුංසකයා=පොන්නයා වෘෂනබිජ=ඇටදෙක ශුක්‍රාණු=කැරි *මේවා කුනුහරප වෙන්නෙ කොහෙමද? *කොළඹ සිංහල මහාචාර්ය කෙනෙක්ම කියලා තියනවා ලංකාවේ තියෙන එකම කුනුහරපය ""ගණිකාව"" කියන එක විතරයි කියලා.අනිත් එවා මිනිස්සු හදාගත්ත පහත් දේවල්",0.8511
@USER මෝඩයා කෑම පිගාන බිම වැටිල හැලියන් බිමට ගොන් කේප්පයා තෝ එක්ක තරහයි මෝඩ ගොනා,මෝඩයා කෑම පිගාන බිම වැටිල හැලියන් බිමට ගොන් කේප්පයා තෝ එක්ක තරහයි මෝඩ ගොනා,0.8511
"මූට හෙන එක්දාස් නමසිය අසු අටක් වැදිලා සුන්නද්දුලි වෙලා යන්න ඕනේ,ඔව්   @USER  @USER","මූට හෙන එක්දාස් නමසිය අසු අටක් වැදිලා සුන්නද්දුලි වෙලා යන්න ඕනේ,ඔව්",0.8507
ට#කන මදුරුවාගේ ආච්චිගෙ චීත්තෙ වාටි මහන්ඩ පලකො යන්ඩ රෙද්ද,ට#කන මදුරුවාගේ ආච්චිගෙ චීත්තෙ වාටි මහන්ඩ පලකො යන්ඩ රෙද්ද,0.8506
මැයි 18...  කට්ටියට අමතක වෙයිද? නැත්නම් කුලියට කහින අවජාතක රැල එකතු වෙලා අමතක කරන්න බලයිද ? #lka #VictoryDay,මැයි 18... කට්ටියට අමතක වෙයිද? නැත්නම් කුලියට කහින අවජාතක රැල එකතු වෙලා අමතක කරන්න බලයිද ? ලක විච්ටෝර්ය්දය්,0.8506
උඹ බය නැතුව ගිහින් අහපන්. මම support එකට උඹ ළග හිටගෙන ඉන්නo. #ThingsYouHearInBillets,උඹ බය නැතුව ගිහින් අහපන්. මම support එකට උඹ ළග හිටගෙන ඉන්නo. ථිඞ්ස්යෞහෙඅරින්බිල්ලෙත්ස,0.8506
@USER අපෙ ගෙදර නම් ගෝනියක්ම තියේ දුමේ අම්ම ගන්න දෙන්නෑ දැන් ආයෙ හැදිලා,අපෙ ගෙදර නම් ගෝනියක්ම තියේ දුමේ අම්ම ගන්න දෙන්නෑ දැන් ආයෙ හැදිලා,0.8506
@USER ඇනේ ඔය සක්කිලින්ගෙ සාප සතෙක් පෙන්නන්න බෑ මරාගෙන බොක්ක පැලෙනව  පොඩි ගෑණු   ලමයින්ට ලමා කාලයක් නෑ  අසහනකාර නාකි නිසා.... රටටම කුඩු ගෙන්නනව... තව සාප ගැන කතාකරන්නත් එනව,ඇනේ ඔය සක්කිලින්ගෙ සාප සතෙක් පෙන්නන්න බෑ මරාගෙන බොක්ක පැලෙනව පොඩි ගෑණු ලමයින්ට ලමා කාලයක් නෑ අසහනකාර නාකි නිසා.... රටටම කුඩු ගෙන්නනව... තව සාප ගැන කතාකරන්නත් එනව,0.8506
"@USER සික් ඉතරක් කිවුවෙ ?  ආ, මටතේරුනා.  පුක හෝදගන්න කියල ගහපං රෙගියුලේටරේ","සික් ඉතරක් කිවුවෙ ? ආ, මටතේරුනා. පුක හෝදගන්න කියල ගහපං රෙගියුලේටරේ",0.8506
•මෝඩ ටුවීට් දාන එකා මෝඩය කියල හිතන එකා මෝඩය •වලත්ත ටුවීට් දාන එකා වලත්තය කියල හිතන එකා මෝඩය •කොලුකාර ටුවීට් දාන එකා කොලුකාරය කියල හිතන එකා මෝඩය •වේස ටුවීට් දාන එකී බඩුව කියල හිතන එකා මෝඩය •ටුවීට් වලින් චරිත සහතික හදල දෙන එකා පොල් බූරුව,•මෝඩ ටුවීට් දාන එකා මෝඩය කියල හිතන එකා මෝඩය •වලත්ත ටුවීට් දාන එකා වලත්තය කියල හිතන එකා මෝඩය •කොලුකාර ටුවීට් දාන එකා කොලුකාරය කියල හිතන එකා මෝඩය •වේස ටුවීට් දාන එකී බඩුව කියල හිතන එකා මෝඩය •ටුවීට් වලින් චරිත සහතික හදල දෙන එකා පොල් බූරුව,0.8506
"යකෝ ඔක දිපං ළමයෙකුට!! 69යනේ යකෝ.... 0ක් කොහෙද බුරුවෝ. අරක්කු ගහලද,කුඩු ගහලද තෝ!","යකෝ ඔක දිපං ළමයෙකුට!! 69යනේ යකෝ.... 0ක් කොහෙද බුරුවෝ. අරක්කු ගහලද,කුඩු ගහලද තෝ!",0.8506
"@USER  හම්මට ගස් හිවල තෝ මෙකෙත් ඉන්නොද, විනාසයි","හම්මට ගස් හිවල තෝ මෙකෙත් ඉන්නොද, විනාසයි",0.8506
@USER යකෝ ගෑනුන්ගෙ මොලේ හැදිමිට වගේ දිගයි කිව්වට මෙකිගෙ මොලේ Tea spoon වගේ කොටයිනේ.. ඊයෙ කියපු එක අද මත නෑ.. නොදකින් කරගැහුවනේ මෙහෙම මරාලයක්...,යකෝ ගෑනුන්ගෙ මොලේ හැදිමිට වගේ දිගයි කිව්වට මෙකිගෙ මොලේ Tea spoon වගේ කොටයිනේ.. ඊයෙ කියපු එක අද මත නෑ.. නොදකින් කරගැහුවනේ මෙහෙම මරාලයක්...,0.8506
@USER @USER  තෝ මැරියන්. තම්බන් කාපන් ඔය ටික ඔක්කොම. තෝ මැරෙද්දී අවසාන කැමත්තෙන්වත් මට ඒ ටික ලැබෙන විදියට අත්සන් කරලා මැරියන්,තෝ මැරියන්. තම්බන් කාපන් ඔය ටික ඔක්කොම. තෝ මැරෙද්දී අවසාන කැමත්තෙන්වත් මට ඒ ටික ලැබෙන විදියට අත්සන් කරලා මැරියන්,0.8501
අයියෝ.... හෙනම ගහපන් හෙනම තොට.......  හෙනම ගහලා අකුලෝලම පල....   අන්තිමට යකෝ.. 0 ක් කොහෙද තියෙන්නේ.....  තෝ කසිප්පු ගහලද.... ඔය ළමයෙකුට දීපන්කෝ.....  හයියෝ හැමිණෙනවා.... සුජී දීපන් ෆෝන් එක ළමයෙක්ට...   කැ*  වේ** පුතෝ............  මතකද මේ දෙබස් ටික...........?,අයියෝ.... හෙනම ගහපන් හෙනම තොට....... හෙනම ගහලා අකුලෝලම පල.... අන්තිමට යකෝ.. 0 ක් කොහෙද තියෙන්නේ..... තෝ කසිප්පු ගහලද.... ඔය ළමයෙකුට දීපන්කෝ..... හයියෝ හැමිණෙනවා.... සුජී දීපන් ෆෝන් එක ළමයෙක්ට... කැ* වේ** පුතෝ............ මතකද මේ දෙබස් ටික...........?,0.8501
@USER පොන්න සමනලු හැතිකරේ. යකෝ අපේ සිංහල ජාතියේ පොන්නයෝ ඉපදුනේ නැහැ. කාලේ කරුමෙට ඉපදිච්ච පගරනැට්ටෝ. ජාතිය අනතුරේ!,පොන්න සමනලු හැතිකරේ. යකෝ අපේ සිංහල ජාතියේ පොන්නයෝ ඉපදුනේ නැහැ. කාලේ කරුමෙට ඉපදිච්ච පගරනැට්ටෝ. ජාතිය අනතුරේ!,0.8501
@USER ඇමතිකම් ගන්න ඉන්න උන් ඇමතිකම් ගන්නෙ නැතුව පනින උන්ට ඇමතිකම් දීල කට පුක වහන් ඉන්නව වගේ වැඩක්,ඇමතිකම් ගන්න ඉන්න උන් ඇමතිකම් ගන්නෙ නැතුව පනින උන්ට ඇමතිකම් දීල කට පුක වහන් ඉන්නව වගේ වැඩක්,0.8501
ගෙදරක කොල්ලොක් හිටියොත් ඌ අයිති රටට  ගෙදරක කෙල්ලෙක් හිටියෙත් ඒකි අයිති  පිටට   #Eldersthoughts,ගෙදරක කොල්ලොක් හිටියොත් ඌ අයිති රටට ගෙදරක කෙල්ලෙක් හිටියෙත් ඒකි අයිති පිටට එල්දෙර්ස්ථෞඝ්ත්ස,0.8501
@USER  @USER ඒකි නාන්නේ නැති නිසා ඉරිසියාවට කියන්නේ. පැලියාව ඕකිගේ,ඒකි නාන්නේ නැති නිසා ඉරිසියාවට කියන්නේ. පැලියාව ඕකිගේ,0.8501
මොනා උනත් is නායකයට වැදුනේ පින් බිමකට ගහපු එකේ ශාපෙ ඌ උනත් ගහන්න කලින් හිතන්න තිබ්බා බල්ලා,මොනා උනත් ඉස නායකයට වැදුනේ පින් බිමකට ගහපු එකේ ශාපෙ ඌ උනත් ගහන්න කලින් හිතන්න තිබ්බා බල්ලා,0.8501
@USER  @USER ඇයි තෝ අපේ බල්ලාගේ agent ද? පැහෙන්නැතුව හිටපන් වට්ටිඅම්මා,ඇයි තෝ අපේ බල්ලාගේ agent ද? පැහෙන්නැතුව හිටපන් වට්ටිඅම්මා,0.8501
@USER @USER  ඔය ලබ්බ වීසි කරල ගනිං ඇන්ඩ්‍රොයිඩ් කට්ටක්.,ඔය ලබ්බ වීසි කරල ගනිං ඇන්ඩ්‍රොයිඩ් කට්ටක්.,0.8501
උබ අපිව හිනස්සල මරන්නද යකෝ හදන්නෙ?? URL,උබ අපිව හිනස්සල මරන්නද යකෝ හදන්නෙ?? උර්ල්,0.8501
@USER  @USER    ඈ යකෝ ලමයි හම්බ උනාම තාත්තලා බබ්බු වෙනවාද යන යන තැන අරන් යන්න. බැදලා ලමයි හම්බඋනාම මිනිස්සු රටවටේ යන්න හොදයි යකෝ ගෑනුයෙක් ගියහම මූට තියෙන අමාරුව බලකෝ. මල්ලි මහියංගනයේද. අනික මේ අද අපේ දවස නිකන් සද්ද එපා,ඈ යකෝ ලමයි හම්බ උනාම තාත්තලා බබ්බු වෙනවාද යන යන තැන අරන් යන්න. බැදලා ලමයි හම්බඋනාම මිනිස්සු රටවටේ යන්න හොදයි යකෝ ගෑනුයෙක් ගියහම මූට තියෙන අමාරුව බලකෝ. මල්ලි මහියංගනයේද. අනික මේ අද අපේ දවස නිකන් සද්ද එපා,0.8501
අපේ මෝඩ පූසාව කොහෙවත් ගෙනියන්න බෑ මරන්න ගෙනියන හරකා වගේ දගලන්නෙ   ක්‍රමයක් නැද්ද හූරගන්නෙ නැතුව එක්කන් යන්න ??,අපේ මෝඩ පූසාව කොහෙවත් ගෙනියන්න බෑ මරන්න ගෙනියන හරකා වගේ දගලන්නෙ ක්‍රමයක් නැද්ද හූරගන්නෙ නැතුව එක්කන් යන්න ??,0.8501
බොක දැමීමෙන් අනතුරුව පුක ඔටෝමැටිකලි සේදෙන කොමොඩ් යන්ත්‍රයක් මා දන්නා ගෙදරක කක්කුසියෙහි සවි කර ඇත. රෙන පුකට මොන කැටයම් ද ඕයි?!?!!,බොක දැමීමෙන් අනතුරුව පුක ඔටෝමැටිකලි සේදෙන කොමොඩ් යන්ත්‍රයක් මා දන්නා ගෙදරක කක්කුසියෙහි සවි කර ඇත. රෙන පුකට මොන කැටයම් ද ඕයි?!?!!,0.8501
කාළකණ්නි අවජාතක සුන්ඛයන් විසින් වැවු තාවුල්ලේ දාම ගිය උන්ගෙ දරුවන්ගේ අසූචි ගොඩවල්. අනුරාධපුරේ අපි මේ මළ ජරාවද... URL,කාළකණ්නි අවජාතක සුන්ඛයන් විසින් වැවු තාවුල්ලේ දාම ගිය උන්ගෙ දරුවන්ගේ අසූචි ගොඩවල්. අනුරාධපුරේ අපි මේ මළ ජරාවද... උර්ල්,0.8501
@USER තෝ කුණුහරප කියෝන හිංදාද මංදා හුත්තෝ ඔක්කොම උඹව බ්ලොක් කරන්නේ.. පොඩ්ඩක් හැදියන්කෝ හුත්තෝ.,තෝ කුණුහරප කියෝන හිංදාද මංදා හුත්තෝ ඔක්කොම උඹව බ්ලොක් කරන්නේ.. පොඩ්ඩක් හැදියන්කෝ හුත්තෝ.,0.8501
යුද්දේ කාලේ පිටරට වල ඉදලා සුද්දන්ට Toilet Paper කෑල්ල කඩල දීපු එවුන් මේ ලැබුවා වූ නිදහස V.2 එක්ක tweet ගහන හැටි දැක්කාම පොඩි ජෝලියකුත් එනව!,යුද්දේ කාලේ පිටරට වල ඉදලා සුද්දන්ට Toilet Paper කෑල්ල කඩල දීපු එවුන් මේ ලැබුවා වූ නිදහස V.2 එක්ක tweet ගහන හැටි දැක්කාම පොඩි ජෝලියකුත් එනව!,0.8501
@USER @USER  දැන් ඉතින් වෙඩින් කේක ගෙඩිය ගපද්දිත් ලොකු කෑල්ල මට දෙන්න වෙයි  @USER,දැන් ඉතින් වෙඩින් කේක ගෙඩිය ගපද්දිත් ලොකු කෑල්ල මට දෙන්න වෙයි,0.8501
"""මේ බටු මෝජුව කොහොමද? මොනවද අඩු""  ""බටු""  ""අනේ විහිලුවට නෙවේ අනේ ඇත්තටම කියන්නකො මොනවද අඩු කියල""  ""බටු""  ""එක බටු ගෙඩියයි ගෙදර තිබුනෙ, ඒක දවල් දරුව කෑව""  "" ඈ බොල ගෑනියේ... ලූණුයි, මිරිසුයි කාල කොහොමද බටු මෝජුවේ හොද නරක කියන්නෙ, මම හිතුවෙ ලූණුයි, මිරිසුයි දාල හදපු අලුත් කෑමක් කියල""","""මේ බටු මෝජුව කොහොමද? මොනවද අඩු"" ""බටු"" ""අනේ විහිලුවට නෙවේ අනේ ඇත්තටම කියන්නකො මොනවද අඩු කියල"" ""බටු"" ""එක බටු ගෙඩියයි ගෙදර තිබුනෙ, ඒක දවල් දරුව කෑව"" "" ඈ බොල ගෑනියේ... ලූණුයි, මිරිසුයි කාල කොහොමද බටු මෝජුවේ හොද නරක කියන්නෙ, මම හිතුවෙ ලූණුයි, මිරිසුයි දාල හදපු අලුත් කෑමක් කියල""",0.8501
"හෑ මෙන්න; ඇඳ හිනාවෙනවා, කොට්ටේ ඇස් ගහනවා, පෙරවන රෙද්ද අත වනනවා!  #දැංවත්නිදාගන්නෝන #නිදිවර්ජිතදිනපොත #lka #සුභෞදෑසනක්වීවා — feeling ආඩම්බරයි තේරුමක් නැතුව!","හෑ මෙන්න; ඇඳ හිනාවෙනවා, කොට්ටේ ඇස් ගහනවා, පෙරවන රෙද්ද අත වනනවා! #දැංවත්නිදාගන්නෝන #නිදිවර්ජිතදිනපොත ලක #සුභෞදෑසනක්වීවා — feeling ආඩම්බරයි තේරුමක් නැතුව!",0.8496
@USER මෝදි දුන්න සුවසැරියේ නැගීලා  ජින්පින් දුන්න නෙලුම් කුලුන බලල්ලා කැරොලින් පුෂ්පිකාගේ වත උනාලා මිරිස් කකා  බුලත් පයිය කොටල්ලා මැදමුලනේ සංහුරේ  රජ කොරල්ලා  තොපේ පැටව් මහ මුහුදට දමල්ලා යන්න රටක්  ඇත්දැයි වටේ බලල්ලා  නොහැකි එවුන් දෙකට නැවී හපල්ලා,මෝදි දුන්න සුවසැරියේ නැගීලා ජින්පින් දුන්න නෙලුම් කුලුන බලල්ලා කැරොලින් පුෂ්පිකාගේ වත උනාලා මිරිස් කකා බුලත් පයිය කොටල්ලා මැදමුලනේ සංහුරේ රජ කොරල්ලා තොපේ පැටව් මහ මුහුදට දමල්ලා යන්න රටක් ඇත්දැයි වටේ බලල්ලා නොහැකි එවුන් දෙකට නැවී හපල්ලා,0.8496
ගගබඩ සිටි හේව රාලා අන්න එනවා බොල මේ පැත්තට.. ඌට හෙනගැහිලා තැම්බිලා යන්නට කන්ට දෙන්ට ඕනේ කිරිහබරල   #sajje,ගගබඩ සිටි හේව රාලා අන්න එනවා බොල මේ පැත්තට.. ඌට හෙනගැහිලා තැම්බිලා යන්නට කන්ට දෙන්ට ඕනේ කිරිහබරල සාජ්ජේ,0.8496
"කළු ගොනෙකුයි, සුදු ගොනෙකුයි එකිනෙකා කඹයකින් බැඳලා තියෙනවා. කාට හරි කියන්න පුලුවන් සුදු ගොනා තමයි කළු ගොනාගේ බැදීම කියලා  තවත් කෙනෙක් කියයි  නෑ..නෑ කළු ගොනා තමයි සුදු ගොනාගේ බැඳීම කියලා  ඒත් ඇත්තටම  එතැන ඇති බන්ධනය කඹයයි.","කළු ගොනෙකුයි, සුදු ගොනෙකුයි එකිනෙකා කඹයකින් බැඳලා තියෙනවා. කාට හරි කියන්න පුලුවන් සුදු ගොනා තමයි කළු ගොනාගේ බැදීම කියලා තවත් කෙනෙක් කියයි නෑ..නෑ කළු ගොනා තමයි සුදු ගොනාගේ බැඳීම කියලා ඒත් ඇත්තටම එතැන ඇති බන්ධනය කඹයයි.",0.8496
Breakup එකකින් පස්සෙ පිස්සෙක් වුනේ නැත්නම් හෝ බේබද්දෙක් වුනේ නැත්නම් ඇත්තටම ආදරේ කරල නෑලු. ඔව් මගෙ කට සහ පුක යන දෙකොණම මදි හිනාවෙන්න.,Breakup එකකින් පස්සෙ පිස්සෙක් වුනේ නැත්නම් හෝ බේබද්දෙක් වුනේ නැත්නම් ඇත්තටම ආදරේ කරල නෑලු. ඔව් මගෙ කට සහ පුක යන දෙකොණම මදි හිනාවෙන්න.,0.8496
"තෝ මේ ගැන්සියේ හොරා, කෝ ඒ solo පිස්සා තොපේ අක්කා වේසා, Danza Kuduro #misheardsinhalalyrics","තෝ මේ ගැන්සියේ හොරා, කෝ ඒ solo පිස්සා තොපේ අක්කා වේසා, දංළ කුදුරෝ මිශෙඅර්ද්සින්හලල්ය්රික්ස",0.8496
දෙරන දැන් අර ඔටුවගෙ වලිය වගේ.  දෙන්නෙක් හෙළුව වනනවා. අර ගෑණි මැද්දෙ ඉදං කඩුව වවනවා.  ඕං ඔය ගෑණිට හෙළකුරු දාල දියල්ලකො වදේ.  #හෙළකුරුදාගෙනඑන්න,දෙරන දැන් අර ඔටුවගෙ වලිය වගේ. දෙන්නෙක් හෙළුව වනනවා. අර ගෑණි මැද්දෙ ඉදං කඩුව වවනවා. ඕං ඔය ගෑණිට හෙළකුරු දාල දියල්ලකො වදේ. #හෙළකුරුදාගෙනඑන්න,0.8496
"@USER ඔය කියන එකාලා එනවද එහෙම ළමයෙක් බාරගන්න ? අම්මට බඩුව කියලා, උටත් අවජාතකයා කියලා ලේබල් ගහයි. බොරු හිල","ඔය කියන එකාලා එනවද එහෙම ළමයෙක් බාරගන්න ? අම්මට බඩුව කියලා, උටත් අවජාතකයා කියලා ලේබල් ගහයි. බොරු හිල",0.8496
"@USER යකෝ අහන කතාවක්ද කියහන්. කට කහනවටද "" කේතලෙන් මල්ලක් "" ගෙනෙන් කියන්නේ","යකෝ අහන කතාවක්ද කියහන්. කට කහනවටද "" කේතලෙන් මල්ලක් "" ගෙනෙන් කියන්නේ",0.8496
අම්ම ගහයි. iMask. ගන්නම වෙනව ඉතින්. ආයෙ කොරෝන ලොවෙත් හැදෙන්නෙ නෑ  CNET @USER  · 6 Apr 2020 iMask URL,අම්ම ගහයි. ඉමස්ක් ගන්නම වෙනව ඉතින්. ආයෙ කොරෝන ලොවෙත් හැදෙන්නෙ නෑ ච්නෙට් · 6 අප‍ 2020 ඉමස්ක් උර්ල්,0.8496
මේ සක්කිලි  මුනට හම්බුනොත් අම්මපා ගලකින් හරි ගහපන්....  URL,මේ සක්කිලි මුනට හම්බුනොත් අම්මපා ගලකින් හරි ගහපන්.... උර්ල්,0.8496
"මම: තාත්තේ, මම හදාගන්න ගත්ත ළමයෙක්ද?  තාත්තා: පිස්සුද? උඹ වගේ එකෙක් අරන් හදාගන්න.  මම:   #justforfun","මම: තාත්තේ, මම හදාගන්න ගත්ත ළමයෙක්ද? තාත්තා: පිස්සුද? උඹ වගේ එකෙක් අරන් හදාගන්න. මම: ජුස්ට්ෆොර්ෆුන්",0.8496
"කෙල්ලෙක්, තමන්ගෙ මතයට විරුද්ධනම්, ඒකි ටිකක් කැපිල පේනවනම්, ඒකෙල්ල කඩ්ඩ කතා කරනවනම්, කොටින්ම කිව්වොත් විරුද්ධ දේශපාලන මතයක ඉන්නවනම්, ඒකිට වැඩි audience එකක් ඉන්නවනම්, කියන ඒවට රිදෙනවනම්, ගෑනියෙක්ගෙ යෝනියකින් ඉපදිච්ච කොල්ලො ඇයි එවුන්ට ""බඩුව ඝණිකාව වේසි"" කියන්නෙ.   ඊයා","කෙල්ලෙක්, තමන්ගෙ මතයට විරුද්ධනම්, ඒකි ටිකක් කැපිල පේනවනම්, ඒකෙල්ල කඩ්ඩ කතා කරනවනම්, කොටින්ම කිව්වොත් විරුද්ධ දේශපාලන මතයක ඉන්නවනම්, ඒකිට වැඩි audience එකක් ඉන්නවනම්, කියන ඒවට රිදෙනවනම්, ගෑනියෙක්ගෙ යෝනියකින් ඉපදිච්ච කොල්ලො ඇයි එවුන්ට ""බඩුව ඝණිකාව වේසි"" කියන්නෙ. ඊයා",0.8494
පුක දෙනවද වෙඩි කනවද කියලා දැම්මෙ චීන බාසාවෙන්,පුක දෙනවද වෙඩි කනවද කියලා දැම්මෙ චීන බාසාවෙන්,0.8491
"~..දවසේ ඔවදන..~54~  සුභම සුභ උදෑසනක්  ""කෙල්ලෙක් කොටට ඇන්දාම ,බියර් එකක් බිව්වම ඒකී බඩුව, නැහැදිච්ච එකී"" වගේ කතා කියන පත්තිනි අම්මලා ඉන්නවා නේද, අන්න ඕකූන් තමා, පන්සලේ හමුදුරුවන්ටත් සිල් රෙද්ද උස්සලා පෙන්නනලා සීලෙයි, අරකයි දෙකම කඩාගන්නේ    / 11 / 09  #ජීවිතයටඅරුතක්","~..දවසේ ඔවදන..~54~ සුභම සුභ උදෑසනක් ""කෙල්ලෙක් කොටට ඇන්දාම ,බියර් එකක් බිව්වම ඒකී බඩුව, නැහැදිච්ච එකී"" වගේ කතා කියන පත්තිනි අම්මලා ඉන්නවා නේද, අන්න ඕකූන් තමා, පන්සලේ හමුදුරුවන්ටත් සිල් රෙද්ද උස්සලා පෙන්නනලා සීලෙයි, අරකයි දෙකම කඩාගන්නේ / 11 / 09 #ජීවිතයටඅරුතක්",0.8491
"@USER මචන් ඔතන තියෙන්නේ අපි අපේ ශරීරයේ කොටස් වලට දීලා තියෙන තැනේ ප්‍රශ්නයක්. කකුලට, පුකට එහෙම එච්චර අපි තැනක් දෙන් නෑ. ඕක ඔලුවේ දාන්න කැප් එකක් හැදුවනම් කාටවත් අවුලක් නැ. තෙරුම් ගන්න ඕනේ ඔලුව වගේම කකුල, පුක එහෙමත් වැදගත් කියලා. ඔක්කොම ඇගේ කොටස්.","මචන් ඔතන තියෙන්නේ අපි අපේ ශරීරයේ කොටස් වලට දීලා තියෙන තැනේ ප්‍රශ්නයක්. කකුලට, පුකට එහෙම එච්චර අපි තැනක් දෙන් නෑ. ඕක ඔලුවේ දාන්න කැප් එකක් හැදුවනම් කාටවත් අවුලක් නැ. තෙරුම් ගන්න ඕනේ ඔලුව වගේම කකුල, පුක එහෙමත් වැදගත් කියලා. ඔක්කොම ඇගේ කොටස්.",0.8491
පුක ලොකු මල්ලිත් සබ් ගහනව නේ. වැල්ලෙ සුද්දො අඩු නිසා අතමිට හිඟ ඇති. පව් මොනා උනත් හිත හොද කොල්ලා.,පුක ලොකු මල්ලිත් සබ් ගහනව නේ. වැල්ලෙ සුද්දො අඩු නිසා අතමිට හිඟ ඇති. පව් මොනා උනත් හිත හොද කොල්ලා.,0.8491
වරෙන් කොලලෝ විසි කරල මම 10000/= දෙන්නම් .. නොදකින්,වරෙන් කොලලෝ විසි කරල මම 10000/= දෙන්නම් .. නොදකින්,0.8491
මොණරාගල බැදගම කාලකණ්ණි අවජාතක වේ@$පුතාල මේ අහිංසක සතාගෙ කකුල් කඩල ත්‍රීවීලර් එකක පටෝගෙන යද්දි පොලීසියට අහුවෙලා තියෙන්නෙ..... මේවගේ සක්කිලි වැඩ කරන ඕකුංගෙ පවුල් පිටින්ම හැදිගෑවිලා  දරුවන්ට එක්ක හෙන වදින්න ඕනි.... පනපිටින් කකුල් කඩනකොට මොනතරම් වේදනාවක් දැනෙන්න ඇතිද ඒ සතාට......,මොණරාගල බැදගම කාලකණ්ණි අවජාතක වේ@$පුතාල මේ අහිංසක සතාගෙ කකුල් කඩල ත්‍රීවීලර් එකක පටෝගෙන යද්දි පොලීසියට අහුවෙලා තියෙන්නෙ..... මේවගේ සක්කිලි වැඩ කරන ඕකුංගෙ පවුල් පිටින්ම හැදිගෑවිලා දරුවන්ට එක්ක හෙන වදින්න ඕනි.... පනපිටින් කකුල් කඩනකොට මොනතරම් වේදනාවක් දැනෙන්න ඇතිද ඒ සතාට......,0.8491
@USER ගෑනිගේ හුත්තෙන් මෙලොව උපන් එවුන්ට පයිය ලොකු උනාම ඔහොම වෙනවා,ගෑනිගේ හුත්තෙන් මෙලොව උපන් එවුන්ට පයිය ලොකු උනාම ඔහොම වෙනවා,0.8491
මුගේ කට යකෝ ට්විටර් එකේදි ව්තරනේ...  #TweetupSLQuestions,මුගේ කට යකෝ ට්විටර් එකේදි ව්තරනේ... ත්වෙඑතුප්ස්ල්කුඑස්තිඔන්ස,0.8491
උන කැස්ස හෙම්බ උගුරු අමරුව දැන් සතියක් තිස්සෙ. ඒ අස්සෙ නිදි උලුක්කුවක් ආව. ට හුකන අපලයක් යකෝ මට තියෙන්නෙ,උන කැස්ස හෙම්බ උගුරු අමරුව දැන් සතියක් තිස්සෙ. ඒ අස්සෙ නිදි උලුක්කුවක් ආව. ට හුකන අපලයක් යකෝ මට තියෙන්නෙ,0.8491
@USER  @USER එයාට මා එපානම් කලින් කියන්නට තිබුනා.. මේ තරන් පුක නොදී මගින් හැරෙන්නට තිබුනා,එයාට මා එපානම් කලින් කියන්නට තිබුනා.. මේ තරන් පුක නොදී මගින් හැරෙන්නට තිබුනා,0.8486
"අපේ එකෙක් මේ දවස්වල Social App එකක් හදන් යනවා, ඒකවත් හැම අතටම දියුණු කරලා හදාගන්න ඕනේ..  ඇයි යකෝ මුන්ගේ පඩ බලන්නේ මොකටද?","අපේ එකෙක් මේ දවස්වල Social අප්ප එකක් හදන් යනවා, ඒකවත් හැම අතටම දියුණු කරලා හදාගන්න ඕනේ.. ඇයි යකෝ මුන්ගේ පඩ බලන්නේ මොකටද?",0.8486
"@USER යකෝ කොහොමද බං එහෙම ඇඟට පතට නොදැනී බොරු ලියන්නේ ???  ""Lal Teer Seed"" -> ලාල්ටීය සීඩ්  තව පොඩ්ඩෙන් FCRDI එක FCDI කියලත් ලියයි","යකෝ කොහොමද බං එහෙම ඇඟට පතට නොදැනී බොරු ලියන්නේ ??? ලාල් Teer Seed"" -> ලාල්ටීය සීඩ් තව පොඩ්ඩෙන් ෆ්ච්ර්දී එක ෆ්ච්දී කියලත් ලියයි",0.8486
"@USER අර ලේඩි බොසාට හම්බෙන කොල්ල මැරෙන්නෙ දවසක එක්කො හුස්ම හිරවෙලා නැත්තම් ඒකි හපල හූරල, මිරිකල මස් ගැලවිලා අධික ලෙස ලේ වහනය වෙලා  ඇයි යකෝ දැක්කොත් හපනවා, එක්කො දවසෙම බදාගෙන, නැත්තම් කම්මුල මිරිකනවලු . බෑනේ කරන්න","අර ලේඩි බොසාට හම්බෙන කොල්ල මැරෙන්නෙ දවසක එක්කො හුස්ම හිරවෙලා නැත්තම් ඒකි හපල හූරල, මිරිකල මස් ගැලවිලා අධික ලෙස ලේ වහනය වෙලා ඇයි යකෝ දැක්කොත් හපනවා, එක්කො දවසෙම බදාගෙන, නැත්තම් කම්මුල මිරිකනවලු . බෑනේ කරන්න",0.8486
@USER  @USER පල පල... තෝ තමයි මේකෙ ඉන්න එකම එක රාගයෙන් මත්වුන කාම පිපාසිත හම්බයා. මේ කරන කැත වැඩ පල්ලියෙන් දැනගත්තදාට කොනකපන පිහියෙන් උඹේ අහවල් එක කපන්නෙ අග්ගිස්සෙන්ම අල්ලලා,පල පල... තෝ තමයි මේකෙ ඉන්න එකම එක රාගයෙන් මත්වුන කාම පිපාසිත හම්බයා. මේ කරන කැත වැඩ පල්ලියෙන් දැනගත්තදාට කොනකපන පිහියෙන් උඹේ අහවල් එක කපන්නෙ අග්ගිස්සෙන්ම අල්ලලා,0.8486
@USER ⁣Project දෙක තුනක් ඇනිලා Customers ලා අම්ම තාත්තා මතක් කරද්දි හිතෙයි මොන මගුලකට මේකට ආවද කියලා,⁣Project දෙක තුනක් ඇනිලා චුස්ටෝමෙර්ස් ලා අම්ම තාත්තා මතක් කරද්දි හිතෙයි මොන මගුලකට මේකට ආවද කියලා,0.8486
පුක ඉරාගෙන උදව් කරලත් අන්තිමට රැගුවා කියද්දිනේ චේන් පනින්නේ  URL,පුක ඉරාගෙන උදව් කරලත් අන්තිමට රැගුවා කියද්දිනේ චේන් පනින්නේ උර්ල්,0.8486
"එකෙක් මලා කියලා ඌට post හදලා ඌගෙ ගෙවල් වල එවුන්වයි, දන්න කියන එවුන්වයි හැමෝටම ගින්දර දෙන එක ආතල් එකක් නෙවේ මෝඩ... URL","එකෙක් මලා කියලා ඌට post හදලා ඌගෙ ගෙවල් වල එවුන්වයි, දන්න කියන එවුන්වයි හැමෝටම ගින්දර දෙන එක ආතල් එකක් නෙවේ මෝඩ... උර්ල්",0.8486
ප්‍රභාත්ව සබරගමුවෙ ආණ්ඩුකාර ලේකම් කරන්නෙ ධම්ම ගරු ටිකිරි කොබ්බැකඩුව එනකොට දුවන්නෙ පුක කරේ තියාගෙන  මූ භයානක සතෙක් ආණ්ඩුකාරතුමා,ප්‍රභාත්ව සබරගමුවෙ ආණ්ඩුකාර ලේකම් කරන්නෙ ධම්ම ගරු ටිකිරි කොබ්බැකඩුව එනකොට දුවන්නෙ පුක කරේ තියාගෙන මූ භයානක සතෙක් ආණ්ඩුකාරතුමා,0.8486
@USER #TheThreadSL එක වාතයක් උන උන් දැන් එයි රෙද්ද කරට අරන්. ශේප් එකේ ඉමු.   #TheThread,තෙත්රෙඅඩ්ස්ල් එක වාතයක් උන උන් දැන් එයි රෙද්ද කරට අරන්. ශේප් එකේ ඉමු. ථෙථ්රෙඅද්,0.8481
@USER  @USER මලය හිගන්නෙක්ද යකෝ තොගෙ බඩේ ඉන්නෙ,මලය හිගන්නෙක්ද යකෝ තොගෙ බඩේ ඉන්නෙ,0.8481
@USER මිනිහෝ මේ මගේ TL එක.. මේකෙ මම දාන්නෙ මට ඕන දේවල්.. තොට ඕන දේවල් නෙමෙයි.. තොට ඕන ඒව තෝ දාපන් තොගේ එකේ..   හා දැන් හොඳ පුතා වගේ පලයන්..,මිනිහෝ මේ මගේ තල් එක.. මේකෙ මම දාන්නෙ මට ඕන දේවල්.. තොට ඕන දේවල් නෙමෙයි.. තොට ඕන ඒව තෝ දාපන් තොගේ එකේ.. හා දැන් හොඳ පුතා වගේ පලයන්..,0.8481
හෙන ගහලා අකුලෝලම පලයන් umpires ලා ට *කන්න!!,හෙන ගහලා අකුලෝලම පලයන් උම්පිරෙස් ලා ට *කන්න!!,0.8481
ඇත්තද බං සමහරු කියන්නෙ උඹ පුටින්ගෙ අවජාතක සහෝදරයෙක් කියල?,ඇත්තද බං සමහරු කියන්නෙ උඹ පුටින්ගෙ අවජාතක සහෝදරයෙක් කියල?,0.8481
"රාලහාමි   : කියාපිය , තෝ වලහා නේද ?,   හාවා    :  නෑ මාත්තියා , මම ආවා(හාවා) .  රාලහාමි    :  ඒකට කමක් නෑ කියාපිය කැ#*- තෝ වලහා කියලා, නැත්තං තොට ගහලා මරනවා දැනගං  .   තෝ හාවා නෙවෙයි තෝ වලහා..  දැන් තොගෙ කටින්ම කියන්න ඕනෙ තෝ වලහෙක් කියලා.","රාලහාමි : කියාපිය , තෝ වලහා නේද ?, හාවා : නෑ මාත්තියා , මම ආවා(හාවා) . රාලහාමි : ඒකට කමක් නෑ කියාපිය කැ#*- තෝ වලහා කියලා, නැත්තං තොට ගහලා මරනවා දැනගං . තෝ හාවා නෙවෙයි තෝ වලහා.. දැන් තොගෙ කටින්ම කියන්න ඕනෙ තෝ වලහෙක් කියලා.",0.8481
තෝ ගොබිල කනේරු ඇට කාලා බෙල්ලෙ වැල දාගෙන කෝච්චියට පැනපං වෙඩි තියාගන්න ගමන් - සුරං පුරෝහිත,තෝ ගොබිල කනේරු ඇට කාලා බෙල්ලෙ වැල දාගෙන කෝච්චියට පැනපං වෙඩි තියාගන්න ගමන් - සුරං පුරෝහිත,0.8481
@USER @USER තනියෙන් කන්න හොඳ නෑ බඩේ අමාරු හැදෙනව  @USER,තනියෙන් කන්න හොඳ නෑ බඩේ අමාරු හැදෙනව,0.8481
කරුණාවෙන් සලකන්න.   එක එක වේසිගෙ පුතාලට ඕන විදිහට ට්වීට් කරන්නෙ නෑ පකෝ. ඒකට තෝ ඔනෙ නං සල්ලි දීල කුලියට අකවුන්ට් එකක් ගනින් පොන්නය.  ස්තුතියි,කරුණාවෙන් සලකන්න. එක එක වේසිගෙ පුතාලට ඕන විදිහට ට්වීට් කරන්නෙ නෑ පකෝ. ඒකට තෝ ඔනෙ නං සල්ලි දීල කුලියට අකවුන්ට් එකක් ගනින් පොන්නය. ස්තුතියි,0.8481
"අර චන්ද්‍රිකා කියන වේස ගෑණි නම් රටෙයි, බණ්ඩාරනායකගෙයි කරුමෙට ඉපදුන ගෑණියක්  මුන්ගේ පණ බේරපු මිනිස්සුන්ට වඩා මුන්ව මරන්න ආපු කොටි ලොකුයි #lka","අර චන්ද්‍රිකා කියන වේස ගෑණි නම් රටෙයි, බණ්ඩාරනායකගෙයි කරුමෙට ඉපදුන ගෑණියක් මුන්ගේ පණ බේරපු මිනිස්සුන්ට වඩා මුන්ව මරන්න ආපු කොටි ලොකුයි ලක",0.8481
@USER සුද්දන්ගෙ පුක කලාත්මකයි  රහතන් වහන්සේලටත් අවුලක් නෑ  එක නිසා වෙන්න ඇති සුද්දො පිදුරංගල ගිහින් පුක එලියෙ දාගෙන ෆොටෝ ගහනකොට කවුරුත් කතා කලේ  නැත්තෙ  එත් දැන්  ‍දේශිය පුක කලුයි  රහතන් වාහන්සේලාටත් අවුල්  අපේ එවුන්ටත් එක අවුල් මම හිතන්නෙ  එක්කො මුන්ට එක කොරගන්න බැරි නිසා බොරැවට රගනව,සුද්දන්ගෙ පුක කලාත්මකයි රහතන් වහන්සේලටත් අවුලක් නෑ එක නිසා වෙන්න ඇති සුද්දො පිදුරංගල ගිහින් පුක එලියෙ දාගෙන ෆොටෝ ගහනකොට කවුරුත් කතා කලේ නැත්තෙ එත් දැන් ‍දේශිය පුක කලුයි රහතන් වාහන්සේලාටත් අවුල් අපේ එවුන්ටත් එක අවුල් මම හිතන්නෙ එක්කො මුන්ට එක කොරගන්න බැරි නිසා බොරැවට රගනව,0.8481
@USER උබ නේද බන් චීත්තෙ වගෙ  හුත්තවල් කියන් එන්නෙ .තේරෙන්නෙ නැද්ද .තොපේ අම්මව ගාවගන්න එපානම් තෝ පැත්තකට වෙලා පාඩුවේ ඉදින් විශ්ව .ගෑනියෙක් වෙන්න එපා,උබ නේද බන් චීත්තෙ වගෙ හුත්තවල් කියන් එන්නෙ .තේරෙන්නෙ නැද්ද .තොපේ අම්මව ගාවගන්න එපානම් තෝ පැත්තකට වෙලා පාඩුවේ ඉදින් විශ්ව .ගෑනියෙක් වෙන්න එපා,0.8481
දැන් ලංකාවේ උන්ට කොරෝනා අමතකයි  අපේ ගොන් හරක්ට ID එකේ අංකෙට එලියට බහින්න/බදින්න තමා ඕනෙ.තොපි කොරෝනා කාලම මැරියව්...,දැන් ලංකාවේ උන්ට කොරෝනා අමතකයි අපේ ගොන් හරක්ට ඉද එකේ අංකෙට එලියට බහින්න/බදින්න තමා ඕනෙ.තොපි කොරෝනා කාලම මැරියව්...,0.8477
@USER @USER  @USER  ඇන්ටිගේ හබි වෙඩි තියයි තොට හැමිනිලා ඉන්න.  පොර navy,ඇන්ටිගේ හබි වෙඩි තියයි තොට හැමිනිලා ඉන්න. පොර navy,0.8477
"@USER ,  @USER  @USER සක්කිලි අවජාතක කාලකණ්ණි තොපි රටෙ පවට ගල් කපල හැදුන උන් තොපි අම්මගෙන් අප්පගෙන් අහපන් කොහෙ ගහලද තොපිව වැදුවෙ කියල",", සක්කිලි අවජාතක කාලකණ්ණි තොපි රටෙ පවට ගල් කපල හැදුන උන් තොපි අම්මගෙන් අප්පගෙන් අහපන් කොහෙ ගහලද තොපිව වැදුවෙ කියල",0.8477
"කොල්ලනේ අපි හිනාවම ගති දුක පේන්නැති පට්ට හිත ඇති  Make ups නැති Handsome නම් වැඩි ඕනි දේකට Ready කොල්ලො තමා වෙඩි  T, Short ඇති Bata දෙක ගති කොන්ඩෙ කැත නැති ඕනි තැනකට ගති  කොල්ලනේ අපි...  Rap Ver 2.0  -සිඩ්© #සිඩ්කවි",කොල්ලනේ අපි හිනාවම ගති දුක පේන්නැති පට්ට හිත ඇති Make උපස් නැති Handsome නම් වැඩි ඕනි දේකට Ready කොල්ලො තමා වෙඩි ට Short ඇති බට දෙක ගති කොන්ඩෙ කැත නැති ඕනි තැනකට ගති කොල්ලනේ අපි... Rap වෙර 2.0 -සිඩ්© #සිඩ්කවි,0.8477
@USER පුක දෙන්නැතිව පහලට යමන්,පුක දෙන්නැතිව පහලට යමන්,0.8477
#lka #srilanka #mayday #mayday2016 යකෝ හිටංල විකුණගෙන කන්නේ රට විතරක් නෙමෙයිනේ මුන් වැදී යානයත් විකුණගෙන කනවනේ,ලක ශ්‍රීලංකා #mayday #mayday2016 යකෝ හිටංල විකුණගෙන කන්නේ රට විතරක් නෙමෙයිනේ මුන් වැදී යානයත් විකුණගෙන කනවනේ,0.8477
@USER  @USER Dialog නම් සක්කිලි විදියට data කපනවා බන් කොහොමත්,දිඅලොග් නම් සක්කිලි විදියට data කපනවා බන් කොහොමත්,0.8477
@USER මේ නංගිගෙත් අම්මට ගෑස් වලින් හානි වුනා නං තේරෙයි. අර ළමයි 4 දෙනාට අම්ම කෙනෙක් නැති වුනා. ඔයා වගේ පොස් අයට ඕව තේරෙන්නෑ මෙයා,මේ නංගිගෙත් අම්මට ගෑස් වලින් හානි වුනා නං තේරෙයි. අර ළමයි 4 දෙනාට අම්ම කෙනෙක් නැති වුනා. ඔයා වගේ පොස් අයට ඕව තේරෙන්නෑ මෙයා,0.8477
අර අහින්සක උකුස්සා මරා දාපු හු**ගෙ පුතාලා ගාල්ලේ.. නොදකින් උන් ගාල්ලෙ නමත් කෑවා ඔකුන්ගෙ අම්මලට... #SriLanka,අර අහින්සක උකුස්සා මරා දාපු හු**ගෙ පුතාලා ගාල්ලේ.. නොදකින් උන් ගාල්ලෙ නමත් කෑවා ඔකුන්ගෙ අම්මලට... ශ්‍රීලංකා,0.8477
තම්බපන්නියට තවත් දවසක් උදාවෙලා යෝධ දොඩම් ගෙඩියකින් නෙවෙයි . හෙන ලොකු මාලිගාවක කාමර වලින් රවීල එලියට අාවේ . කෙහෙල් කොලේ බත් කන රජෙකුගේ කඩුවට කැපෙයිද කියල හෙන බයේ .... good morning tweeps,තම්බපන්නියට තවත් දවසක් උදාවෙලා යෝධ දොඩම් ගෙඩියකින් නෙවෙයි . හෙන ලොකු මාලිගාවක කාමර වලින් රවීල එලියට අාවේ . කෙහෙල් කොලේ බත් කන රජෙකුගේ කඩුවට කැපෙයිද කියල හෙන බයේ .... good morning ට්වීප්ස්,0.8477
@USER  @USER Twitter from Android කියලා දිලිසි දිලිසි තියෙද්දී iPhone ද අහන්නේ තෝ ගංජා ගහලාද,Twitter from Android කියලා දිලිසි දිලිසි තියෙද්දී ඉෆොනේ ද අහන්නේ තෝ ගංජා ගහලාද,0.8477
"@USER  @USER    මන් කීවෙ අවුරුදු 17 කෙල්ලන්ව තමයි අම්මලා අප්පලා පරිස්සම් කොරන්ඩෝනෙ ,නැත්තම් ඔය කාලෙදිම වේස බඩු වෙන එක නවත්තන්න බෑ ,සෙනුවිට වෙලා තියෙන්නෙ ඔක","මන් කීවෙ අවුරුදු 17 කෙල්ලන්ව තමයි අම්මලා අප්පලා පරිස්සම් කොරන්ඩෝනෙ ,නැත්තම් ඔය කාලෙදිම වේස බඩු වෙන එක නවත්තන්න බෑ ,සෙනුවිට වෙලා තියෙන්නෙ ඔක",0.8477
උඹට ඕනේ නම් කාපං හොඳට උඹට ඕනේ නම් ජිම් පලයන් ඇඟ හදාගන්න උඹට ඕනේ නම් සතුටින් හිටපන් පිස්සෙක් වගේ උඹට ඕනේ නම් සීරියස් හිටපන් බොසෙක් වගේ උඹට ඕනේ නම් බීපන් පමණ දැනගෙන උඹට ඕනේ නම් නොබී ඉඳපන් බොන එක තේරුමක් නැති නිසා  අවස්ථාවට අනුව ජීවත් වෙයං. කාටවත් ඕනෙ විදිහට ජීවත් නොවී.  #ඔවදන්,උඹට ඕනේ නම් කාපං හොඳට උඹට ඕනේ නම් ජිම් පලයන් ඇඟ හදාගන්න උඹට ඕනේ නම් සතුටින් හිටපන් පිස්සෙක් වගේ උඹට ඕනේ නම් සීරියස් හිටපන් බොසෙක් වගේ උඹට ඕනේ නම් බීපන් පමණ දැනගෙන උඹට ඕනේ නම් නොබී ඉඳපන් බොන එක තේරුමක් නැති නිසා අවස්ථාවට අනුව ජීවත් වෙයං. කාටවත් ඕනෙ විදිහට ජීවත් නොවී. #ඔවදන්,0.8477
SRI LANKA Central Bank robbers goes crazy in Parliament මහ බැංකු හොරු පාර්ලිමේන්තුවේ පිස්සු නටයි මේ රට උන්ගේ යැයි සිතා කල්ලි ගසයි මේවගේ හොරු රැළකට ඡන්දය දීම අද රටට සාපයක්  වී තිබේ ලබන බදාදා සීනිගම දේවාලයේ දී බැඳුම්කර හොරුන්ට එරෙහිව පොල් ගැසීමට යයි URL,SRI ලංකා Central Bank රොබ්බෙර්ස් goes crazy ඉන් Parliament මහ බැංකු හොරු පාර්ලිමේන්තුවේ පිස්සු නටයි මේ රට උන්ගේ යැයි සිතා කල්ලි ගසයි මේවගේ හොරු රැළකට ඡන්දය දීම අද රටට සාපයක් වී තිබේ ලබන බදාදා සීනිගම දේවාලයේ දී බැඳුම්කර හොරුන්ට එරෙහිව පොල් ගැසීමට යයි උර්ල්,0.8473
@USER @USER   වලිගෙ පාග ගත්තට මං  පුක්ද යකෝ @USER,වලිගෙ පාග ගත්තට මං පුක්ද යකෝ,0.8472
වටේ යන හිත් නවත්තන්න අපේ හිත් යකෝ ඩිපෝ ද?  Damn Kaizer son.,වටේ යන හිත් නවත්තන්න අපේ හිත් යකෝ ඩිපෝ ද? Damn කෛළෙර් son.,0.8472
අදනම් දෙමල FILM එකක් හරි බලනවා රෙද්ද හැමදාම coding  coding,අදනම් දෙමල FILM එකක් හරි බලනවා රෙද්ද හැමදාම චොදින්ග් චොදින්ග්,0.8472
හැමෙනෙනවනෙ...අතට අරන් කටට දාගන්න එකක් නැති වෙයිත...  #KKRvRCB,හැමෙනෙනවනෙ...අතට අරන් කටට දාගන්න එකක් නැති වෙයිත... ක්ක්ර්ව්ර්ච්බ්,0.8472
"@USER මෙතන ගෑණු ළමයාගේ age of consent ගැන කිය කිය අර කොල්ලාව සුද්ද කරන්න හදන එවුන් තමන්ගේ පවුලේ ගෑණු ළමයෙක් ඔය වගේ අඩු වයසින් පැනලා ගිය දවසට ""අනේ දුවේ දැන් ඉතින් උඹ ඔය බඩේ ඉන්න ළමයාවත් හදාගෙන ඔහෙට වෙලා හිටපන්"" කියලා තමන්ගේ ඉස්කොලේ වයසේ ඉන්න ගෑණු ළමයාට කියයි ද කියලා බලන්න ඕනේ","මෙතන ගෑණු ළමයාගේ age ඔෆ් consent ගැන කිය කිය අර කොල්ලාව සුද්ද කරන්න හදන එවුන් තමන්ගේ පවුලේ ගෑණු ළමයෙක් ඔය වගේ අඩු වයසින් පැනලා ගිය දවසට ""අනේ දුවේ දැන් ඉතින් උඹ ඔය බඩේ ඉන්න ළමයාවත් හදාගෙන ඔහෙට වෙලා හිටපන්"" කියලා තමන්ගේ ඉස්කොලේ වයසේ ඉන්න ගෑණු ළමයාට කියයි ද කියලා බලන්න ඕනේ",0.8472
@USER කෝ මත් තෝ හැදුවම අපි කන්නයෑ කටේ තියන්න බෑ නෙව,කෝ මත් තෝ හැදුවම අපි කන්නයෑ කටේ තියන්න බෑ නෙව,0.8472
කරුවලේ නිදන් ඉදන් පෝන් එක ඔබනකොට කටට කැරපොත්තෙක් පැන්නා  ඉස්සො වගෙ හැපෙන්නෙ  කිරි රසයි,කරුවලේ නිදන් ඉදන් පෝන් එක ඔබනකොට කටට කැරපොත්තෙක් පැන්නා ඉස්සො වගෙ හැපෙන්නෙ කිරි රසයි,0.8472
මුන්නේ යකෝ මිනිස්සු Chamal Kanishka @USER  · 3 Dec 2017  @USER අම්මත් හිටියා තාත්තත් හිටියා එයාලගේ,මුන්නේ යකෝ මිනිස්සු Chamal කනිෂ්ක · 3 දෙක් 2017 අම්මත් හිටියා තාත්තත් හිටියා එයාලගේ,0.8472
@USER  @USER වැලලියං තෝ පකය. තෝ වගේ උන් නිසා තමා මේ රට හදන්න බැරි. Comment කරද්දි හිතල ගහපිය,වැලලියං තෝ පකය. තෝ වගේ උන් නිසා තමා මේ රට හදන්න බැරි. Comment කරද්දි හිතල ගහපිය,0.8472
@USER ආගමක් ඕනි ethics හැදෙන්න. ඒක මොකක් උනත් ප්‍රශ්නයක් නැහැ. අම්ම හරි තාත්ත හරි වැඩියෙන් ආගමික එක්කෙනාගෙ ආගමට ලමයි දෙන්නම හැදුනනම් හරි. මොකක් හරි ආගමක් තියෙන එක හොදයි ආගමක් නැති වෙනවට වඩා. #wisdomtalks,ආගමක් ඕනි ethics හැදෙන්න. ඒක මොකක් උනත් ප්‍රශ්නයක් නැහැ. අම්ම හරි තාත්ත හරි වැඩියෙන් ආගමික එක්කෙනාගෙ ආගමට ලමයි දෙන්නම හැදුනනම් හරි. මොකක් හරි ආගමක් තියෙන එක හොදයි ආගමක් නැති වෙනවට වඩා. විස්දොම්ටල්ක්ස්,0.8472
බුදුහාමුදුරුවෝ එදා 'අම්බපාලියට’ බඩුව කියල ආරාමෙන් එලෙව්වෙ නෑ..,බුදුහාමුදුරුවෝ එදා 'අම්බපාලියට’ බඩුව කියල ආරාමෙන් එලෙව්වෙ නෑ..,0.8472
"ඒකිට හෙන ගහන්ඩ කලින්, ඒකිට මැණික කිව්ව මගෙ කටට හෙන ගහපං.  මරු මැණික් කැටේ එක එකා ඔප දාපු. තූ නෙදකිං.  බීපු එකෙක් පාරෙ කියව කියව යනව ඇහුන.","ඒකිට හෙන ගහන්ඩ කලින්, ඒකිට මැණික කිව්ව මගෙ කටට හෙන ගහපං. මරු මැණික් කැටේ එක එකා ඔප දාපු. තූ නෙදකිං. බීපු එකෙක් පාරෙ කියව කියව යනව ඇහුන.",0.8467
"තෝ කසිප්පු ගහලද, කුඩු ගහලද , හැමිනෙනවා","තෝ කසිප්පු ගහලද, කුඩු ගහලද , හැමිනෙනවා",0.8467
පැය තුනක් විතර තඩි freezerයක් ඇතුලට වෙලා විනාඩි දහයෙන් දහයට ගල් වෙලා තියෙන ඇගිලි හෝද හෝද රත් කරගෙන tamarind sorbet එක frozen මැංගුස් ලෙල්ල ඇතුලට දාන එක තමා මට තිබ්බෙ.සීතලෙ කිඹුහුං ඇර ඇර හොටු එනවට facemask දාගෙන හෙනම ලොකු වැඩක් වගේ වැඩේ කලේ වැඩේ හොදට උනා මතක හැටියට lunch එකෙ plate,පැය තුනක් විතර තඩි freezerයක් ඇතුලට වෙලා විනාඩි දහයෙන් දහයට ගල් වෙලා තියෙන ඇගිලි හෝද හෝද රත් කරගෙන tamarind සොර්බෙට් එක frozen මැංගුස් ලෙල්ල ඇතුලට දාන එක තමා මට තිබ්බෙ.සීතලෙ කිඹුහුං ඇර ඇර හොටු එනවට ඵචෙමස්ක් දාගෙන හෙනම ලොකු වැඩක් වගේ වැඩේ කලේ වැඩේ හොදට උනා මතක හැටියට lunch එකෙ plate,0.8467
ගෙදරට ඇවිත් දරුවාගේ කැටේ අරං ගියත් උබලා කරන්නේ ලඟ ඉන්න උබලා වගේම දූන් විදින එකාට බනින එක කුණු වෙච්ච පක්ෂ බදාගෙන.  තව කඩේ පලයං උන්ට විකුන්න දෙයක් නැත්තං උබේ ගෑණි විකුණනකම්ම. අපිට වඩා පාරට බැහැලා චීනය වගේ මහ කළුගලක් එක්ක හැප්පෙන හොංකොං උන් පෞඩයි බොල දීහින උබලට වැඩිය,ගෙදරට ඇවිත් දරුවාගේ කැටේ අරං ගියත් උබලා කරන්නේ ලඟ ඉන්න උබලා වගේම දූන් විදින එකාට බනින එක කුණු වෙච්ච පක්ෂ බදාගෙන. තව කඩේ පලයං උන්ට විකුන්න දෙයක් නැත්තං උබේ ගෑණි විකුණනකම්ම. අපිට වඩා පාරට බැහැලා චීනය වගේ මහ කළුගලක් එක්ක හැප්පෙන හොංකොං උන් පෞඩයි බොල දීහින උබලට වැඩිය,0.8467
@USER  @USER කුසිය පොඩි කාලෙ අම්ම කැවුම් හද හද ඉන්න වෙලාවෙ හොරෙන්ම කුස්සොයට රිංගුවලු #TeamKokis #AvuruduLK,කුසිය පොඩි කාලෙ අම්ම කැවුම් හද හද ඉන්න වෙලාවෙ හොරෙන්ම කුස්සොයට රිංගුවලු ටෙඅම්කොකිස් අවුරුදුල්ක්,0.8467
@USER දැං වැඩේ වෙයි... මේ වදමල් දාල වදක බෙරේ ගගහ දංගෙඩියට අරං යන්නෙ? උඹ කෑ නුගහ හිටාං.....,දැං වැඩේ වෙයි... මේ වදමල් දාල වදක බෙරේ ගගහ දංගෙඩියට අරං යන්නෙ? උඹ කෑ නුගහ හිටාං.....,0.8467
"උඹ නොවටිනා දේවල් වලට පුක උඩ දාගෙන වටිනාකම් දීලා ඒවා නැති උනාම තමයි ඇස් පෑදෙන්නෙ, උඹට වටිනාකම දෙන කී දෙනෙක් ඉන්නවද කියලා. තනිකම දැනෙන්න තරම් ප්‍රමාණවත් හේතු නෑ මටනම්.","උඹ නොවටිනා දේවල් වලට පුක උඩ දාගෙන වටිනාකම් දීලා ඒවා නැති උනාම තමයි ඇස් පෑදෙන්නෙ, උඹට වටිනාකම දෙන කී දෙනෙක් ඉන්නවද කියලා. තනිකම දැනෙන්න තරම් ප්‍රමාණවත් හේතු නෑ මටනම්.",0.8467
#මුදලට යට මේ #ලෝකයේ පිරිහී ඇත මේ #ජිවිතේ...මම මුතු #ඇටේ වටේට #සල්ලාල සාගරේ  පට්ට කොල්ලෝ මැද ඔය ජාති.. URL,#මුදලට යට මේ #ලෝකයේ පිරිහී ඇත මේ #ජිවිතේ...මම මුතු #ඇටේ වටේට #සල්ලාල සාගරේ පට්ට කොල්ලෝ මැද ඔය ජාති.. උර්ල්,0.8467
හoසයට කියලා හැටදෙලක්‌ෂෙ කතිරේ ගැහුවේ බොබ්බෙට ද යකෝ...?  සහජීවනේ එපා..  එදා මනව හිමිකම් ගැන කථා කරලා සහජිවනේ ඇති කරලා බෝම්බා රටේ හැම තැනම ස්ථාපිත කරලා...ලෝකයක් සතුටු කරන්න දෙකට නැමුනු දේශපාලුවො මැරුන ආත්මයක් ගානේ තොපි වටා සක්මන් කරවා සත්තයි....රටම මල ගෙයක් කලා සුද්‍දට පුක දීලා,හoසයට කියලා හැටදෙලක්‌ෂෙ කතිරේ ගැහුවේ බොබ්බෙට ද යකෝ...? සහජීවනේ එපා.. එදා මනව හිමිකම් ගැන කථා කරලා සහජිවනේ ඇති කරලා බෝම්බා රටේ හැම තැනම ස්ථාපිත කරලා...ලෝකයක් සතුටු කරන්න දෙකට නැමුනු දේශපාලුවො මැරුන ආත්මයක් ගානේ තොපි වටා සක්මන් කරවා සත්තයි....රටම මල ගෙයක් කලා සුද්‍දට පුක දීලා,0.8462
අම්ම ගහයි බැට් එකෙන් #SriLankanThreats,අම්ම ගහයි බැට් එකෙන් ස්රිලංකංථ්රෙඅත්ස,0.8462
'රත්වුන යකඩ ලෝකුරු ගෑණුත් තැලුවා මත්වුණ බඹරු ඉටිමල් පොකුරෙත් වැහුවා ඇත්තට ලෝකෙ ගැන උඹ දන්නෙද මොනවා පත්තිනි සළුවලත් ඇත් තුත්තිරි තිබුණා' URL,'රත්වුන යකඩ ලෝකුරු ගෑණුත් තැලුවා මත්වුණ බඹරු ඉටිමල් පොකුරෙත් වැහුවා ඇත්තට ලෝකෙ ගැන උඹ දන්නෙද මොනවා පත්තිනි සළුවලත් ඇත් තුත්තිරි තිබුණා' උර්ල්,0.8462
යකෝ මේ රටේ එක පොල් ගෙඩියෙං තුං වේලම පිරිමහගන්න කීයක් ඇද්ද — feeling sad,යකෝ මේ රටේ එක පොල් ගෙඩියෙං තුං වේලම පිරිමහගන්න කීයක් ඇද්ද — feeling sad,0.8462
"පහුගිය දවස්වල කලේ ""සමාජ රැල්ලෙන් පුක හෝදපු එක"" (කුමාර ලියනගේ)  # උන් ඉන්නව දැන් රනිලයි සිරයි ඇවිත් ටැප් එක අරිනකං වැලි හොදගන්න#","පහුගිය දවස්වල කලේ ""සමාජ රැල්ලෙන් පුක හෝදපු එක"" (කුමාර ලියනගේ) # උන් ඉන්නව දැන් රනිලයි සිරයි ඇවිත් ටැප් එක අරිනකං වැලි හොදගන්න#",0.8462
තූ නොදකින් කාලකන්නි වේස බල්ලෝ රට කනවා බොලව්.. URL,තූ නොදකින් කාලකන්නි වේස බල්ලෝ රට කනවා බොලව්.. උර්ල්,0.8462
තේරෙන භාශාවෙන් කිවුවොත් ජාතියක් ජන්මයක් නැති අවජාතක නපුන්සකයො ටිකක් දැන් අහනව මහන කරන එකෙයි පොඩි කාලෙ බන්ඳන එකෙයි... URL,තේරෙන භාශාවෙන් කිවුවොත් ජාතියක් ජන්මයක් නැති අවජාතක නපුන්සකයො ටිකක් දැන් අහනව මහන කරන එකෙයි පොඩි කාලෙ බන්ඳන එකෙයි... උර්ල්,0.8462
ගෙදර ගියොත් තෝ නසී  මග හිටියොත් අඹු නසී....  ටිලන්ට Annonimously දෙන්නෙක් Birthday gifts එවලා courier දිගේ.   පව් අහිංසකයා,ගෙදර ගියොත් තෝ නසී මග හිටියොත් අඹු නසී.... ටිලන්ට annonimously දෙන්නෙක් Birthday ගිෆ්ට්ස් එවලා courier දිගේ. පව් අහිංසකයා,0.8462
Deadline මතක් වෙද්දි මැරිලා යකෝ,Deadline මතක් වෙද්දි මැරිලා යකෝ,0.8462
@USER හෑ මොකක්?? පුකුඉඩිපරිප්පු?  බීලද යකෝ,හෑ මොකක්?? පුකුඉඩිපරිප්පු? බීලද යකෝ,0.8462
ඔය උඩට පල්ලෙහාට යනකොට බැරිවෙලාවත් කැස්සක් හෙමිබිරිස්සාවක් අාවොත් මුඛ වාඩමක් දාගෙන පලයන් නැත්තං අපිට කොරෝනා හැදෙයි බබාලා,ඔය උඩට පල්ලෙහාට යනකොට බැරිවෙලාවත් කැස්සක් හෙමිබිරිස්සාවක් අාවොත් මුඛ වාඩමක් දාගෙන පලයන් නැත්තං අපිට කොරෝනා හැදෙයි බබාලා,0.8462
"@USER  @USER    මොනවද යකෝ මේ සිංහල   උම්බේ අම්ම ඉන්දන් පෙරේද අන්දින්න හොන්දයි බුදියන්  උබට තමයි පේන විදියට අම්මා phone එක දීලා තියෙන්නෙ කාලෙකට පස්සෙ  , අනිත් එක ඕක fake එකක්නම් උබ ගැන දුකයි, තමන්ගෙ මතය තමන්ගේ නමින් කියා ගන්න බෑ කියන්නේ උබේ පෞර්ෂත්වය කොහෙද තියෙන්නෙ කියලා හිතලා බලපන් මචං. ජය!!","මොනවද යකෝ මේ සිංහල උම්බේ අම්ම ඉන්දන් පෙරේද අන්දින්න හොන්දයි බුදියන් උබට තමයි පේන විදියට අම්මා phone එක දීලා තියෙන්නෙ කාලෙකට පස්සෙ , අනිත් එක ඕක fake එකක්නම් උබ ගැන දුකයි, තමන්ගෙ මතය තමන්ගේ නමින් කියා ගන්න බෑ කියන්නේ උබේ පෞර්ෂත්වය කොහෙද තියෙන්නෙ කියලා හිතලා බලපන් මචං. ජය!!",0.8457
ගස්ස ගස්ස ඇවිදිනවා වනලා පස්ස බලපු ගමන් කෙල්ලො ගන්නෙ අතට කොස්ස මොනා වුණත් කෙල්ලො යන්නෙ ගස්ස ගස්ස කෙල්ලො නිසා ඇනගන්නට වෙන්නෙ හොස්ස #lka #sajje,ගස්ස ගස්ස ඇවිදිනවා වනලා පස්ස බලපු ගමන් කෙල්ලො ගන්නෙ අතට කොස්ස මොනා වුණත් කෙල්ලො යන්නෙ ගස්ස ගස්ස කෙල්ලො නිසා ඇනගන්නට වෙන්නෙ හොස්ස ලක සාජ්ජේ,0.8457
පබාවතීට පුලුවන්නම් කුසට love කරන්න ඇයි උඹට බැරි මට love කරන්න  උඹ පබාවතී තරම් ලස්සනත් නෑ මම කුස තරම් කැතත් නෑ,පබාවතීට පුලුවන්නම් කුසට love කරන්න ඇයි උඹට බැරි මට love කරන්න උඹ පබාවතී තරම් ලස්සනත් නෑ මම කුස තරම් කැතත් නෑ,0.8457
හැටියට ලු ඇගෙ රිස්ස  කොන්ත නෝනගෙ පස්ස එපා නම් 'ගහ' 'බොස්'ට ගෝලයිනි කිම කැස්ස ? URL,හැටියට ලු ඇගෙ රිස්ස කොන්ත නෝනගෙ පස්ස එපා නම් 'ගහ' 'බොස්'ට ගෝලයිනි කිම කැස්ස ? උර්ල්,0.8457
අපිට නං වහිනව . දොබෙං යන්න. ඒ මදිවට ගොරෝනව හෙන ගහනව,අපිට නං වහිනව . දොබෙං යන්න. ඒ මදිවට ගොරෝනව හෙන ගහනව,0.8457
ආ කියන්න සිස්.. කටට මසුරමක් දාන්න.. URL This Tweet is unavailable.,ආ කියන්න සිස්.. කටට මසුරමක් දාන්න.. උර්ල් This Tweet ඉස unavailable.,0.8457
@USER යටි බඩ හෙමීට ඇඟිල්ලකින් පිරිමැදපන්. බිජ්ජ එලියට ආවොත් පිරිමි. චූටි උන්ගෙ වෙයිද දන්නෙ නෑ.  අවධානයෙන් හිටපන්  නැට්ට උස්සලා පස්ස වෙව්ලලා ඈතට විදලා චූ දැම්මොත් ගෑනු.   අණ්ඩකෝෂ නම් පොඩි උන්ගෙ හොයන්න බැරි වෙයි.,යටි බඩ හෙමීට ඇඟිල්ලකින් පිරිමැදපන්. බිජ්ජ එලියට ආවොත් පිරිමි. චූටි උන්ගෙ වෙයිද දන්නෙ නෑ. අවධානයෙන් හිටපන් නැට්ට උස්සලා පස්ස වෙව්ලලා ඈතට විදලා චූ දැම්මොත් ගෑනු. අණ්ඩකෝෂ නම් පොඩි උන්ගෙ හොයන්න බැරි වෙයි.,0.8457
@USER @USER  මොකාක් හරි කුණු ගොඩක් අල්ලන් ඇවිත් කොටනවා. පලයන්. පාඩං කරහං.,මොකාක් හරි කුණු ගොඩක් අල්ලන් ඇවිත් කොටනවා. පලයන්. පාඩං කරහං.,0.8457
යහපාලනයේ හොරු (Top 10) අල්ලනවා කිවුවා විතරයි මෙන්න හොරු බියවිලා කතිකව ඉන්න හදන්නේ  ඒ කියන්නෙ සක්කිලි කට අරින්න යන්නේ URL,යහපාලනයේ හොරු (Top 10) අල්ලනවා කිවුවා විතරයි මෙන්න හොරු බියවිලා කතිකව ඉන්න හදන්නේ ඒ කියන්නෙ සක්කිලි කට අරින්න යන්නේ උර්ල්,0.8457
මල්ලී  කොමද ලොක්කගේ වැඩ.උඹලට හෝදලා මුගේ අසුචි වහන්න බෑ.දැන් පුක හපාගෙන මැරියල්ලා.මතක තියාගනිල්ලා උඹලා කන්නේ අපේ සල්ලී #lka  @USER,මල්ලී කොමද ලොක්කගේ වැඩ.උඹලට හෝදලා මුගේ අසුචි වහන්න බෑ.දැන් පුක හපාගෙන මැරියල්ලා.මතක තියාගනිල්ලා උඹලා කන්නේ අපේ සල්ලී ලක,0.8457
@USER මේ මොකද එයාගේ කිම්බ ඔයාගේ පුකේ උලනවද කිම්බේ ගු ගදගහයි,මේ මොකද එයාගේ කිම්බ ඔයාගේ පුකේ උලනවද කිම්බේ ගු ගදගහයි,0.8457
@USER අඩෝ ගොත පකයා.මෙක ඉවරයි කියලා පඩුවෙ ඉන්න හැදුවේ ගොං අපතයා. කවුද පකයෝ    උඹ.උබට පුලුවන්ද කෙලින් හීටගේන ඔලුව පහාත් කරලා උබේ පයිය දීහා බලන්න බඩ විකුනන් කන පේරේත හූත්තා..ස්ටූ හදා ගෙන කාපන් ඉම්‍ර්රාස් ගේ කොන,අඩෝ ගොත පකයා.මෙක ඉවරයි කියලා පඩුවෙ ඉන්න හැදුවේ ගොං අපතයා. කවුද පකයෝ උඹ.උබට පුලුවන්ද කෙලින් හීටගේන ඔලුව පහාත් කරලා උබේ පයිය දීහා බලන්න බඩ විකුනන් කන පේරේත හූත්තා..ස්ටූ හදා ගෙන කාපන් ඉම්‍ර්රාස් ගේ කොන,0.8457
@USER නම්බහ් රේ වටේ දාන්නේ නංගිට දීපං කෝ රෙද්ද,නම්බහ් රේ වටේ දාන්නේ නංගිට දීපං කෝ රෙද්ද,0.8457
අල්ලපු පන්තියේ මේස රෙද්ද අපේ මේසෙට දාලා මේස රෙද්ද ඔලුවෙ තියන් හිටියා   #NotInYourSchoolClass,අල්ලපු පන්තියේ මේස රෙද්ද අපේ මේසෙට දාලා මේස රෙද්ද ඔලුවෙ තියන් හිටියා නොතින්යෞර්ස්චූල්ක්ලෂ්,0.8457
"@USER ,  @USER  @USER මුන් අරින කොට තොට අමාරැ වෙනවා",", මුන් අරින කොට තොට අමාරැ වෙනවා",0.8452
තොපි පාඩම් කරනව කිය කිය වේස පටි බලනව නේද??? #OL_memories #ආච්චිට_මාට්ටු,තොපි පාඩම් කරනව කිය කිය වේස පටි බලනව නේද??? #OL_memories #ආච්චිට_මාට්ටු,0.8452
"අහපන් මචන් හොදට මේ කතාව... රටෙ කෙල්ලන් හදන්න උඹ ලතාද... ගොන් පාට් අපෙ, එක තමයි රටාව... මටත් ආසයි උඹට දෙන්න හුත්තො... URL","අහපන් මචන් හොදට මේ කතාව... රටෙ කෙල්ලන් හදන්න උඹ ලතාද... ගොන් පාට් අපෙ, එක තමයි රටාව... මටත් ආසයි උඹට දෙන්න හුත්තො... උර්ල්",0.8452
පොඩි කාලේ මරඳ වැලලේ වැලි බත් උයා පුක එල්ලේ #MisheardSinhalaLyrics,පොඩි කාලේ මරඳ වැලලේ වැලි බත් උයා පුක එල්ලේ මිශෙඅර්ද්සින්හලල්ය්රික්ස,0.8452
@USER මොකටද බං ධෙන්නෙක්.. ජංගි එච්චර බර නැ.. අර පුක ලොකුවට පේන පැඩඩ් ජංගියක් උනත් ඝ්‍රෑම් දෙතුන්සීයක් බරවෙය් එච්චරයි ..,මොකටද බං ධෙන්නෙක්.. ජංගි එච්චර බර නැ.. අර පුක ලොකුවට පේන පැඩඩ් ජංගියක් උනත් ඝ්‍රෑම් දෙතුන්සීයක් බරවෙය් එච්චරයි ..,0.8452
අම්මෝ පට්ට යකෝ :v :v :v :D URL,අම්මෝ පට්ට යකෝ ව ව ව ද උර්ල්,0.8452
@USER  @USER නැහැ. පොලීසියෙන් දෙමල මනුස්සයෙකුට ගහනවා කියලයී දාලා තියෙන්නේ. සමහර විට දෙමල මිනිස්සු පොලීසියෙන් ගුටි කන්න අපිට වඩා අකමැති ඇති. පොලිස් කාරයෙක් මම පොඩිකාලේ මට වේසිගේ පුතා කියලා බැන්නා. කවුද දන්නේ තෝ දෙමලා කියලා හරි බැන්නද කියලා.,නැහැ. පොලීසියෙන් දෙමල මනුස්සයෙකුට ගහනවා කියලයී දාලා තියෙන්නේ. සමහර විට දෙමල මිනිස්සු පොලීසියෙන් ගුටි කන්න අපිට වඩා අකමැති ඇති. පොලිස් කාරයෙක් මම පොඩිකාලේ මට වේසිගේ පුතා කියලා බැන්නා. කවුද දන්නේ තෝ දෙමලා කියලා හරි බැන්නද කියලා.,0.8452
මේ ට්වීට් එක කියවලා  එකක් දැම්මෙ නැත්තම් උඹ තිරිසනෙක්.  ඉහි ඉහි...,මේ ට්වීට් එක කියවලා එකක් දැම්මෙ නැත්තම් උඹ තිරිසනෙක්. ඉහි ඉහි...,0.8452
@USER  @USER පුස්පේ කැප්ටන් වෙලා ඉන්න නැවක තෝ ඒකේ පොඩිම එකා උනොත්? හම්බෝ,පුස්පේ කැප්ටන් වෙලා ඉන්න නැවක තෝ ඒකේ පොඩිම එකා උනොත්? හම්බෝ,0.8447
අඩු කුලේ පර හැත්ත  𝗦𝗮𝗻𝗱𝘂𝗻 @USER  · 13 Jun 2017 මේ වේස බල්ලො බැල්ලියෙක් දැක්ක ගමන් පාර හරහා පනිනවා ඇහිල්ලක් බැලිල්ලක් නැතුව.  තව පොඩ්ඩෙන් එක බැල්ලිගේ පුතෙක් පරලොව යනවා වාහනේ වැදිලා,අඩු කුලේ පර හැත්ත 𝗦𝗮𝗻𝗱𝘂𝗻 · 13 ජුන් 2017 මේ වේස බල්ලො බැල්ලියෙක් දැක්ක ගමන් පාර හරහා පනිනවා ඇහිල්ලක් බැලිල්ලක් නැතුව. තව පොඩ්ඩෙන් එක බැල්ලිගේ පුතෙක් පරලොව යනවා වාහනේ වැදිලා,0.8447
"රටේ ප්‍රශ්ණ වලට පිටරටවල් ඇගිලිගහන්න ඕනනෑ කියන bayya එවුන්, රෙද්ද උස්සන් පිටරට NGO වලට tweet ගහනව Help us to #SaveWilpattu කියල. Chater #lka","රටේ ප්‍රශ්ණ වලට පිටරටවල් ඇගිලිගහන්න ඕනනෑ කියන බයය එවුන්, රෙද්ද උස්සන් පිටරට නගෝ වලට tweet ගහනව Help උස ටො සවෙවිල්පට්ටු කියල. චාටෙර් ලක",0.8447
ඩයලොග් හුත්තිගේ පුතාලා එක්ක ගනුදෙනු කරනවා කියන්නේ නිකම් ඇඟේ ලේ ටික කෝප කරගන්නවා කියන එක  වේස හුත්තිගේ බැල්ලියෝ ඉන්නේ,ඩයලොග් හුත්තිගේ පුතාලා එක්ක ගනුදෙනු කරනවා කියන්නේ නිකම් ඇඟේ ලේ ටික කෝප කරගන්නවා කියන එක වේස හුත්තිගේ බැල්ලියෝ ඉන්නේ,0.8447
@USER ලොල්. ඇගට කෙසේ වෙතත් අතට අමාරු ඇති ඇවිදලම නේ?,ලොල්. ඇගට කෙසේ වෙතත් අතට අමාරු ඇති ඇවිදලම නේ?,0.8447
"@USER ටහුඩු , බාල බඩු එහෙනම්","ටහුඩු , බාල බඩු එහෙනම්",0.8447
ඉස්සන් අල්ලා කිඹුල් කටට වැටෙයි,ඉස්සන් අල්ලා කිඹුල් කටට වැටෙයි,0.8447
"ගෑණු ලමයිට ""බඩුව"" යැයී කිම ඉපැරණී අදහසක්. දස පණතේම තියෙනවා, අසල්වැසියාට අයීති දේ, ගොනා බූරුවා සහ ගැණි ගැන හිතන්න එපා කියලා. ඒ ගෑණිත් අසල්වැසියාට අයීති ගොනා බූරුවා වාගේ දෙයක් නිසයී. ගෑණු, පිරිමින්ට යටත් කියලා බුද්දාගමෙත් කියලා තියනවා. ඒක හරිද?","ගෑණු ලමයිට ""බඩුව"" යැයී කිම ඉපැරණී අදහසක්. දස පණතේම තියෙනවා, අසල්වැසියාට අයීති දේ, ගොනා බූරුවා සහ ගැණි ගැන හිතන්න එපා කියලා. ඒ ගෑණිත් අසල්වැසියාට අයීති ගොනා බූරුවා වාගේ දෙයක් නිසයී. ගෑණු, පිරිමින්ට යටත් කියලා බුද්දාගමෙත් කියලා තියනවා. ඒක හරිද?",0.8447
ලිලී.. කෙලී... පිස්සු කෙලී... ලිලී.. කෙලී... කන්නේ බෙලී...  @USER,ලිලී.. කෙලී... පිස්සු කෙලී... ලිලී.. කෙලී... කන්නේ බෙලී...,0.8447
කෝ..මචංල ...අර රට ඉදල ආපු ඇන්ටි...(නැන්දම්ම)  යකෝ..මැරිල වත්ද... කොරෝන වත් හැදිල.,කෝ..මචංල ...අර රට ඉදල ආපු ඇන්ටි...(නැන්දම්ම) යකෝ..මැරිල වත්ද... කොරෝන වත් හැදිල.,0.8447
ඉඩ දුන්නාම තෝ කරේ නගින්න එනවාද පර කොල්ලා ඔප්පු කරන්න බැරි පට්ටපල් බොරැ ගේන තෝ වගේ ටොයියෝ ඔින තරම් දැකලා තියෙනවා දුවපිය පරයා යන්න,ඉඩ දුන්නාම තෝ කරේ නගින්න එනවාද පර කොල්ලා ඔප්පු කරන්න බැරි පට්ටපල් බොරැ ගේන තෝ වගේ ටොයියෝ ඔින තරම් දැකලා තියෙනවා දුවපිය පරයා යන්න,0.8447
Absolutely nobody:  Typical dog hating ආත්තම්මා:  ඕකගෙ පිටේ යන්නවත් විදියක් හදාගත්තනම් හරි මොකටද කොච්චර කන්න දිදී හුරතල් කරන්නෙ.  කාලා කාලා ඇවිත් මගේ රෙද්දෙ හොස්ස පිහිදාන්නෙපා මෝඩ බල්ලා.  අනේ අම්මපා මූට කකුල් පිහිදාගෙන ගෙට එන්න බැරිද.,Absolutely nobody: Typical dog හැටින්ග් ආත්තම්මා: ඕකගෙ පිටේ යන්නවත් විදියක් හදාගත්තනම් හරි මොකටද කොච්චර කන්න දිදී හුරතල් කරන්නෙ. කාලා කාලා ඇවිත් මගේ රෙද්දෙ හොස්ස පිහිදාන්නෙපා මෝඩ බල්ලා. අනේ අම්මපා මූට කකුල් පිහිදාගෙන ගෙට එන්න බැරිද.,0.8447
@USER මෙයාගෙ තාත්තා විතරද තාත්තලා...එජාපයට මෙ ගැන දුකයි..88 89 ඉදන්ම කරෙ දෙමව්පියන්ට දරැවන්.දරැවන්ට දෙමව්පියන් නැතිකරපු එකනෙ........සිංහලයගෙ ජාතකෙ හරිනම්  රටයි ජාතියයි වෙනුවෙන්  වදාපු මව උනත් එච්චරයි..මොනවා කරන්නත් ජාතිය රැකෙන්න ඕන...එජාපය ලසන්තව තාජුදින් විකුණගෙන කනවා.ජනතාවට දුක නැහැ,මෙයාගෙ තාත්තා විතරද තාත්තලා...එජාපයට මෙ ගැන දුකයි..88 89 ඉදන්ම කරෙ දෙමව්පියන්ට දරැවන්.දරැවන්ට දෙමව්පියන් නැතිකරපු එකනෙ........සිංහලයගෙ ජාතකෙ හරිනම් රටයි ජාතියයි වෙනුවෙන් වදාපු මව උනත් එච්චරයි..මොනවා කරන්නත් ජාතිය රැකෙන්න ඕන...එජාපය ලසන්තව තාජුදින් විකුණගෙන කනවා.ජනතාවට දුක නැහැ,0.8447
ඇයි යකෝ field තියන දවසට වහින්න බැරි,ඇයි යකෝ field තියන දවසට වහින්න බැරි,0.8447
"@USER මුන්ගෙන් නිදහස් වුණ දවසට තමයි මේ රටට නිදහස ලැබෙන්නේ ඒ දින කවදා උදාවේ දෝ කියා මා බලා සිටින්නේ, මුන් තමයි හැත්ත දෙවසරක සාපය මේ රටට , මම බොරු නං කියන්නේ ඉතිහාසය විශ්ලේෂණය කරලා බලපං හැත්ත එකේ ඉඳලම මුං කරේ මේ රටට විනාසයක්","මුන්ගෙන් නිදහස් වුණ දවසට තමයි මේ රටට නිදහස ලැබෙන්නේ ඒ දින කවදා උදාවේ දෝ කියා මා බලා සිටින්නේ, මුන් තමයි හැත්ත දෙවසරක සාපය මේ රටට , මම බොරු නං කියන්නේ ඉතිහාසය විශ්ලේෂණය කරලා බලපං හැත්ත එකේ ඉඳලම මුං කරේ මේ රටට විනාසයක්",0.8446
අර SLS කේස් එක වගේ තමයි. පොල් තෙල් උන් හෙන ප්‍රෝඩාව කරල තියෙන්නෙ #Teamපොල්තෙල් #Teamඑලවලුතෙල්,අර සලස් කේස් එක වගේ තමයි. පොල් තෙල් උන් හෙන ප්‍රෝඩාව කරල තියෙන්නෙ #Teamපොල්තෙල් #Teamඑලවලුතෙල්,0.8442
වරෙන්කෝ තෝ 2020 ඉල්ලගෙන  ගල් මූසලයා URL,වරෙන්කෝ තෝ 2020 ඉල්ලගෙන ගල් මූසලයා උර්ල්,0.8442
@USER @USER  අතට දුන්නු එක කටට දාගන්න බැනේ එයාට,අතට දුන්නු එක කටට දාගන්න බැනේ එයාට,0.8442
@USER  @USER ඉවකරත් තෙත හොම්බ හිත හිතා උඹ        ඉම්බ පෙනුම නම් තව  නාම්බ පලාපන් ඇත    කෝම්බ,ඉවකරත් තෙත හොම්බ හිත හිතා උඹ ඉම්බ පෙනුම නම් තව නාම්බ පලාපන් ඇත කෝම්බ,0.8442
@USER ඇමිනෙනවා..තෝ හදන්න පුලුවන් එකෙක් නෙවෙයි,ඇමිනෙනවා..තෝ හදන්න පුලුවන් එකෙක් නෙවෙයි,0.8442
"@USER ,  @USER  @USER මොන මෝඩ උට්ටෙක්ද මේ  වැද්දො හොදයිනෙ මීටවඩා",", මොන මෝඩ උට්ටෙක්ද මේ වැද්දො හොදයිනෙ මීටවඩා",0.8442
පුකේ හිල...  කක්කා බෙට්ට...  හුකනවා...  තන්  ලැජ්ජයි වගේද... ආ ඉන්නෙ  ..  . . . .    Asshole   Shit  Fuck  Boobies    හරි නේද,පුකේ හිල... කක්කා බෙට්ට... හුකනවා... තන් ලැජ්ජයි වගේද... ආ ඉන්නෙ .. . . . . අස්ශෝලේ ෂිට් ෆුච්ක් බූබිඑස් හරි නේද,0.8442
@USER  @USER    පොන්න සම්පත්...උඹෙ අම්මට කරන්නද දොරකඩට එන්නෙ යක්‍ෂයො...???,පොන්න සම්පත්...උඹෙ අම්මට කරන්නද දොරකඩට එන්නෙ යක්‍ෂයො...???,0.8442
@USER @USER  අත හෝදන්න කලින් ඔය ඇමරිකන් කාරයන්ට පුක හෝදන්න කියලා දුන්නොත් හොඳ නැද්ද මල්ලි?,අත හෝදන්න කලින් ඔය ඇමරිකන් කාරයන්ට පුක හෝදන්න කියලා දුන්නොත් හොඳ නැද්ද මල්ලි?,0.8438
@USER Cupboard එක ඇරපු ගමන් රෙදි ටික ඔක්කම බිම sometimes අම්ම අමතන්නෙ බූරු පැටියා කියලා,Cupboard එක ඇරපු ගමන් රෙදි ටික ඔක්කම බිම sometimes අම්ම අමතන්නෙ බූරු පැටියා කියලා,0.8438
@USER  @USER තෝගේ මහ වේසි පදුරක් අස්සෙ රිංගලා වෙන්න ඇති තෝව පුකෙන් එලියට දැම්මේ.,තෝගේ මහ වේසි පදුරක් අස්සෙ රිංගලා වෙන්න ඇති තෝව පුකෙන් එලියට දැම්මේ.,0.8438
මම පොඩි කාලෙ   අම්ම -අනේ තේ හදන්න එපා අපිමේ බීල ආව විතරයි  මම (හයියෙන්) - බොරු කියන්න එපා අම්ම කොහෙද තේ බිව්වෙ,මම පොඩි කාලෙ අම්ම -අනේ තේ හදන්න එපා අපිමේ බීල ආව විතරයි මම (හයියෙන්) - බොරු කියන්න එපා අම්ම කොහෙද තේ බිව්වෙ,0.8438
චීනුන්ට අලියාගේ පයිය විකුණන් කාපු මිනිස්සු බොලව් අපි !  • NaVe∃n MaYanThA @USER  · 29 May 2021 URL,චීනුන්ට අලියාගේ පයිය විකුණන් කාපු මිනිස්සු බොලව් අපි ! • නැවෙන් මයන්ත · 29 May 2021 උර්ල්,0.8438
මට හෙන ආසාවක් තියේ ලෝකාන්තෙට කට්ට පටපට පට සීතලේ එයත් එක්ක අතිං අල්ලං ගිහිං බලංගොඩට වැටෙන්න හුජ්ජ කරන්න බිමට,මට හෙන ආසාවක් තියේ ලෝකාන්තෙට කට්ට පටපට පට සීතලේ එයත් එක්ක අතිං අල්ලං ගිහිං බලංගොඩට වැටෙන්න හුජ්ජ කරන්න බිමට,0.8438
මැච් එක බලන්න ටීවි එකයි හාංසි පුටුවයි සේරම තියාගෙන ලෑස්ති උනාම වේස මැස්සෙක් ඇවිල්ල වද දෙනව.,මැච් එක බලන්න ටීවි එකයි හාංසි පුටුවයි සේරම තියාගෙන ලෑස්ති උනාම වේස මැස්සෙක් ඇවිල්ල වද දෙනව.,0.8438
"ඉස්කෝලෙ යන කාලෙ විසි අටේ තිහේ අක්කලාට ""ඇන්ටි කෝස්"" කියලා කරල තියෙන පවු දැන් තමා තේරෙන්නේ...  . . #තව_ටික_කාලෙකින්_තිහයි_නේද_පුතේ_කියල_අම්ම_ඇහුවම_පපුව_පිච්චිලා_අලු_වෙලා_ගියා","ඉස්කෝලෙ යන කාලෙ විසි අටේ තිහේ අක්කලාට ""ඇන්ටි කෝස්"" කියලා කරල තියෙන පවු දැන් තමා තේරෙන්නේ... . . #තව_ටික_කාලෙකින්_තිහයි_නේද_පුතේ_කියල_අම්ම_ඇහුවම_පපුව_පිච්චිලා_අලු_වෙලා_ගියා",0.8438
@USER නාකි විසේ ගෙටත් උසේ කියන්නේ කට කහනවටයැ,නාකි විසේ ගෙටත් උසේ කියන්නේ කට කහනවටයැ,0.8438
@USER සස්ටජන් තොගේ කටට  දෙන්නේ ගුටි බැට තොපට,සස්ටජන් තොගේ කටට දෙන්නේ ගුටි බැට තොපට,0.8438
පණ කියා කණ කොකා කෙලින් ඌ වෙලාවක... වෙර දමා කෙලිනවා සුර ලොවක් මවාගෙන... වෙවුලලා උණුවෙලා සුරාන්තය වෙලාවට... බඩු ගියා ඒකිගේ ගර්භයට ලතාවවට...  ටික දොහයි ගත උනේ මාස තුන හතරකට... මෝරලා යාන්තන් ලොකු උනා ඇගේ කුස... ඒ පොන්න පිරිමියා අම්මගේ අතින් ඇද... ගෙන ගියා මරන්නට මාව හොර ඩොකා වෙත.,පණ කියා කණ කොකා කෙලින් ඌ වෙලාවක... වෙර දමා කෙලිනවා සුර ලොවක් මවාගෙන... වෙවුලලා උණුවෙලා සුරාන්තය වෙලාවට... බඩු ගියා ඒකිගේ ගර්භයට ලතාවවට... ටික දොහයි ගත උනේ මාස තුන හතරකට... මෝරලා යාන්තන් ලොකු උනා ඇගේ කුස... ඒ පොන්න පිරිමියා අම්මගේ අතින් ඇද... ගෙන ගියා මරන්නට මාව හොර ඩොකා වෙත.,0.8438
@USER ඒ කනවැන්දු ගැණි වගේ අනුරට බැන බැන ඉනිනේ තොට ඔච්චර මොලයක් තියෙනවනම් හදපියකෝ රට හදන්න හොද සුපිරි පක්ෂයක්. රාජපක්ෂලාගේ ගූ කකා අවජාතකයෙක් වෙලා වෙන නමක් දාගෙන කාලකන්නියෙක් ඇරැ මේ විදියට ඇයි තෝ පරයා.,ඒ කනවැන්දු ගැණි වගේ අනුරට බැන බැන ඉනිනේ තොට ඔච්චර මොලයක් තියෙනවනම් හදපියකෝ රට හදන්න හොද සුපිරි පක්ෂයක්. රාජපක්ෂලාගේ ගූ කකා අවජාතකයෙක් වෙලා වෙන නමක් දාගෙන කාලකන්නියෙක් ඇරැ මේ විදියට ඇයි තෝ පරයා.,0.8438
නුඹට දෙන්නට හිතලා.. තඩිම තඩි රෝස පොකුරක් පපුව මැද හදලා.. එලියට ගනු බැරිව කඩලා.. හදවත තලාගත් මං උඹේ මැට්ටා..,නුඹට දෙන්නට හිතලා.. තඩිම තඩි රෝස පොකුරක් පපුව මැද හදලා.. එලියට ගනු බැරිව කඩලා.. හදවත තලාගත් මං උඹේ මැට්ටා..,0.8438
@USER  @USER ඒකි කට කපලා නිදි. දකුණට ඇල වෙලා..,ඒකි කට කපලා නිදි. දකුණට ඇල වෙලා..,0.8438
"@USER අම්ම ගහයි, මෙව්ව දැකල පයින් යනවටත් දඩ ගහයිද දන්නෙ නෑ...","අම්ම ගහයි, මෙව්ව දැකල පයින් යනවටත් දඩ ගහයිද දන්නෙ නෑ...",0.8433
@USER  @USER පරිස්සමෙන් රෙන පුක දේශපාලනයට දෙනව කියල certificate වදීවි,පරිස්සමෙන් රෙන පුක දේශපාලනයට දෙනව කියල certificate වදීවි,0.8433
@USER ආසයි වගේ  මට බැ  යකෝ මෙ එක්‍ර්ක්ගෙන් අහගන්න්ව පුක ඉරාගෙන,ආසයි වගේ මට බැ යකෝ මෙ එක්‍ර්ක්ගෙන් අහගන්න්ව පුක ඉරාගෙන,0.8433
"twitter  කියන්නෙත් හෙන බයානක තැනක් ඔයි , කොහෙන් ගිනිගෙඩියක්  පාත් වෙලා hashtag එකක් හැදිලා ට්‍රෙන්ඩ්  වෙයිද දන්නෑ #burimama #laptopmalli","twitter කියන්නෙත් හෙන බයානක තැනක් ඔයි , කොහෙන් ගිනිගෙඩියක් පාත් වෙලා හෂ්ටග් එකක් හැදිලා ට්‍රෙන්ඩ් වෙයිද දන්නෑ බුරිමම ලප්ටෝප්මල්ලි",0.8433
අපේ a/l exam එකට හෙන විතරයි ගැහුවේ නැත්තේ,අපේ අල exam එකට හෙන විතරයි ගැහුවේ නැත්තේ,0.8433
"අම්ම කිව්ව මට මාලු හෝදපු වතුර එක විසිකරන්න කියල,තිබ්බෙ ලොකු මැටි හට්ටියක, ඒක විසි කරන්න ගිහින් හට්ටියත් වීසි උනා ඉතින් කුඩෙ කුඩු,අම්මා කිව්ව උඹට වඩා හොඳයි හරක් පැටියෙක් හදුවනම් කියල ,දුකයි ප්‍රෙන්","අම්ම කිව්ව මට මාලු හෝදපු වතුර එක විසිකරන්න කියල,තිබ්බෙ ලොකු මැටි හට්ටියක, ඒක විසි කරන්න ගිහින් හට්ටියත් වීසි උනා ඉතින් කුඩෙ කුඩු,අම්මා කිව්ව උඹට වඩා හොඳයි හරක් පැටියෙක් හදුවනම් කියල ,දුකයි ප්‍රෙන්",0.8433
තඩි බඩවල් තියෙන වුන් බැන්දාම,තඩි බඩවල් තියෙන වුන් බැන්දාම,0.8433
"බල්ලී.., ලෝක ගෝලෙ තියනවා නේද? අන්න ඒකෙ උෂ්ණත්වෙ වැඩිවෙලා තියෙන්න මේ පර හු***ගෙ පුතාලා කැලේකපන හින්දා. අපි මේකට දැනෙන යමක් කරන්ඩෝනෙ ඒකට අඥානභාවය, දිළිඳු බව, භේදය, දුක්ඛිත බවින් මානව සංහතිය මුක්ත කර වීමේ ලෝක සමුළුවක් වගේ දෙයක් කරන්න ඕනෙ. තෝ වගේ ඔහොම පතෝලයෙක් වගේ බල ඉඳලා හරියන් නෑ.. Achiraka kaveen @USER  · 18 Jan 2018 පහත චායාරූපය බලා දෙබසක් ගොඩ නගන්න","බල්ලී.., ලෝක ගෝලෙ තියනවා නේද? අන්න ඒකෙ උෂ්ණත්වෙ වැඩිවෙලා තියෙන්න මේ පර හු***ගෙ පුතාලා කැලේකපන හින්දා. අපි මේකට දැනෙන යමක් කරන්ඩෝනෙ ඒකට අඥානභාවය, දිළිඳු බව, භේදය, දුක්ඛිත බවින් මානව සංහතිය මුක්ත කර වීමේ ලෝක සමුළුවක් වගේ දෙයක් කරන්න ඕනෙ. තෝ වගේ ඔහොම පතෝලයෙක් වගේ බල ඉඳලා හරියන් නෑ.. අචිරක කවීන් · 18 ජන 2018 පහත චායාරූපය බලා දෙබසක් ගොඩ නගන්න",0.8433
@USER ගනන් සර් ගනන් වගයක් ලියල හදපිය කියලා මට දීලා ගියා.මන් කලු ලෑල්ලෙ ලිය ලිය ඉද්දි මාව ගුරු මේසෙ රෙද්දෙන් වැහිලා  දඩිබිඩි ගාල හෙන වගයක් වැදුනා.ඇස් ඇරලා බලද්දි පන්තියෙ ලමයි ඒ තැන්වලමයි. භූමි දෝස මන් හිතන්නෙ.,ගනන් සර් ගනන් වගයක් ලියල හදපිය කියලා මට දීලා ගියා.මන් කලු ලෑල්ලෙ ලිය ලිය ඉද්දි මාව ගුරු මේසෙ රෙද්දෙන් වැහිලා දඩිබිඩි ගාල හෙන වගයක් වැදුනා.ඇස් ඇරලා බලද්දි පන්තියෙ ලමයි ඒ තැන්වලමයි. භූමි දෝස මන් හිතන්නෙ.,0.8433
මං මේ කල්පනා කරේ මේ email එකට reply mail එක විදිහට දාන්නේ මොකක්ද කියලා . Noted with thanks Mr._____ . තෝ වල් පරයා මෙච්චර මාස තුනක් තෝ ගෙදෙට්ට වෙලා හිටියා නිකංවත් එක චෑප්ට එකක් දිහා ඇහැක් ඇරලා බැලුවේ නැද්ද deadline ලංවෙද්දි නැට්ට ගිනිඅරන් වගේ මට බැන බැන දැන් එවපිය  කෝකද හොදම,මං මේ කල්පනා කරේ මේ එමිල් එකට reply mail එක විදිහට දාන්නේ මොකක්ද කියලා . Noted with thanks Mr._____ . තෝ වල් පරයා මෙච්චර මාස තුනක් තෝ ගෙදෙට්ට වෙලා හිටියා නිකංවත් එක චෑප්ට එකක් දිහා ඇහැක් ඇරලා බැලුවේ නැද්ද deadline ලංවෙද්දි නැට්ට ගිනිඅරන් වගේ මට බැන බැන දැන් එවපිය කෝකද හොදම,0.8433
"යකෝ මු UI, UX, Data Flowsetc. බිත්ති පුරාවට ලියල නේ.... එසේ මෙසේ game කාරයෙක් නෙවෙය් මු නං... #Koombiyo",යකෝ මු උඉ උෂ් Data ෆ්ලොව්සෙත්ක බිත්ති පුරාවට ලියල නේ.... එසේ මෙසේ game කාරයෙක් නෙවෙය් මු නං... කූම්බියෝ,0.8433
පුක ඉක්කගහනවා ද මන්ද මේකා මෙච්චර උඩ පනින්නේ..  උඩ තට්ටුවේ පොඩි එකාට මේ කියන්නේ.. ඔව්..  බොට තමයි..,පුක ඉක්කගහනවා ද මන්ද මේකා මෙච්චර උඩ පනින්නේ.. උඩ තට්ටුවේ පොඩි එකාට මේ කියන්නේ.. ඔව්.. බොට තමයි..,0.8433
මටත් ඕනේ මොන හුලන් විස්කෝතුවක් හරි කරල ඒම කියෝ ගන්න .ඒත් ඒම කියන්නෑනෙ රෙද්ද,මටත් ඕනේ මොන හුලන් විස්කෝතුවක් හරි කරල ඒම කියෝ ගන්න .ඒත් ඒම කියන්නෑනෙ රෙද්ද,0.8433
@USER පොකුණට පයිනව බන් ඔය පර හැත්ත,පොකුණට පයිනව බන් ඔය පර හැත්ත,0.8433
පන්සල් පලයන් සෙල්ෆි ගසාපන් me at temple now at කියපන් දන්සැල් වැදපන් සෙල්ෆි ගසාපන් drinking eating දන්සලේ කියපන්... URL,පන්සල් පලයන් සෙල්ෆි ගසාපන් මේ ඇත temple now ඇත කියපන් දන්සැල් වැදපන් සෙල්ෆි ගසාපන් drinking eating දන්සලේ කියපන්... උර්ල්,0.8433
තඹරු = තං + බරු = තන් භාරව සිටින #නමේතේරුම,තඹරු = තං + බරු = තන් භාරව සිටින #නමේතේරුම,0.8433
@USER ෆල තොපි දෙන්නා  @USER  @USER    කෝපී පොවලා හුරතල් කරලා මෙතන,ෆල තොපි දෙන්නා කෝපී පොවලා හුරතල් කරලා මෙතන,0.8433
Happy birthday  @USER  අම්ම කියන දේ අහල දග නොකර ගෙදරම ඉන්න,Happy birthday අම්ම කියන දේ අහල දග නොකර ගෙදරම ඉන්න,0.8433
මගෙ ඉස්සරහ සුද්දියෙක් ඉන්නව වැඩේ කියන්නේ එකි පුක හරන ගමන් ඉන්නෙ,මගෙ ඉස්සරහ සුද්දියෙක් ඉන්නව වැඩේ කියන්නේ එකි පුක හරන ගමන් ඉන්නෙ,0.8428
අහ්හ්....ගෑණි Call එක ගන්න වෙලාවෙ සුජී  බීලද ඉඳල තියෙන්නෙ?  ඌ බෝතලේ දුන්න නම් ඉවරනෙ ළමයෙකුට :D,අහ්හ්....ගෑණි Call එක ගන්න වෙලාවෙ සුජී බීලද ඉඳල තියෙන්නෙ? ඌ බෝතලේ දුන්න නම් ඉවරනෙ ළමයෙකුට ද,0.8428
@USER මොල්ලි දෙකේ ඔටු පුඩිම ගාන්ටාර ක්‍රමේට හදාපු නාරම් පුඩිම ජපන් ක්‍රමේට හදපු නයි හතු පුඩිම ඕස්ට්‍රේලියන් චීස් කෑල්ල,මොල්ලි දෙකේ ඔටු පුඩිම ගාන්ටාර ක්‍රමේට හදාපු නාරම් පුඩිම ජපන් ක්‍රමේට හදපු නයි හතු පුඩිම ඕස්ට්‍රේලියන් චීස් කෑල්ල,0.8428
hmmm .... ගායි විටක වගේ බස්සා දමමි මට ගැස් සැමවිටම උස්සා හරවයි මට ඇගෙ වට්ටක්කා පස්සා දමා යයි මට පෙන්න ගස්සා එය දැක මට හැදුණි කැස්සා උස්සා ගස්සා යන පස්සා දැක මම උනෙමි පිස්සා,හ්ම්ම්ම් .... ගායි විටක වගේ බස්සා දමමි මට ගැස් සැමවිටම උස්සා හරවයි මට ඇගෙ වට්ටක්කා පස්සා දමා යයි මට පෙන්න ගස්සා එය දැක මට හැදුණි කැස්සා උස්සා ගස්සා යන පස්සා දැක මම උනෙමි පිස්සා,0.8428
Adara Dushini ආදර දුශිනි - පට්ට සෙක්සි ඔෆිස් වල් බඩුව URL via  @USER,අදර දුශිනි ආදර දුශිනි - පට්ට සෙක්සි ඔෆිස් වල් බඩුව උර්ල් via,0.8428
"මුගෙ ගෑණිවත් දෙනවළු ගන්කා වෘතියට,සක්කිලි බල්ලා,","මුගෙ ගෑණිවත් දෙනවළු ගන්කා වෘතියට,සක්කිලි බල්ලා,",0.8428
"@USER ,  @USER  @USER අපි යලු වෙන්නේ ගණිකාවක් එක්කද  හුක#%_ දාලා",", අපි යලු වෙන්නේ ගණිකාවක් එක්කද හුක#%_ දාලා",0.8428
@USER  @USER    කීබෝඩ් එකෙන්නම් ගහයි ඉතින්..ගොන් හැත්ත.නානසාරට තිබෙුනේ තොපි වගේ ගොබ්බ ගෑණු ලඟට ගිහින් මරාගෙන මැරෙන්න.උඹලා කාට බය වුනත් නැත්ත වැඩේ වෙලා ඉවරයි,කීබෝඩ් එකෙන්නම් ගහයි ඉතින්..ගොන් හැත්ත.නානසාරට තිබෙුනේ තොපි වගේ ගොබ්බ ගෑණු ලඟට ගිහින් මරාගෙන මැරෙන්න.උඹලා කාට බය වුනත් නැත්ත වැඩේ වෙලා ඉවරයි,0.8428
"@USER Sunlight, පුක හොදන සබන් කැටෙ!","Sunlight, පුක හොදන සබන් කැටෙ!",0.8428
ඒකත් වේස ගෑනු සීන් එකක් තියනඑකක්නේ  කොහොම උනත් music නම් පට්ට  @USER  #HateThatILoveU,ඒකත් වේස ගෑනු සීන් එකක් තියනඑකක්නේ කොහොම උනත් music නම් පට්ට හතෙථතිලොවෙඋ,0.8428
"@USER  @USER ඕවා ඔක්කොම බොරු බන්, ගැලපෙන්නෙ නෑ කියලා බැදපු උන් හොදට ඉන්නවා, ලමයි හම්බවෙන්නෙ නෑ කියපු උන්ට ලමයි ඉන්නවා, බැන්දොත් එක්කෙනෙක් මැරෙයි කියපු උනුත් ඔය තාම හොදට ඉන්නෙ, ඔය මම දන්න examples 3ක්, තව ඇති ඕනි තරම්.  ඕක මහ කාලකන්න්ණි business එකක්. කරන උන්ට හෙන ගහල මදි","ඕවා ඔක්කොම බොරු බන්, ගැලපෙන්නෙ නෑ කියලා බැදපු උන් හොදට ඉන්නවා, ලමයි හම්බවෙන්නෙ නෑ කියපු උන්ට ලමයි ඉන්නවා, බැන්දොත් එක්කෙනෙක් මැරෙයි කියපු උනුත් ඔය තාම හොදට ඉන්නෙ, ඔය මම දන්න එෂංප්ලෙස් 3ක්, තව ඇති ඕනි තරම්. ඕක මහ කාලකන්න්ණි business එකක්. කරන උන්ට හෙන ගහල මදි",0.8428
@USER  @USER    අහ් එහෙනම් පාඩුවෙ ඉන්න..ඔයාල හෙන පොස්..අපි නිකම් ගොඩයො..හරිනෙහ්.අර උබේ අක්කට පොඩ්ඩක් කට වහන් ඉන්න කියහන්කො..ටොයිලට් එකක්නෙ.කොහෙවත් යන මගුලකට පැනල දෙන්නෙ,අහ් එහෙනම් පාඩුවෙ ඉන්න..ඔයාල හෙන පොස්..අපි නිකම් ගොඩයො..හරිනෙහ්.අර උබේ අක්කට පොඩ්ඩක් කට වහන් ඉන්න කියහන්කො..ටොයිලට් එකක්නෙ.කොහෙවත් යන මගුලකට පැනල දෙන්නෙ,0.8428
"නින්ද යන්නෙ නෑ පරණ කෑල්ලට මැසේජ් එකක් දාලා ""තොට හෙන ගහපන්"" කියලා බයින්න හිතෙනවා","නින්ද යන්නෙ නෑ පරණ කෑල්ලට මැසේජ් එකක් දාලා ""තොට හෙන ගහපන්"" කියලා බයින්න හිතෙනවා",0.8424
එන්න එන්න කටට රසට කන්න,එන්න එන්න කටට රසට කන්න,0.8423
ලේන් තඩි පුවක් වැඩිය උස යන්නේ නැති හුරුබුහුටි පුවක් ගස් වර්ගයක්. ගෙඩි හැදෙනකාලෙට හරි ලස්සනයි. ඒ කාලෙට  කුරුල්ලෝ එනවා හරියට මේ ගෙඩි කන්න. සමහරු මේවගේ පොත්තත් කනවා. මේ නම හැරුණුකොට මේ පුවක් වලට කියන තව නම් තියෙනවද මේවා මොන වගේ  දේවල්වලටද පාවිච්චියට ගන්නේ කියලා දන්න අය ඉන්නවද ?,ලේන් තඩි පුවක් වැඩිය උස යන්නේ නැති හුරුබුහුටි පුවක් ගස් වර්ගයක්. ගෙඩි හැදෙනකාලෙට හරි ලස්සනයි. ඒ කාලෙට කුරුල්ලෝ එනවා හරියට මේ ගෙඩි කන්න. සමහරු මේවගේ පොත්තත් කනවා. මේ නම හැරුණුකොට මේ පුවක් වලට කියන තව නම් තියෙනවද මේවා මොන වගේ දේවල්වලටද පාවිච්චියට ගන්නේ කියලා දන්න අය ඉන්නවද ?,0.8423
යකෝ මේ යොදිගේ සූවඳ විලවූන් collection එක අදනේ දැක්කේ. යකෝ කඩපූ නැති ඒවත් තියෙනවා. අහිංසක මට තියෙන්නේ ඒකනේ. තනියෙන් වයිෆ්ව shopping අරින්න හොඳ නෑ,යකෝ මේ යොදිගේ සූවඳ විලවූන් collection එක අදනේ දැක්කේ. යකෝ කඩපූ නැති ඒවත් තියෙනවා. අහිංසක මට තියෙන්නේ ඒකනේ. තනියෙන් වයිෆ්ව shopping අරින්න හොඳ නෑ,0.8423
@USER අනේ මේ ගිහින් වැඩක් බලාගනින්. ගිහින් මොනවහරි කෑමක් හදල විකුණලා කීයක් හරි හොයාගන්න බලපන්. උඹ හම්බකරොත් උඹ කනවා. උඹල වගේ පුණ්ඩ හැත්ත රටටම සාපයක්,අනේ මේ ගිහින් වැඩක් බලාගනින්. ගිහින් මොනවහරි කෑමක් හදල විකුණලා කීයක් හරි හොයාගන්න බලපන්. උඹ හම්බකරොත් උඹ කනවා. උඹල වගේ පුණ්ඩ හැත්ත රටටම සාපයක්,0.8423
මේ පාර තමා මම සිස්සත්තේ කරන්නේ.  හිකි හුක හිකි  මේ චන්දු ඵපයා මට කුනුඅලප උගන්නනවා ධාතූසේන ලැජ්ජ නැද්ද මම වගේ පොඩි එකෙක්ට කුනුඅලප කියන්නේ.හිකි හුක හිකි මහත්තයා මේ ඇට දෙක මිරි කරන්න එපා මේ එහෙම එන්න මහත්තයා හිකි හිකි හිකි පොන්න වැඩ හිකි හිකි හිකි 🅒🅗🅐🅝🅓🅤 @USER  · 1 Aug 2020  @USER තෝ පලප්ඵකයා,මේ පාර තමා මම සිස්සත්තේ කරන්නේ. හිකි හුක හිකි මේ චන්දු ඵපයා මට කුනුඅලප උගන්නනවා ධාතූසේන ලැජ්ජ නැද්ද මම වගේ පොඩි එකෙක්ට කුනුඅලප කියන්නේ.හිකි හුක හිකි මහත්තයා මේ ඇට දෙක මිරි කරන්න එපා මේ එහෙම එන්න මහත්තයා හිකි හිකි හිකි පොන්න වැඩ හිකි හිකි හිකි 🅒🅗🅐🅝🅓🅤 · 1 ඖග් 2020 තෝ පලප්ඵකයා,0.8423
මිදි කොහෙද තිත්ත නරි දන්න හුත්ත  Nimila Hiranya @USER  · 14 Feb 2021 Only two modes.,මිදි කොහෙද තිත්ත නරි දන්න හුත්ත නිමිල හිරන්‍ය · 14 ෆෙබ් 2021 Only two මොදෙස්,0.8423
"පකේ ආණ්ඩුව නෙමෙයි යකෝ, පකේ my3! ඌ තමයි නම් කරන්න ඕනේ. ඌට දන්නලා තියෙද්දි තව ලපන් ගහනවා පකයා!! Nɐlin K. @USER  · 24 Apr 2019 ත්‍රස්ථ ප්‍රහාරයෙන් දවස් 3ක් වෙලත් ""තවුහීද් ජමාත්"" ත්‍රස්තවාදි සංවිධානයක් කියලා නම් කරන්න බැරි පකේ ආණ්ඩුව","පකේ ආණ්ඩුව නෙමෙයි යකෝ, පකේ my3! ඌ තමයි නම් කරන්න ඕනේ. ඌට දන්නලා තියෙද්දි තව ලපන් ගහනවා පකයා!! නɐලින් ක් · 24 අප‍ 2019 ත්‍රස්ථ ප්‍රහාරයෙන් දවස් 3ක් වෙලත් ""තවුහීද් ජමාත්"" ත්‍රස්තවාදි සංවිධානයක් කියලා නම් කරන්න බැරි පකේ ආණ්ඩුව",0.8422
@USER අැයි බඩට අාව ළමයට human rights කියල අටමගලයක් නැද්ද? මේකෙ ඉන්න උන් හිතන් ඉන්නෙ සුද්දගෙ රටේ හැම පු#ටම අාවඩන එකා පොස් කියල. යකුනේ තොපි දන්නවද ලමයි නැති කී දාහක් clinic ගානෙ දුක් විඳිනවද දරු පැටියෙක් හදාගන්න බැරුව කියල? මොන විදියකින් හරි දරුවෙක් බඩට අාවොත් එ්කව අාරක්ෂිව ගබිසා නොකර,අැයි බඩට අාව ළමයට human රිඝ්ට්ස් කියල අටමගලයක් නැද්ද? මේකෙ ඉන්න උන් හිතන් ඉන්නෙ සුද්දගෙ රටේ හැම පු#ටම අාවඩන එකා පොස් කියල. යකුනේ තොපි දන්නවද ලමයි නැති කී දාහක් clinic ගානෙ දුක් විඳිනවද දරු පැටියෙක් හදාගන්න බැරුව කියල? මොන විදියකින් හරි දරුවෙක් බඩට අාවොත් එ්කව අාරක්ෂිව ගබිසා නොකර,0.8422
මිනිස්සුන්ට දරාගන්න අමාරු තනි වෙන එක නෙමෙ තනි උනහම මතක් වෙන එක _______,මිනිස්සුන්ට දරාගන්න අමාරු තනි වෙන එක නෙමෙ තනි උනහම මතක් වෙන එක _______,0.8421
@USER  පින්සල වගේ හිටියට මේකී හොදට බත් එකට වැනුව යකෝ #RanaViruMeetup,පින්සල වගේ හිටියට මේකී හොදට බත් එකට වැනුව යකෝ රණවිරුමීටුප්,0.8418
උඹ පිදුරු දාන්නැතුව ඉදපං.. ටහුකන්ඩ යස්සය,උඹ පිදුරු දාන්නැතුව ඉදපං.. ටහුකන්ඩ යස්සය,0.8418
එක්කො මෙකිට සුද්දෙක් පුකේ ඇරල. නැත්තං මේකි ඩිල්ඩො එකක් දාල සුද්දෙක්ට ඇරල.... යකෝ මෙච්චර වෙලා අපූරුවට සිංහල කතා කරනේ මාත් එක්ක,එක්කො මෙකිට සුද්දෙක් පුකේ ඇරල. නැත්තං මේකි ඩිල්ඩො එකක් දාල සුද්දෙක්ට ඇරල.... යකෝ මෙච්චර වෙලා අපූරුවට සිංහල කතා කරනේ මාත් එක්ක,0.8418
තිලාගෙ පුක කන්න හිතිලා තියෙන්නෙ..කැරිම වස්තියක් ඒක නම්,තිලාගෙ පුක කන්න හිතිලා තියෙන්නෙ..කැරිම වස්තියක් ඒක නම්,0.8418
"@USER හොඳ පැත්තක්.  මෙහෙම හිතහං, මේ කන කටු *ගොඩක්* කන්නේ, ඒ කටු කෑවේ නැත්තං මැරෙන නිසා නෙවෙයි ද?  මොනා කළත් උඹ මැරෙන්නේ නෑ කියලා උඹ දන්නවා නං?","හොඳ පැත්තක්. මෙහෙම හිතහං, මේ කන කටු *ගොඩක්* කන්නේ, ඒ කටු කෑවේ නැත්තං මැරෙන නිසා නෙවෙයි ද? මොනා කළත් උඹ මැරෙන්නේ නෑ කියලා උඹ දන්නවා නං?",0.8418
දවල්ට කන්න බෑ අප්පච්චි #GenElecSL . . . . . . . . . . . . . . . . . . . අම්ම තාම උයල නෑ,දවල්ට කන්න බෑ අප්පච්චි ගෙනෙලේච්ස්ල් . . . . . . . . . . . . . . . . . . . අම්ම තාම උයල නෑ,0.8418
උඹ දුවන්නෙම දුර  හිත හොයන්නෙම උඹ . වෙනමුකුත් නෙමේ මැණික.. ඉත්තෑව ඉන්නෙ පුකේ  මැද .  #ඉත්තෑවා #හිකේපත,උඹ දුවන්නෙම දුර හිත හොයන්නෙම උඹ . වෙනමුකුත් නෙමේ මැණික.. ඉත්තෑව ඉන්නෙ පුකේ මැද . #ඉත්තෑවා #හිකේපත,0.8418
@USER මචන් අයියේ..උබ බොට්ටුවක් හදන් ලොකේ වටෙ පලයන්..ලොකේ ගැට්ටක් හොයා ගන්න පුළුවන් වෙයි..ගැනියෙක් එක්ක ජිවිත කාලෙම හිටපන්..එත් එ ගැනි තෙරුන් ගන්න උබටත් බැරිවෙයි..මොල් ගහෙ දලු එනවා විශ්වාස කරපන්..කලු කපුටා සුදු වෙනවා විශ්වාස කරපන්..එත් ගැනියෙක්ගෙ හිත විශ්වාස කරන්න එපා...,මචන් අයියේ..උබ බොට්ටුවක් හදන් ලොකේ වටෙ පලයන්..ලොකේ ගැට්ටක් හොයා ගන්න පුළුවන් වෙයි..ගැනියෙක් එක්ක ජිවිත කාලෙම හිටපන්..එත් එ ගැනි තෙරුන් ගන්න උබටත් බැරිවෙයි..මොල් ගහෙ දලු එනවා විශ්වාස කරපන්..කලු කපුටා සුදු වෙනවා විශ්වාස කරපන්..එත් ගැනියෙක්ගෙ හිත විශ්වාස කරන්න එපා...,0.8418
මචං  @USER    මෙන්න මේ සක්කිලි ගති සිරිත් අත් අරින්න කියලා උන්ට උඹලගේ community heads ලා කිව්වා නම් Forced cremations ගැන worry වෙන්නේ නැතුව අපිට මේ කෝවිඩ් මොනාහරි කරගන්න තිබුනා.  ඒක ගැනම කියවන උන්ට මේක පේන්නේ නැති එක තමයි මගේ අවුල. දැන්වත් තේරුම් ගන්න ֆɦǟռ... @USER  · 22 Dec 2020  @USER,මචං මෙන්න මේ සක්කිලි ගති සිරිත් අත් අරින්න කියලා උන්ට උඹලගේ community හෙඅඩ්ස් ලා කිව්වා නම් Forced ක්රෙමතිඔන්ස ගැන worry වෙන්නේ නැතුව අපිට මේ කෝවිඩ් මොනාහරි කරගන්න තිබුනා. ඒක ගැනම කියවන උන්ට මේක පේන්නේ නැති එක තමයි මගේ අවුල. දැන්වත් තේරුම් ගන්න ֆɦǟռ · 22 දෙක් 2020,0.8418
බූට් කෑවා වගේ නෙවෙයි මහත්තයො බඩේ අමාරු හැදුණම,බූට් කෑවා වගේ නෙවෙයි මහත්තයො බඩේ අමාරු හැදුණම,0.8418
කාන්ති ඇන්ටිගෙ දූගෙ හක්ක පැනල හක්ක දාපු වෙදා කිව්වලු හකු ඇට ගෙවිල මීට පස්සෙ වැඩිය කතාකරන්න එහෙම එපා කියල දැන් ඒකි කන්න විතරයිලු කට අරින්නෙ  බෙලිකටු මල්ල ඔහේ හොල්ලන අම්මණ්ඩිලට මේව හොඳ පාඩම්!,කාන්ති ඇන්ටිගෙ දූගෙ හක්ක පැනල හක්ක දාපු වෙදා කිව්වලු හකු ඇට ගෙවිල මීට පස්සෙ වැඩිය කතාකරන්න එහෙම එපා කියල දැන් ඒකි කන්න විතරයිලු කට අරින්නෙ බෙලිකටු මල්ල ඔහේ හොල්ලන අම්මණ්ඩිලට මේව හොඳ පාඩම්!,0.8418
බයියන්ට නං හැබැයි අමුතුවෙන් පුක දෙන්න දෙයක් නැ . උන් කොහොමත් දීගන තමයි ඉන්නෙ  Symbelmynë #RestoreTheSnyderverse @USER  · 10 Oct 2021 රට හදන්ඩ තුනෙන් දෙක ඉල්ලද්දි මම කිව්ව ගොබ්බ බයියොන්ට මුන් කවද හරි තුනෙන් තුනම ඉල්ලලා තමයි නවතින්නෙ කියල  #ජයගමු,බයියන්ට නං හැබැයි අමුතුවෙන් පුක දෙන්න දෙයක් නැ . උන් කොහොමත් දීගන තමයි ඉන්නෙ ස්යෙල්ම්ය්න රෙස්ටෝරෙතෙස්න්ය්දෙර්වේර්සේ · 10 ඔච්ට් 2021 රට හදන්ඩ තුනෙන් දෙක ඉල්ලද්දි මම කිව්ව ගොබ්බ බයියොන්ට මුන් කවද හරි තුනෙන් තුනම ඉල්ලලා තමයි නවතින්නෙ කියල #ජයගමු,0.8418
@USER නැති වෙයි. මොකද උඹව අරන් බේසමක් දෙන්න තරම් බඩු ලොරියේ එකා මෝඩ නෑ කියලා අම්මා දන්නවා.,නැති වෙයි. මොකද උඹව අරන් බේසමක් දෙන්න තරම් බඩු ලොරියේ එකා මෝඩ නෑ කියලා අම්මා දන්නවා.,0.8413
@USER mun දැන් පිරිලා.. FB eke... අවජාතක හැත්ත..,mun දැන් පිරිලා.. ෆ්බ් eke... අවජාතක හැත්ත..,0.8413
'වදින තැනකට  කඩාගෙන පලයන්! 󾍘 URL,'වදින තැනකට කඩාගෙන පලයන්! 󾍘 උර්ල්,0.8413
අද මීගමුව ට්‍රේන් එකේ මගෙ අවට හිටපු තුන් දෙනෙක් මාස්ක් එක පහත් කරලා කැහැලා ආයේ මාස්ක් එක දාගත්තා.මුන්ට ඔලු තියෙන්නෙ කදේ පාළුව මැකෙන්න නදකින් වසූරිය හැදෙන්න ඕනෙ වේස කඳන්.!,අද මීගමුව ට්‍රේන් එකේ මගෙ අවට හිටපු තුන් දෙනෙක් මාස්ක් එක පහත් කරලා කැහැලා ආයේ මාස්ක් එක දාගත්තා.මුන්ට ඔලු තියෙන්නෙ කදේ පාළුව මැකෙන්න නදකින් වසූරිය හැදෙන්න ඕනෙ වේස කඳන්.!,0.8413
අර අපේ ගෙදරට ඉස්සරහා ගෙදර Covid හැදුණු කෙනාට අමාරු වෙලා කියලා ආරංචි යි.  පවු ඒ මනුස්සය හිටපු principal කෙනෙක් හරිම හොද කෙනෙක්. අපි කෑම දාන්නෙ ඒ ගෙදර බල්ලටයි පූසො දෙන්නටයි.,අර අපේ ගෙදරට ඉස්සරහා ගෙදර Covid හැදුණු කෙනාට අමාරු වෙලා කියලා ආරංචි යි. පවු ඒ මනුස්සය හිටපු principal කෙනෙක් හරිම හොද කෙනෙක්. අපි කෑම දාන්නෙ ඒ ගෙදර බල්ලටයි පූසො දෙන්නටයි.,0.8413
@USER  @USER එල්ලෙන්න ගහකට ලනුව දැම්මා. ඒ අත්තේ තඩි පොලගෙක්. තව ටිකෙන් මැරෙනවා මං.,එල්ලෙන්න ගහකට ලනුව දැම්මා. ඒ අත්තේ තඩි පොලගෙක්. තව ටිකෙන් මැරෙනවා මං.,0.8413
"අද අපේ නැන්ද කෙනෙක් ""මේ ලමයගෙ කොණ්ඩෙ කප්පවන්නැද්ද,පේන්නැද්ද හැටි.නිදාගෙන ඉද්දි කපල දාන්න තියෙන්නෙ"" ගාගෙන ආවා අපෙ අම්මට; අම්ම කියපි ""කොල්ල කොණ්ඩෙ වවල ඉද්දි ලස්සනයි"" කියල  Bravo Amma Bravo!","අද අපේ නැන්ද කෙනෙක් ""මේ ලමයගෙ කොණ්ඩෙ කප්පවන්නැද්ද,පේන්නැද්ද හැටි.නිදාගෙන ඉද්දි කපල දාන්න තියෙන්නෙ"" ගාගෙන ආවා අපෙ අම්මට; අම්ම කියපි ""කොල්ල කොණ්ඩෙ වවල ඉද්දි ලස්සනයි"" කියල Bravo Amma Bravo!",0.8413
ටාහිර්ටම විකට් යනවනෙ රෙද්ද  Dikka gone!  #SAvSL,ටාහිර්ටම විකට් යනවනෙ රෙද්ද දික්ක gone! සව්ස්ල්,0.8413
කියල වැඩක් නෑ .....  ඕකට සතා මරන්නම ඕනියැ ගහල එලවන්න තිබුනනෙ.... කාලකණ්ණි මිනිහට,කියල වැඩක් නෑ ..... ඕකට සතා මරන්නම ඕනියැ ගහල එලවන්න තිබුනනෙ.... කාලකණ්ණි මිනිහට,0.8413
@USER  @USER ගෝපිගෙ වද පුංචි අම්මගෙ දුවව සෙට් කරන්න යන්නෙ බොට.. ඉතිං ඒකි පොඩ්ඩක් කහගත්තම මක් වෙනවද..?,ගෝපිගෙ වද පුංචි අම්මගෙ දුවව සෙට් කරන්න යන්නෙ බොට.. ඉතිං ඒකි පොඩ්ඩක් කහගත්තම මක් වෙනවද..?,0.8413
@USER  @USER රනිල්ගේ ලැට් හෝදලා දැන් සුද්දන් ගේ ලැට්වල අසුචි කකා හිටපිය රනිල්ගේ ගල කොල්ලා තොගේ තාත්තා තොට කියන්නෙ අවජාතකයා කියලා නේද නැත්තම් තෝ රනිල්ගේ පයිය කකා ඉඳීයිද අවලම් බල්ලා,රනිල්ගේ ලැට් හෝදලා දැන් සුද්දන් ගේ ලැට්වල අසුචි කකා හිටපිය රනිල්ගේ ගල කොල්ලා තොගේ තාත්තා තොට කියන්නෙ අවජාතකයා කියලා නේද නැත්තම් තෝ රනිල්ගේ පයිය කකා ඉඳීයිද අවලම් බල්ලා,0.8413
@USER ඔව් ඔව් උඹ වලියකට පයින්න ගිහින් කොර ගත්ත හරිය මතකයි. Gang rape වෙලා නැවතුනේ,ඔව් ඔව් උඹ වලියකට පයින්න ගිහින් කොර ගත්ත හරිය මතකයි. Gang rape වෙලා නැවතුනේ,0.8408
@USER දැන් ඕක දැක්කම කෑල්ල උබේ නූල නෙවෙයි අන්ග ජාතෙම කඩලා දෙයි සුදූ @USER  @USER  @USER,දැන් ඕක දැක්කම කෑල්ල උබේ නූල නෙවෙයි අන්ග ජාතෙම කඩලා දෙයි සුදූ,0.8408
සහන් වගේ කටට ගහන කොල්ලෙක් නම් හා..  අහ් නෑ..කට්ට කට්ට,සහන් වගේ කටට ගහන කොල්ලෙක් නම් හා.. අහ් නෑ..කට්ට කට්ට,0.8408
"රජිව් ගොබ්බයෝ, තොගෙ ලබ්බෙ සමාජ විප්ලවේ කොරන්න ගිහිං කෙළවගෙන අඩි හයක් යටට ගියපු නිසා අන්න තොගෙ ගෑණි විඳවනවා. බොට සමාජෙ ගැන ඔච්චර කැක්කුමක් තිබ්බ නං තනියෙං ඉඳං කරන්න තිබ්බනෙ, මී හරකා. වෙන ජීවිත මේවට පටලවගෙන උංට දුක් දෙන්නෙ. කාලකණ්නි බල්ලා.  #Sahodaraya","රජිව් ගොබ්බයෝ, තොගෙ ලබ්බෙ සමාජ විප්ලවේ කොරන්න ගිහිං කෙළවගෙන අඩි හයක් යටට ගියපු නිසා අන්න තොගෙ ගෑණි විඳවනවා. බොට සමාජෙ ගැන ඔච්චර කැක්කුමක් තිබ්බ නං තනියෙං ඉඳං කරන්න තිබ්බනෙ, මී හරකා. වෙන ජීවිත මේවට පටලවගෙන උංට දුක් දෙන්නෙ. කාලකණ්නි බල්ලා. සහෝදරයා",0.8408
ප්‍රය්වෙට් ගෲප්වලදි ලොකු පොරවල්..- ඒකි ඒකිගෙ බඩපුකතන් ලීක් ක්ලිප් හොයනවා  ප්‍රසිද්ධ තැංවල: අම්මෝහ් උන්ගෙ පැනිය ..,ප්‍රය්වෙට් ගෲප්වලදි ලොකු පොරවල්..- ඒකි ඒකිගෙ බඩපුකතන් ලීක් ක්ලිප් හොයනවා ප්‍රසිද්ධ තැංවල: අම්මෝහ් උන්ගෙ පැනිය ..,0.8408
@USER  @USER  37 others රෝසා පොල්ල ගෙනෙන් බල්ලා මරන්න.. අනෙ රෝසා පොල්ල ගෙනෙන් බල්ලා මරන්න. @USER,37 ඔතෙර්ස් රෝසා පොල්ල ගෙනෙන් බල්ලා මරන්න.. අනෙ රෝසා පොල්ල ගෙනෙන් බල්ලා මරන්න.,0.8408
"බල්ලෙක් බිරුවට කන්දක් පාත් වන්නේ නැත නමුත් බල්ලාගේ තියෙන බලු ගතියට ඌ කන්ද උඩ රෙන එකට නම් පිලියමක් යෙදිය යුතුමය..  ""කකුල් දෙකේ එකෙක් ඈ""","බල්ලෙක් බිරුවට කන්දක් පාත් වන්නේ නැත නමුත් බල්ලාගේ තියෙන බලු ගතියට ඌ කන්ද උඩ රෙන එකට නම් පිලියමක් යෙදිය යුතුමය.. ""කකුල් දෙකේ එකෙක් ඈ""",0.8408
යාලුවො කියන වේස එඋන් ට පුකේ ඇරගන්න ආස වෙලා නැමුනහම අපි පුකේ ඇරලදෙනවා අපිට පුකේ ඇරගන්න ආස වෙලා අපිනැමෙද්දි අපිිිට... URL,යාලුවො කියන වේස එඋන් ට පුකේ ඇරගන්න ආස වෙලා නැමුනහම අපි පුකේ ඇරලදෙනවා අපිට පුකේ ඇරගන්න ආස වෙලා අපිනැමෙද්දි අපිිිට... උර්ල්,0.8408
@USER අඩෝ අර alarm වැදිලා අම්ම දැනගත්ත  එක  මතකද ඒක.,අඩෝ අර alarm වැදිලා අම්ම දැනගත්ත එක මතකද ඒක.,0.8408
උණක් හැදිල රෙද්ද ගෙදර ආවා කියලා අඩියක් ගහන්න යන්න නෑනේ. උණ  තෝ නම් හෙනම වාතයක් අයිසේ,උණක් හැදිල රෙද්ද ගෙදර ආවා කියලා අඩියක් ගහන්න යන්න නෑනේ. උණ තෝ නම් හෙනම වාතයක් අයිසේ,0.8408
අධ්‍යාපනයේ අයිතිය ඉල්ලු සිසුන්ට ගහද්දී අහක බැලූ හොරුන්/ වතුර ඉල්ලපු මිනිස්සුන්ට එලව එලවා වෙඩි තබද්දී කට පුක... URL,අධ්‍යාපනයේ අයිතිය ඉල්ලු සිසුන්ට ගහද්දී අහක බැලූ හොරුන්/ වතුර ඉල්ලපු මිනිස්සුන්ට එලව එලවා වෙඩි තබද්දී කට පුක... උර්ල්,0.8408
"@USER  @USER අම්ම නන්ගි දෙන උබ නම් ඒසේ මෙසේ වහ්ලෙක් නෙමෙයි...තූ නොදකින්,නන්ගි දීපන් ඒත් අම්ම,","අම්ම නන්ගි දෙන උබ නම් ඒසේ මෙසේ වහ්ලෙක් නෙමෙයි...තූ නොදකින්,නන්ගි දීපන් ඒත් අම්ම,",0.8408
අපේ සමහර වැඩත් නිකන් taylor swift ගේ පුක වගේ ඇත්තෙත් නෑ හැබැයි පෙන්නනවා. #officelife,අපේ සමහර වැඩත් නිකන් ටය්ලෝර් swift ගේ පුක වගේ ඇත්තෙත් නෑ හැබැයි පෙන්නනවා. ඔෆ්ෆිචෙලිෆේ,0.8408
අතට දුන්න එක කටට දාගත්තේ නැහැනේ #SLvPAK #CT17,අතට දුන්න එක කටට දාගත්තේ නැහැනේ ස්ල්ව්පක් #CT17,0.8408
@USER @USER  @USER  @USER  @USER  @USER  @USER  අම්ම දන්නවනං මේකේ කරන දේවල් උඹට මඩු වලිගෙං තලන්නේ,අම්ම දන්නවනං මේකේ කරන දේවල් උඹට මඩු වලිගෙං තලන්නේ,0.8403
දැන් ඉතින් සල්ලි තියෙන පොසත් උබ සල්ලි වලට උබේ තත්වෙට මොකද කරන්නේ..?ඉගෙන ගත්ත උන් උබලගේ උගත් කමට මොකද කරන්නේ..?ලස්සන රූපේ ඇග පත එකට මොකද කරන්නේ..?කොරොනා හැදිලා මැරෙන්න නේ ඉන්නේ දැන් උබලා ඇත්තටම මොකද කරන්නේ මාත් ආසයි දැන ගන්න මෝඩ ජෝක් එකක් වගේ නේද? ඔව් උබලා අපී හැමෝම,දැන් ඉතින් සල්ලි තියෙන පොසත් උබ සල්ලි වලට උබේ තත්වෙට මොකද කරන්නේ..?ඉගෙන ගත්ත උන් උබලගේ උගත් කමට මොකද කරන්නේ..?ලස්සන රූපේ ඇග පත එකට මොකද කරන්නේ..?කොරොනා හැදිලා මැරෙන්න නේ ඉන්නේ දැන් උබලා ඇත්තටම මොකද කරන්නේ මාත් ආසයි දැන ගන්න මෝඩ ජෝක් එකක් වගේ නේද? ඔව් උබලා අපී හැමෝම,0.8403
"@USER තාව ටික දවසක් යද්දි දායි ද දන්නැ ටටියානායි , ලිමිනි යටට අදින බෙරේසියර් එකයි පැන්ටි එකයි රත්තරං ඔබ්බලා තියෙනවා කියලා..අනේ අම්මෝ මෙහෙමත් මෝඩ හුකන්නලා..","තාව ටික දවසක් යද්දි දායි ද දන්නැ ටටියානායි , ලිමිනි යටට අදින බෙරේසියර් එකයි පැන්ටි එකයි රත්තරං ඔබ්බලා තියෙනවා කියලා..අනේ අම්මෝ මෙහෙමත් මෝඩ හුකන්නලා..",0.8403
තඩි හම්බ මරක්කයන් එහෙම තමා.ජාතියක් ජම්මයක් නැහැ.බොරැව කපටිකම වන්චාව මුලාව.පර හැත්ත.මට පේන්නම බැහැ,තඩි හම්බ මරක්කයන් එහෙම තමා.ජාතියක් ජම්මයක් නැහැ.බොරැව කපටිකම වන්චාව මුලාව.පර හැත්ත.මට පේන්නම බැහැ,0.8403
කෙලවනවා නම් කෙලවිලා හැදි ගෑවිලා හිකවිලා හුක හුකෑස් වෙලා නන්තාර වෙලා නැතිම වෙලා යන්ඩම කෙලවන්න ඕන. නියපොත්තක වත් පන ඉතිරි කරන්නෙ නැතුව.,කෙලවනවා නම් කෙලවිලා හැදි ගෑවිලා හිකවිලා හුක හුකෑස් වෙලා නන්තාර වෙලා නැතිම වෙලා යන්ඩම කෙලවන්න ඕන. නියපොත්තක වත් පන ඉතිරි කරන්නෙ නැතුව.,0.84
සම හරකුන්ගේ කතන්දර දකිනා විට පුකෙන් සිනා යන්නේය.   උන්ගේ හක්කේ බුදුරැස් බොක්කේ දඩමස් දන්නේනම් පුක පිළිබද ආසාව අත්හැර ගතයුතුය.  මියුට්ඔප්සම පාවිච්චි නොකරන්නේ නම් පුක පොලවේ ගසාගතයුතුය.  පුක පිළිබද ආසාවක් ඇත්නම් එවන් හැමිනේශියන් සියල්ලටම මියුට්ඔප්සම භාවිතා කිරීම ඵුක්ක සෞක්කියට හොදය.,සම හරකුන්ගේ කතන්දර දකිනා විට පුකෙන් සිනා යන්නේය. උන්ගේ හක්කේ බුදුරැස් බොක්කේ දඩමස් දන්නේනම් පුක පිළිබද ආසාව අත්හැර ගතයුතුය. මියුට්ඔප්සම පාවිච්චි නොකරන්නේ නම් පුක පොලවේ ගසාගතයුතුය. පුක පිළිබද ආසාවක් ඇත්නම් එවන් හැමිනේශියන් සියල්ලටම මියුට්ඔප්සම භාවිතා කිරීම ඵුක්ක සෞක්කියට හොදය.,0.8398
මේ හුත්තිගෙ පුතාලා කෑලේ කපලා ඉන්න බෑ ගින්දර වගෙ රස්නෙයි ඒ අස්සෙන් කරන්ට් එකත් කපලා අනේ හුකේ උබලගෙ පොන්න ආන්ඩුව... URL,මේ හුත්තිගෙ පුතාලා කෑලේ කපලා ඉන්න බෑ ගින්දර වගෙ රස්නෙයි ඒ අස්සෙන් කරන්ට් එකත් කපලා අනේ හුකේ උබලගෙ පොන්න ආන්ඩුව... උර්ල්,0.8398
මට තියනවා හොඳ පුරුද්දක්   කෙල්ලෙක් මූණට හම්බ වෙද්දි බිම බලාගෙන ගිහින්   ඒකි පහු උන ගමන් සෙනිකව හැරිලා පස්ස බලන කැත පුරුද්දක් එක්ක   #මගේහැදියාව  #මූනේතියෙනලස්සනඒපස්සේතිබ්බනම්,මට තියනවා හොඳ පුරුද්දක් කෙල්ලෙක් මූණට හම්බ වෙද්දි බිම බලාගෙන ගිහින් ඒකි පහු උන ගමන් සෙනිකව හැරිලා පස්ස බලන කැත පුරුද්දක් එක්ක #මගේහැදියාව #මූනේතියෙනලස්සනඒපස්සේතිබ්බනම්,0.8398
කතරගම නෙ යකො2  කෑලි ඉන්නෙ....බඩුව කියන්නෙ නෑ ඉතින්  ඉම්බොක්ස්  මැසෙජ් එකක් දැම්මෙ අදුර ගන්න නම්කී...ඔයා එක්ක හැමිනෙන්න නෙවෙ ...බහුකාපන්  කැරි වෙසී,කතරගම නෙ යකො2 කෑලි ඉන්නෙ....බඩුව කියන්නෙ නෑ ඉතින් ඉම්බොක්ස් මැසෙජ් එකක් දැම්මෙ අදුර ගන්න නම්කී...ඔයා එක්ක හැමිනෙන්න නෙවෙ ...බහුකාපන් කැරි වෙසී,0.8398
"@USER ,  @USER  @USER මේ පුක මගේ පුක  පඩින රෙවෙන පුක  මගේම කළු පුක",", මේ පුක මගේ පුක පඩින රෙවෙන පුක මගේම කළු පුක",0.8398
හැමනෙන්න හුකන්නැතුව ඕක නවත්තපන් පයිය.. ගොටුකොළ පොන්නයොයි තුත්තිරි වේසාවියොයි මේ හුත්තේ වලි දාගෙන..,හැමනෙන්න හුකන්නැතුව ඕක නවත්තපන් පයිය.. ගොටුකොළ පොන්නයොයි තුත්තිරි වේසාවියොයි මේ හුත්තේ වලි දාගෙන..,0.8398
හොඳවෙලාවට යුද්දේ නිමාකරන්න රාජපක්ශ මහත්තය හිටියේ මුං ඇවොන්ගාඩ් එකේ පුක ලෙවකන්නා වගේ හිටියනං කොටියො මට ගේමදීලා මගෙ සොහොනෙත් ගස් පැලවෙලා #lka,හොඳවෙලාවට යුද්දේ නිමාකරන්න රාජපක්ශ මහත්තය හිටියේ මුං ඇවොන්ගාඩ් එකේ පුක ලෙවකන්නා වගේ හිටියනං කොටියො මට ගේමදීලා මගෙ සොහොනෙත් ගස් පැලවෙලා ලක,0.8398
@USER මන් පොඩ්ඩක් පුක කලු කරල දැම්මෙ.. උබ අදුර ගන්නැතිවෙයි කියල හිතල කොහෙද ඉතින් උබ අදුර ගත්තනෙ,මන් පොඩ්ඩක් පුක කලු කරල දැම්මෙ.. උබ අදුර ගන්නැතිවෙයි කියල හිතල කොහෙද ඉතින් උබ අදුර ගත්තනෙ,0.8398
වාල් මිකී.. කියන්නෙ #වල් සතෙක්ද,වාල් මිකී.. කියන්නෙ #වල් සතෙක්ද,0.8398
@USER තොට ගහනවා මඩු වලිගෙන් වන් ඩවුන් නෙමෙයි   @USER  @USER  @USER  @USER  @USER  @USER  @USER,තොට ගහනවා මඩු වලිගෙන් වන් ඩවුන් නෙමෙයි,0.8398
පරහැත්ත තොපි කොටි තොපිට පුළුවන්ද අපිව එලවන්න තොගෙ හොම්බ තලනවා මං විල්පත්තුවට නඩු දාපියවු  - URL URL,පරහැත්ත තොපි කොටි තොපිට පුළුවන්ද අපිව එලවන්න තොගෙ හොම්බ තලනවා මං විල්පත්තුවට නඩු දාපියවු - උර්ල් උර්ල්,0.8398
@USER ඔව් දෙයියො හෙන බලගතුයි .ඒත් ලමයි හම්බෙන්න හෙම දේවාල ගානෙ ගියාම ලැබෙන ලමයි දෙයියො වගෙ නෙමෙ..කපුවා වගෙ නේ..ඇයි ඒම?,ඔව් දෙයියො හෙන බලගතුයි .ඒත් ලමයි හම්බෙන්න හෙම දේවාල ගානෙ ගියාම ලැබෙන ලමයි දෙයියො වගෙ නෙමෙ..කපුවා වගෙ නේ..ඇයි ඒම?,0.8398
@USER හෙන ගොන් බන්  caption එකයි photo එකයි අඹ පුක දෙල් වගේ....,හෙන ගොන් බන් caption එකයි photo එකයි අඹ පුක දෙල් වගේ....,0.8398
කැරි වවුලෝ අඹ කඩලා වහලෙට ගහනවා.. ඒ අමන සද්දෙට ටෞකණ්ඩ ගැස්සෙනවා.. රෙද්ද! #තර්ඩ්වර්ල්ඩ්ප්රොබ්ලම්ස් #ඉදිච්චඅඹ... URL,කැරි වවුලෝ අඹ කඩලා වහලෙට ගහනවා.. ඒ අමන සද්දෙට ටෞකණ්ඩ ගැස්සෙනවා.. රෙද්ද! #තර්ඩ්වර්ල්ඩ්ප්රොබ්ලම්ස් #ඉදිච්චඅඹ... උර්ල්,0.8398
"@USER ,  @USER  @USER පලයන් පොන්න වෙසිගේපුතා යන්ට..!!! තොපි මේ රටේ කරුමෙට ජීවත්වෙන වහල්ලු.උබලයි අම්ම අප්පවත් හරි ජාතකයක් ඇති එවුන් නෙවෙයි; උනුත් වලව්වල අගුපිල්වල ලැගල තමයි තොපි ජාතක කොරල තියෙන්නේ..!!!",", පලයන් පොන්න වෙසිගේපුතා යන්ට..!!! තොපි මේ රටේ කරුමෙට ජීවත්වෙන වහල්ලු.උබලයි අම්ම අප්පවත් හරි ජාතකයක් ඇති එවුන් නෙවෙයි; උනුත් වලව්වල අගුපිල්වල ලැගල තමයි තොපි ජාතක කොරල තියෙන්නේ..!!!",0.8394
"@USER  @USER බිබිලෙ, ඩැනීගේ කුස්සියේ බං තියෙන්නේ, ගල!!!","බිබිලෙ, ඩැනීගේ කුස්සියේ බං තියෙන්නේ, ගල!!!",0.8394
@USER මුන්ට අලි පුක වෙන්න ඕනි මොකක් හරි අල්ලගෙන. ආතල් එකේ ඉදපන්කො නෙහ්,මුන්ට අලි පුක වෙන්න ඕනි මොකක් හරි අල්ලගෙන. ආතල් එකේ ඉදපන්කො නෙහ්,0.8394
ස' ආවා ඩලස් නුත් එක්කන්   සන්-තෝ-සයි,ස' ආවා ඩලස් නුත් එක්කන් සන්-තෝ-සයි,0.8394
"දෙයියනේ තොට තොගෙම හාල් කැවිලද බලපියව් මාව, කොණ්ඩෙ සුදු වෙනවා එන්න එන්න.. ස්තිරී පරාණයක් නැද්ද බෙහෙතකට හොයලා... URL","දෙයියනේ තොට තොගෙම හාල් කැවිලද බලපියව් මාව, කොණ්ඩෙ සුදු වෙනවා එන්න එන්න.. ස්තිරී පරාණයක් නැද්ද බෙහෙතකට හොයලා... උර්ල්",0.8394
බත කලා හුජ්ජ කරයි කුඹුරට ඔවා සුලු දේවල් ගරහන කාලේ සිවුරට  #kaizandamila,බත කලා හුජ්ජ කරයි කුඹුරට ඔවා සුලු දේවල් ගරහන කාලේ සිවුරට කෛළංදංඉල,0.8394
ඉණි කපපු දියේ ඉරක් ඇඳලා ගහෙන් වැටුණ මිනිහට ඇනපු ගොනා දියට වැටුණා වාගේ #ModernProverbs,ඉණි කපපු දියේ ඉරක් ඇඳලා ගහෙන් වැටුණ මිනිහට ඇනපු ගොනා දියට වැටුණා වාගේ මොදෙර්න්ප්රෝවෙර්බ්ස්,0.8394
@USER  @USER මට මැවිල පේනව කුරහං ගල කරකවනව වගේ අඹරනව,මට මැවිල පේනව කුරහං ගල කරකවනව වගේ අඹරනව,0.8394
@USER  @USER මේ ඔයා ගොන් උනාට ඔයාගේ මුණේ තියන හිලට මම හරි අසයි.,මේ ඔයා ගොන් උනාට ඔයාගේ මුණේ තියන හිලට මම හරි අසයි.,0.8394
අනේ පකේ චන්ඩි රොත්ත පිටින් එකතුවෙලා අහින්සක සික්කෙක් දෙන්නෙක් ඉන්න කඩ ගිණිතියල ජාතිය බේර ගත්තද දැං හුත්ත. මේ රටෙ අවුරුදු 10 න් 10ට හරියටම මේ වගේ ම්9කක් හරි මගුලක් වෙනව #ලකේපංකාව,අනේ පකේ චන්ඩි රොත්ත පිටින් එකතුවෙලා අහින්සක සික්කෙක් දෙන්නෙක් ඉන්න කඩ ගිණිතියල ජාතිය බේර ගත්තද දැං හුත්ත. මේ රටෙ අවුරුදු 10 න් 10ට හරියටම මේ වගේ ම්9කක් හරි මගුලක් වෙනව #ලකේපංකාව,0.8394
"""පැටී නැවතියං!! උඹ ඔය කොහෙද යන්නෙ?"" පැටීට මේවට උත්තර දිදී ඉන්න කාලයක් තිබ්බෙ නෑ. යුද්ධයක් කියන්නෙ යුද්ධයක්. එක්කො අපි මැරෙනවා, නැත්නං උං මැරෙනවා. දෙකෙං කොයික වුණත් එකයි. පැටී දැන් පාලනයෙන් තොරයි.  I just published ගුහා සටන:31 URL","""පැටී නැවතියං!! උඹ ඔය කොහෙද යන්නෙ?"" පැටීට මේවට උත්තර දිදී ඉන්න කාලයක් තිබ්බෙ නෑ. යුද්ධයක් කියන්නෙ යුද්ධයක්. එක්කො අපි මැරෙනවා, නැත්නං උං මැරෙනවා. දෙකෙං කොයික වුණත් එකයි. පැටී දැන් පාලනයෙන් තොරයි. ඉ just පුබ්ලිශේඩ් ගුහා සටන:31 උර්ල්",0.8394
@USER මම දන්නවා.. තෝ කවද්ද මගේ හොදක් කියන්නේ ටෞකණ්ඩ  @USER,මම දන්නවා.. තෝ කවද්ද මගේ හොදක් කියන්නේ ටෞකණ්ඩ,0.8389
බත් කන හරක්... කොහෙවත් ඉන්න කෙල්ලෙක්ගෙ මුණ දාල fake හදන්නෙ උඹලට පිස්සුද?   උඹලැයි නංගිලට හරි අක්කලට හරි කරානං මරු ඇති නෙහ්?   එක්කො ඒම කරපංකො...  අපිට බලන්න..  නෑ ඉතින් මේක කරන්න පුලුවන් නං ඒක කරන්න අමාරු නෑනෙ නෙහ්?,බත් කන හරක්... කොහෙවත් ඉන්න කෙල්ලෙක්ගෙ මුණ දාල fake හදන්නෙ උඹලට පිස්සුද? උඹලැයි නංගිලට හරි අක්කලට හරි කරානං මරු ඇති නෙහ්? එක්කො ඒම කරපංකො... අපිට බලන්න.. නෑ ඉතින් මේක කරන්න පුලුවන් නං ඒක කරන්න අමාරු නෑනෙ නෙහ්?,0.8389
"@USER ,  @USER  @USER මම නොදන්න පඩ ෂෝ ඒකිගේ අනෙක ඒකි බෞද්ධත් නෙවෙයි කවලම් බැල්ලියෙක්",", මම නොදන්න පඩ ෂෝ ඒකිගේ අනෙක ඒකි බෞද්ධත් නෙවෙයි කවලම් බැල්ලියෙක්",0.8389
දැන්වත් තොපි තේරුම් ගනිල්ලා  @USER  ගෙදර යවන්න කොටියත් එක්ක එකතු වෙලා හංස පුට්ටු ගහපු රගේ  @USER  #lka #srilanka  @USER  @USER,දැන්වත් තොපි තේරුම් ගනිල්ලා ගෙදර යවන්න කොටියත් එක්ක එකතු වෙලා හංස පුට්ටු ගහපු රගේ ලක ශ්‍රීලංකා,0.8389
"පොල් ගෙඩි දෙක අහුලපු දුවට...  පිදුරංගල කන්දෙදි පුක පෙන්නපු කොල්ලන්ට...  සීගිරියේ ආය කටුවෙන් කුරුටු ගාපු ගෑණු ළමයට දඬුවම් දුන්න නම්...  රාජසභා මණ්ඩපය කඩලා, මාස 6 යි...  කෝ දඩුවම්?  කෝ අත්අඩංගුවට ගැනීම්?","පොල් ගෙඩි දෙක අහුලපු දුවට... පිදුරංගල කන්දෙදි පුක පෙන්නපු කොල්ලන්ට... සීගිරියේ ආය කටුවෙන් කුරුටු ගාපු ගෑණු ළමයට දඬුවම් දුන්න නම්... රාජසභා මණ්ඩපය කඩලා, මාස 6 යි... කෝ දඩුවම්? කෝ අත්අඩංගුවට ගැනීම්?",0.8389
කිවුවේ බොරු ෆාදර් සිරිල් පිළිගෙන ඉවරයි. කටේ නරිවාදම් රෙද්ද පල්ලේ බේරනවා....  Watch : youtube.com කිවුවේ බොරු ෆාදර් සිරිල් පිළිගෙන ඉවරයි. කටේ නරිවාදම් රෙද්ද පල්ලේ... කිවුවේ බොරු ෆාදර් සිරිල් පිළිගෙන ඉවරයි. කටේ නරිවාදම් රෙද්ද පල්ලේ බේරනවා. මේක සුද්දගේ කොලනියද?,කිවුවේ බොරු ෆාදර් සිරිල් පිළිගෙන ඉවරයි. කටේ නරිවාදම් රෙද්ද පල්ලේ බේරනවා.... Watch : යෝඋටුබෙචොම් කිවුවේ බොරු ෆාදර් සිරිල් පිළිගෙන ඉවරයි. කටේ නරිවාදම් රෙද්ද පල්ලේ... කිවුවේ බොරු ෆාදර් සිරිල් පිළිගෙන ඉවරයි. කටේ නරිවාදම් රෙද්ද පල්ලේ බේරනවා. මේක සුද්දගේ කොලනියද?,0.8389
මේකිට පිස්සු හොල්මන කියන්නෙ නිකමටෑ...KM ගානක් ඈත උන්වත් අමුණල  කෝ යකෝ එතකුට ගම්පහ ම ඉන්න අර කොටා... URL This Tweet is unavailable.,මේකිට පිස්සු හොල්මන කියන්නෙ නිකමටෑ...KM ගානක් ඈත උන්වත් අමුණල කෝ යකෝ එතකුට ගම්පහ ම ඉන්න අර කොටා... උර්ල් This Tweet ඉස unavailable.,0.8389
@USER මෙවැනි කාලකන්නි වහාම පිටුවහල් කලයුතුයි,මෙවැනි කාලකන්නි වහාම පිටුවහල් කලයුතුයි,0.8388
@USER හෙනම ගහාලා අකැලුවලාම යන්න ඔන,හෙනම ගහාලා අකැලුවලාම යන්න ඔන,0.8386
@USER උඔට එන්ඩ කිව්වේ නෑ ... තෝ පල තොලොංචි වෙලා,උඔට එන්ඩ කිව්වේ නෑ ... තෝ පල තොලොංචි වෙලා,0.8384
@USER උබ කෙලෝ ගනින් පයිය කොට තම්බින්ට කියලා හුත්තියෝ,උබ කෙලෝ ගනින් පයිය කොට තම්බින්ට කියලා හුත්තියෝ,0.8384
"@USER දරුවා, තොගේ අග්ගලා ගෙඩි දෙකේ පයිය අරන් පල","දරුවා, තොගේ අග්ගලා ගෙඩි දෙකේ පයිය අරන් පල",0.8384
"තමන්ගේ ගෑනි ඉස්සරහවත් අඬන්නෙ නැති සමහරක් පිරිමි යාලුවෝ එක්ක ශොට් එකක් දාල ""උඹ මගේ එකා"" කියල බදාගෙන හොටු පෙරං අඬන්නේ","තමන්ගේ ගෑනි ඉස්සරහවත් අඬන්නෙ නැති සමහරක් පිරිමි යාලුවෝ එක්ක ශොට් එකක් දාල ""උඹ මගේ එකා"" කියල බදාගෙන හොටු පෙරං අඬන්නේ",0.8384
ඉඡූ කියනකොට ඉරාඡ් දිව එන්නේ  එක පිම්මට කුණු රෙදි ටික හෝදන්නේ  නැට්ට වනා දෙන ගූ හැලි ලෙවක⁣න්නේ  මැදමුලනේ කලු බල්ලා උඩු බුරන්නේ   කටිටියම කවියක් කියමුද? #irajටකවියක් #කවියෙන්කවිය The following media includes potentially sensitive content. Change settings View,ඉඡූ කියනකොට ඉරාඡ් දිව එන්නේ එක පිම්මට කුණු රෙදි ටික හෝදන්නේ නැට්ට වනා දෙන ගූ හැලි ලෙවක⁣න්නේ මැදමුලනේ කලු බල්ලා උඩු බුරන්නේ කටිටියම කවියක් කියමුද? #irajටකවියක් #කවියෙන්කවිය The following media ඉන්ච්ලුදෙස් potentially sensitive content. Change සෙට්ටින්ග්ස් View,0.8384
steward : ඔහොම හිටපං උඹ කව්ද? bonucci : හෑ... මේකි යකෝ  #ForzaAzzurri #ITA #EURO2020,steward : ඔහොම හිටපං උඹ කව්ද? බෝනුච්චි : හෑ... මේකි යකෝ ෆොර්ළාළ්ළුර්රි ඊට #EURO2020,0.8384
මං බුකියෙයි ට්වීටරෙයි කොරපු කියපුවා කවදකහරි මගේ ලමයි දැක්කොත් උං වහ කනවා යකෝ  #lka #LK,මං බුකියෙයි ට්වීටරෙයි කොරපු කියපුවා කවදකහරි මගේ ලමයි දැක්කොත් උං වහ කනවා යකෝ ලක ලක්,0.8384
ලෝග හිතනව ඇති ගිය මෝඩ කම කියල  #සෙනලිගෙතේකඩේ,ලෝග හිතනව ඇති ගිය මෝඩ කම කියල #සෙනලිගෙතේකඩේ,0.8384
"@USER අනේ පලයන් හුත්තෝ යන්ඩ, මුන් ඔක්කොටොම තියෙන පුකේ කැක්කුම හමුදාවෙ කොල්ලො ටික ගේමට බැහැලා වැඩේ කරට අරගෙන කරන එක.   වේස පක සංගම්","අනේ පලයන් හුත්තෝ යන්ඩ, මුන් ඔක්කොටොම තියෙන පුකේ කැක්කුම හමුදාවෙ කොල්ලො ටික ගේමට බැහැලා වැඩේ කරට අරගෙන කරන එක. වේස පක සංගම්",0.8384
මෝඩ ප්‍රේමාසනේ වාඩීවී නොයන් එකි කියන අදරේ වැනේ අරැන යාමේ නැගී ගහපූ කූඩාරමේ අරැත සොයමු මේ පාලුවේ  වලඳ තනි අතින් බින්දේ දැට්⁣ට කර වටින් නැට්ට වැනනු හිනාහනා වෙලේ අනේ මේ කරැම බන් ඔකි හීලෑකරන් අරැත සොයන එකම හීනේ වේ,මෝඩ ප්‍රේමාසනේ වාඩීවී නොයන් එකි කියන අදරේ වැනේ අරැන යාමේ නැගී ගහපූ කූඩාරමේ අරැත සොයමු මේ පාලුවේ වලඳ තනි අතින් බින්දේ දැට්⁣ට කර වටින් නැට්ට වැනනු හිනාහනා වෙලේ අනේ මේ කරැම බන් ඔකි හීලෑකරන් අරැත සොයන එකම හීනේ වේ,0.8384
පස්ස රත් වෙලා ඇති ඔයාගේ එහෙනම්. අනේ ඉක්කන්ට බේයි බොන්න,පස්ස රත් වෙලා ඇති ඔයාගේ එහෙනම්. අනේ ඉක්කන්ට බේයි බොන්න,0.8384
අර අහවල් ටෙලිය හදලා තියෙන්නෙ ප්‍රංශෙ අහවල් එක කොපි කරලා. තුහ් නොදකින් කොපි කරන්නෙ නැතුව හදන්න බැරි හරක්... #NoSourcePoraTalk,අර අහවල් ටෙලිය හදලා තියෙන්නෙ ප්‍රංශෙ අහවල් එක කොපි කරලා. තුහ් නොදකින් කොපි කරන්නෙ නැතුව හදන්න බැරි හරක්... නොසෞර්කෙපොරතල්ක,0.8384
"Study leave කාලේ හරියට පාඩමක් නොකර නට නට ඉඳලා, වල් වැදිලා අයාලේ ගිය හිත,  Exam ළඟ හින්දා දැන් හීරිලා,ඒ මදිවට හිරිත් වැටිලා    Exam කියන්නෙ පපුව හීරෙන එක, Fail වුනාම අනිත් උන් හිනාවෙන එක...","Study leave කාලේ හරියට පාඩමක් නොකර නට නට ඉඳලා, වල් වැදිලා අයාලේ ගිය හිත, Exam ළඟ හින්දා දැන් හීරිලා,ඒ මදිවට හිරිත් වැටිලා Exam කියන්නෙ පපුව හීරෙන එක, Fail වුනාම අනිත් උන් හිනාවෙන එක...",0.8384
@USER  phone එකයි acc එකයි ඔක්කොම දීපන් ලමයෙකුට  තොගේ Acc එක කසිප්පු ගහලද ගන්ජා ගහලද  Notifications එන්නේ නැහැ හු¥¥£තෝ හයියෝ,phone එකයි අක්ක එකයි ඔක්කොම දීපන් ලමයෙකුට තොගේ අක්ක එක කසිප්පු ගහලද ගන්ජා ගහලද නොටිෆිචාටිඔන්ස් එන්නේ නැහැ හු¥¥£තෝ හයියෝ,0.8384
hee hee. තඩි බඩ නෙමෙ තද බද කිව්වේ. තඩි බඩ අය හිටන් යද්දි වාඩිවෙලා යන අයගේ කරෙ බඩ ගෙඩිය,හී හී තඩි බඩ නෙමෙ තද බද කිව්වේ. තඩි බඩ අය හිටන් යද්දි වාඩිවෙලා යන අයගේ කරෙ බඩ ගෙඩිය,0.8384
"ඈ Hasika යෝ, උඹ නාන්නෙත් ඇට ටික කරේ දාගෙන ද?   URL URL","ඈ හසික යෝ, උඹ නාන්නෙත් ඇට ටික කරේ දාගෙන ද? උර්ල් උර්ල්",0.8384
"@USER රටේ සංස්කෘතියට ගැලපෙන්නෙ නැති නම් මේ රටේ විදිහට ඉන්න බැරි නම් ලංකාවට ආවේ නැතුවට කමක් නෑ .අපේ උන්ටත් සුදු පුකක් , තණයක් එලියෙ දාන් ගියාට අවුලක් නෑ අපේ කෙල්ලෙක් කොටට ඇන්දොත් ඒකි බඩුව.පට්ට කෑල්ල  .අනේ හුකේ","රටේ සංස්කෘතියට ගැලපෙන්නෙ නැති නම් මේ රටේ විදිහට ඉන්න බැරි නම් ලංකාවට ආවේ නැතුවට කමක් නෑ .අපේ උන්ටත් සුදු පුකක් , තණයක් එලියෙ දාන් ගියාට අවුලක් නෑ අපේ කෙල්ලෙක් කොටට ඇන්දොත් ඒකි බඩුව.පට්ට කෑල්ල .අනේ හුකේ",0.8384
@USER  @USER පොන්න හුකන්නෙක් මූරෙදි නැතුව සමගිපාලනයට කඩේ යන්නෙ..ඕක තේරුම්ගන්න තරංවත් අවම මොලයක් තියෙනව නං මේ ජනාධිපති වරනෙදි සජිත්ට කතිරෙ ගහයිද හා,පොන්න හුකන්නෙක් මූරෙදි නැතුව සමගිපාලනයට කඩේ යන්නෙ..ඕක තේරුම්ගන්න තරංවත් අවම මොලයක් තියෙනව නං මේ ජනාධිපති වරනෙදි සජිත්ට කතිරෙ ගහයිද හා,0.8384
ඔයාට වඩා දවසකට හරි කලින් මං මැරෙන්න ඕන සුදු මහත්තයෝ කියන කටින්ම තමයි බන්  උබට හෙන හතම ගහල අකුලෝගෙනම පල කාලකණ්ණිය කියන්නෙ,ඔයාට වඩා දවසකට හරි කලින් මං මැරෙන්න ඕන සුදු මහත්තයෝ කියන කටින්ම තමයි බන් උබට හෙන හතම ගහල අකුලෝගෙනම පල කාලකණ්ණිය කියන්නෙ,0.8384
@USER  @USER බඩේ අමාරු හැදෙන්නෙ නැද්ද හලෝ ඔයාට,බඩේ අමාරු හැදෙන්නෙ නැද්ද හලෝ ඔයාට,0.8384
"@USER Now I often go, ""ඈ ඕයි මන් ඉපදුනා කියලා තොට treat දෙන්නේ මොන කෙහෙල් මලකටද?""","Now ඉ often ගෝ ""ඈ ඕයි මන් ඉපදුනා කියලා තොට treat දෙන්නේ මොන කෙහෙල් මලකටද?""",0.8384
@USER මම පුක උනත් උබේ මූන කක්කි ගොඩක් තමයි..,මම පුක උනත් උබේ මූන කක්කි ගොඩක් තමයි..,0.8384
@USER ඇයි ඇවිදින 5G signal කණු  සාතන් හෙවත් මුර්ග එන්නත  ඒකේ comment දැක්කහම පිස්සු හැදෙනවා,ඇයි ඇවිදින 5G signal කණු සාතන් හෙවත් මුර්ග එන්නත ඒකේ comment දැක්කහම පිස්සු හැදෙනවා,0.8384
@USER තෝ තමයි මේ ඔක්කොටම මුල @USER,තෝ තමයි මේ ඔක්කොටම මුල,0.8381
@USER ඒකි මැරිලද?? රොම්බ සන්තෝසම්,ඒකි මැරිලද?? රොම්බ සන්තෝසම්,0.8379
@USER හා හා පිනා අයියා ඒකි බඩ දරු එකී දැන් ආඅදරෙන් බලාගනිං,හා හා පිනා අයියා ඒකි බඩ දරු එකී දැන් ආඅදරෙන් බලාගනිං,0.8379
@USER ඇත්තටම එහෙම වුනොත් සමන්ත විද්‍යාරත්නලා වගේ අයට පුක වලලං මැරෙන්න හිතෙයි නේද ?,ඇත්තටම එහෙම වුනොත් සමන්ත විද්‍යාරත්නලා වගේ අයට පුක වලලං මැරෙන්න හිතෙයි නේද ?,0.8379
@USER අනෙ පුම්බල උඩ අැරල කට්ටකින් අනිනව ගොන් සීනි බෝලයා,අනෙ පුම්බල උඩ අැරල කට්ටකින් අනිනව ගොන් සීනි බෝලයා,0.8379
@USER  @USER අහල පහල තියන ඒව⁣ගෙ අරකගෙ දිග දඩු වදිනවා ස්තිර තැනක සෙට් කරල එන්නං තෝ පල,අහල පහල තියන ඒව⁣ගෙ අරකගෙ දිග දඩු වදිනවා ස්තිර තැනක සෙට් කරල එන්නං තෝ පල,0.8379
මෙහෙම එවුන් මොන මගුලකට ඉන්නවද දන් නෑ ෆේස්බුක්.. දන්න හුයන්නකුත් නෑ. ගෑනු පිස්සා. තොට හැමෙ කෙල්ලම තොගේ අක්කද... URL,මෙහෙම එවුන් මොන මගුලකට ඉන්නවද දන් නෑ ෆේස්බුක්.. දන්න හුයන්නකුත් නෑ. ගෑනු පිස්සා. තොට හැමෙ කෙල්ලම තොගේ අක්කද... උර්ල්,0.8379
අම්මට #කන්න #සිගේ පුතාලට චනදේ දුන්නේ ජාතිවාදය එලියට දාල රටවල් ගිනි තියල චන්දෙ කල් දාන්න නෙවේ පකෝ. චන්දේ... URL,අම්මට #කන්න #සිගේ පුතාලට චනදේ දුන්නේ ජාතිවාදය එලියට දාල රටවල් ගිනි තියල චන්දෙ කල් දාන්න නෙවේ පකෝ. චන්දේ... උර්ල්,0.8379
@USER කැරි වේස තන් දෙකක් වස්තු,කැරි වේස තන් දෙකක් වස්තු,0.8379
"“අපේ අම්ම” පරිප්පු උයනව 1M බලල. ට්‍රෙයි එකක් දෙන්න ඕනෙ බලන්න. URL #ApéAmma youtube.com බඩ පිරෙන්න බත් කන්න සුපිරි පරිප්පු කරියක් Delicious parippu curry... Ape amma parippu curryපොල් කිරි නැතුව රසට පරිප්පු උයන හැටි Delicious parippu curry without coconut milk by Apé AmmaLike ""Apé Amma"" fan page.URL","“අපේ අම්ම” පරිප්පු උයනව 1M බලල. ට්‍රෙයි එකක් දෙන්න ඕනෙ බලන්න. උර්ල් අපéඅම්ම යෝඋටුබෙචොම් බඩ පිරෙන්න බත් කන්න සුපිරි පරිප්පු කරියක් Delicious පරිප්පු curry... Ape amma පරිප්පු curryපොල් කිරි නැතුව රසට පරිප්පු උයන හැටි Delicious පරිප්පු curry without coconut milk බ්ය් අප අම්මලිකේ අප Amma"" fan පගේඋර්ල්",0.8379
ඇදිරිනීතිය දිගටම තිබ්බොත් අපායේ යන්න වෙනවා යකෝ වැඩිප්පුර ලමයි මරලා,ඇදිරිනීතිය දිගටම තිබ්බොත් අපායේ යන්න වෙනවා යකෝ වැඩිප්පුර ලමයි මරලා,0.8379
"වැඩ කරන උන් ආතල් දෙනවා "" මහත්තයා අද ගල විදිමු.හෙට වෙඩිදාමු අවුරුදු සමරන්න , බටේ කප කප අද ඉමු ""   මට බෑ ඕයි තොපි එක්ක   අර office එකට වෙලා ඉන්ට දුන්නෑ තොපි අබේ මහත්තයා අද office එකේ කියල එක්කරගෙන","වැඩ කරන උන් ආතල් දෙනවා "" මහත්තයා අද ගල විදිමු.හෙට වෙඩිදාමු අවුරුදු සමරන්න , බටේ කප කප අද ඉමු "" මට බෑ ඕයි තොපි එක්ක අර office එකට වෙලා ඉන්ට දුන්නෑ තොපි අබේ මහත්තයා අද office එකේ කියල එක්කරගෙන",0.8379
අඹ කමු! 1Kg price බෙට්ටි අඹ -Rs 100 කර්තකොලොම්ඹු - Rs 130 වල් අඹ- Rs 80 ගස් ලබු- Rs 60 #Mango #SriLanka,අඹ කමු! 1Kg price බෙට්ටි අඹ රස් 100 කර්තකොලොම්ඹු - රස් 130 වල් අඹ- රස් 80 ගස් ලබු- රස් 60 #Mango ශ්‍රීලංකා,0.8379
@USER නොදකින් මෙහෙම එවුන්. අල්ලගෙන මොකා උනත් ආයේත් නොකරන්න කෙල වෙන්න ම ගෙමක් දෙන්න ඕනේ,නොදකින් මෙහෙම එවුන්. අල්ලගෙන මොකා උනත් ආයේත් නොකරන්න කෙල වෙන්න ම ගෙමක් දෙන්න ඕනේ,0.8378
@USER පලයන් කැරි පොන්නයා යන්න. ඕව තොපේ හිත්වල තියෙන ඒවා තමා. උඹ හිතුවද වහගත්තු පලොයට ඔක්කොමහොද උන් කියලා. හොයලා බලපන් උඹලගෙම උන් කීයක් වටේ යන්වද කියලා. තෝ හිතුවද ඔක්කොම වහන් ගෝනි බිල්ලො වගේ නැති ගෑනු ඔක්කොම ගණිකාවො කියලා වේස පකා,පලයන් කැරි පොන්නයා යන්න. ඕව තොපේ හිත්වල තියෙන ඒවා තමා. උඹ හිතුවද වහගත්තු පලොයට ඔක්කොමහොද උන් කියලා. හොයලා බලපන් උඹලගෙම උන් කීයක් වටේ යන්වද කියලා. තෝ හිතුවද ඔක්කොම වහන් ගෝනි බිල්ලො වගේ නැති ගෑනු ඔක්කොම ගණිකාවො කියලා වේස පකා,0.8374
මෝඩයෙක් වගේ කැල්ල ගැන  ගෙදරට කියන්න එපා යකෝ ඇරලා ගිය දවසට ගෙදර උන් උබලට පුකෙන් හිනා වෙන්නෙ පුකෙන්.!,මෝඩයෙක් වගේ කැල්ල ගැන ගෙදරට කියන්න එපා යකෝ ඇරලා ගිය දවසට ගෙදර උන් උබලට පුකෙන් හිනා වෙන්නෙ පුකෙන්.!,0.8374
ඉන්දියන් උන් දෙන්නෙක් බියර් ගහනවා එකෙක් අනිකාට කියනවා your flight is now කියලා. අනිත් එකා කියනවා I don’t care කියලා    මුංට යකෝ බියර් වලට මෙච්චර වෙරි වෙනවද,ඉන්දියන් උන් දෙන්නෙක් බියර් ගහනවා එකෙක් අනිකාට කියනවා your flight ඉස now කියලා. අනිත් එකා කියනවා ඉ don’t care කියලා මුංට යකෝ බියර් වලට මෙච්චර වෙරි වෙනවද,0.8374
අල්ලපු වැටෙන් උස්ස ගත්ත කැරකෙන මගෙ රූං පෙත්ත හතර වටින් පෙන්න පෙන්න රතට රතේ පස්ස,අල්ලපු වැටෙන් උස්ස ගත්ත කැරකෙන මගෙ රූං පෙත්ත හතර වටින් පෙන්න පෙන්න රතට රතේ පස්ස,0.8374
@USER මාතර බන්ධෙ හිටිය යකෝ තමන්ගෙ දුව දූෂණය කරල දුවට ලමයෙක් ඉන්න කැරියෙක්...ඒ පකගෙ බිජ්ජට කරපුව අහද්දි මට චූ ගියා.... මූට නම් ඒ වද ටික දීලත් මදි.,මාතර බන්ධෙ හිටිය යකෝ තමන්ගෙ දුව දූෂණය කරල දුවට ලමයෙක් ඉන්න කැරියෙක්...ඒ පකගෙ බිජ්ජට කරපුව අහද්දි මට චූ ගියා.... මූට නම් ඒ වද ටික දීලත් මදි.,0.8374
ගල හොඳනම්  අඹරන කහ මක් වෙනවද,ගල හොඳනම් අඹරන කහ මක් වෙනවද,0.8374
@USER නහයේං නැත්තම කාරලා කටට ගන්න සෙම ටික තුක් කියලා කෙල ගහනවා සරලයිනේ,නහයේං නැත්තම කාරලා කටට ගන්න සෙම ටික තුක් කියලා කෙල ගහනවා සරලයිනේ,0.8374
""" උඹ මොකෙක්ද...? ගහනවා *** කන පුපුරන්න.."" - බොදුබල සේනා සෝමාවතිය වටලයි..! URL",""" උඹ මොකෙක්ද...? ගහනවා *** කන පුපුරන්න.."" - බොදුබල සේනා සෝමාවතිය වටලයි..! උර්ල්",0.8374
"රිසාද් බදූර්දීන්,අසාද් සාලි,හිස්බුල්ලා වගේ කාලකණ්ණි සක්කිලියොයි, උන්ගේ මේ වැඩ වලට උදව් කරන තම්බියොයි, එකෙක් වත් රටේ තියා ගන්න හොද නෑ එලවලා දාන්න තියෙන්නේ පුකට පයින් දෙකක් දීලා..  මුං වගේ කාලකණ්ණි පවුකාරයෝ හන්දා අහින්සක මිනිහෙක්ටවත් නිදහසේ ජීවත් වෙන්න නෑ","රිසාද් බදූර්දීන්,අසාද් සාලි,හිස්බුල්ලා වගේ කාලකණ්ණි සක්කිලියොයි, උන්ගේ මේ වැඩ වලට උදව් කරන තම්බියොයි, එකෙක් වත් රටේ තියා ගන්න හොද නෑ එලවලා දාන්න තියෙන්නේ පුකට පයින් දෙකක් දීලා.. මුං වගේ කාලකණ්ණි පවුකාරයෝ හන්දා අහින්සක මිනිහෙක්ටවත් නිදහසේ ජීවත් වෙන්න නෑ",0.8374
@USER  @USER තොට මැරුන් කන්න නොදී තොගෙ පන කෙන්ද හැමදාම මගෙන් බේරල යවන්නෙ ඔය තෝ නොදන්න මදූ තමා.. බෙල්ලට අත තියන්න යද්දි මරන්ඩ එපා කියනවා..,තොට මැරුන් කන්න නොදී තොගෙ පන කෙන්ද හැමදාම මගෙන් බේරල යවන්නෙ ඔය තෝ නොදන්න මදූ තමා.. බෙල්ලට අත තියන්න යද්දි මරන්ඩ එපා කියනවා..,0.8374
බාල හැම බඩුවකම මැද හිලක් කිව්වට මැද හිලක් තියන හැම බඩුවම බාල නෑ. උලුදු වඩේ පට්ට ගනන් යකෝ දැන්,බාල හැම බඩුවකම මැද හිලක් කිව්වට මැද හිලක් තියන හැම බඩුවම බාල නෑ. උලුදු වඩේ පට්ට ගනන් යකෝ දැන්,0.8374
"@USER මං දවල් උන්න පියර් එක ගාව වේලි වේලි... එතෝට එකෙක් ඇවිත් යකෝ,  මැටි වලං හදන්නා වගේ උගේ අත් රවුං කර කර මේම් මේම් ගෑනු එනෝ කීව මේ හෝටලේට.  උගෙ ම්මට යකෝ.. පහල රෙසිප්සන් ඉන්න ගෑනිවත් මූන බැලුවෙ නෑ.. පන්සියට මහත නැති ස්ලිම් බඩු ඉන්නෝ කීවට ලගපාත දකින්නවත් බේතකට  නෑ","මං දවල් උන්න පියර් එක ගාව වේලි වේලි... එතෝට එකෙක් ඇවිත් යකෝ, මැටි වලං හදන්නා වගේ උගේ අත් රවුං කර කර මේම් මේම් ගෑනු එනෝ කීව මේ හෝටලේට. උගෙ ම්මට යකෝ.. පහල රෙසිප්සන් ඉන්න ගෑනිවත් මූන බැලුවෙ නෑ.. පන්සියට මහත නැති ස්ලිම් බඩු ඉන්නෝ කීවට ලගපාත දකින්නවත් බේතකට නෑ",0.8374
@USER එලියට වරෙන්කෝ ගොටුකොල පොන්නයා..රැගුවේ තොපි.බෝට්ටුවක එල්ලිලා රට පැනපු සක්කිලි,එලියට වරෙන්කෝ ගොටුකොල පොන්නයා..රැගුවේ තොපි.බෝට්ටුවක එල්ලිලා රට පැනපු සක්කිලි,0.8374
ආහ්! අමතක වුනානෙ.  ඇයි යකෝ මේ දෙක කාලා ඉන්නෙ කෝමද? තෝ බීලද? ගංජා ගහලද?  @USER   ඇත්තටම කිවුවොත් Wholemeal කියන වචනෙම මගේ බඩ පිරුණා.  කෝමද ටිකිරි මොලේ.? #බඩගින්නටවිසදුම  මේ ගොන්නු එකෙක්වත් ට්විටරේ නෑ. සමාවන්න එයට! The following media includes potentially sensitive content. Change settings View,ආහ්! අමතක වුනානෙ. ඇයි යකෝ මේ දෙක කාලා ඉන්නෙ කෝමද? තෝ බීලද? ගංජා ගහලද? ඇත්තටම කිවුවොත් ව්හොලෙමෙඅල් කියන වචනෙම මගේ බඩ පිරුණා. කෝමද ටිකිරි මොලේ.? #බඩගින්නටවිසදුම මේ ගොන්නු එකෙක්වත් ට්විටරේ නෑ. සමාවන්න එයට! The following media ඉන්ච්ලුදෙස් potentially sensitive content. Change සෙට්ටින්ග්ස් View,0.8374
@USER ජ්‍යාම්මිතිය කියම්නෙ හරිම්ම අමාරු පාඩම්මක් නේම්ද ඉහි ඉහි,ජ්‍යාම්මිතිය කියම්නෙ හරිම්ම අමාරු පාඩම්මක් නේම්ද ඉහි ඉහි,0.8374
"උඹ ,   -ගහලද බදින්නේ   -බැදලද ගහන්නේ   අවංකවම කියපං හුත්තික්කොලුකෙල්ලනේ ඉතින්  — feeling thoughtful","උඹ , -ගහලද බදින්නේ -බැදලද ගහන්නේ අවංකවම කියපං හුත්තික්කොලුකෙල්ලනේ ඉතින් — feeling thoughtful",0.8369
@USER  @USER    සෝක්...  මගේ අාතල් සිරා අරන් ඔ්කුන් අැවිත් මාව කුදලන් ගියොත් තෝ තනිකඩයෙක් විදියටම විදවලා මැරිලා යන්න ඔ්නේ... තොට ලිංගික අප්‍රාණිකත්වය අැති වේවා එ්ස්වා පුහ්....,සෝක්... මගේ අාතල් සිරා අරන් ඔ්කුන් අැවිත් මාව කුදලන් ගියොත් තෝ තනිකඩයෙක් විදියටම විදවලා මැරිලා යන්න ඔ්නේ... තොට ලිංගික අප්‍රාණිකත්වය අැති වේවා එ්ස්වා පුහ්....,0.8369
@USER පලයන් මීගමුවේ ගොලු කාන්තිට ගහන එකා මට බඩු ගැන කියන්න එනවා   වෙන්නප්පු වේසි,පලයන් මීගමුවේ ගොලු කාන්තිට ගහන එකා මට බඩු ගැන කියන්න එනවා වෙන්නප්පු වේසි,0.8369
අම්මෙක් කියන්නේ දුවෙක්ට ලැබෙන හොඳම ගුරුවරිය.. තාත්තෙක්ට දුවෙක් එක්ක කතා කරන්න බැරි ගොඩක් දේවල් අම්මෙක්ට පුලුවන් කතා කරන්න.. ඒත් වේසියෙක්ට පුලුවන් එකම දේ තමා එකී යන වේස පාරේම දරුවාව ගෙනියන එක.. එහෙව් වේසියන්ට අම්මෙක් කියන්න පුලුවන්ද.. බෑ.. උන් ඇවිල්ලා #පට්ට_පඳුරු_වේසාවියෝ,අම්මෙක් කියන්නේ දුවෙක්ට ලැබෙන හොඳම ගුරුවරිය.. තාත්තෙක්ට දුවෙක් එක්ක කතා කරන්න බැරි ගොඩක් දේවල් අම්මෙක්ට පුලුවන් කතා කරන්න.. ඒත් වේසියෙක්ට පුලුවන් එකම දේ තමා එකී යන වේස පාරේම දරුවාව ගෙනියන එක.. එහෙව් වේසියන්ට අම්මෙක් කියන්න පුලුවන්ද.. බෑ.. උන් ඇවිල්ලා #පට්ට_පඳුරු_වේසාවියෝ,0.8369
@USER  @USER මේ මේකිට පිස්සු නංගි. මේකි සින්නි මං ජුන්නෙක් වගේ ඉන්නේ faculty එකේ,මේ මේකිට පිස්සු නංගි. මේකි සින්නි මං ජුන්නෙක් වගේ ඉන්නේ faculty එකේ,0.8369
බඩුවක් සමග ඩිස්ටි කිරීම පට්ට යාන්ත්‍රික කාර්‍යයයක්.. විසේසෙන් ලංකාවෙ බඩු..,බඩුවක් සමග ඩිස්ටි කිරීම පට්ට යාන්ත්‍රික කාර්‍යයයක්.. විසේසෙන් ලංකාවෙ බඩු..,0.8369
"@USER ,  @USER  @USER අයිසෙ, @USER කෙල්ලන්ට කුනුහරපෙන් බැනලා නිකන් ඇට නැති හිකනලයෙක් වෙන්ඩෙපා ඩෝ. ගෙදරට වෙලා ඉන්න එකෙ කුස්සියට ගිහින් අම්මට පොල් ටිකක් ගාලා දියන්. බැරිම නම් කර්ෆිව් පාස් එකක් අරන් හන්දියට ගිහින් percy jacksonta පුක දීපන්.",", අයිසෙ, කෙල්ලන්ට කුනුහරපෙන් බැනලා නිකන් ඇට නැති හිකනලයෙක් වෙන්ඩෙපා ඩෝ. ගෙදරට වෙලා ඉන්න එකෙ කුස්සියට ගිහින් අම්මට පොල් ටිකක් ගාලා දියන්. බැරිම නම් කර්ෆිව් පාස් එකක් අරන් හන්දියට ගිහින් පෙර්ච්ය් ජච්ක්සොන්ට පුක දීපන්.",0.8369
පුස්පේ හෙන අසහනෙන් ඉන්නේ. නැවේ වේලිලා මම හිතන්නේ  #DecemberMeetup,පුස්පේ හෙන අසහනෙන් ඉන්නේ. නැවේ වේලිලා මම හිතන්නේ දෙචෙම්බෙර්මීටුප්,0.8369
පොඩ්ඩක් කට අඩු උන නං පොඩ්ඩක් පුක වැඩි උන නං මගෙ නෝනගෙ වටිනාකම කියල වැඩක් නෑ කියල නිම කරංන බෑ...!,පොඩ්ඩක් කට අඩු උන නං පොඩ්ඩක් පුක වැඩි උන නං මගෙ නෝනගෙ වටිනාකම කියල වැඩක් නෑ කියල නිම කරංන බෑ...!,0.8369
මේ හොඳ වැන් ගොන් වස්සෙක් නැද්ද car ඵකට බදින්න... පුස්ස කරපු ඵකෙක් නම් වඩා හොඳයි.... බර අදින්න ගන්නෙ ඵවගේ අයනෙ.... URL,මේ හොඳ වැන් ගොන් වස්සෙක් නැද්ද car ඵකට බදින්න... පුස්ස කරපු ඵකෙක් නම් වඩා හොඳයි.... බර අදින්න ගන්නෙ ඵවගේ අයනෙ.... උර්ල්,0.8369
@USER  @USER ඉන්න තැනම හිටගෙන.... තෝ අත්තන ඇට කලාද ඉන්නෙ වැද්දා....,ඉන්න තැනම හිටගෙන.... තෝ අත්තන ඇට කලාද ඉන්නෙ වැද්දා....,0.8364
@USER ඒවගේ හැසිරෙද්දි ඉතින් ඔහොම තමා කතා කරලා ඉල්ලගෙන නයි රෙද්ද අස්සෙ දාගන්නවා කියන්නෙ ඕවට තමා,ඒවගේ හැසිරෙද්දි ඉතින් ඔහොම තමා කතා කරලා ඉල්ලගෙන නයි රෙද්ද අස්සෙ දාගන්නවා කියන්නෙ ඕවට තමා,0.8364
ටෛකෙයි රසික... අනිද්දා තෝ එව්වෙ නැත්තම් මට Cheesequeen @USER  · 24 Mar 2021 @USER thnkuu  Didn’t expect this much of surprise hodee  thank uu again u made my dayy!,ටෛකෙයි රසික... අනිද්දා තෝ එව්වෙ නැත්තම් මට චෙඑසෙකුඑඑන් · 24 Mar 2021 ථ්න්කූ Didn’t expect this much ඔෆ් surprise හොදී thank ඌ again උ made මය් දය්ය්,0.8364
කන්න ඕන වුණාම කබරයා තලගොයා කරගන්න කාලකන්නි දේසපාලු හැත්ත. ඔය පාර්ලිමේන්තුවෙ ඉන්න එවුන් තමයි අවජාතක. අ.පේ. ගල්පාත @USER  · 31 Jan 2017 ඒකාබද්ධ විපක්සේ #SAITM එකට විරුද්ධයි කියන්නේ..  කෙල්ල බඩ කරලා ළමයා අවජාතකයි කියලා කියන්නෙත් ඔය වගේ උන් තමයි,කන්න ඕන වුණාම කබරයා තලගොයා කරගන්න කාලකන්නි දේසපාලු හැත්ත. ඔය පාර්ලිමේන්තුවෙ ඉන්න එවුන් තමයි අවජාතක. අ.පේ. ගල්පාත · 31 ජන 2017 ඒකාබද්ධ විපක්සේ සිතම් එකට විරුද්ධයි කියන්නේ.. කෙල්ල බඩ කරලා ළමයා අවජාතකයි කියලා කියන්නෙත් ඔය වගේ උන් තමයි,0.8364
තාත්තට කියන්න ඕනි ගෙදරට hot water සෙට් කරන්න කියලා..   ඇයි යකෝ මේ සීතලට කොයි වෙලේ හරි නාන්න ගිහින් ගල් වෙලයි මැරෙන්නේ    Anyways.. Have a blessed day    #GoodMorning,තාත්තට කියන්න ඕනි ගෙදරට hot water සෙට් කරන්න කියලා.. ඇයි යකෝ මේ සීතලට කොයි වෙලේ හරි නාන්න ගිහින් ගල් වෙලයි මැරෙන්නේ Anyways.. Have අ blessed day ගූද්මොර්නින්ග්,0.8364
යකෝ මුන් සින්දු කියනවට වැඩිය සිල්ලර බඩු විකුනනවනෙ #bnsliveinconcert #derana,යකෝ මුන් සින්දු කියනවට වැඩිය සිල්ලර බඩු විකුනනවනෙ බ්න්ස්ලිවෙඉන්කොන්කෙර්ත දෙරණ,0.8364
"ඉහි ඉහි දින්නට වැඩක් නෑ අම්නේ ගීතා, රෝහිත ඇතුලෙ. ඉහි ඉහි අම්නේ හදුන්නෙත්ති  එවන්න. මෝඩ මිනිස්සු ඉහි ඉහි. ඕක කරම්න බෑ වැඩි කලක් ඉම්හි ඉහි.","ඉහි ඉහි දින්නට වැඩක් නෑ අම්නේ ගීතා, රෝහිත ඇතුලෙ. ඉහි ඉහි අම්නේ හදුන්නෙත්ති එවන්න. මෝඩ මිනිස්සු ඉහි ඉහි. ඕක කරම්න බෑ වැඩි කලක් ඉම්හි ඉහි.",0.8364
"ඌ මැච් පැරදුනාම තමා එන්නේ පුක කැඩිච්ච කඩියා වගේ කියවගෙන Dravid , Rahul Chahar අතේ Deepak ට ලස්සනට මැසේජ් එක ඩිලිවර් කරා අපේ එකා උඩ පයිනවා මූණ ඇඹුල් කරගන්නවා drama කෝටියයි ඌගේ GC @USER  · 20 Jul 2021 කෝච්ට කවුරුත් බනින්න එපා ඌ වැරදි නෑ....","ඌ මැච් පැරදුනාම තමා එන්නේ පුක කැඩිච්ච කඩියා වගේ කියවගෙන ඩ්‍රාවිඩ් , රාහුල Chahar අතේ දීපක් ට ලස්සනට මැසේජ් එක ඩිලිවර් කරා අපේ එකා උඩ පයිනවා මූණ ඇඹුල් කරගන්නවා drama කෝටියයි ඌගේ ග්ක · 20 ජුල 2021 කෝච්ට කවුරුත් බනින්න එපා ඌ වැරදි නෑ....",0.8364
"@USER ,  @USER  @USER උඹ හිටු මම ඒක ගෙම්බි ඒක්ක විසද ගන්නකම්",", උඹ හිටු මම ඒක ගෙම්බි ඒක්ක විසද ගන්නකම්",0.8364
මසුන් ඇල්ලීමට ගිය පුද්ගලයෙක් කිඹුල් කටට බිළි වෙයි URL #LK #liveat8,මසුන් ඇල්ලීමට ගිය පුද්ගලයෙක් කිඹුල් කටට බිළි වෙයි උර්ල් ලක් #liveat8,0.8364
@USER #srilanka #EasterAttackSL #extremism #muslim  නානා මාමලා අපිට ප්ලාස්ටික් බෙසම් බාල්දි දීලා අපේ යකඩ තඹ කෑලී අරන් ගිහින් කොරපු වැඩේ...,ශ්‍රීලංකා එඅස්තෙරත්තක්ක්ස්ල #extremism මුස්ලිම් නානා මාමලා අපිට ප්ලාස්ටික් බෙසම් බාල්දි දීලා අපේ යකඩ තඹ කෑලී අරන් ගිහින් කොරපු වැඩේ...,0.8364
@USER පල්ලෙහා එක කපලා දාලා ඉතුරු ටික..කැල්ලෙන් කැල්ල කපලා මරන්න ඔන..අර පුංචි එකාගේ දුෂණය කරන්න මොනාද තියෙන්නේ..කාලකණ්ණි හරි ජාතකයක් නැති,පල්ලෙහා එක කපලා දාලා ඉතුරු ටික..කැල්ලෙන් කැල්ල කපලා මරන්න ඔන..අර පුංචි එකාගේ දුෂණය කරන්න මොනාද තියෙන්නේ..කාලකණ්ණි හරි ජාතකයක් නැති,0.8364
මුනගේ අම්මලට හු$&$&&..... වේස පැටවු....රැට රැ වෙලා ගෙවල් ඉස්සරහට ඇවිත් රතිඤ්ඤා පත්තු කරනවා....  මේ වේස පැටවු හින්දා පූසො බල්ලෝ ඇදන් යට බයේ ගැහෙනවා දැන්.. .,මුනගේ අම්මලට හු$&$&&..... වේස පැටවු....රැට රැ වෙලා ගෙවල් ඉස්සරහට ඇවිත් රතිඤ්ඤා පත්තු කරනවා.... මේ වේස පැටවු හින්දා පූසො බල්ලෝ ඇදන් යට බයේ ගැහෙනවා දැන්.. .,0.8364
ලෝඩ් උනු කෝච්චිය ඇවිල්ල බහින්න දොරගාවට කිට්ටු උනා..ගෑල්ලමෙක් තඩි පුකයි බඩයි හරස්කරාන දොරගාව. බැහැල ඉඩදෙන්නෙත් නෑ..  ඔන්නෝ වෙලාවට තමයි පුණ්‍යකර්මය ක් වසයෙන් හරි පුක තදින් මිරිකගෙනම බහින්න හිතෙන්නේ  ..,ලෝඩ් උනු කෝච්චිය ඇවිල්ල බහින්න දොරගාවට කිට්ටු උනා..ගෑල්ලමෙක් තඩි පුකයි බඩයි හරස්කරාන දොරගාව. බැහැල ඉඩදෙන්නෙත් නෑ.. ඔන්නෝ වෙලාවට තමයි පුණ්‍යකර්මය ක් වසයෙන් හරි පුක තදින් මිරිකගෙනම බහින්න හිතෙන්නේ ..,0.8359
මං : ඈහ් අම්මේ..අර බල්ලා බුරන්නෙ ඇයි කියල දන්නවද ?  Amma : ඇයි ඌට දාපු බත් ටික උඹ ගිහින් කෑවද?  අනේ ඔන්න ඉතින් Quarantine වෙච්ච අපිට ගිය කලක්...  #QuarantineDiaries #මේවා_සිරා_සිද්ධි,මං : ඈහ් අම්මේ..අර බල්ලා බුරන්නෙ ඇයි කියල දන්නවද ? Amma : ඇයි ඌට දාපු බත් ටික උඹ ගිහින් කෑවද? අනේ ඔන්න ඉතින් Quarantine වෙච්ච අපිට ගිය කලක්... කුඅරංතිනෙදිඅරිඑස් #මේවා_සිරා_සිද්ධි,0.8359
උණ පුරුක දාලාත් බලු වලිග ඇද අරින්න බෑ කිව්ව වගේ තමා අපේ පූසත් ගේ ඇතුලේ රෙන එක අරින්න බෑ ලොවෙත්,උණ පුරුක දාලාත් බලු වලිග ඇද අරින්න බෑ කිව්ව වගේ තමා අපේ පූසත් ගේ ඇතුලේ රෙන එක අරින්න බෑ ලොවෙත්,0.8359
@USER  @USER    පට්ට වේසි අම්මට හුකාපන්,පට්ට වේසි අම්මට හුකාපන්,0.8359
යකෝ කැලෑ කපන්ඩ කඩු ඕනේ නෑ. චේන්සෝ තියෙනවා. උන්ගෙ මහඑකා විල්පත්තුව කැපුවෙ කඩුවෙන්ද? අනික slave island වල මාර කැලෑවක්නේ තියෙන්නේ. කඩු තියාගත්තට දඩේ රු. 50/- යි. අඹ කැඩුවොත් 5000 යි. උගේ අප්පගේ නීති මේවා. මුස්ලිම් උන් මොකක් හරි කියන්න ගද්දි පොයින්ට් එකක් කරගන්නෙ (6),යකෝ කැලෑ කපන්ඩ කඩු ඕනේ නෑ. චේන්සෝ තියෙනවා. උන්ගෙ මහඑකා විල්පත්තුව කැපුවෙ කඩුවෙන්ද? අනික slave island වල මාර කැලෑවක්නේ තියෙන්නේ. කඩු තියාගත්තට දඩේ රු. 50/- යි. අඹ කැඩුවොත් 5000 යි. උගේ අප්පගේ නීති මේවා. මුස්ලිම් උන් මොකක් හරි කියන්න ගද්දි පොයින්ට් එකක් කරගන්නෙ (6),0.8359
"උබ ගොන් බඩු කර ගැහුවාට කමක් නෑ ගොන් පකීදෝ..  ඒත් අම්මා තාත්තා තියාගනින් ඔලුව උඩ..  අන්තිමට උඹේ ඩිවෝස් නඩුවට හරි ඉන්නෙ අම්මා, තාත්තා විතරයි","උබ ගොන් බඩු කර ගැහුවාට කමක් නෑ ගොන් පකීදෝ.. ඒත් අම්මා තාත්තා තියාගනින් ඔලුව උඩ.. අන්තිමට උඹේ ඩිවෝස් නඩුවට හරි ඉන්නෙ අම්මා, තාත්තා විතරයි",0.8359
"කෙල්ලෙක් කොල්ලෙක් එක්ක ගිහින් සෙස් ටේප් එකක් එලියට ආවොත් උඹලා හිතන්නේ ඒ කෙල්ල බඩුව කියලා. ඉතින් පටන් ගන්නවා SM වල එවුන් කී බෝඩ් එකෙන් අර කෙල්ලගේ රෙදි ගලවන්න. ඒකී එතනට යන්නේ ඒකිට තියන ඇම්මට වඩා අරූට තියන ආදරේට වෙන්න පුලුවන්. ආදරේට ඇඳට එන එකී බඩුව, අරූ පොර.. පකේ ලොජික් iසේ ඕවා..","කෙල්ලෙක් කොල්ලෙක් එක්ක ගිහින් සෙස් ටේප් එකක් එලියට ආවොත් උඹලා හිතන්නේ ඒ කෙල්ල බඩුව කියලා. ඉතින් පටන් ගන්නවා සම් වල එවුන් කී බෝඩ් එකෙන් අර කෙල්ලගේ රෙදි ගලවන්න. ඒකී එතනට යන්නේ ඒකිට තියන ඇම්මට වඩා අරූට තියන ආදරේට වෙන්න පුලුවන්. ආදරේට ඇඳට එන එකී බඩුව, අරූ පොර.. පකේ ලොජික් iසේ ඕවා..",0.8359
"@USER ඒවං මේ සුතං ගෝඨාභයන් සමයං කොලොඹ පුරවරන් ජනාධිපති මන්දිරේ විහරති තත්‍ර ඛෝ ඥානසාර භික්ඛු ආමන්තේසි..  අහංච ඛෝ භික්ඛවේ ඒවං වදාමි...  ""තොපිලගේ බණ කියනවනම් ඒක කරපන්, එක කරගෙන කාල හිටපියව්, තොපි කැලයට වෙලා භාවනා කරගෙන පලයව්, නැතිනම් ගහනවා තොපිව පොළවේ, පරබල්ලා!""  සාධූ! සාධූ! සාධූ!","ඒවං මේ සුතං ගෝඨාභයන් සමයං කොලොඹ පුරවරන් ජනාධිපති මන්දිරේ විහරති තත්‍ර ඛෝ ඥානසාර භික්ඛු ආමන්තේසි.. අහංච ඛෝ භික්ඛවේ ඒවං වදාමි... ""තොපිලගේ බණ කියනවනම් ඒක කරපන්, එක කරගෙන කාල හිටපියව්, තොපි කැලයට වෙලා භාවනා කරගෙන පලයව්, නැතිනම් ගහනවා තොපිව පොළවේ, පරබල්ලා!"" සාධූ! සාධූ! සාධූ!",0.8359
ඔවා හැදුනොත්.....පිස්සු හැදෙයි Z E E D @USER  · 29 Dec 2016 උබලා හිතන්නේ මං 2017 දි හැදෙයි කියලද ?,ඔවා හැදුනොත්.....පිස්සු හැදෙයි ළ් ඒ ඒ ද · 29 දෙක් 2016 උබලා හිතන්නේ මං 2017 දි හැදෙයි කියලද ?,0.8359
පුක නැත්තං වනන්න එපා කෙල්ලේ තුනටිය පනී,පුක නැත්තං වනන්න එපා කෙල්ලේ තුනටිය පනී,0.8359
@USER ⁣හමිබෙලා ආවෙි..තෝ බෙහෙත් එක විදලා නේද ඉන්නේ ඇහුවා,⁣හමිබෙලා ආවෙි..තෝ බෙහෙත් එක විදලා නේද ඉන්නේ ඇහුවා,0.8359
"ජාති භේදය, ආහම් බේදය, මදි තැන කුල මල භේදයත් , ඇඳුමත් අරගෙන ලෝකේටම හැමිනෙන්න හදන තොපි ඔහෙන්ම නැවිල පුක හපා ගනින්නල.","ජාති භේදය, ආහම් බේදය, මදි තැන කුල මල භේදයත් , ඇඳුමත් අරගෙන ලෝකේටම හැමිනෙන්න හදන තොපි ඔහෙන්ම නැවිල පුක හපා ගනින්නල.",0.8359
කවදාවත් ළමයෙකුටවත් යාලුවෙකුටවත් කැම්පස්වල #ජේවීපී හෝ #පෙරටුගාමී වගේ කැම්පේන් කරන්න යන්න දෙන්න එපා. එයාල ගැන අවධානයෙන් ඉන්න. එහෙම වුණොත් එ් කෙනා මොන තරාතිරමක වුණත් ගලවගන්න නම් බැරිම තරම්. එ් තරම් මෝඩ මිනිස්සු...  #lka #Srilanka,කවදාවත් ළමයෙකුටවත් යාලුවෙකුටවත් කැම්පස්වල #ජේවීපී හෝ #පෙරටුගාමී වගේ කැම්පේන් කරන්න යන්න දෙන්න එපා. එයාල ගැන අවධානයෙන් ඉන්න. එහෙම වුණොත් එ් කෙනා මොන තරාතිරමක වුණත් ගලවගන්න නම් බැරිම තරම්. එ් තරම් මෝඩ මිනිස්සු... ලක ශ්‍රීලංකා,0.8357
@USER පුවක් කොලේ නං වාඩි වෙලා හරියන්නෑ. කොලපතක්වත් තිබ්බනං ගොඩදාගන්න තිබුන. ඒත් ඉතිං ඔය තඩි පුකට සෑහෙන්න කොලපතක් හොයාගන්න පුලුවන්නං බෝපෙට පුලුවං ඒකෙතියං ඔයාව අදින එක පැත්තක තියල ඒක අටපට්ටමට පෙන්නන්න.,පුවක් කොලේ නං වාඩි වෙලා හරියන්නෑ. කොලපතක්වත් තිබ්බනං ගොඩදාගන්න තිබුන. ඒත් ඉතිං ඔය තඩි පුකට සෑහෙන්න කොලපතක් හොයාගන්න පුලුවන්නං බෝපෙට පුලුවං ඒකෙතියං ඔයාව අදින එක පැත්තක තියල ඒක අටපට්ටමට පෙන්නන්න.,0.8354
"@USER  @USER කුලුණේ ණය ගෙවන ගොන් රැළ බයියන්ය බැංකුව නොඅල්ලන ස""තැරි පොයියෙක්ය ගවුමක් ඇන්ද උඹ මොන ගෙරි හිවලෙක්ද වීරරත්න නම පෝලිම් ඵලයක්ද....","කුලුණේ ණය ගෙවන ගොන් රැළ බයියන්ය බැංකුව නොඅල්ලන ස""තැරි පොයියෙක්ය ගවුමක් ඇන්ද උඹ මොන ගෙරි හිවලෙක්ද වීරරත්න නම පෝලිම් ඵලයක්ද....",0.8354
@USER ඔයි මෙ හුත්ත යො ආතල් දෙම්න එපා අයින් කරහම් බං කැරි වැඩ ඔව්වා හොදේ හුත්ත මෙ අයිම් කරහම් බංම් හුත්ත clzuth කට් කරලා ඉම්නෙ,ඔයි මෙ හුත්ත යො ආතල් දෙම්න එපා අයින් කරහම් බං කැරි වැඩ ඔව්වා හොදේ හුත්ත මෙ අයිම් කරහම් බංම් හුත්ත ක්ල්ළුථ් කට් කරලා ඉම්නෙ,0.8354
"@USER උඹ එනකල් ඉන්නෙ ඇටයා, උඹත් එක්කම අල්ලා ගන්ට","උඹ එනකල් ඉන්නෙ ඇටයා, උඹත් එක්කම අල්ලා ගන්ට",0.8354
"දත් විකාගෙන, බුරිය හපාගෙන , පුක ඉරාගෙන කීය ගැහුවත්, අරුන් ගානක් නැතුව ගහලා යනවා අපූරුවට   #SLvIND #TweepsMatchOut","දත් විකාගෙන, බුරිය හපාගෙන , පුක ඉරාගෙන කීය ගැහුවත්, අරුන් ගානක් නැතුව ගහලා යනවා අපූරුවට ස්ල්වින්ඩ් ත්වෙඑප්ස්මත්චෞත්",0.8354
පැණි කොමඩු හුත්ත සුදු මාමේ දුව දෙනවද @USER  · 7 Nov 2018 ‌පොල්පලා හුත්ත twitter.com/Rathgamaya/sta…,පැණි කොමඩු හුත්ත සුදු මාමේ දුව දෙනවද · 7 නොව 2018 ‌පොල්පලා හුත්ත ට්විට්ටේර්චොම්රත්ගමයස්ට,0.8354
@USER ඕං ගිරිමන්තු නමෝ රාමං ඔඩ්ඩි වාවා නමෝ නමහ් සාප වාවං කුම්ඹ කරණං සාප බංගං මැක්කං හරං  ඒස් වාහං තුං,ඕං ගිරිමන්තු නමෝ රාමං ඔඩ්ඩි වාවා නමෝ නමහ් සාප වාවං කුම්ඹ කරණං සාප බංගං මැක්කං හරං ඒස් වාහං තුං,0.8354
හෙන හතම වැදිය අහවල් එක කුණු වෙලාම පල YouTube: URL via,හෙන හතම වැදිය අහවල් එක කුණු වෙලාම පල යෝඋටුබේ උර්ල් via,0.8354
වැස්සට තෙමෙන්නෙනෑනෙ මගෙ කිඹුල් හම අල්ලන්නෙ උඹව බෙල්ලෙන් මම අද වන වන හැමදාම උඹෙ ඔය ලොකු තන රෙදි අපුල්ලනව නේද උඹ ගල ලග බලන් උන්න මම කාලයක් හෙව්ව මම වාරයක් අද කෑවොත් මම උඹ ඉන්න පුළුවන් කාලයක් මම උඹෙන් කපල බාගයක් හැංගුව යට පාලමක් මේ කොරෝණාව ශාපයක් නෑ කන්ඩ අපිට ප්‍රාණයක්,වැස්සට තෙමෙන්නෙනෑනෙ මගෙ කිඹුල් හම අල්ලන්නෙ උඹව බෙල්ලෙන් මම අද වන වන හැමදාම උඹෙ ඔය ලොකු තන රෙදි අපුල්ලනව නේද උඹ ගල ලග බලන් උන්න මම කාලයක් හෙව්ව මම වාරයක් අද කෑවොත් මම උඹ ඉන්න පුළුවන් කාලයක් මම උඹෙන් කපල බාගයක් හැංගුව යට පාලමක් මේ කොරෝණාව ශාපයක් නෑ කන්ඩ අපිට ප්‍රාණයක්,0.8354
සිහින නෙලුම් මල් පොකුරු පුරා... ගෙනත් තොගෙ කටේ ඔබනව හුස්ම හිරවෙලා  මැරෙන්න..  රෙද්ද...,සිහින නෙලුම් මල් පොකුරු පුරා... ගෙනත් තොගෙ කටේ ඔබනව හුස්ම හිරවෙලා මැරෙන්න.. රෙද්ද...,0.8354
"පිරිමි කඩන ගෑනු රකින සම්ප්‍රදාය අතික්‍රමණයටද, නිසිතැන නොරැකගෙන සමතැනට තරඟ කරන ""වේසිය බඩුව"" යන වචන දෙකට එරහිව සටන්... URL","පිරිමි කඩන ගෑනු රකින සම්ප්‍රදාය අතික්‍රමණයටද, නිසිතැන නොරැකගෙන සමතැනට තරඟ කරන ""වේසිය බඩුව"" යන වචන දෙකට එරහිව සටන්... උර්ල්",0.8354
තමන් ඡන්දෙ දෙන පක්ෂෙ මන්ත්‍රී/ඇමති කෙනෙක් පුක පෙන්නල ඕක පුක නෙවෙයි කට කිව්වොත් ඒකත් පිලිගන්න පාක්ෂිකයො ඉන්න රටක් මේක -_-,තමන් ඡන්දෙ දෙන පක්ෂෙ මන්ත්‍රී/ඇමති කෙනෙක් පුක පෙන්නල ඕක පුක නෙවෙයි කට කිව්වොත් ඒකත් පිලිගන්න පාක්ෂිකයො ඉන්න රටක් මේක -_-,0.8354
එහා ගෙදර බල්ලා වැට පැනලා තමන්ගෙ වත්තට ආවම දෑත බදලා ගල්ගෙඩියෙන් කෙලින උන් pray for ausi ගානවා   හුත්තෝ බල්ලා වගේද එහෙ සත්තු කීයක්ද රැඩිකල් පොන්නයෙක් වෙන්න එපා   හා!!බල්ලාත් ඔසී උනා නන් pray කරයී,එහා ගෙදර බල්ලා වැට පැනලා තමන්ගෙ වත්තට ආවම දෑත බදලා ගල්ගෙඩියෙන් කෙලින උන් pray for ඖසි ගානවා හුත්තෝ බල්ලා වගේද එහෙ සත්තු කීයක්ද රැඩිකල් පොන්නයෙක් වෙන්න එපා හා!!බල්ලාත් ඔසී උනා නන් pray කරයී,0.8354
මගෙ රෝසා පොල්ල ගෙනෙන් බල්ලා මරන්න බලාගෙනයි කෙල්ලෙ බල්ලා පනී හපන්න හවු හවු  මලා තමයි එහෙම උනොත් වෙන්නෙ දුවන්න,මගෙ රෝසා පොල්ල ගෙනෙන් බල්ලා මරන්න බලාගෙනයි කෙල්ලෙ බල්ලා පනී හපන්න හවු හවු මලා තමයි එහෙම උනොත් වෙන්නෙ දුවන්න,0.835
අතුගාද්දි අම්මගේ මල්පැලේක කොස්ස වැදුනාpot එකේ තිබ්බ charcoal කෑලි විසික් උනා අත්තකුත් එක්ක මම ෂේප් එකේ ඒ ටික අහුලලා ආයේ දාලා අරඅත්තත් ඉඩතිබ්බ තැනක ගැහුවා. මමඇහුවා මොකද්ද අම්මා අර කැත පැළේ ඒක හැදිලත් නෑනේද කියල අම්මා කියනව නෑ ඒක ලස්සන ඕකිඩ් එකක් අලුත් දල්ලකුත් ඇවිත් තියෙන්නෙලු,අතුගාද්දි අම්මගේ මල්පැලේක කොස්ස වැදුනාpot එකේ තිබ්බ charcoal කෑලි විසික් උනා අත්තකුත් එක්ක මම ෂේප් එකේ ඒ ටික අහුලලා ආයේ දාලා අරඅත්තත් ඉඩතිබ්බ තැනක ගැහුවා. මමඇහුවා මොකද්ද අම්මා අර කැත පැළේ ඒක හැදිලත් නෑනේද කියල අම්මා කියනව නෑ ඒක ලස්සන ඕකිඩ් එකක් අලුත් දල්ලකුත් ඇවිත් තියෙන්නෙලු,0.835
@USER මූ මේ කියන දේ හොඳටම තේරිලත් නිල් කොල බෙට්ටෙම ඉන්න කාලකන්නි ඒක ඇත්ත කියලා පිලිගන්නේ නෑ. උන්ට කියන්න තියෙන්නෙ එකයි.. තොපේ දරුවොත් පෝලිමේ තියලා කියපියව් අපිත් කොල නිල් පුකවල් හොඳට දිව දාලා ලෙව කෑවා. උඹලත් ඒ හාමුලගේ පුක ලෙවකාපන්. උන්ගේ ගූත් හරි රසයි.. අපිට කන්න බොන්න නැතත්.. කියලා.,මූ මේ කියන දේ හොඳටම තේරිලත් නිල් කොල බෙට්ටෙම ඉන්න කාලකන්නි ඒක ඇත්ත කියලා පිලිගන්නේ නෑ. උන්ට කියන්න තියෙන්නෙ එකයි.. තොපේ දරුවොත් පෝලිමේ තියලා කියපියව් අපිත් කොල නිල් පුකවල් හොඳට දිව දාලා ලෙව කෑවා. උඹලත් ඒ හාමුලගේ පුක ලෙවකාපන්. උන්ගේ ගූත් හරි රසයි.. අපිට කන්න බොන්න නැතත්.. කියලා.,0.835
"කියපන් මට ""එකම එකෙක්,""  වැඩිය එපා... එකම එකෙක්, උඹ අල්ලලා,  ඇතුලට දැම්ම,  ..""රණවිරුවකු""  හැර වෙනකෙකු කියපන් මට,   ..""එකම එකෙක්""..!!","කියපන් මට ""එකම එකෙක්,"" වැඩිය එපා... එකම එකෙක්, උඹ අල්ලලා, ඇතුලට දැම්ම, ..""රණවිරුවකු"" හැර වෙනකෙකු කියපන් මට, ..""එකම එකෙක්""..!!",0.835
"කෙල්ලෙක් කන්නාඩියක් දස්සරහ පුක පෙන්නගෙන ෆොටෝ ඒකක් දාලා. ඉතිං මං ඒකට ""මරු පුක නංගා. ඔයා ඔහොම නෙවෙයි අදුම්... URL","කෙල්ලෙක් කන්නාඩියක් දස්සරහ පුක පෙන්නගෙන ෆොටෝ ඒකක් දාලා. ඉතිං මං ඒකට ""මරු පුක නංගා. ඔයා ඔහොම නෙවෙයි අදුම්... උර්ල්",0.835
අතට ආපු දේ කටට දා ගන්න පින නැනේ බංගලිකාරයන්ට,අතට ආපු දේ කටට දා ගන්න පින නැනේ බංගලිකාරයන්ට,0.835
මේ මෝඩ පුතාණෝ  කවදා හැදෙයි ද ? සමාවෙන්න අමතක උනා මේකගේ හැදෙන වයස පහුවෙලා..දැන් ''අං'' වැටෙන වයසයි  GENERIC NAME - Hydroxychloroquine BRAND NAME - Plaquenil  ප්ලැකනිල් යනු හයිඩ්‍රෝක්සික්ලොරෝකුවීන්ම යි හයිඩ්‍රෝක්සික්ලොරෝකුවීන් -  ඖෂධ නාමයයි ප්ලැකනිල් - නිෂ්පාදන සමාගම් වෙළද නාමයයි DailyMirror @USER  · 22 Mar 2020 Opposition Leader Sajith Premadasa advises the government on what medication needs to be prescribed to cure Covid-19. @USER   #CoronaVirus #Covid19 #CoronaOutbreak #CoronaCrisis #SriLanka,මේ මෝඩ පුතාණෝ කවදා හැදෙයි ද ? සමාවෙන්න අමතක උනා මේකගේ හැදෙන වයස පහුවෙලා..දැන් ''අං'' වැටෙන වයසයි GENERIC NAME - හ්ය්ද්රොෂ්ය්ච්ලොරොකුඉනෙ BRAND NAME - ප්ලකුඑනිල් ප්ලැකනිල් යනු හයිඩ්‍රෝක්සික්ලොරෝකුවීන්ම යි හයිඩ්‍රෝක්සික්ලොරෝකුවීන් - ඖෂධ නාමයයි ප්ලැකනිල් - නිෂ්පාදන සමාගම් වෙළද නාමයයි දෛල්ය්මිර්රෝර් · 22 Mar 2020 Opposition Leader සජිත් ප්‍රේමදාස අද්විසෙස් the government ඕන what medication needs ටො බේ ප්රෙස්ච්රිබෙඩ් ටො cure Covid-19. චොරෝනවිරුස් #Covid19 කොරොනොඋත්බ්රෙඅක් චොරෝනච්රිසිස් ශ්‍රීලංකා,0.835
අපි පෙන්නපු පාරේ අපිට පුක උස්සන් බයිසිකල් පදින සමහරුන්ට අමතකයි රෝද වලට හුලන් ගැහුවේ අපි කියලා...  කමක් නෑ පැදපන් හතිවැටෙනකම් . අයෙ හුලන් ගහන්න නම් එන්න එපා. වින්කලේ වහලා. — feeling excited,අපි පෙන්නපු පාරේ අපිට පුක උස්සන් බයිසිකල් පදින සමහරුන්ට අමතකයි රෝද වලට හුලන් ගැහුවේ අපි කියලා... කමක් නෑ පැදපන් හතිවැටෙනකම් . අයෙ හුලන් ගහන්න නම් එන්න එපා. වින්කලේ වහලා. — feeling excited,0.835
@USER මාලුපාන් මාලු දමා හදන එකම බේකරිය   වෙත්තෙ සහ පුත්‍රයෝ   (තෝ අපිට දුන්නෙ නෑ බලාගමු),මාලුපාන් මාලු දමා හදන එකම බේකරිය වෙත්තෙ සහ පුත්‍රයෝ (තෝ අපිට දුන්නෙ නෑ බලාගමු),0.835
පීරා කොන්ඩය නලලට වැටෙන්න ට දමලා සෙට් එක වැලමිට වැසෙන්න ට ඇඳලා කලිසමක් දෙපතුල ගෑවෙන් ට එනවද යකෝ බෙල්ලේ වැල දාගන් ට #sithuwili,පීරා කොන්ඩය නලලට වැටෙන්න ට දමලා සෙට් එක වැලමිට වැසෙන්න ට ඇඳලා කලිසමක් දෙපතුල ගෑවෙන් ට එනවද යකෝ බෙල්ලේ වැල දාගන් ට සිතුවිලි,0.835
මම යනු අමුතුම සතෙකි ඒකි පස්සෙන් එන කාලේ පයිසෙකටවත් ගනන් නොගත් මා දැන් රෙද්දක් ඇදන් එකිගේ පස්සෙන් යමි....,මම යනු අමුතුම සතෙකි ඒකි පස්සෙන් එන කාලේ පයිසෙකටවත් ගනන් නොගත් මා දැන් රෙද්දක් ඇදන් එකිගේ පස්සෙන් යමි....,0.835
"කර වෙච්ච මාළු ඇඹුල රස, කරපු ගොරකා බෑව උඹ... විල්ලුද රන් සේද නැති වුනාට... උඹ තමයි මගෙ බම්බා බෝලේ ආදරේට, ලොකු ලොකු... URL","කර වෙච්ච මාළු ඇඹුල රස, කරපු ගොරකා බෑව උඹ... විල්ලුද රන් සේද නැති වුනාට... උඹ තමයි මගෙ බම්බා බෝලේ ආදරේට, ලොකු ලොකු... උර්ල්",0.835
"දැන් කියන්නෙ "" පැල ""කියලනෙ. ඇත්තටම නිමේෂ් ( @USER  ) ඔයාගෙ කැපවීම නිසා තමයි ගෑණු ළමයින්ට ""කෑල්ල "" කියන වටිනාකමින් අඩු වචනය වෙනුවට ""පැල "" කියන හරවත් විනීත වචනය යොදන්න මිනිස්සු පෙළඹුනේ. ඔබගේ සත්ක්‍රියාව අගයකරනවා Nimesh Nishara @USER  · 1 Feb 2018 එහෙම කියන එක හරිද මම අහන්නේ","දැන් කියන්නෙ "" පැල ""කියලනෙ. ඇත්තටම නිමේෂ් ( ) ඔයාගෙ කැපවීම නිසා තමයි ගෑණු ළමයින්ට ""කෑල්ල "" කියන වටිනාකමින් අඩු වචනය වෙනුවට ""පැල "" කියන හරවත් විනීත වචනය යොදන්න මිනිස්සු පෙළඹුනේ. ඔබගේ සත්ක්‍රියාව අගයකරනවා නිමේෂ් නිෂර · 1 ෆෙබ් 2018 එහෙම කියන එක හරිද මම අහන්නේ",0.8347
@USER මොකක් ඊට පස්සේ පිහියෙනුත් ඇනලා... බෝම්බයකුත් පුපුරවා ගත්තා ද තෝ... උඹ ත්‍රස්තවාදියෙක් ද බන් තරූෂ ධර්මපාල මල්ලි..,මොකක් ඊට පස්සේ පිහියෙනුත් ඇනලා... බෝම්බයකුත් පුපුරවා ගත්තා ද තෝ... උඹ ත්‍රස්තවාදියෙක් ද බන් තරූෂ ධර්මපාල මල්ලි..,0.8345
@USER @USER  මේ වේස හුත්තලාට ඕනේ ක්‍රිස්තියානි උන් එක්කත් මොකක් හරි පටලවාගන්න. තුක් නොදොකිං,මේ වේස හුත්තලාට ඕනේ ක්‍රිස්තියානි උන් එක්කත් මොකක් හරි පටලවාගන්න. තුක් නොදොකිං,0.8345
දරු දෙන්නා ආච්චි අම්මාට දාලා රාගයෙන් පිස්සු URL,දරු දෙන්නා ආච්චි අම්මාට දාලා රාගයෙන් පිස්සු උර්ල්,0.8345
@USER  @USER සිරාවට ? තෝ ව හෙට pool එකේ deep එකට විසිකරනවා චින්තා... ගල් මූසලයා,සිරාවට ? තෝ ව හෙට pool එකේ deep එකට විසිකරනවා චින්තා... ගල් මූසලයා,0.8345
අමරිකාවෙ වගෙ වෙපන් සල්ලි දීල ගන්න ඇහක් උනනම්.. ලීසිං කර්ල හරි එකක් අරන් මේ වෙලාවට පාරෙ යද්දි ගෙවල්වල ඉඳන් පාරට ඇවිත් අපිට බුරන බලු හුකන්නල ටිකට වෙඩි තියල දානව.. ඇයි හුත්තො අපි යන්නෙ මහ පාරෙ.. මෙ කටුකන ලොඳ හුකන්නො බුරාගෙන පනින්නෙ උන්ගෙ ම්මගෙ රෙද්ද උඩ යනො වගෙ. සක්කිලි හැත්ත,අමරිකාවෙ වගෙ වෙපන් සල්ලි දීල ගන්න ඇහක් උනනම්.. ලීසිං කර්ල හරි එකක් අරන් මේ වෙලාවට පාරෙ යද්දි ගෙවල්වල ඉඳන් පාරට ඇවිත් අපිට බුරන බලු හුකන්නල ටිකට වෙඩි තියල දානව.. ඇයි හුත්තො අපි යන්නෙ මහ පාරෙ.. මෙ කටුකන ලොඳ හුකන්නො බුරාගෙන පනින්නෙ උන්ගෙ ම්මගෙ රෙද්ද උඩ යනො වගෙ. සක්කිලි හැත්ත,0.8345
කවදාවත් දැකලා නැති දුක සැප බෙදාගන්න හිටපු නැති කොහේ හරි ඉන්න ඇඹල යො කියන විදිහට ඉන්න මොකටද? ජාතකේ වැරදි හොයන්න එන පර හැත්ත.,කවදාවත් දැකලා නැති දුක සැප බෙදාගන්න හිටපු නැති කොහේ හරි ඉන්න ඇඹල යො කියන විදිහට ඉන්න මොකටද? ජාතකේ වැරදි හොයන්න එන පර හැත්ත.,0.834
"@USER වේස ගෑනු ගන්න එපා මච්න්, හොද ගෑනීයෙක් හොයා ගනින්. නිකම් ජීවීතේ අපායක් කරගන්න එපා.","වේස ගෑනු ගන්න එපා මච්න්, හොද ගෑනීයෙක් හොයා ගනින්. නිකම් ජීවීතේ අපායක් කරගන්න එපා.",0.834
Actual idiom: හැට පැන්නත් වදුරා බිම නොයයි @USER 's version: නාකි වුනත් වදුරා ගහේ.,Actual idiom: හැට පැන්නත් වදුරා බිම නොයයි ස version: නාකි වුනත් වදුරා ගහේ.,0.834
නවනිදන්පිල්ලේ දමිළ උඹලව අන්දලා ගාණක් හොයාගෙන පෙන්ෂන් ගියා මිසක් උඹලට ලැබුන මල ඉළව් ඊළමක් තියේද ? දැන් අල් හුසේනුත් නැගෙනහිර උඹලට දෙනවා කියා උෟත් උඹලාව අන්දලා ගාණක් හොයන් යනවා..  තොපි හැමදාම දුකට සැපට හිටපු සිංහල අපි එක්ක කා කොටා ගන්නවා කොහෙවත් ඉන්න පට්ට බල්ලො බැල්ලියන්ට රැවටිලා,නවනිදන්පිල්ලේ දමිළ උඹලව අන්දලා ගාණක් හොයාගෙන පෙන්ෂන් ගියා මිසක් උඹලට ලැබුන මල ඉළව් ඊළමක් තියේද ? දැන් අල් හුසේනුත් නැගෙනහිර උඹලට දෙනවා කියා උෟත් උඹලාව අන්දලා ගාණක් හොයන් යනවා.. තොපි හැමදාම දුකට සැපට හිටපු සිංහල අපි එක්ක කා කොටා ගන්නවා කොහෙවත් ඉන්න පට්ට බල්ලො බැල්ලියන්ට රැවටිලා,0.834
"RT හොලි festival එකට ගිහින් ඔකුන්ට මිරිස් කුඩු ගහලා තමා පස්ස බලන්නෙ ""හිටන්"" #StopHoliFestivalsInSriLanka","රට් හොලි festival එකට ගිහින් ඔකුන්ට මිරිස් කුඩු ගහලා තමා පස්ස බලන්නෙ ""හිටන්"" ස්ටෝෆොලිෆෙස්ටිවල්සින්ස්රිලංකා",0.834
"@USER ,  @USER  @USER @USER  තවත් මැය වැනි ඉල්ලන් පුක දෙන ගැහැණු ඉන්නවනම් අටපට්ටමට කියන්න ඕනේ හොඳේ",", තවත් මැය වැනි ඉල්ලන් පුක දෙන ගැහැණු ඉන්නවනම් අටපට්ටමට කියන්න ඕනේ හොඳේ",0.834
profile pic 1 උඩින් rainbow flag එහෙම දාන් ඉන්න උන් ඔක්කොම same sex මේනියා කාරයෝද බන්.නොදකින් #lol #lka #saynotosamesex,profile pic 1 උඩින් rainbow flag එහෙම දාන් ඉන්න උන් ඔක්කොම same sex මේනියා කාරයෝද බන්.නොදකින් ලොල් ලක සය්නොතොසංඑසෙෂ්,0.834
එලියෙන් පුක දෙන්න ඇතුාලන් පක දෙන්න  Shaluka | ශාලුක ® @USER  · 17 Dec 2017 ඇතුලෙන් පේන්න බෑ... එලිපිට පණ දෙන්න කතාව  අනේ මන්දා ඕයි,එලියෙන් පුක දෙන්න ඇතුාලන් පක දෙන්න ශාලුක | ශාලුක ® · 17 දෙක් 2017 ඇතුලෙන් පේන්න බෑ... එලිපිට පණ දෙන්න කතාව අනේ මන්දා ඕයි,0.834
බයිට් එකට  වල් ඌර හොයන මිනිහ කලු කොටිය මරපු එකාට  හෙන ඉල්ලනව,බයිට් එකට වල් ඌර හොයන මිනිහ කලු කොටිය මරපු එකාට හෙන ඉල්ලනව,0.834
"වයසක ගොන් කතා කියන කාන්තාවන් Mute කරලා තියෙන්නේ. තව එතකොට වයසක, පොඩි ලමයි ඉන්න, හුරතල් වෙන්න Twitter එන ඇන්ටි ලත් Mute  ගොන් කතා කියන උන්ට වඩා, දෙවැනි වර්ගය තමයී චොර 7.","වයසක ගොන් කතා කියන කාන්තාවන් Mute කරලා තියෙන්නේ. තව එතකොට වයසක, පොඩි ලමයි ඉන්න, හුරතල් වෙන්න Twitter එන ඇන්ටි ලත් Mute ගොන් කතා කියන උන්ට වඩා, දෙවැනි වර්ගය තමයී චොර 7.",0.834
ඈ යකෝ තොපිට සිංහල ඕනෙනන් ඔය Sony එක ලමයෙකුට දීල ගනින්කො වෙන එකක්. නැත්තන් root කරල දාගනින්කො ජාතිය බේරගන්න.,ඈ යකෝ තොපිට සිංහල ඕනෙනන් ඔය සොන්ය් එක ලමයෙකුට දීල ගනින්කො වෙන එකක්. නැත්තන් root කරල දාගනින්කො ජාතිය බේරගන්න.,0.834
මම - සිරිපාල මහත්තයගෙ මිනිය කොහෙද? සේවකයා - ම් ම් ඒක Under Parlour (අන්ඩ පාල) එකේ තියෙන්නෙ මම - දැන් කවුද යකෝ අන්ඩපාල සිරිපාලද මමද,මම - සිරිපාල මහත්තයගෙ මිනිය කොහෙද? සේවකයා - ම් ම් ඒක Under පර්ලෞර් (අන්ඩ පාල) එකේ තියෙන්නෙ මම - දැන් කවුද යකෝ අන්ඩපාල සිරිපාලද මමද,0.8337
@USER ඔය ගොනා විකුනපන්. උබත් ඩිම් කරන්නෙ නැතුව පලයන්. මාත් කාලයක් ඕක කරා. ඊට පස්සෙ ගොනා විකුනුවා,ඔය ගොනා විකුනපන්. උබත් ඩිම් කරන්නෙ නැතුව පලයන්. මාත් කාලයක් ඕක කරා. ඊට පස්සෙ ගොනා විකුනුවා,0.8335
අපේ අම්ම මට බෝට්ටු එන්නෙ නැතුව survey ම යන්න වෙනවට මාර ආසවක්නෙ තියෙන්නෙ,අපේ අම්ම මට බෝට්ටු එන්නෙ නැතුව survey ම යන්න වෙනවට මාර ආසවක්නෙ තියෙන්නෙ,0.8335
@USER @USER  එදත් අදත් හෙටත් රඟනවා හු*තෝ බලන්  ඉන්න බැරි නම් හැංගියන් කෝ බැද්දෙ :P,එදත් අදත් හෙටත් රඟනවා හු*තෝ බලන් ඉන්න බැරි නම් හැංගියන් කෝ බැද්දෙ ප්,0.8335
"අෆ්ෆට හුඩු මූ යකෝ හොරාගෙත් හොරා  හම්බ හොරෙක්නෙ  Jorkayef @USER  · 14 Apr 2016 ""Sen bu yaşta sigara mı içiyon lan"" diyen mahalle abileri","අෆ්ෆට හුඩු මූ යකෝ හොරාගෙත් හොරා හම්බ හොරෙක්නෙ ජෝර්කයෙෆ් · 14 අප‍ 2016 ""Sen බු යşට සිගර ම ඉçඉයෝන් lan"" දියෙන් මහල්ලෙ අබිලේරි",0.8335
තමන්ගේ මිනිහා අතටම අහු වුණාම ඒ වෙලාවට අර ගෑණි බඩුවක් කියල තේරුම් ගන්න ඕන හැම කෙල්ලෙක්ම Suraj @USER  · 29 Jan මේ වගේ ලස්සන කෙල්ලෙක් තියන් තව එකියක් එක්ක යන මෝඩ අපතයා කවුද බං  twitter.com/CharuRathnayak…,තමන්ගේ මිනිහා අතටම අහු වුණාම ඒ වෙලාවට අර ගෑණි බඩුවක් කියල තේරුම් ගන්න ඕන හැම කෙල්ලෙක්ම සුරාජ් · 29 ජන මේ වගේ ලස්සන කෙල්ලෙක් තියන් තව එකියක් එක්ක යන මෝඩ අපතයා කවුද බං ට්විට්ටේර්චොම්චරුරත්නයක්,0.8335
"@USER බේබද්දෝ, උඹ ඔය කියන්නෙ කාගේ ගල ගෙනද බං?!  URL  #lka","බේබද්දෝ, උඹ ඔය කියන්නෙ කාගේ ගල ගෙනද බං?! උර්ල් ලක",0.8335
@USER @USER   හිල් බත් දන්කුඩුයි මාළු හොදියි පොල් කෑමට ගත්තම කෙල්ලන්ගේ පස්ස ලොකු වෙනවාලු,හිල් බත් දන්කුඩුයි මාළු හොදියි පොල් කෑමට ගත්තම කෙල්ලන්ගේ පස්ස ලොකු වෙනවාලු,0.8335
@USER  @USER ඉදපු තැනකට පලයන් හුට්ටො,ඉදපු තැනකට පලයන් හුට්ටො,0.8335
මිදි කොහෙද තිත්ත නරි දන්න හුත්ත,මිදි කොහෙද තිත්ත නරි දන්න හුත්ත,0.8335
පුක ඉරාගෙන වැඩක් කරාම ඒකෙ මුල් Idea එකේ අයිතියත් අරන් ලකුණු දාගන්න ආස උන් ඉන්නෙ අපේ රටේ :D අයියෝ ශල්ලි... කුහක... URL,පුක ඉරාගෙන වැඩක් කරාම ඒකෙ මුල් Idea එකේ අයිතියත් අරන් ලකුණු දාගන්න ආස උන් ඉන්නෙ අපේ රටේ ද අයියෝ ශල්ලි... කුහක... උර්ල්,0.8335
@USER ඒ උබත් පලයන් උබේ ජාතියද කොහෙද,ඒ උබත් පලයන් උබේ ජාතියද කොහෙද,0.833
"@USER  හරි, දැන් තොපි කඩු කොපු වලට දමලා, එකිනෙකා ඉඹලා, මට වැඳලා පලයල්ලා @USER","හරි, දැන් තොපි කඩු කොපු වලට දමලා, එකිනෙකා ඉඹලා, මට වැඳලා පලයල්ලා",0.833
@USER උඹ පොන්නයෙක් නොවී privacy අයින් කරපන් rt කරන්න මගේ රත්තරන් යාලුවේ,උඹ පොන්නයෙක් නොවී privacy අයින් කරපන් රට් කරන්න මගේ රත්තරන් යාලුවේ,0.833
"ප්‍රශ්නෙ මේ වේසිගෙ පුතාලාගෙ මොලේ කියන කලඳක් නැද්ද? අනුන් ගැන හිතන්නෙම නැද්ද? 31 යනකොට හැමෝටම කතා කරලා ගියේ.. ඒ හැම එකාම දැන් බයෙන් ඉන්න ඕන.   මට හැදුනට කමක්නෑ. ඒත් මගේ පොඩි එකා, ගෑණි අම්මා තාත්තා,...  නුවර මුස්ලිම් හෝටලේ කවුන්ටර් වල ඉන්න එකාලා මාස්ක් දාන්නෙ නෑ. පහුගිය දවස් වල","ප්‍රශ්නෙ මේ වේසිගෙ පුතාලාගෙ මොලේ කියන කලඳක් නැද්ද? අනුන් ගැන හිතන්නෙම නැද්ද? 31 යනකොට හැමෝටම කතා කරලා ගියේ.. ඒ හැම එකාම දැන් බයෙන් ඉන්න ඕන. මට හැදුනට කමක්නෑ. ඒත් මගේ පොඩි එකා, ගෑණි අම්මා තාත්තා,... නුවර මුස්ලිම් හෝටලේ කවුන්ටර් වල ඉන්න එකාලා මාස්ක් දාන්නෙ නෑ. පහුගිය දවස් වල",0.833
@USER එකපාරම මීටර් උනේ ලෝගා පස්ස වටේ කැරකෙනවා. අර උගේම නැට්ට අල්ලගන්න දඟලන බල්ලෙක් වගේ,එකපාරම මීටර් උනේ ලෝගා පස්ස වටේ කැරකෙනවා. අර උගේම නැට්ට අල්ලගන්න දඟලන බල්ලෙක් වගේ,0.833
"කියන්න ලැජ්ජහයි. ඒත් කියනවා..  අවජාතක සිංහල ගෑනු. සිංහල වෙලා ඉපදිලා, සල්ලි වලට, හදාපු වඩාපු අම්මාගේ තාත්තගේ... URL","කියන්න ලැජ්ජහයි. ඒත් කියනවා.. අවජාතක සිංහල ගෑනු. සිංහල වෙලා ඉපදිලා, සල්ලි වලට, හදාපු වඩාපු අම්මාගේ තාත්තගේ... උර්ල්",0.833
මුගෙ කටට මසුරන් ජූන්ඩක් දාපං ඒ කිව්ව පට්ට කතාවට  тнαяιη∂υ ツ @USER  · 2 Sep 2017 ජීවිතෙ සමහර දේවල් හරියට සන්සාගෙ කුක්කු දෙක වගේ. කොච්චර ආසාවෙන් හිටියත් දකින්න හම්බෙන්නෙ නෑ සත්තයි.   #GameOfThrones,මුගෙ කටට මසුරන් ජූන්ඩක් දාපං ඒ කිව්ව පට්ට කතාවට тнαяιηυ ツ · 2 සේප 2017 ජීවිතෙ සමහර දේවල් හරියට සන්සාගෙ කුක්කු දෙක වගේ. කොච්චර ආසාවෙන් හිටියත් දකින්න හම්බෙන්නෙ නෑ සත්තයි. ගංඑඔෆ්ථ්රොනෙස්,0.833
@USER මචන් අම්ම ගැන හිතපන්.අම්ම උබව හදන්න විදපු දුකගැන හිතපන්.එමනුස්සයට දුකක් දෙන්න එපා.අම්ම උබව හදුවෙ උබව දාලගිය කෙල්ලෙක්නිසා උබේ ජිවිතේ විනස වෙනව බලන්න නෙවෙයි.ටිකක් හිතපන් මේගැම.අම්ම කැමතිනම් උබ කරපන්,මචන් අම්ම ගැන හිතපන්.අම්ම උබව හදන්න විදපු දුකගැන හිතපන්.එමනුස්සයට දුකක් දෙන්න එපා.අම්ම උබව හදුවෙ උබව දාලගිය කෙල්ලෙක්නිසා උබේ ජිවිතේ විනස වෙනව බලන්න නෙවෙයි.ටිකක් හිතපන් මේගැම.අම්ම කැමතිනම් උබ කරපන්,0.833
"හෙන ගහනව වගේ (plz like my pro pic,,like plz,like back) ) කියල මැසේජ් එවන්න එපා යකෝ ඉස්සෙල්ලාම hi කියලවත් කියල... URL",හෙන ගහනව වගේ ප්ල්ළ like මය් pro පිච්ලිකේ ප්ල්ළ්ලිකෙ back) ) කියල මැසේජ් එවන්න එපා යකෝ ඉස්සෙල්ලාම හි කියලවත් කියල... උර්ල්,0.833
@USER හොය හොය ඉන්න දෙයක් නෑ .නීතියෙන් දඩුවම් ලබා දිය යුතුයි ..,හොය හොය ඉන්න දෙයක් නෑ .නීතියෙන් දඩුවම් ලබා දිය යුතුයි ..,0.8327
@USER  @USER මොන කාළකන්නි කමක් ද බුරුවා. මන් තෝ ව හොයන් ඇවිත් මරනවා,මොන කාළකන්නි කමක් ද බුරුවා. මන් තෝ ව හොයන් ඇවිත් මරනවා,0.8325
පෝයට යන්නේ සිල් ගන්න මහමෙව්නාවේ ඇවිල්ලා දෙන්නේ සත්තුන්ට පොලු වලින්.. අම්බේ සීලේ..රෙද්ද පල්ලේ බේරනවා පූසට කවුරු හරි ගහලා ඌ මැරුණා අද කවුද කරේ කියලත් දන්නවා.වරෙන්කෝ හුත්ති අද සිල් ගත්තා කියාගෙන.8 සීලෙම කියාදෙන්නම් මං..  #පට්ටෟත්ති,පෝයට යන්නේ සිල් ගන්න මහමෙව්නාවේ ඇවිල්ලා දෙන්නේ සත්තුන්ට පොලු වලින්.. අම්බේ සීලේ..රෙද්ද පල්ලේ බේරනවා පූසට කවුරු හරි ගහලා ඌ මැරුණා අද කවුද කරේ කියලත් දන්නවා.වරෙන්කෝ හුත්ති අද සිල් ගත්තා කියාගෙන.8 සීලෙම කියාදෙන්නම් මං.. #පට්ටෟත්ති,0.8325
@USER  @USER ආදරේ සහ ලිංගත්වේ කියන්නේ අමුඩෙට පුක වගේ ඓතිහාසිකව පැවතෙන දෙයක්. ඔය දෙක වෙන්කරල කතාකරන එක තේරුමක් නැහැ.,ආදරේ සහ ලිංගත්වේ කියන්නේ අමුඩෙට පුක වගේ ඓතිහාසිකව පැවතෙන දෙයක්. ඔය දෙක වෙන්කරල කතාකරන එක තේරුමක් නැහැ.,0.8325
පල යන්න @USER තෝ හන්දා මට හැදෙන්න බෑ,පල යන්න තෝ හන්දා මට හැදෙන්න බෑ,0.8325
"උඹ හරි.! ඒකි වේසියක් තමයි.!  °°°°°°°°°°°°°°°°°°°°°°°°°°°°°°°°°°°°°°°°°°°°°°°°°°°°°°°°  ගැහැණිය, පිරිමි උඹට බඩ්ඩක්... ඔව්... ඒකි බඩ්ඩක් තමයි... ඒකනේ... උඹට ඕන ඕන වෙලාවට උඹේ ගින්න නිව්වේ...  ගැහැණිය, පිරිමි උඹට... URL","උඹ හරි.! ඒකි වේසියක් තමයි.! °°°°°°°°°°°°°°°°°°°°°°°°°°°°°°°°°°°°°°°°°°°°°°°°°°°°°°°° ගැහැණිය, පිරිමි උඹට බඩ්ඩක්... ඔව්... ඒකි බඩ්ඩක් තමයි... ඒකනේ... උඹට ඕන ඕන වෙලාවට උඹේ ගින්න නිව්වේ... ගැහැණිය, පිරිමි උඹට... උර්ල්",0.8325
"#කඩවුණුපොරොන්දු  ""චංචල පල්ලව රොසන ලීලො  පහරති ගරහති සතත සමීරො  ගතමිගපාසේ රූරුව භද්දේ පච්චාගමනං රුණ්ණවදන මෙ න පස්ස පෙක්ඛී"" -කල්‍යාණී-   #TharinduDamsara","#කඩවුණුපොරොන්දු ""චංචල පල්ලව රොසන ලීලො පහරති ගරහති සතත සමීරො ගතමිගපාසේ රූරුව භද්දේ පච්චාගමනං රුණ්ණවදන මෙ න පස්ස පෙක්ඛී"" -කල්‍යාණී- තරින්දුදම්සර",0.8325
@USER  @USER ඒක තමා. කෙලින් ඇවිත් කපලා යන උන් හොඳයි. පැත්තෙන් දෙන වඳ වේස වේසියන්ට වඩා.,ඒක තමා. කෙලින් ඇවිත් කපලා යන උන් හොඳයි. පැත්තෙන් දෙන වඳ වේස වේසියන්ට වඩා.,0.8325
@USER කැරි වේස තන් දෙකක් තියෙන්නෙ බැල්ලිට..ආදරෙයි,කැරි වේස තන් දෙකක් තියෙන්නෙ බැල්ලිට..ආදරෙයි,0.8325
"""දැන් තෝ මොන බල්ලෙක් උනත් මං තෝව අතාරිනවද ""  දැන් බල්ල ගානට වැටිල මාව   #bffgoals  #bestieappreciationtweet","""දැන් තෝ මොන බල්ලෙක් උනත් මං තෝව අතාරිනවද "" දැන් බල්ල ගානට වැටිල මාව බ්ෆ්ෆ්ගොඅල්ස් බෙස්තිඑඅප්ප්රෙකිඅතිඔන්ත්වෙඑත්",0.8325
අපේ අම්ම ලුණුමිරිසක් හදල ගිහින් යකෙකුටවත් කන්න බෑ ඒක,අපේ අම්ම ලුණුමිරිසක් හදල ගිහින් යකෙකුටවත් කන්න බෑ ඒක,0.8325
@USER තොගෙ පුක තියන්නම ඉඩ මදි,තොගෙ පුක තියන්නම ඉඩ මදි,0.8325
-මම ළිඳේ පනිනවා +ඊයෙ යකෝ ළිඳ ඉස්සෙ  -මම කෝච්චියට පනිනවා +ඕවා පීලිපැන්නම හදන්නෙ බොලාගෙ තාත්තද?  -මං බෙල්ලෙ වැල දාගන්නව ඕයි +තියෙන එකම රෙදි වැලටත් කෙලින්නෙපා මං ආස නෑ තෙත රෙදි ඇඳන් යන්න  >හොඳම යාලුවා,-මම ළිඳේ පනිනවා +ඊයෙ යකෝ ළිඳ ඉස්සෙ -මම කෝච්චියට පනිනවා +ඕවා පීලිපැන්නම හදන්නෙ බොලාගෙ තාත්තද? -මං බෙල්ලෙ වැල දාගන්නව ඕයි +තියෙන එකම රෙදි වැලටත් කෙලින්නෙපා මං ආස නෑ තෙත රෙදි ඇඳන් යන්න >හොඳම යාලුවා,0.832
ඉත්තැවා හා පුක අතර ඇති මේ සම්බන්ධය ඇති වුණේ කොහොමද? #පුකේඉත්තෑවෝදුවනවා,ඉත්තැවා හා පුක අතර ඇති මේ සම්බන්ධය ඇති වුණේ කොහොමද? #පුකේඉත්තෑවෝදුවනවා,0.832
අම්බා වැස්ස පට්ට් සීතලයි. වාහනේ AC එක ඊට හපන්. AC එක අඩු කරන්න කිවහම AC control එකේ අවුලක්ලු.   මේ ටික type කරගන්නත් හෙන ගේමක් දුන්න. ඇඟිලි ගල් වෙලා.,අම්බා වැස්ස පට්ට් සීතලයි. වාහනේ අච එක ඊට හපන්. අච එක අඩු කරන්න කිවහම අච control එකේ අවුලක්ලු. මේ ටික type කරගන්නත් හෙන ගේමක් දුන්න. ඇඟිලි ගල් වෙලා.,0.832
"කෙල්ලන්ගේ හුරතලේ.. ඇස් වහන් හරි බලන්න පුලුවන්.. ඊට හපන්  කොල්ලන්ගේ හුරතලේනම් හරිම අජුතයි බං පිචිං බං සිරාවටමඅලෝ,අලේ,මොකඩ කෝමඩ ඔවනම් රියල් ගොන් හුරතල් බං ඉන්බොක්ස් වරෙව්...        අවුලක් නැ.... හැබැයි  හරි සිංහලෙන්  කතාකරපියව් අඩු කුලේ පරහැත්තo_O","කෙල්ලන්ගේ හුරතලේ.. ඇස් වහන් හරි බලන්න පුලුවන්.. ඊට හපන් කොල්ලන්ගේ හුරතලේනම් හරිම අජුතයි බං පිචිං බං සිරාවටමඅලෝ,අලේ,මොකඩ කෝමඩ ඔවනම් රියල් ගොන් හුරතල් බං ඉන්බොක්ස් වරෙව්... අවුලක් නැ.... හැබැයි හරි සිංහලෙන් කතාකරපියව් අඩු කුලේ පරහැත්තo_O",0.832
"@USER කොල්ලෝ දාන comment දැක්කම මමනම් බෙහෙත් ගන්නේ නැතුවම මැරිලා යනවා ! එකෙක් දාල , හදපු ඉස්පිරිතාල මදිදි කියලා","කොල්ලෝ දාන comment දැක්කම මමනම් බෙහෙත් ගන්නේ නැතුවම මැරිලා යනවා ! එකෙක් දාල , හදපු ඉස්පිරිතාල මදිදි කියලා",0.832
@USER නන්දසේන ම පිලිගන්නව ඌට බෑ කියල මල් ගවුම් අඳින පොන්නයෙක් වෙච්ච උඹ තාම කඩේ යනව ඊය හුත්තො,නන්දසේන ම පිලිගන්නව ඌට බෑ කියල මල් ගවුම් අඳින පොන්නයෙක් වෙච්ච උඹ තාම කඩේ යනව ඊය හුත්තො,0.832
@USER බඩ පලයන් බොට එලිවෙන ජාමේ,බඩ පලයන් බොට එලිවෙන ජාමේ,0.832
කෑල්ලගෙ මකනේ කෑවා කියල ඒකි ටීචට කියල ගුටිකෑවා   #ChildhoodMemoriesLK,කෑල්ලගෙ මකනේ කෑවා කියල ඒකි ටීචට කියල ගුටිකෑවා චිල්ධූද්මෙමොරිඑස්ල්ක,0.832
@USER හුත්තට පක තිත්තද බොල බෙන්තර කැ* වේසියේ,හුත්තට පක තිත්තද බොල බෙන්තර කැ* වේසියේ,0.832
පරාද වෙලා කුජීත වෙලා බලු වෙලා බාල්ක වල එල්ලිලා පොඩි චන්ද වලත් ඇනිලා කොහොම හරි ලොකු පුටුවට එන්න දඟලන මහින්දට පුක ඉරාගෙන කඩේ යන පුකේ ඇරියත් කමක් නෑ මහින්ද මහත්තයනෙ කියන එකෙක් කුසල් මෙන්ඩිස්ට අවස්ථාව දුන්නා වැඩි එලවන්න ඕනෙ කියලා මැරෙන්න හදනවා,පරාද වෙලා කුජීත වෙලා බලු වෙලා බාල්ක වල එල්ලිලා පොඩි චන්ද වලත් ඇනිලා කොහොම හරි ලොකු පුටුවට එන්න දඟලන මහින්දට පුක ඉරාගෙන කඩේ යන පුකේ ඇරියත් කමක් නෑ මහින්ද මහත්තයනෙ කියන එකෙක් කුසල් මෙන්ඩිස්ට අවස්ථාව දුන්නා වැඩි එලවන්න ඕනෙ කියලා මැරෙන්න හදනවා,0.8319
@USER  @USER හෙන ගහන ඇත්ත,හෙන ගහන ඇත්ත,0.8319
@USER එහෙනම් මොන මගුලක්ද ඔය කියන්නේ. තෝ නටහන්.,එහෙනම් මොන මගුලක්ද ඔය කියන්නේ. තෝ නටහන්.,0.8315
එතකොට දැන් මේක රන් කරන්නේ ගෝපියද ????  පවු යකෝ උන්ගේ තාත්තා මැරීගෙන හම්බ කරන සල්ලිවලින් මේකි ඡෝගි නටනවා.,එතකොට දැන් මේක රන් කරන්නේ ගෝපියද ???? පවු යකෝ උන්ගේ තාත්තා මැරීගෙන හම්බ කරන සල්ලිවලින් මේකි ඡෝගි නටනවා.,0.8315
#17දිමං PC එකට විවිධ virus guard හා themes දමා හෙන වැඩ්ඩා ලෙස සිටියෙමි.,#17දිමං ප්ක එකට විවිධ virus guard හා තෙමෙස් දමා හෙන වැඩ්ඩා ලෙස සිටියෙමි.,0.8315
@USER Durex එක දාපුවාම පයිය දනවා,දුරෙෂ් එක දාපුවාම පයිය දනවා,0.8315
ආපු අතක් බලාගෙන පලයන් ඩෝ යන්න නිකක් අතින් අරන් *කෙන් තියා ගන් නැතුව #SriLankanThreats,ආපු අතක් බලාගෙන පලයන් ඩෝ යන්න නිකක් අතින් අරන් *කෙන් තියා ගන් නැතුව ස්රිලංකංථ්රෙඅත්ස,0.8315
@USER  @USER ඉනේ ගහන් ඉන්න කණ්නාඩියත් දැම්මා නම් මරු බඩුව two fifty,ඉනේ ගහන් ඉන්න කණ්නාඩියත් දැම්මා නම් මරු බඩුව two fifty,0.8315
අතට ගන්න එක කටට දාගන්න බෑ කියන්නේ  ඕවට තමයි  #SLvsWI,අතට ගන්න එක කටට දාගන්න බෑ කියන්නේ ඕවට තමයි ස්ල්ව්ස්වී,0.8315
"@USER  @USER මේ රොබට්........එහෙම කියලා ලපයි සිපයි උස්සගෙන එන්න එපා පොදු අපේක්ශකයා කියලා 2020 දී හොදේ... අපේ එකාව අපිට තෝරගන්න දීලා තෝ ""අනුන්ගේ බඩේ අමාරුවට වැසිකිළි යන්නේ නැතුව ඉදපං""","මේ රොබට්........එහෙම කියලා ලපයි සිපයි උස්සගෙන එන්න එපා පොදු අපේක්ශකයා කියලා 2020 දී හොදේ... අපේ එකාව අපිට තෝරගන්න දීලා තෝ ""අනුන්ගේ බඩේ අමාරුවට වැසිකිළි යන්නේ නැතුව ඉදපං""",0.8315
සයිලන්සර් බටේ කටට බස්සල පුකෙන් දුම දාන්න දෙන්න හිතුනා උන්ගෙ සල්ලි වලට ගිය රට නෙ මේක.,සයිලන්සර් බටේ කටට බස්සල පුකෙන් දුම දාන්න දෙන්න හිතුනා උන්ගෙ සල්ලි වලට ගිය රට නෙ මේක.,0.8315
@USER ගේ උනාට බන් කසාද බැඳල ලමයි ඉන්න උන් ඉන්නව. මම දන්නවත් එහෙම එවුන්. එකෙක් ඉන්නවා ඌ කරන්නේ මනමාලියන්ට අන්දනව. හැබැයි පට්ට ගේ. ලමයි දෙන්නෙක් ඉන්නව. ප්ස්සෙ ගෑනි ඩිවෝස් උනා,ගේ උනාට බන් කසාද බැඳල ලමයි ඉන්න උන් ඉන්නව. මම දන්නවත් එහෙම එවුන්. එකෙක් ඉන්නවා ඌ කරන්නේ මනමාලියන්ට අන්දනව. හැබැයි පට්ට ගේ. ලමයි දෙන්නෙක් ඉන්නව. ප්ස්සෙ ගෑනි ඩිවෝස් උනා,0.8315
ඇට ගනින්න ගස් ලබ්බ ලොකු වැඩියි.. පොඩි ගෙඩියක් ගන්න තිබුනේ.   #TeamWetakolu,ඇට ගනින්න ගස් ලබ්බ ලොකු වැඩියි.. පොඩි ගෙඩියක් ගන්න තිබුනේ. ටෙඅම්වෙටකොලු,0.8315
@USER  @USER කණ පලා ගන්නැතුව දෙන්නම නවත්තහං පුක :3,කණ පලා ගන්නැතුව දෙන්නම නවත්තහං පුක :3,0.8315
අම්මාප නිදහසේ තේ එක් බොන්න දෙන්නෑ නේ ඒකටත් හොට දානවා මුං වගේ වල් හැත්තක් ජීවිතේට හම්බෙලා නෑ #meruwo,අම්මාප නිදහසේ තේ එක් බොන්න දෙන්නෑ නේ ඒකටත් හොට දානවා මුං වගේ වල් හැත්තක් ජීවිතේට හම්බෙලා නෑ මෙරුවෝ,0.8315
අඩෝ පට්ට බන් ඈඩුනා තනි ඇහට සැන්ඩි @USER  · 12 Dec 2021 මට ඇම්ඩෙන්න වම්ගේ    #LPL2021,අඩෝ පට්ට බන් ඈඩුනා තනි ඇහට සැන්ඩි · 12 දෙක් 2021 මට ඇම්ඩෙන්න වම්ගේ #LPL2021,0.8315
@USER ජංගි පොඩ්ඩක්වත් නැතුව හෙලුවැල්ලෙන් සිටි කාලය මට මතකය... අණ්ඩජාතය පොලොවට ලම්බකව එල්ලාගෙන.. හොරි හැදුන කුෂ්ට ශරීරය දරාගෙන..ගෙදර වත්තේ කොහේ හරි තැනක කක්කුස්සි ගිහින්.. පුක නොහෝදා ඇට්ටැම්බෙන් සිටි කාලය මට මතකය...,ජංගි පොඩ්ඩක්වත් නැතුව හෙලුවැල්ලෙන් සිටි කාලය මට මතකය... අණ්ඩජාතය පොලොවට ලම්බකව එල්ලාගෙන.. හොරි හැදුන කුෂ්ට ශරීරය දරාගෙන..ගෙදර වත්තේ කොහේ හරි තැනක කක්කුස්සි ගිහින්.. පුක නොහෝදා ඇට්ටැම්බෙන් සිටි කාලය මට මතකය...,0.8315
@USER @USER  ඔව් හෙන දුකයි අතේ තිබ්බ රහ කර කර පොඟව පොඟව කන්න හිතපු විස්කෝත්ත එක පාරට තේ එක විසින් ගිලගත්තම :-D,ඔව් හෙන දුකයි අතේ තිබ්බ රහ කර කර පොඟව පොඟව කන්න හිතපු විස්කෝත්ත එක පාරට තේ එක විසින් ගිලගත්තම ද,0.8311
වේලුපිල්ලේ අයියේ...මට සමාවෙයන්... උඹලා මැරුණු බිම ආයුධ අතේ තියන්... උඹලා මැරුණු බිම ආයුධ අතේ තියන්... ජීවත් වෙනවා තාම මම මගේ පක අතේ තියන්... වේලුපිල්ලේ අයියේ... මට සමාවෙයන්... උඹලා මැරෙනකොට මං මෙහේ සැප ගත්තා...  #Sajje,වේලුපිල්ලේ අයියේ...මට සමාවෙයන්... උඹලා මැරුණු බිම ආයුධ අතේ තියන්... උඹලා මැරුණු බිම ආයුධ අතේ තියන්... ජීවත් වෙනවා තාම මම මගේ පක අතේ තියන්... වේලුපිල්ලේ අයියේ... මට සමාවෙයන්... උඹලා මැරෙනකොට මං මෙහේ සැප ගත්තා... සාජ්ජේ,0.8311
රජයේ කැම්පස්වලට යන අහින්සක දූවරුන් බඩු කරන අවජාතක,රජයේ කැම්පස්වලට යන අහින්සක දූවරුන් බඩු කරන අවජාතක,0.8311
අද කාලේ සින්දු වල තේරුම...ඔයා වේසාකමේ ගිහින් එන්ට මන් බාර ගන්නම් ..තූ....නොදකින්,අද කාලේ සින්දු වල තේරුම...ඔයා වේසාකමේ ගිහින් එන්ට මන් බාර ගන්නම් ..තූ....නොදකින්,0.8311
වඳුරන්ට දැලි පිහිය ලැබීම! ගොන් ආතල් overloaded! #RCB,වඳුරන්ට දැලි පිහිය ලැබීම! ගොන් ආතල් ඔවෙර්ලොඅදෙද් ර්ච්බ්,0.8306
කුරුම්බැට්ටි තඩි පොල්ගෙඩි වී හැදිලා..,කුරුම්බැට්ටි තඩි පොල්ගෙඩි වී හැදිලා..,0.8306
"පුක තමා, Bartomeu.  මූ නන් තනිකර මහින්ද වගේම හොර dial එක. හොර ගේම් කොච්චර දීල අතේ මාට්ටු උනත් කරේ නෑ කියලමයි කියන්නෙ AS USA @USER  · 9 Jun 2015 Bartomeu: ""I've always argued that the club acted correctly regarding Neymar's signing"".","පුක තමා, බර්තොමෙඋ මූ නන් තනිකර මහින්ද වගේම හොර dial එක. හොර ගේම් කොච්චර දීල අතේ මාට්ටු උනත් කරේ නෑ කියලමයි කියන්නෙ ඇස උස · 9 ජුන් 2015 බර්තොමෙඋ ඉවෙ always අර්ගුඑඩ් that the club අච්ටෙඩ් correctly regarding නෙය්මර්ස් සිග්නින්ග්",0.8306
@USER @USER අනේ බොල කටක් ඇරලා කියනවනෙ... ඇට ගෙම්බි.!!!,අනේ බොල කටක් ඇරලා කියනවනෙ... ඇට ගෙම්බි.!!!,0.8306
මේ වේස කැරියන්ව ස්ලැබ් එකක හරහට දාලා කොන්ක්‍රීට් වක්කරන්න ඕනා. Posts per month unlimited. මේ හුත්තෝ කරන්නෙ මොනවද කියලවත් දන්නවද දන්නෙ නෑ.,මේ වේස කැරියන්ව ස්ලැබ් එකක හරහට දාලා කොන්ක්‍රීට් වක්කරන්න ඕනා. පෝස්ට්ස් per month unlimited. මේ හුත්තෝ කරන්නෙ මොනවද කියලවත් දන්නවද දන්නෙ නෑ.,0.8306
@USER හැසිරෙන ආකාරයෙනුත් මිනිහෙක්ගෙ අධ්‍යාපන මට්ටම තේරුම් ගන්න එච්චර අමාරු නෑ අම්මෙක් අප්පෙක්ට ජාතක උනා නම් ඌ අනිත් උන්ගෙ අම්ම අප්ප මතක් කරන්නෙ නෑ රනිල් කොල්ලො ගහනව කියන ඔයාගෙන් මම අහන්නෙ ඇත්තටම කොහොමද ඔයා දන්නෙ ඔයා රනිල් එක්ක හිටියද ඇත්‍තටම,හැසිරෙන ආකාරයෙනුත් මිනිහෙක්ගෙ අධ්‍යාපන මට්ටම තේරුම් ගන්න එච්චර අමාරු නෑ අම්මෙක් අප්පෙක්ට ජාතක උනා නම් ඌ අනිත් උන්ගෙ අම්ම අප්ප මතක් කරන්නෙ නෑ රනිල් කොල්ලො ගහනව කියන ඔයාගෙන් මම අහන්නෙ ඇත්තටම කොහොමද ඔයා දන්නෙ ඔයා රනිල් එක්ක හිටියද ඇත්‍තටම,0.8306
අම්ම වේසකම් කලාම  පාරට බැහැල අම්මට වෙX කියන්න ගියාම  ඌ දන්නෙ නෑ ඌ නිකම්ම වේXගෙ පුතා වෙන බව — feeling sad,අම්ම වේසකම් කලාම පාරට බැහැල අම්මට වෙX කියන්න ගියාම ඌ දන්නෙ නෑ ඌ නිකම්ම වේXගෙ පුතා වෙන බව — feeling sad,0.8306
"අච්චර අර හොද රටට වටින මිනිස්සු මැරිලා යනවා   අපි වගේ කාලකණ්ණි,අළුගුත්තේරු,අසමජ්ජාති,වදකබාර,කුන්ඩවාල හැතිකරේ ඉතුරු වෙනවා පව් ගෙවන්ඩ ක්‍රෑහ් තුහ්  The following media includes potentially sensitive content. Change settings View","අච්චර අර හොද රටට වටින මිනිස්සු මැරිලා යනවා අපි වගේ කාලකණ්ණි,අළුගුත්තේරු,අසමජ්ජාති,වදකබාර,කුන්ඩවාල හැතිකරේ ඉතුරු වෙනවා පව් ගෙවන්ඩ ක්‍රෑහ් තුහ් The following media ඉන්ච්ලුදෙස් potentially sensitive content. Change සෙට්ටින්ග්ස් View",0.8306
කවුරුත් මගේ එයාට මුකුත්ම කියනවා නෙවේ ගහනවා තොපි උස්සලා පොලේවේ... රැසියා මගේ  ආදරේ හිතුනා ඒ සෝස කුමාරයාට,කවුරුත් මගේ එයාට මුකුත්ම කියනවා නෙවේ ගහනවා තොපි උස්සලා පොලේවේ... රැසියා මගේ ආදරේ හිතුනා ඒ සෝස කුමාරයාට,0.8306
යකු මේවා දාලා අලි පුකට අපහාස කරන්න එපා. අලි පස්සට වඩා ලොකුයි කෙල්ලගේ පස්ස  URL This Tweet is unavailable.,යකු මේවා දාලා අලි පුකට අපහාස කරන්න එපා. අලි පස්සට වඩා ලොකුයි කෙල්ලගේ පස්ස උර්ල් This Tweet ඉස unavailable.,0.8306
එක්කො මෙහෙම තනියෙන්ම ඉඳලා නාකි වෙයි නැත්තන් කොරෝන හැදිලා මැරෙයි,එක්කො මෙහෙම තනියෙන්ම ඉඳලා නාකි වෙයි නැත්තන් කොරෝන හැදිලා මැරෙයි,0.8306
@USER  @USER හරියටම හරි බං.. වරෙන් කටට දෙන්න..  ටොෆියක්,හරියටම හරි බං.. වරෙන් කටට දෙන්න.. ටොෆියක්,0.8306
වෙනස කුමක්ද  @USER  කොල්ලො. කැබිනට් එකට  @USER  බලු බෙට්ටක් දාල ඕක උදේ කෑමට අනුමැතිය ඉල්ලුවොත් තොපි ඔක්කොම නැටි පුකේ ගහගෙන අනුමැතිය දෙනව.  @USER  ලගෙ පස්සෙ වැටීගෙන සාටකේ පුකවටේ ඔතාගෙන ඉන්න ගොබිල හැත්ත එදා විරුද්ධයි අද මීක් නැ. ගොයි බයියෝ හුරේ දානව. Kanishka De Lanerolle @USER  · 31 Dec 2019 It’s ironic when the same FDI was put forward by @USER govt. it deemed as a selling of state lands to foreigners. Then MP @USER questioned whether tenders were called. Now @USER govt. is mirroring the same. 2 mins silence for 69 laks #SriLanka #Colombo,වෙනස කුමක්ද කොල්ලො. කැබිනට් එකට බලු බෙට්ටක් දාල ඕක උදේ කෑමට අනුමැතිය ඉල්ලුවොත් තොපි ඔක්කොම නැටි පුකේ ගහගෙන අනුමැතිය දෙනව. ලගෙ පස්සෙ වැටීගෙන සාටකේ පුකවටේ ඔතාගෙන ඉන්න ගොබිල හැත්ත එදා විරුද්ධයි අද මීක් නැ. ගොයි බයියෝ හුරේ දානව. කනිෂ්ක දේ ලනේරෝල්ලේ · 31 දෙක් 2019 It’s ඉරොනික් when the same ෆ්දී was put forward බ්ය් ගොව්ට් ඉට දීමෙඩ් ඇස අ selling ඔෆ් state ලන්ඩ්ස් ටො ෆොරෙඉග්නෙර්ස Then ම්ප් කුඑස්තිඔනෙද් whether ටෙන්දෙර්ස් were චාල්ලෙඩ් Now ගොව්ට් ඉස මිර්රෝරින්ග් the same. 2 මින්ස් silence for 69 ලක්ස් ශ්‍රීලංකා චොලොම්බෝ,0.8301
"@USER ""ගහෙන් වැටිච්ච මිනිහට ගොනා ඇන්න වගේ"" කියල ප්‍රස්තාපිරුලක් අපි අහල තියනව.""බල්ල හපපු ගෑනිට ගොනා ඇන්න වගේ "" කියල ප්‍රස්තාපිරුලක් හැදෙන්න දෙන්නෙ නැතුව පරෙස්සම් වෙලා ඉන්න","""ගහෙන් වැටිච්ච මිනිහට ගොනා ඇන්න වගේ"" කියල ප්‍රස්තාපිරුලක් අපි අහල තියනව.""බල්ල හපපු ගෑනිට ගොනා ඇන්න වගේ "" කියල ප්‍රස්තාපිරුලක් හැදෙන්න දෙන්නෙ නැතුව පරෙස්සම් වෙලා ඉන්න",0.8301
කැරි රසගුලා රාධා මන  කරුපයියා බැරි මට කිමෑ  ඇර මාගේ හද  පයියා පිරි පෙම් බිජ්ජ උකවා මුළු ලෝ පයියා තිරි රිරි පකේ හිටුවමි නුඹෙ රසකයියා                                                        ( මකරකවි ),කැරි රසගුලා රාධා මන කරුපයියා බැරි මට කිමෑ ඇර මාගේ හද පයියා පිරි පෙම් බිජ්ජ උකවා මුළු ලෝ පයියා තිරි රිරි පකේ හිටුවමි නුඹෙ රසකයියා ( මකරකවි ),0.8301
"@USER  @USER වේසකමේ ගිහින් ජාතක වෙච්ච උඹ, අම්මගෙන් අහපන් පුලුවන් නම් එදා ඇනපු එකාගේ එක හිට්ටේ හරහටද කියලා පොඩ්ඩක්. ඊට කලින් පොඩ්ඩක් හොයලා බලපන් එදා කීදෙනෙක් ඉදලද කියලා. එතන අනිවාර්යයෙන්ම බිජ්ජ කොට එකෙක් ඉදලා තියනවා. ඒකයි උඹ දකින හැමඑකාගෙන්ම ලොකුද පොඩිද අහන්නේ.","වේසකමේ ගිහින් ජාතක වෙච්ච උඹ, අම්මගෙන් අහපන් පුලුවන් නම් එදා ඇනපු එකාගේ එක හිට්ටේ හරහටද කියලා පොඩ්ඩක්. ඊට කලින් පොඩ්ඩක් හොයලා බලපන් එදා කීදෙනෙක් ඉදලද කියලා. එතන අනිවාර්යයෙන්ම බිජ්ජ කොට එකෙක් ඉදලා තියනවා. ඒකයි උඹ දකින හැමඑකාගෙන්ම ලොකුද පොඩිද අහන්නේ.",0.8301
හරි නේද? හුඟ වෙලාවක ඉඳන් දැගලුව ඕකට. උනුත් යකෝ උන්ගෙ 82 defend කරන්න හදන්නෙ. හෙමීට ඉඳන් ගහන්නෙ නැතුව frustrate වෙලා ගොං කං කරොත් ඉතින් අපරාදෙ. අතට ගත්ත දේ කටට දාගන්න බැරි වෙයි,හරි නේද? හුඟ වෙලාවක ඉඳන් දැගලුව ඕකට. උනුත් යකෝ උන්ගෙ 82 defend කරන්න හදන්නෙ. හෙමීට ඉඳන් ගහන්නෙ නැතුව frustrate වෙලා ගොං කං කරොත් ඉතින් අපරාදෙ. අතට ගත්ත දේ කටට දාගන්න බැරි වෙයි,0.8301
තව එක අඩියක් හරි ඉස්සරහට ආවොත් මේ ඇඳන් ඉන්න දිය රෙද්ද ගලවලා කපනවා!  #SriLankanThreats  තමුසෙගෙ බෙල්ල.,තව එක අඩියක් හරි ඉස්සරහට ආවොත් මේ ඇඳන් ඉන්න දිය රෙද්ද ගලවලා කපනවා! ස්රිලංකංථ්රෙඅත්ස තමුසෙගෙ බෙල්ල.,0.8301
"@USER අනේ හිතෙනව මගෙ ☆☆න්. කැහැටු රිලවා.. වරෙන්කො තෝ මගෙ වරක කන්න, පුදන්නන් තොට කැටපෝලෙන්..","අනේ හිතෙනව මගෙ ☆☆න්. කැහැටු රිලවා.. වරෙන්කො තෝ මගෙ වරක කන්න, පුදන්නන් තොට කැටපෝලෙන්..",0.8301
ගාමන්ට් යන කෑල්ලක් පස්සෙ විජේ යන මුල් කාලේ කුවේ නියේ මා කුවේ නියේ මා.. තං මැන්නා එනවා..  තං මැනලා වැඩේ ඉවර උනාම..  තූ වේසියේ තෝ තූ වේසියේ තෝ.. මාව දැලේ දැම්මා...  #thinkingවිජය,ගාමන්ට් යන කෑල්ලක් පස්සෙ විජේ යන මුල් කාලේ කුවේ නියේ මා කුවේ නියේ මා.. තං මැන්නා එනවා.. තං මැනලා වැඩේ ඉවර උනාම.. තූ වේසියේ තෝ තූ වේසියේ තෝ.. මාව දැලේ දැම්මා... #thinkingවිජය,0.8296
@USER Thanks. අම්ම ඒම දැනගත්තොතින් වසල හමාරයි.,Thanks. අම්ම ඒම දැනගත්තොතින් වසල හමාරයි.,0.8296
@USER සක්කිලි පොන්නය තෝව ආරක්ෂව නැතුව එලියටනම් බහින්න එපා තෝව අනිවාර්යයෙන්ම මරානව,සක්කිලි පොන්නය තෝව ආරක්ෂව නැතුව එලියටනම් බහින්න එපා තෝව අනිවාර්යයෙන්ම මරානව,0.8296
"@USER @USER  අනෙ පලයන් කොල්ලො යන්න  උබ ඉන්නෙ ඔහෙ මම මෙහෙ ,හිතුනොත් උස්සනව දැන ගනිම්  @USER  kwd me haal kella","අනෙ පලයන් කොල්ලො යන්න උබ ඉන්නෙ ඔහෙ මම මෙහෙ ,හිතුනොත් උස්සනව දැන ගනිම් කවද් මේ හාල් kella",0.8296
පැපි ඇන නිමස් ගැහුවට කමක් නැ තොපි සබ් ගහලා මෙතන ජීව ගුනෙ කාලා අහු වෙන්නෑ කපනවා...!,පැපි ඇන නිමස් ගැහුවට කමක් නැ තොපි සබ් ගහලා මෙතන ජීව ගුනෙ කාලා අහු වෙන්නෑ කපනවා...!,0.8296
@USER කෙල්ල  ඒකි නැත්නම් අතේපාරක් ගහල සැපේ ඉන්නවනෙ,කෙල්ල ඒකි නැත්නම් අතේපාරක් ගහල සැපේ ඉන්නවනෙ,0.8296
මිනී මරන්න කොටන්න හැමිනෙන්න විඔම්බ ගහන්න කඩු කිනිසි ගෙනත් රෙද්ද අස්සෙ පල්ලිය අස්සෙ ගහගෙන ඉන්න හොඳයි..  බඩු මාට්ටු උනාම ඇල්ලුවම පෙන්නනකොට තමා තොපි හැමෝටම විලි ලැජ්ජ...!....   අනේ මේ,මිනී මරන්න කොටන්න හැමිනෙන්න විඔම්බ ගහන්න කඩු කිනිසි ගෙනත් රෙද්ද අස්සෙ පල්ලිය අස්සෙ ගහගෙන ඉන්න හොඳයි.. බඩු මාට්ටු උනාම ඇල්ලුවම පෙන්නනකොට තමා තොපි හැමෝටම විලි ලැජ්ජ...!.... අනේ මේ,0.8296
@USER  @USER හෙන ගහලා වැස්සත් ඩිලන්තයගෙ මූසලකම හෝදලා යවන්න බෑ,හෙන ගහලා වැස්සත් ඩිලන්තයගෙ මූසලකම හෝදලා යවන්න බෑ,0.8296
"@USER ,  @USER  @USER පලයං අර කොණට කැහැටු හරක්ට ඡන්දෙ දීල බඩ මහත හරක් කරන්න බොලාට හොඳයි අපේ සල්ලි වලින් හදාගන්න බඩ ගැන තමයි අමාරු.",", පලයං අර කොණට කැහැටු හරක්ට ඡන්දෙ දීල බඩ මහත හරක් කරන්න බොලාට හොඳයි අපේ සල්ලි වලින් හදාගන්න බඩ ගැන තමයි අමාරු.",0.8296
@USER  @USER    පලයන් කක්කුස්සි කටා යන්ට..!!! උබේ ජාතකේ වැරද්දක් තියෙනවා..!!! අම්ම උබ ඉපදෙන කාලේ කක්කුස්සියකටවත් වැටුනද කියල අහපන්; සට්ටබිකොම පවුලේ උරුමයක් ද...? තොපිට යහපාලනේ හරියන්නේ නෑ; හරියන්නේ සුදු වෑන් තමයි....!!!!!!,පලයන් කක්කුස්සි කටා යන්ට..!!! උබේ ජාතකේ වැරද්දක් තියෙනවා..!!! අම්ම උබ ඉපදෙන කාලේ කක්කුස්සියකටවත් වැටුනද කියල අහපන්; සට්ටබිකොම පවුලේ උරුමයක් ද...? තොපිට යහපාලනේ හරියන්නේ නෑ; හරියන්නේ සුදු වෑන් තමයි....!!!!!!,0.8296
"@USER  @USER කැරි පොනනයා හුකවගන්න හදන්නෙ...පකයා,රෙන්න තියෙන පුක දෙන්නෙ නැතුව හිටපන් හුජ්ජ පොඩි එකා...  කුණුහරුප කියල විහිලු නොකරන කටින් මේ පිට වෙන්නෙ මොනවද ඕයි.","කැරි පොනනයා හුකවගන්න හදන්නෙ...පකයා,රෙන්න තියෙන පුක දෙන්නෙ නැතුව හිටපන් හුජ්ජ පොඩි එකා... කුණුහරුප කියල විහිලු නොකරන කටින් මේ පිට වෙන්නෙ මොනවද ඕයි.",0.8291
@USER @USER  මූනු පුක වෙනවා.. Tweet කරලවත් පොලීසියට කියන්න ක්‍රමයක් තියේනම් බන්,මූනු පුක වෙනවා.. Tweet කරලවත් පොලීසියට කියන්න ක්‍රමයක් තියේනම් බන්,0.8291
ගල හොඳ නම් - අඹරන කහ බිල්ඩිමටත් ගාවී.. URL,ගල හොඳ නම් - අඹරන කහ බිල්ඩිමටත් ගාවී.. උර්ල්,0.8291
@USER @USER  මොන future girlsලාද යකෝ current එවුන් උයන්න තියා කුස්සිය තියෙන්නේ කොහෙද කියලවත් දන්නේ නැතිකට  @USER,මොන future girlsලාද යකෝ current එවුන් උයන්න තියා කුස්සිය තියෙන්නේ කොහෙද කියලවත් දන්නේ නැතිකට,0.8291
උබට හෙන ජෙල නේ ... අනෙ පලයන් යන්න සමනලයා @USER,උබට හෙන ජෙල නේ ... අනෙ පලයන් යන්න සමනලයා,0.8291
@USER කොහේද පොන්නයෝ ඒ පට්ට පඳුරු වේසි තානාපති නිළධාරිනියක් වුණේ  උඹේ අම්මගෙ රිම්පිඩියෙද සක්කිලියෝ,කොහේද පොන්නයෝ ඒ පට්ට පඳුරු වේසි තානාපති නිළධාරිනියක් වුණේ උඹේ අම්මගෙ රිම්පිඩියෙද සක්කිලියෝ,0.8291
@USER මං ගියාහම බඩුව බැලුවා..එක බඩුවක් තේරුව.. අරංයන්න හැදුවම.. ස යන්න අපි පහලට එවන්නම් කිව්වා..මං පහලට ඇවිත් බිල ගෙවද්දි කවුන්ටරෙට මෙහා ප්ලේස් එකෙ බඩුව රෙඩි.. ලොකු අමාරුවක් උනෙ නැ.. ඒත් එකේක තැංවලින් බඩු එකේකෙව ගොඩක් ගන්න අයට ඕක වදයක්..,මං ගියාහම බඩුව බැලුවා..එක බඩුවක් තේරුව.. අරංයන්න හැදුවම.. ස යන්න අපි පහලට එවන්නම් කිව්වා..මං පහලට ඇවිත් බිල ගෙවද්දි කවුන්ටරෙට මෙහා ප්ලේස් එකෙ බඩුව රෙඩි.. ලොකු අමාරුවක් උනෙ නැ.. ඒත් එකේක තැංවලින් බඩු එකේකෙව ගොඩක් ගන්න අයට ඕක වදයක්..,0.8291
යකෝ හම්සාට හෙනට වෙඩින් නේ,යකෝ හම්සාට හෙනට වෙඩින් නේ,0.8291
@USER කොල්ලෙක්ට දාන්න ඔනා නමක් නෙහ්හ් තෝ බල්ලෙක් ට දාලා තියෙන්නේ,කොල්ලෙක්ට දාන්න ඔනා නමක් නෙහ්හ් තෝ බල්ලෙක් ට දාලා තියෙන්නේ,0.8288
"අඩො  @USER  ,  @USER   දිනවලා පාර්ලිමෙන්තු ඇවිල්ලා කොහොම හරි විධායකය අහොසි කරවලා විධායක අගමැති වුනොත් ගේම කොහොමද?  @USER  @USER  @USER  @USER  @USER  @USER  @USER","අඩො , දිනවලා පාර්ලිමෙන්තු ඇවිල්ලා කොහොම හරි විධායකය අහොසි කරවලා විධායක අගමැති වුනොත් ගේම කොහොමද?",0.8287
සමහර ලමයි කියනව : අම්මගෙ වැඩේ බනින ඵකලු..! ඕක මොකක්ද පුතා 26ක් වෙලා මට අම්ම තාම බනින්නෙ...,සමහර ලමයි කියනව : අම්මගෙ වැඩේ බනින ඵකලු..! ඕක මොකක්ද පුතා 26ක් වෙලා මට අම්ම තාම බනින්නෙ...,0.8286
දුටුගැමුණු මහා දුෂ්ඨයෙක්.. අර තඩි රුවන්මැලිසෑය විශාල පාපකර්මයක්.( මුගේ ජාතකේ මොකක්ද ? #SriLanka #lka  @USER,දුටුගැමුණු මහා දුෂ්ඨයෙක්.. අර තඩි රුවන්මැලිසෑය විශාල පාපකර්මයක්.( මුගේ ජාතකේ මොකක්ද ? ශ්‍රීලංකා ලක,0.8286
Class නෑ යකෝ මුගෙ අම්මට,Class නෑ යකෝ මුගෙ අම්මට,0.8286
සුද්දන්ට පුක දෙන්නේ මේවගේ අවජාතක පට්ට වේසියෝ තමයි ( URL,සුද්දන්ට පුක දෙන්නේ මේවගේ අවජාතක පට්ට වේසියෝ තමයි ( උර්ල්,0.8286
තොට ඉතිං අලි හුත්තක් නේ තියෙන්නේ ගිහිං දීපිය අලියට..ඇරෝගන්න ලොකුවට.. ඇරී ටික මදි නේ..  ආ...හා එතෝට උබ කියන්නේ බොට පොට්ටුව වගේ පිවිතුරු පිපිලත් නැති එකක් තියේ කියලද? අනෙ මගේ කට.. #වලි #දෙබස් #කුනුහබ්බ,තොට ඉතිං අලි හුත්තක් නේ තියෙන්නේ ගිහිං දීපිය අලියට..ඇරෝගන්න ලොකුවට.. ඇරී ටික මදි නේ.. ආ...හා එතෝට උබ කියන්නේ බොට පොට්ටුව වගේ පිවිතුරු පිපිලත් නැති එකක් තියේ කියලද? අනෙ මගේ කට.. #වලි #දෙබස් #කුනුහබ්බ,0.8286
@USER අම්මල  කියන්නෙ ඉස්කෝලෙ ට අඳින්න සුදුසු ඇඳුමවත් තේරෙන්නෙ නැති ජාතියෙ මෝඩ ගස්ද?,අම්මල කියන්නෙ ඉස්කෝලෙ ට අඳින්න සුදුසු ඇඳුමවත් තේරෙන්නෙ නැති ජාතියෙ මෝඩ ගස්ද?,0.8286
ට්‍රම්ප්ට කොරෝනා හැදුනාම recovery soon කියන මිනිස්සු ජාතියක් යකෝ මේක..මුන්ට බෝම්බ ගහල මදි,ට්‍රම්ප්ට කොරෝනා හැදුනාම recovery soon කියන මිනිස්සු ජාතියක් යකෝ මේක..මුන්ට බෝම්බ ගහල මදි,0.8282
@USER අම්ම හදන මාලුමිරිස් පහේ පුරවලායි කීරිසම්බා බතුයි තාත්තා හදන කරවල බැදුමයි ලොකුඅම්මගෙ පරිප්පුවයි,අම්ම හදන මාලුමිරිස් පහේ පුරවලායි කීරිසම්බා බතුයි තාත්තා හදන කරවල බැදුමයි ලොකුඅම්මගෙ පරිප්පුවයි,0.8281
ට හුකන්න දාලා 󾌧 ශෙනාලි ඔයා නම් 󾌧󾌧 මාව පිස්සු වට්ටනවා කෙල්ලේ 󾌬󾌬 URL,ට හුකන්න දාලා 󾌧 ශෙනාලි ඔයා නම් 󾌧󾌧 මාව පිස්සු වට්ටනවා කෙල්ලේ 󾌬󾌬 උර්ල්,0.8281
ජංගි පොඩ්ඩක්වත් නැතුව හෙලිවැල්ලෙන් සිටි කාලය මට මතකය.අංගජාතය පොලවට ලම්බකව එල්ලාගෙන හොරි හැදුන කුෂ්ඨ ශරීරය දරාගෙන ගෙදර වත්තේ කොහේ හෝ කෙලවරක කක්කුස්සි ගිහින් පුක නොහෝදා ඇට්ටෙන්බෙන් සිටි කාලය මට මතකය... #මතක,ජංගි පොඩ්ඩක්වත් නැතුව හෙලිවැල්ලෙන් සිටි කාලය මට මතකය.අංගජාතය පොලවට ලම්බකව එල්ලාගෙන හොරි හැදුන කුෂ්ඨ ශරීරය දරාගෙන ගෙදර වත්තේ කොහේ හෝ කෙලවරක කක්කුස්සි ගිහින් පුක නොහෝදා ඇට්ටෙන්බෙන් සිටි කාලය මට මතකය... #මතක,0.8281
@USER ඇත්ත කියද්දී තරහ යනවා නේ බං හෝ ගාලා.. තොපීලගේ ජාතකේ අපි දන්නවානේ.. සල්ලී වලට SM වල කඩේ යන බල්ලෝ. තෝ වගේ උං මං වැඩටත් තියං ඉන්නවා බං. හැබෑ උං ඔච්චර ගොං නෑ..,ඇත්ත කියද්දී තරහ යනවා නේ බං හෝ ගාලා.. තොපීලගේ ජාතකේ අපි දන්නවානේ.. සල්ලී වලට සම් වල කඩේ යන බල්ලෝ. තෝ වගේ උං මං වැඩටත් තියං ඉන්නවා බං. හැබෑ උං ඔච්චර ගොං නෑ..,0.8281
මෙයා ගෑණු ළමයෙක්නම් අත ඇරලා දාන්න. ගෑණු ළමයි මෝඩ තර්ක ගෙනල්ලා අත අරින්නැතුව කියෝනවා. මම ඇතුලුව   URL This Tweet is unavailable.,මෙයා ගෑණු ළමයෙක්නම් අත ඇරලා දාන්න. ගෑණු ළමයි මෝඩ තර්ක ගෙනල්ලා අත අරින්නැතුව කියෝනවා. මම ඇතුලුව උර්ල් This Tweet ඉස unavailable.,0.8281
ජාතියක් විදිහට දැන්නම් ඉවසුවා හොදටම ඇති බොලව්...  මන්න ගනින් කැති ගනින් පොරෝ ගනින් විසිකැති හරි ගනින් මේ පාරනම් කපලා හරි කොටලා හරි ගිණි තියලා හරි මේක ඉවරයක් කරන්න ඕනා යකෝ නැත්තම් අපෙ ළමයින්ට හෙටක් නැති වෙන එක විතරයි වෙන්නෙ...  . . .  ආපහු ඩෙංගුලු :3 කැලෑ කපලා පරිසරය සුද්ද කරමු :3,ජාතියක් විදිහට දැන්නම් ඉවසුවා හොදටම ඇති බොලව්... මන්න ගනින් කැති ගනින් පොරෝ ගනින් විසිකැති හරි ගනින් මේ පාරනම් කපලා හරි කොටලා හරි ගිණි තියලා හරි මේක ඉවරයක් කරන්න ඕනා යකෝ නැත්තම් අපෙ ළමයින්ට හෙටක් නැති වෙන එක විතරයි වෙන්නෙ... . . . ආපහු ඩෙංගුලු :3 කැලෑ කපලා පරිසරය සුද්ද කරමු :3,0.8281
"@USER ආ එක මිසක්,මන් බැලුව එමොජියේ කටට මොකෝ උනේ කියලා","ආ එක මිසක්,මන් බැලුව එමොජියේ කටට මොකෝ උනේ කියලා",0.8281
හා හා ඇති ඇති දැන් ඔය ඇඟිලි දැම්මා  අංගුලිමාල හිටියනං කපනවා තොපි සේරගෙම ඇඟිලි,හා හා ඇති ඇති දැන් ඔය ඇඟිලි දැම්මා අංගුලිමාල හිටියනං කපනවා තොපි සේරගෙම ඇඟිලි,0.8281
Online Game ගහනකොට ඉන්දියන් උන්ට හින්දියෙන් බනින එක හෙන ආතල්.   උන් සිංහලෙන් බනින්න දන්නේ නැති නිසා උන් මොනා හරි කියන්නේ අර අහිංසක ජැකලීන්ට,Online Game ගහනකොට ඉන්දියන් උන්ට හින්දියෙන් බනින එක හෙන ආතල්. උන් සිංහලෙන් බනින්න දන්නේ නැති නිසා උන් මොනා හරි කියන්නේ අර අහිංසක ජැකලීන්ට,0.8281
ඉස්සර සිඟිති පොළක් තියනවනම් අපෙ අම්ම හැමදාම හදල දෙන්නෙ මුරුක්කු  #මුරුක්කු,ඉස්සර සිඟිති පොළක් තියනවනම් අපෙ අම්ම හැමදාම හදල දෙන්නෙ මුරුක්කු #මුරුක්කු,0.8281
@USER හැබැයි ඕන බඩුව හොයාගන්න නැතුව ආපහු ⁣එන අයට අසාධාර්නේ,හැබැයි ඕන බඩුව හොයාගන්න නැතුව ආපහු ⁣එන අයට අසාධාර්නේ,0.8281
@USER @USER  @USER උඹත් මාර බඩුව මාළු කඩේට ගිහින් පාන් තියනවද කියලා අහනවා වගේ වෙන discussion මැද්දට පැනලා බයිලා අහනවා. .30 ට,උඹත් මාර බඩුව මාළු කඩේට ගිහින් පාන් තියනවද කියලා අහනවා වගේ වෙන discussion මැද්දට පැනලා බයිලා අහනවා. .30 ට,0.8281
@USER මට කොහේ අමාරැවක්ද යකෝ එක එකාට call කර කර ඉන්න. උඹ වගේ අසහනකාරයෙක් නෙමෙයි මම,මට කොහේ අමාරැවක්ද යකෝ එක එකාට call කර කර ඉන්න. උඹ වගේ අසහනකාරයෙක් නෙමෙයි මම,0.8281
පට්ට වැස්සියකට නාඹර මෝල් ගොනෙකු #Papa සොයයි #SriLankanWeddingProposals,පට්ට වැස්සියකට නාඹර මෝල් ගොනෙකු #Papa සොයයි ස්රිලන්කන්වෙද්දීන්ග්ප්රෝපොසල්ස්,0.8281
@USER බඩේ අමාරු හැදුනොත් අපි නෑ,බඩේ අමාරු හැදුනොත් අපි නෑ,0.8276
@USER කීයද අක්කේ ඔයිං කැටයක් ඕකවත් ගාල උපං කැත යවන්න ඇහැකිද බලන්න ඕන...,කීයද අක්කේ ඔයිං කැටයක් ඕකවත් ගාල උපං කැත යවන්න ඇහැකිද බලන්න ඕන...,0.8276
@USER Montessori (Pre Grade) එකේ මට මතකයි කෙල්ලෙක්ගෙ ඔලුවට බෝතලෙන් ගහල Teacher ගෙන් හැංගෙන්න teacher ගෙ මේසේ යටම හිටිය කියලා.  එ් කාලෙ කරේ හෙන ⁣ගොං වැඩ අප්පා. ඒ කෙල්ල අදටත් හම්බුනාම ඕක කියල හිනා වෙනවා  #මතක්වුණාSL,මොන්ටෙස්සොරි ප්රේ Grade) එකේ මට මතකයි කෙල්ලෙක්ගෙ ඔලුවට බෝතලෙන් ගහල Teacher ගෙන් හැංගෙන්න teacher ගෙ මේසේ යටම හිටිය කියලා. එ් කාලෙ කරේ හෙන ⁣ගොං වැඩ අප්පා. ඒ කෙල්ල අදටත් හම්බුනාම ඕක කියල හිනා වෙනවා #මතක්වුණාSL,0.8276
@USER කෙටිම කතාව අම්ම ඒ ලමයි දෙන්නවම ඔතනට ඇදල දැම්ම,කෙටිම කතාව අම්ම ඒ ලමයි දෙන්නවම ඔතනට ඇදල දැම්ම,0.8276
මං මගුල ගෙම්බා  පස්සෙං ගියාට “”හිතුවක්කාරි”” කියලම කෙල්ලෙක් ඉන්නවා යකෝ මේකේ. හිතුවක්කාරයාට ඉතිං හිතුවක්කාරියක් තමා,මං මගුල ගෙම්බා පස්සෙං ගියාට “”හිතුවක්කාරි”” කියලම කෙල්ලෙක් ඉන්නවා යකෝ මේකේ. හිතුවක්කාරයාට ඉතිං හිතුවක්කාරියක් තමා,0.8276
@USER ලැජ්ජ වෙන්න ඕන මුන් වගේ කුලියට කහින් වේස ගෑණු ජාතක කරාට,ලැජ්ජ වෙන්න ඕන මුන් වගේ කුලියට කහින් වේස ගෑණු ජාතක කරාට,0.8276
@USER ඔව්..ගූ තලියක් ඔබන්න ඕනෙ මුගෙ කටට... අප්පිරියයි ඇත්තට..,ඔව්..ගූ තලියක් ඔබන්න ඕනෙ මුගෙ කටට... අප්පිරියයි ඇත්තට..,0.8276
මේ වේස නලේ හැම හුත්තවල්ම මේකස්සට ගේනවා.. කාමරයක් අස්කරන අතරතුර ඇන්ටියක් සිය පොඩි වුන් ටිකට එසේ බනින්නීය.. අමතර සුත්තක් මටද ඉල්ලාගත හැකිනම් මනාය.,මේ වේස නලේ හැම හුත්තවල්ම මේකස්සට ගේනවා.. කාමරයක් අස්කරන අතරතුර ඇන්ටියක් සිය පොඩි වුන් ටිකට එසේ බනින්නීය.. අමතර සුත්තක් මටද ඉල්ලාගත හැකිනම් මනාය.,0.8276
කෙල්ලෝ Axe oil ගාන්නේ perfume ගානවා වගේ. මුන්ට ඇයි යකෝ මෙච්චර ඔලුව කැක්කුම්,කෙල්ලෝ Axe oil ගාන්නේ perfume ගානවා වගේ. මුන්ට ඇයි යකෝ මෙච්චර ඔලුව කැක්කුම්,0.8276
@USER අපේ අම්ම දැක්කොත් ඇට ගලවයි මගෙ,අපේ අම්ම දැක්කොත් ඇට ගලවයි මගෙ,0.8276
"කාළකන්නි ඔක්කොම අල්ලල පනපිටින් ගිනිතියන්න ඕනෙ ඕකුන්ගෙ පවුල් පිටින් වාසගම් පිටින් හැදිගෑවිලා යන්න!!  යකෝ සතෙක්ට ගිනිතියල මරන්න තරම් හිතක් තියෙන උන්ගෙ ජාතකේම, පරම්පරාවම නැති කරවන්න ඕනෙ.","කාළකන්නි ඔක්කොම අල්ලල පනපිටින් ගිනිතියන්න ඕනෙ ඕකුන්ගෙ පවුල් පිටින් වාසගම් පිටින් හැදිගෑවිලා යන්න!! යකෝ සතෙක්ට ගිනිතියල මරන්න තරම් හිතක් තියෙන උන්ගෙ ජාතකේම, පරම්පරාවම නැති කරවන්න ඕනෙ.",0.8271
"කවුද යකෝ මේ #NewYear නැකත් හැදුවේ, කිරිබත හරියට උයාගන්න වෙලාව මදි #SriLanka","කවුද යකෝ මේ නෙව්‍යෙඅර් නැකත් හැදුවේ, කිරිබත හරියට උයාගන්න වෙලාව මදි ශ්‍රීලංකා",0.8271
අනුන්ගේ රිසල්ට් පන්න පන්න අහන එවුන්ට කෙල වෙලාම පලයන්,අනුන්ගේ රිසල්ට් පන්න පන්න අහන එවුන්ට කෙල වෙලාම පලයන්,0.8271
"හතිදාගෙන ඇඳඋඩ දඟලලා ළමයා හැදුවටපස්සේ රුහාන් හනාන් උගේනමට  උප්පැන්නේ ලියං  යකෝ,මෙච්චර කල් ජිංකජිකා කරලාතියෙන්නෙ උගේ ගෑණිටද කොහෙද  #TweetHora","හතිදාගෙන ඇඳඋඩ දඟලලා ළමයා හැදුවටපස්සේ රුහාන් හනාන් උගේනමට උප්පැන්නේ ලියං යකෝ,මෙච්චර කල් ජිංකජිකා කරලාතියෙන්නෙ උගේ ගෑණිටද කොහෙද ට්වීතොර",0.8271
@USER ඔව් කුසල් ගහයි තරංගත් ගහයි pure timing & he can rotate strike අපේ පස්ස ගහන්න එන උනුත් බැට්එක විතරයි උස්සන්නේ බෝලේ බිමින් යන්නේ,ඔව් කුසල් ගහයි තරංගත් ගහයි pure timing & හේ can rotate strike අපේ පස්ස ගහන්න එන උනුත් බැට්එක විතරයි උස්සන්නේ බෝලේ බිමින් යන්නේ,0.8271
"ඉංග්‍රීසි හෝඩියෙ අකුරු කීයද? සිංහල හෝඩියෙ අකුරු කීයද? ඉංග්‍රීසි හෝඩිය බෝඩ් එකක ලියන්න පුළුවන් ද? සිංහල හෝඩිය බෝඩ් එකක ලියන්න පුළුවන් ද? අනේ උඹේ පකේ සිංහලේ කටට බෝම්බ දාලා කන්ටේනර් පෙට්ටියකට දාලා වහන්න ඕනෙ තොගෙ ගොබ්බ ලේ,ඔය ලේ කාරයො එකට එකතු කරලා මෙහෙම ඇහුවොත් අර","ඉංග්‍රීසි හෝඩියෙ අකුරු කීයද? සිංහල හෝඩියෙ අකුරු කීයද? ඉංග්‍රීසි හෝඩිය බෝඩ් එකක ලියන්න පුළුවන් ද? සිංහල හෝඩිය බෝඩ් එකක ලියන්න පුළුවන් ද? අනේ උඹේ පකේ සිංහලේ කටට බෝම්බ දාලා කන්ටේනර් පෙට්ටියකට දාලා වහන්න ඕනෙ තොගෙ ගොබ්බ ලේ,ඔය ලේ කාරයො එකට එකතු කරලා මෙහෙම ඇහුවොත් අර",0.8271
ලංකාවත් නිකං ඉන්දියන් සාගරේ බඩුව වගේ..අහක යන නැව් ත් අරින්නමයි හදන්නෙ,ලංකාවත් නිකං ඉන්දියන් සාගරේ බඩුව වගේ..අහක යන නැව් ත් අරින්නමයි හදන්නෙ,0.8271
"මේ දවස් ටිකේම උදේට යාළුවෙන්න අහගෙන උදළු එවනවා, හැදිගෑවිලා පලයන් කියලා හැදි එනවා...  මච් ලව් තොපි දෙන්නට...","මේ දවස් ටිකේම උදේට යාළුවෙන්න අහගෙන උදළු එවනවා, හැදිගෑවිලා පලයන් කියලා හැදි එනවා... මච් ලව් තොපි දෙන්නට...",0.8271
"උඹ ඉවරයි නදීස්..  කැමති කෑම ජාතී, බීම ජාති එහෙම අද ඉදන්ම try කරහන්  MЯ.MΛDЯID™ @USER  · 5 Jun 2019 ඇයි මේ බෝපේ මුදලාලිට තරහා ගිහින්  twitter.com/BopeSM/status/…","උඹ ඉවරයි නදීස්.. කැමති කෑම ජාතී, බීම ජාති එහෙම අද ඉදන්ම try කරහන් මяමλදяඉද · 5 ජුන් 2019 ඇයි මේ බෝපේ මුදලාලිට තරහා ගිහින් ට්විට්ටේර්චොම්බෝපෙස්ම්ස්ටටුස්",0.8271
බලන්න මේ දරුවව දෙමව්පියෝ නයෙක් ලග තියල බලන් ඉන්න හැටි (video) පොඩි එක්කෙනාට වඩා ලොකුයි නයා.පිස්සු හැදෙනෝ අප්පා :(... URL,බලන්න මේ දරුවව දෙමව්පියෝ නයෙක් ලග තියල බලන් ඉන්න හැටි (video) පොඩි එක්කෙනාට වඩා ලොකුයි නයා.පිස්සු හැදෙනෝ අප්පා :(... උර්ල්,0.8271
මේ වගේ ගොන් හරකෙක් මෝඩ මූසල පො...න වේ...ගෙ පුතෙක් URL,මේ වගේ ගොන් හරකෙක් මෝඩ මූසල පො...න වේ...ගෙ පුතෙක් උර්ල්,0.8271
@USER  @USER කටානි  =  හොදින් කටට ගන්නි  #බබාටනමක්,කටානි = හොදින් කටට ගන්නි #බබාටනමක්,0.8271
අර කොල්ලො දෙන්නෙක් accident එලා නැතිවුනාට අපෙ අම්ම බනින්නෙ මට. ඇයි ඒම?,අර කොල්ලො දෙන්නෙක් accident එලා නැතිවුනාට අපෙ අම්ම බනින්නෙ මට. ඇයි ඒම?,0.8271
බඩුවට බඩුව කියන්නැතුව පත්තිනි අම්මා කියල කියන්නද කියන්නෙ ?,බඩුවට බඩුව කියන්නැතුව පත්තිනි අම්මා කියල කියන්නද කියන්නෙ ?,0.8271
@USER  @USER සැපේ හුත්තො. තෝ කොහෙද? අර බෝතලේට සෙට් උනානෙ? නේද?,සැපේ හුත්තො. තෝ කොහෙද? අර බෝතලේට සෙට් උනානෙ? නේද?,0.8271
වලහ/මුවැත්ති>ටට්ටය/දෙමලිච්චි>සිංහයා/සිංහ දේනුව  වලහ මුවැත්ති - 90% අලියා දෙමලිච්චි-70% සිංහය සිංහ දේනුව- 0.01%  :'( :'( අසාදාරණයි රෙද්ද..,වලහ/මුවැත්ති>ටට්ටය/දෙමලිච්චි>සිංහයා/සිංහ දේනුව වලහ මුවැත්ති - 90% අලියා දෙමලිච්චි-70% සිංහය සිංහ දේනුව- 0.01% :'( :'( අසාදාරණයි රෙද්ද..,0.8271
මම ඒත් බැලුව පට්ට හැපි එකේ දවස් තුන හතරක් හිටියා ඇයි කෙල වෙන්න පරක්කු කියල හරියටම උදේ පාන්දර කෙල උනා උට්ට,මම ඒත් බැලුව පට්ට හැපි එකේ දවස් තුන හතරක් හිටියා ඇයි කෙල වෙන්න පරක්කු කියල හරියටම උදේ පාන්දර කෙල උනා උට්ට,0.827
හුත්ත මරන තර්ජන එනවනෙ. බෑනෙ කරන්ඩ,හුත්ත මරන තර්ජන එනවනෙ. බෑනෙ කරන්ඩ,0.8269
පිනී පින්කඳ පින් කෑල්ල පින්කැටේ පින්කත පින්දෙන පින්වරිය පිනාලෙස්බියන් AngelGirl101 @USER  · 9 Oct 2020 එතකොට පිනාගේ Female version එක මොකක්ද?,පිනී පින්කඳ පින් කෑල්ල පින්කැටේ පින්කත පින්දෙන පින්වරිය පිනාලෙස්බියන් AngelGirl101 · 9 ඔච්ට් 2020 එතකොට පිනාගේ Female version එක මොකක්ද?,0.8268
@USER  @USER සුකි - ආ තිලා.. කියපන්. තිලා - අඩෝ. අර ජම්බෝලය පුක හිරකරන් දෙබොක්කාවක. සුකි - අඩෝ... පට්ට චාන්ස් එක.. අපි යටින් ගිහින් ඕකගෙ ඇට දෙක අදිමුද?  තිලා - %{#%}^*++~€{%*{,සුකි - ආ තිලා.. කියපන්. තිලා - අඩෝ. අර ජම්බෝලය පුක හිරකරන් දෙබොක්කාවක. සුකි - අඩෝ... පට්ට චාන්ස් එක.. අපි යටින් ගිහින් ඕකගෙ ඇට දෙක අදිමුද? තිලා - %{#%}^*++~€{%*{,0.8267
New post: කටට තිත්ත වුනත් කරවිල සෞඛ්‍යට රසවත් වන කරුණු 7ක් URL,New post: කටට තිත්ත වුනත් කරවිල සෞඛ්‍යට රසවත් වන කරුණු 7ක් උර්ල්,0.8267
@USER අැගේ තිරැ කපල ලුණු දාල අවුවේ තියන්න ඔනේ පක#,අැගේ තිරැ කපල ලුණු දාල අවුවේ තියන්න ඔනේ පක#,0.8267
@USER හනී වැඩි නැද්ද බබා එක කටට 3ක්.,හනී වැඩි නැද්ද බබා එක කටට 3ක්.,0.8267
Ambulance එකක් එද්දී කහ ඉරේ හුරතල් වෙවී ඉන්න එපා යකෝ,Ambulance එකක් එද්දී කහ ඉරේ හුරතල් වෙවී ඉන්න එපා යකෝ,0.8267
රට ජාතිය ගැන කියනවට විරුද්ධ උන් නැවිල බලපල්ල තොපි පිරිමිද කියල. Truth with Chamuditha youtube.com රට ජාතිය ගැන කියනවට විරුද්ධ උන් නැවිල බලපල්ල තොපි පිරිමිද කියල. Truth... Venerable Galagoda Aththe Gnanasara Thero On Truth with Chamuditha ගලගොඩ අත්තේ ඥාණසාර හිමි චමුදිත සමරවික්‍රම සමග.(මෙම වැඩසටහන අවසරයකින් තොරව Facebook Page හෝ...,රට ජාතිය ගැන කියනවට විරුද්ධ උන් නැවිල බලපල්ල තොපි පිරිමිද කියල. Truth with චමුදිත යෝඋටුබෙචොම් රට ජාතිය ගැන කියනවට විරුද්ධ උන් නැවිල බලපල්ල තොපි පිරිමිද කියල. Truth... Venerable ගලගොඩ ඇත්තේ ඥානසාර තෙරෝ ඕන Truth with චමුදිත ගලගොඩ අත්තේ ඥාණසාර හිමි චමුදිත සමරවික්‍රම සමග.(මෙම වැඩසටහන අවසරයකින් තොරව ඵචෙබූක් Page හෝ...,0.8267
@USER ඕව හදන්න කලින් මේසන් හැදි මට්ටන් ලී ලෙවල් බට එහෙම ළග තියාගන්නෝනි .. සම්බෝලයක් හදාගන්න බැරි කෙල්ලො ඉන්න රටේ මාළුපාන් හදන කෙල්ලො හෙන වටිනවලු හොදේ...,ඕව හදන්න කලින් මේසන් හැදි මට්ටන් ලී ලෙවල් බට එහෙම ළග තියාගන්නෝනි .. සම්බෝලයක් හදාගන්න බැරි කෙල්ලො ඉන්න රටේ මාළුපාන් හදන කෙල්ලො හෙන වටිනවලු හොදේ...,0.8267
@USER  @USER වේස කම් කරන්නේ දරුවන්ට බඩිගින්න නිවන්න නම් ... You still call bitch ?,වේස කම් කරන්නේ දරුවන්ට බඩිගින්න නිවන්න නම් ... You still call bitch ?,0.8267
ජොකා ඉලාස්ටික් ඇට ප්ලාස්ටික්  පුක මැද ලිප්ස්ටික් ටා රර රා,ජොකා ඉලාස්ටික් ඇට ප්ලාස්ටික් පුක මැද ලිප්ස්ටික් ටා රර රා,0.8267
කපුවා- ආ මල්ලිලා අට ගහන්න  වගේ නේ  කොල්ලෝ- නෑ හැට පැනපු නාකින්ට අහ අටේ කෙල්ලො ජොඩු කරන තොට ගහන්න,කපුවා- ආ මල්ලිලා අට ගහන්න වගේ නේ කොල්ලෝ- නෑ හැට පැනපු නාකින්ට අහ අටේ කෙල්ලො ජොඩු කරන තොට ගහන්න,0.8267
හැමෝම ජනාධිපතිකම බලන් ඉන්නවා ! මෙන්න නියම බඩුව!,හැමෝම ජනාධිපතිකම බලන් ඉන්නවා ! මෙන්න නියම බඩුව!,0.8267
දෙකක් දාගෙන මේවට නටන දඟරශාන් සහ දඟරවති නං කියන්නේ මේකේ ඇති ලී බැරල්  භවක් නෙවෙයි අපි පොඩි සොමියක් ගන්න එකට GOT-A-භය ලොක්කගේ භිය උපදවන වැඩක් කියා . මේ තොපි හිතුවද බස් සිංදු අයින් කරල තොගේ ප්ලේ ලැයිස්තුව දානවා කියලා ?”- දඟර වතිගෙන් ඔබට පැනයක්,දෙකක් දාගෙන මේවට නටන දඟරශාන් සහ දඟරවති නං කියන්නේ මේකේ ඇති ලී බැරල් භවක් නෙවෙයි අපි පොඩි සොමියක් ගන්න එකට GOT-A-භය ලොක්කගේ භිය උපදවන වැඩක් කියා . මේ තොපි හිතුවද බස් සිංදු අයින් කරල තොගේ ප්ලේ ලැයිස්තුව දානවා කියලා ?”- දඟර වතිගෙන් ඔබට පැනයක්,0.8267
"""ගහප් තොට පයින්.."" කියාගෙන අත ඉස්සපු අවස්ථා නැතුවාම නොවෙයි ආයුබොවන්ඩ.","""ගහප් තොට පයින්.."" කියාගෙන අත ඉස්සපු අවස්ථා නැතුවාම නොවෙයි ආයුබොවන්ඩ.",0.8267
@USER කවුරුහරි කාලකන්නියෙක් ඉදිරිපත් වෙලා මේ කව හරි මාර්ගයට ගත්තොත් හොඳයි මොකද මූ නිතර නිතර මරණය මරණයක් ගැනමයි කතා කරන්නේ ඒක භයානක තත්ත්වයක් රටටම අවමගුල තමයි වෙන්නේ මු awoth,කවුරුහරි කාලකන්නියෙක් ඉදිරිපත් වෙලා මේ කව හරි මාර්ගයට ගත්තොත් හොඳයි මොකද මූ නිතර නිතර මරණය මරණයක් ගැනමයි කතා කරන්නේ ඒක භයානක තත්ත්වයක් රටටම අවමගුල තමයි වෙන්නේ මු අවොත්,0.8264
"@USER  @USER කටු පිටිං බස්සන්න ඕන අලයක් ඕකගෙ පුක දිගේ, ටුයිටරේ කරේ තියාන ඉන්නවට","කටු පිටිං බස්සන්න ඕන අලයක් ඕකගෙ පුක දිගේ, ටුයිටරේ කරේ තියාන ඉන්නවට",0.8262
සිංහල ජාතිය වෙනුවෙන් ළමයින් දුසිම් දෙකකට වඩා හදමි අම්මපා කියන්නේ ඈ...විහිලුවකට නම් ගන්න එපා රෙද්ද :D :D :D URL,සිංහල ජාතිය වෙනුවෙන් ළමයින් දුසිම් දෙකකට වඩා හදමි අම්මපා කියන්නේ ඈ...විහිලුවකට නම් ගන්න එපා රෙද්ද ද ද ද උර්ල්,0.8262
"කවුද යකෝ අපේ සුරාජ් ට ""ගොරක පෙනුමක්"" තියනවා කීවේ... උස්සලා ගහප් පොලවේ....  Suraj @USER  · 3 Dec 2021 ගොරක පෙනුමක් තිබ්බට   අපේ හිත් ලස්සනයි බං.","කවුද යකෝ අපේ සුරාජ් ට ""ගොරක පෙනුමක්"" තියනවා කීවේ... උස්සලා ගහප් පොලවේ.... සුරාජ් · 3 දෙක් 2021 ගොරක පෙනුමක් තිබ්බට අපේ හිත් ලස්සනයි බං.",0.8262
@USER  @USER    හෙන ගහන්ඩ වගේ එක නේ,හෙන ගහන්ඩ වගේ එක නේ,0.8262
"@USER @USER ඇරපන් ගස් දෙබලක පොන්න හුත්තා ,,  @USER","ඇරපන් ගස් දෙබලක පොන්න හුත්තා ,,",0.8262
හරියට ජංගි තෙමා ගන්න බැරි හුජ්ජ කෙල්ලො එනවා මෙතන ලයින් අල්ලන්න . දුප් කිව්වෙ   #SriLankanThreats,හරියට ජංගි තෙමා ගන්න බැරි හුජ්ජ කෙල්ලො එනවා මෙතන ලයින් අල්ලන්න . දුප් කිව්වෙ ස්රිලංකංථ්රෙඅත්ස,0.8262
උඹ හොදට මිරිකලා දෙහිටික ගනින්කො විමලා  අනෙ උඹෙ ඩාලිං සයිම කට් වෙලා   #sajje,උඹ හොදට මිරිකලා දෙහිටික ගනින්කො විමලා අනෙ උඹෙ ඩාලිං සයිම කට් වෙලා සාජ්ජේ,0.8262
@USER  @USER ජිල් බෝලයක් හොදට ලිපේ දාලා රත්කරන්න. ඒක වටේ පිපුරුවාට පස්සේ හෙමින්  කටුවකින් වටේ කෑලි අයින් කරමින් ඇතුලේ කෑල්ල මතු කරගන්න,ජිල් බෝලයක් හොදට ලිපේ දාලා රත්කරන්න. ඒක වටේ පිපුරුවාට පස්සේ හෙමින් කටුවකින් වටේ කෑලි අයින් කරමින් ඇතුලේ කෑල්ල මතු කරගන්න,0.8262
"ඉස්සෝ කියන්නෙ කොච්චර උෂ්ණ වුනත් කොහොම හැදුවත් රස කෑමක්. නම මතක් වෙනකොටත් කටට කෙල උනනවා නේද ? හැමදාම එකම විදිහට හදන ඉස්සෝ කරිය අද ටිකක් වෙනස් රසයකට පිළියෙල කරන ආකාරය අම්‍මට නංගි අද කියල දුන්නා. මැටි හට්ටියේ හැදෙන ඉස්සෝ කරිය බත් එක්ක විතරක් නෙවේ පාන්, ඉදි ආප්ප එක්ක හොදට ගැලපෙනවා","ඉස්සෝ කියන්නෙ කොච්චර උෂ්ණ වුනත් කොහොම හැදුවත් රස කෑමක්. නම මතක් වෙනකොටත් කටට කෙල උනනවා නේද ? හැමදාම එකම විදිහට හදන ඉස්සෝ කරිය අද ටිකක් වෙනස් රසයකට පිළියෙල කරන ආකාරය අම්‍මට නංගි අද කියල දුන්නා. මැටි හට්ටියේ හැදෙන ඉස්සෝ කරිය බත් එක්ක විතරක් නෙවේ පාන්, ඉදි ආප්ප එක්ක හොදට ගැලපෙනවා",0.8262
"දඩාවතේ යන බල්ලෙක් කියන්නේ ඌට ලගින්න හරි තැනක් නෑ. අද එක තැනක හෙට තැනක. දඩාවතේ යන බල්ලට හරි ජාතකේකුත් නෑ ඌට කිසිම ප්‍රශ්නයක් නෑ මොකාට මොනවා උනත් ඌ හිතන්නේ උගේ එදා වේල ගැන විතරයි. මේත් ඒ වගේම අවජාතක බල්ලෙක් රටේ ජනතාවට හෙන ගැහුවත් අවුලක් නැ උගේ බඩට පොකට් එකට ගාන වැටෙනවනම්! Dinidu de Alwis @USER  · 15 May 2021 කැබිනට් මාධ්‍ය හමුවේ @USER  කියනවා ""... විශේෂඥයන් අදහස් දක්වලා තියනවා පළමු මාත්‍රාව එක් එන්නත් වර්ගයකිනුත් දෙවනි මාත්‍රාව තවත් වර්ගයකිනුත් ලබාගැනීමේ ප්‍රශ්ණයක් නෑ කියලා.""  එහෙම කවුරුත් කියලා නැහැ. ඔය ගල් පැලෙන බොරු. මිනිස් ජීවිත එක්ක මේ බොරුකාරයෝ සෙල්ලං කරන්නේ. Show this thread","දඩාවතේ යන බල්ලෙක් කියන්නේ ඌට ලගින්න හරි තැනක් නෑ. අද එක තැනක හෙට තැනක. දඩාවතේ යන බල්ලට හරි ජාතකේකුත් නෑ ඌට කිසිම ප්‍රශ්නයක් නෑ මොකාට මොනවා උනත් ඌ හිතන්නේ උගේ එදා වේල ගැන විතරයි. මේත් ඒ වගේම අවජාතක බල්ලෙක් රටේ ජනතාවට හෙන ගැහුවත් අවුලක් නැ උගේ බඩට පොකට් එකට ගාන වැටෙනවනම්! දිනිදු දේ අල්විස් · 15 May 2021 කැබිනට් මාධ්‍ය හමුවේ කියනවා ""... විශේෂඥයන් අදහස් දක්වලා තියනවා පළමු මාත්‍රාව එක් එන්නත් වර්ගයකිනුත් දෙවනි මාත්‍රාව තවත් වර්ගයකිනුත් ලබාගැනීමේ ප්‍රශ්ණයක් නෑ කියලා."" එහෙම කවුරුත් කියලා නැහැ. ඔය ගල් පැලෙන බොරු. මිනිස් ජීවිත එක්ක මේ බොරුකාරයෝ සෙල්ලං කරන්නේ. Show this thread",0.8262
@USER  @USER කොට උනත් උස උනත් පැටිය උනත් නාකි උනත් බවූවො බවූවොම තමයී......,කොට උනත් උස උනත් පැටිය උනත් නාකි උනත් බවූවො බවූවොම තමයී......,0.8262
"@USER ,  @USER  @USER තෙ කඩෙකට පලයන්",", තෙ කඩෙකට පලයන්",0.8262
@USER ⁣පුකේ තමා කරන්නෙ. තෝ නැමිල හිටකො. තෝ වගේ දෙක තුන උස කජුගස් දෙබල්වල කෙලපු කොල්ලො අපි,⁣පුකේ තමා කරන්නෙ. තෝ නැමිල හිටකො. තෝ වගේ දෙක තුන උස කජුගස් දෙබල්වල කෙලපු කොල්ලො අපි,0.8262
@USER කනියට නෙමේ ඒක උඹට කියාගනින්...පවුල් කඩන්න එපා යකෝ... කනියා උදව්වක් කරන්න හැදුවෙ මට,කනියට නෙමේ ඒක උඹට කියාගනින්...පවුල් කඩන්න එපා යකෝ... කනියා උදව්වක් කරන්න හැදුවෙ මට,0.8257
"@USER ගහන අකුණක් මටනෙ , තොපි රෙද්දක් පෙරවන් නිදාගනිව්.","ගහන අකුණක් මටනෙ , තොපි රෙද්දක් පෙරවන් නිදාගනිව්.",0.8257
වරෙන් තෝ ලගට කොටනවා සෙනිකව කොලු ගැටයා  මීට,වරෙන් තෝ ලගට කොටනවා සෙනිකව කොලු ගැටයා මීට,0.8257
"@USER  @USER නැතුව ඉතිං තෝ රෙදි නැතුව හොරෙන් යන්න ද, හා දබුල්ලෙදි රෙදි ගලෝගන්නකො. අපි පාඩුවෙ ඉන්නම්කෝ","නැතුව ඉතිං තෝ රෙදි නැතුව හොරෙන් යන්න ද, හා දබුල්ලෙදි රෙදි ගලෝගන්නකො. අපි පාඩුවෙ ඉන්නම්කෝ",0.8257
අර හරකව bro ලයින් එකේ තියන් ඉන්නවට අපිට ගහන්න ඕනෙ.   දැන් දැන් අනවශ්‍ය එව්වට හොට දානව වැඩියි. ඕකට පුක කියන හරියටම හරි.,අර හරකව බ්‍රෝ ලයින් එකේ තියන් ඉන්නවට අපිට ගහන්න ඕනෙ. දැන් දැන් අනවශ්‍ය එව්වට හොට දානව වැඩියි. ඕකට පුක කියන හරියටම හරි.,0.8257
"@USER අනෙ තො හුක ,තොගෙ එක ඇහුනමනෙ නගින්නෙ    මන් මෙන්සන් කොරනවා","අනෙ තො හුක ,තොගෙ එක ඇහුනමනෙ නගින්නෙ මන් මෙන්සන් කොරනවා",0.8257
@USER  @USER    සනික මේ මල්ලිගේ ගල කපලා දෙන්න.,සනික මේ මල්ලිගේ ගල කපලා දෙන්න.,0.8257
@USER  @USER  11 others රිද්දන්න එපා කියන්නම් තොට විදින්නෙම මල ගලවලා මලේ නට්ටෙන් අත මිට මොලවපන් හරියයි ඕකා ජරාවට පුරැදුවෙලා,11 ඔතෙර්ස් රිද්දන්න එපා කියන්නම් තොට විදින්නෙම මල ගලවලා මලේ නට්ටෙන් අත මිට මොලවපන් හරියයි ඕකා ජරාවට පුරැදුවෙලා,0.8257
හැදී ගෑවිලා පලයන් ඒකිව.ඒකි නිසානේ අද මට මෙහෙම උනේ #WhenALResultsAreOut,හැදී ගෑවිලා පලයන් ඒකිව.ඒකි නිසානේ අද මට මෙහෙම උනේ ව්හෙනල්රෙසුල්ත්සරෙඖත්,0.8257
Elephant Spank සුදු නෝනගේ පස්ස තලන වස අලි පැංචා.. URL via  @USER,Elephant Spank සුදු නෝනගේ පස්ස තලන වස අලි පැංචා.. උර්ල් via,0.8257
@USER  @USER    ඉතින් යකෝ අම්මට තාත්තට අවන්කව නෙවෙයිද කරන්නෙ ?,ඉතින් යකෝ අම්මට තාත්තට අවන්කව නෙවෙයිද කරන්නෙ ?,0.8252
@USER සංසාරේ.............................ලොකු අම්ම තැන්පත් වෙන්න පීස් නරක ආදර්ශ දෙන්න්න එපාදැන්ම ඉදන් බියර් පෙන්නල,සංසාරේ.............................ලොකු අම්ම තැන්පත් වෙන්න පීස් නරක ආදර්ශ දෙන්න්න එපාදැන්ම ඉදන් බියර් පෙන්නල,0.8252
යකෝ හිකෙන අද්‍යපනක් ක්‍රමයක් නේ මේක.. අතේ ගහන්න ලමයින්ට උගන්නන එකෙන් වෙන්නේ දරැවන් තවත් මනසින් පිරිහෙන එක විතරයි නේ යකෝ.. ඔහොම එවුන් තමා ගැණියෙක් ගේ කකුලක් දැක්කත් කලිසම ඉරාගෙන එන්න තරම් ටෙන්ට් එකක් ගහන් ගෙදර ගිහින් ඒක මතක් කරගෙන අතේ ගහන්නේ.. නිකං ගොන් චුන් දෙන්න එපා බන්..,යකෝ හිකෙන අද්‍යපනක් ක්‍රමයක් නේ මේක.. අතේ ගහන්න ලමයින්ට උගන්නන එකෙන් වෙන්නේ දරැවන් තවත් මනසින් පිරිහෙන එක විතරයි නේ යකෝ.. ඔහොම එවුන් තමා ගැණියෙක් ගේ කකුලක් දැක්කත් කලිසම ඉරාගෙන එන්න තරම් ටෙන්ට් එකක් ගහන් ගෙදර ගිහින් ඒක මතක් කරගෙන අතේ ගහන්නේ.. නිකං ගොන් චුන් දෙන්න එපා බන්..,0.8252
නුවර එකෙක් පැණි කොමඩු වලට පැණි පුහුල් කියන අතර ගාල්ලෙ එකෙක් පොඩි කෑල්ලට හිච්චි කෑල්ල කියයි ඔය අතරෙ වයඹෙ ⁣එකෙක් ලොකු ලොකු පැණි පුහුල් හිච්චියට හපා කාගෙන කාගෙන  යයි..   වයඹෙ එකා මං යකෝ     #වයඹ,නුවර එකෙක් පැණි කොමඩු වලට පැණි පුහුල් කියන අතර ගාල්ලෙ එකෙක් පොඩි කෑල්ලට හිච්චි කෑල්ල කියයි ඔය අතරෙ වයඹෙ ⁣එකෙක් ලොකු ලොකු පැණි පුහුල් හිච්චියට හපා කාගෙන කාගෙන යයි.. වයඹෙ එකා මං යකෝ #වයඹ,0.8252
"ගමේ රදා ගෑනියෙකුයි ගොයිගම මිනිහෙකුයි බැඳල.. පවුල් ආරවුල් වෙල ඒ ගෑනි මිනිහට ගහල.. වටේ මිනිහගෙ නෑයො ඌ ෆෝම් කරනෝ තෝ ගෑනියෙක්ගෙන් ගුටිකෑව ඒ මදිවට රදවෙක්ගෙන්, තූ නොදකින් කිය කිය..  හුකන්න රදා හොඳයි ගුටිකන්න රදා අවුල්.. උගෙ අප්පගෙ ගැමියො මුන්නම්..","ගමේ රදා ගෑනියෙකුයි ගොයිගම මිනිහෙකුයි බැඳල.. පවුල් ආරවුල් වෙල ඒ ගෑනි මිනිහට ගහල.. වටේ මිනිහගෙ නෑයො ඌ ෆෝම් කරනෝ තෝ ගෑනියෙක්ගෙන් ගුටිකෑව ඒ මදිවට රදවෙක්ගෙන්, තූ නොදකින් කිය කිය.. හුකන්න රදා හොඳයි ගුටිකන්න රදා අවුල්.. උගෙ අප්පගෙ ගැමියො මුන්නම්..",0.8252
"@USER මළ සමයන්. සෝබනේට හොටු පිහින්න, මූණ පිහින්න උන් පත්තර කොළ කෑලි තියන් ඉන්නෙ.  තඩි ලේන්සුවක් ගනින්කො ඉවරනෙ.   හැබැයි ඔය ටිෂූස් වල තියේ වෙට් ටිෂූ එක. ඒක හොඳයි ""හොටු වගේ"" උකු ද්‍රාවණ ගෑවුණාම පිහලා දාන්න.  ගඳක් එන්නෙත් නෑ ඊට පස්සෙ. සෑහෙන්න ප්‍රයෝජනයි ඒවා නම්.","මළ සමයන්. සෝබනේට හොටු පිහින්න, මූණ පිහින්න උන් පත්තර කොළ කෑලි තියන් ඉන්නෙ. තඩි ලේන්සුවක් ගනින්කො ඉවරනෙ. හැබැයි ඔය ටිෂූස් වල තියේ වෙට් ටිෂූ එක. ඒක හොඳයි ""හොටු වගේ"" උකු ද්‍රාවණ ගෑවුණාම පිහලා දාන්න. ගඳක් එන්නෙත් නෑ ඊට පස්සෙ. සෑහෙන්න ප්‍රයෝජනයි ඒවා නම්.",0.8252
"”තෝ පරදෙමළා ,තොපි කොටි,තෝව කැතිගහනවා,හැමනියන් ”,මඩකලපුවේ හිමිනමක් රජයේ නිළධාරියෙකුට තර්ජනය ක URL","”තෝ පරදෙමළා ,තොපි කොටි,තෝව කැතිගහනවා,හැමනියන් ”,මඩකලපුවේ හිමිනමක් රජයේ නිළධාරියෙකුට තර්ජනය ක උර්ල්",0.8252
රෙන පුකේ කැටයමට වටේ යන වැඩිමලුන් සතේ කට වටිනවද  #දැකලාහිතුනා,රෙන පුකේ කැටයමට වටේ යන වැඩිමලුන් සතේ කට වටිනවද #දැකලාහිතුනා,0.8252
ඇයි යකෝ Backup එකක් තියාගත්තේ නැත්තේ,ඇයි යකෝ Backup එකක් තියාගත්තේ නැත්තේ,0.8251
@USER නාකි රැවුලා කියලා අල්ලගත්තොත් බඩුම තමයි,නාකි රැවුලා කියලා අල්ලගත්තොත් බඩුම තමයි,0.8251
තෝ අහුවෙන්න එපා මරණවා මං,තෝ අහුවෙන්න එපා මරණවා මං,0.8249
@USER පෞ යකෝ ඊට පස්සෙ පොරව දාලා බෝම්බ හදයි. ඊට පස්සෙ සෙනග ගැවසෙන තැනක පුපුරවයි. පොහ් ගාලා බොල් හඩකින් අදෝවාතයක් ගියා වගේ සීන් එකක් වෙයි. එතකොට බෝම්බෙ බැදන් යන බුවා පෞ. ඌට යන්න වෙන්නෑ ස්වර්ගෙ,පෞ යකෝ ඊට පස්සෙ පොරව දාලා බෝම්බ හදයි. ඊට පස්සෙ සෙනග ගැවසෙන තැනක පුපුරවයි. පොහ් ගාලා බොල් හඩකින් අදෝවාතයක් ගියා වගේ සීන් එකක් වෙයි. එතකොට බෝම්බෙ බැදන් යන බුවා පෞ. ඌට යන්න වෙන්නෑ ස්වර්ගෙ,0.8249
@USER උඹේ එක ගන්නවට වඩා සැපයි යකෝ පාරෙ යන බැල්ලියෙක්ගෙ ගන්නවා බලු #ත්තකින් ජාතක වෙලා කියල ප්‍රදර්ශනය කරන්නෙපා. තොට කුණුහරප කියන්න ඕනි නම් තොගෙ TL එකේ කියාගනිම්. අහක ඉම්න කෙල්ලොගෙ ට්වීට් Qt කර කර පොන්නකම් ප්‍රදර්ශනය කරන් නැතුව,උඹේ එක ගන්නවට වඩා සැපයි යකෝ පාරෙ යන බැල්ලියෙක්ගෙ ගන්නවා බලු #ත්තකින් ජාතක වෙලා කියල ප්‍රදර්ශනය කරන්නෙපා. තොට කුණුහරප කියන්න ඕනි නම් තොගෙ තල් එකේ කියාගනිම්. අහක ඉම්න කෙල්ලොගෙ ට්වීට් ක්ත කර කර පොන්නකම් ප්‍රදර්ශනය කරන් නැතුව,0.8247
මන් ඉගෙනගන්න හරි ආසයි එත් Home Work කරන්න තියන එකනේ අල්ලන්නේ නැත්තේ යකෝ,මන් ඉගෙනගන්න හරි ආසයි එත් Home Work කරන්න තියන එකනේ අල්ලන්නේ නැත්තේ යකෝ,0.8247
@USER  @USER පුක එච්චරටම පැලිලද ? එහෙනං බලෙංහරි ටිකට් කප්පවගෙන ජුකී හරි ටජීමා හරි මැසිමක් තියන තැනකට එක්කං පලයං,පුක එච්චරටම පැලිලද ? එහෙනං බලෙංහරි ටිකට් කප්පවගෙන ජුකී හරි ටජීමා හරි මැසිමක් තියන තැනකට එක්කං පලයං,0.8247
4-5 Days Ago ඇන්ජලෝ තොගේ අම්***** ඇන්ජලෝ තෝනම් මහ ***** ඇන්ජි තෝ ******* ******* ******* ******** . Now ඇන්ජලෝ උබ... URL,4-5 Days Ago ඇන්ජලෝ තොගේ අම්***** ඇන්ජලෝ තෝනම් මහ ***** ඇන්ජි තෝ ******* ******* ******* ******** . Now ඇන්ජලෝ උබ... උර්ල්,0.8247
උදේට නැගිට්ටම හිතෙනවා Hornet එකක් ගත්ත නම් හොඳා කීලා. .ඒත් හිරි ඇරලා කරලා ඒම ඉඳිද්දී හිතෙනවා Wrx එකත් මරු බඩුව... URL,උදේට නැගිට්ටම හිතෙනවා Hornet එකක් ගත්ත නම් හොඳා කීලා. .ඒත් හිරි ඇරලා කරලා ඒම ඉඳිද්දී හිතෙනවා ව්ර්ෂ එකත් මරු බඩුව... උර්ල්,0.8247
මට උඹේ බෙල්ල බදාගෙන නහය හපන්ඩෝන රැවුල්ගස් දත්වලින් අල්ලල කටින් අදින්ඩෝන රිදිල යක්සාරූඪ උනොත් පස්ස මිරිකල දුවන්ඩෝන   ආයෙ ටිකකින් දුවගෙන ඇවිත් පෙරලගන්ඩෝන බෙල්ල  අයිනෙ උරහිස ලඟ ඉඹින්ඩෝන කම්මුල්දෙකට මාරුවෙන් මාරුවට හාදු 100ක්වත් එක දිගට දෙන්ඩෝන   අන්න ඒම ඕන රාස්සයො හාද,මට උඹේ බෙල්ල බදාගෙන නහය හපන්ඩෝන රැවුල්ගස් දත්වලින් අල්ලල කටින් අදින්ඩෝන රිදිල යක්සාරූඪ උනොත් පස්ස මිරිකල දුවන්ඩෝන ආයෙ ටිකකින් දුවගෙන ඇවිත් පෙරලගන්ඩෝන බෙල්ල අයිනෙ උරහිස ලඟ ඉඹින්ඩෝන කම්මුල්දෙකට මාරුවෙන් මාරුවට හාදු 100ක්වත් එක දිගට දෙන්ඩෝන අන්න ඒම ඕන රාස්සයො හාද,0.8247
""" @USER : ඇයි උඹ ලෝඩ් පකීර් ද? #SriLankanThreats""  @USER  :P",""" : ඇයි උඹ ලෝඩ් පකීර් ද? ස්රිලංකංථ්රෙඅත්ස ප්",0.8247
රාලහාමි ඇවිත් ඔලු දානවා අපි දෙකේ දෙකේ ලොකු පොලු දානවා හැමදාම වගේ බණ අහනවා රට්ටු කියනවා කුඩු ගහනවා රාලහාමි ඇවිත් හැමදාම කිව්වෙ අනේ පල පල තෝ බොරු දානවා,රාලහාමි ඇවිත් ඔලු දානවා අපි දෙකේ දෙකේ ලොකු පොලු දානවා හැමදාම වගේ බණ අහනවා රට්ටු කියනවා කුඩු ගහනවා රාලහාමි ඇවිත් හැමදාම කිව්වෙ අනේ පල පල තෝ බොරු දානවා,0.8247
@USER  කොණ්ඩේ අහකට ගන්න පොලිමේ ඉන්න කොට කොණ්ඩේ කටට යනවා...ඕක බැදගන්නවා,කොණ්ඩේ අහකට ගන්න පොලිමේ ඉන්න කොට කොණ්ඩේ කටට යනවා...ඕක බැදගන්නවා,0.8247
"කැරපොත්තෙක් උඩ අතට පෙල්ලිලා දඟල දඟල ඉඳියා! මම ඉතින් පව්නේ කියලා හිතලා ආයෙ හොඳ අතට හැරෙව්වා!  මූ මෙන්න ඒපාර ටික දුරක් ගිහිල්ලා ""ආතල් කඩන්න එපා හු$තෝ"" කියලා වගේ ආයේ අනිත් අතට පෙල්ලිලා දඟලන්න ගත්තා!   ඔන්න ඔහොමයි 2000න් පස්සේ කැරපොත්තොන්ගේ හැටි!","කැරපොත්තෙක් උඩ අතට පෙල්ලිලා දඟල දඟල ඉඳියා! මම ඉතින් පව්නේ කියලා හිතලා ආයෙ හොඳ අතට හැරෙව්වා! මූ මෙන්න ඒපාර ටික දුරක් ගිහිල්ලා ""ආතල් කඩන්න එපා හු$තෝ"" කියලා වගේ ආයේ අනිත් අතට පෙල්ලිලා දඟලන්න ගත්තා! ඔන්න ඔහොමයි 2000න් පස්සේ කැරපොත්තොන්ගේ හැටි!",0.8247
සම හරක්ට ඕක තේරෙන්නෙ නෑ. TL එක මැනේජ් කරගන්නෙ නැතුව අනිත් එවුන්ට ඇද කිය කිය නාකි ගෑණු වගේ හොටු පෙරනව  URL This Tweet is unavailable.,සම හරක්ට ඕක තේරෙන්නෙ නෑ. තල් එක මැනේජ් කරගන්නෙ නැතුව අනිත් එවුන්ට ඇද කිය කිය නාකි ගෑණු වගේ හොටු පෙරනව උර්ල් This Tweet ඉස unavailable.,0.8247
"අපි, කුණුහබ්බ නොදන්නා කාලේ . තෝ දැනගනි , උඹේ හොම්බට හැටක් ඇනලා පුම්බලා උඩ අරිනවා ගෙම්බා   ඒකාලේ ලස්සනයි නේද යාලුවනේ","අපි, කුණුහබ්බ නොදන්නා කාලේ . තෝ දැනගනි , උඹේ හොම්බට හැටක් ඇනලා පුම්බලා උඩ අරිනවා ගෙම්බා ඒකාලේ ලස්සනයි නේද යාලුවනේ",0.8247
දෙන එක දෙනවා ආයෙ මොකුත් නෑ හිටගෙන හිරිකඩෙන් පුක හෝදන්ඩ.  #වැස්සේ,දෙන එක දෙනවා ආයෙ මොකුත් නෑ හිටගෙන හිරිකඩෙන් පුක හෝදන්ඩ. #වැස්සේ,0.8247
අපේ ගෙදරට හොරෙක් ඇවිල්ලා අර තඩි බල්ලා උස්සං ගිහිල්ලා තිබ්බා. URL This Tweet is unavailable.,අපේ ගෙදරට හොරෙක් ඇවිල්ලා අර තඩි බල්ලා උස්සං ගිහිල්ලා තිබ්බා. උර්ල් This Tweet ඉස unavailable.,0.8247
සබ් රිපෝර්ට් කලොත් තොගෙ පුක කනවා සුලා,සබ් රිපෝර්ට් කලොත් තොගෙ පුක කනවා සුලා,0.8242
හරකා කන්නෙ තණ කොළ උ හපුතල් කන්දත් අද්දනවා කරත්තයකුත් බැදං  මිනිස්සු කන්නෙ හරකාගෙ මස් 5m ක් පයින් ගියත් හති මිනිස්සුන්ට,හරකා කන්නෙ තණ කොළ උ හපුතල් කන්දත් අද්දනවා කරත්තයකුත් බැදං මිනිස්සු කන්නෙ හරකාගෙ මස් 5m ක් පයින් ගියත් හති මිනිස්සුන්ට,0.8242
@USER @USER  @USER  @USER  @USER  පොට්ට කියන්න එපා බං ඒකි මගේ පණ කෙන්ද?,පොට්ට කියන්න එපා බං ඒකි මගේ පණ කෙන්ද?,0.8242
@USER  @USER    රාජපක්ශලාගේ ගූ කන වහලෙක්ට රිදිලා. අනේ පකේ තෝ දන්න හුත්ත මගෙ බිස්නස් මන් බලාගන්නම්. අපි දන්නවා මුං දේශප්‍රේමය ඉස්සරහට දාගෙන නටන ජවුසං. බලන්න තිබ්බා ඉන්දියාව ගත්තනං මූව සල්ලි දීලා එහෙනං මූ ලංකාවට පුක පෙන්නලා ඉන්දියාවේ කන්ඩායම පුහුනු කරන්න යන්නේ. අපි නොදන්න කපටි මහේලයා,රාජපක්ශලාගේ ගූ කන වහලෙක්ට රිදිලා. අනේ පකේ තෝ දන්න හුත්ත මගෙ බිස්නස් මන් බලාගන්නම්. අපි දන්නවා මුං දේශප්‍රේමය ඉස්සරහට දාගෙන නටන ජවුසං. බලන්න තිබ්බා ඉන්දියාව ගත්තනං මූව සල්ලි දීලා එහෙනං මූ ලංකාවට පුක පෙන්නලා ඉන්දියාවේ කන්ඩායම පුහුනු කරන්න යන්නේ. අපි නොදන්න කපටි මහේලයා,0.8242
@USER අන්න බයියියනේ උබලට මාළු අල්ලන්න නාමල් මහත්තයා ඇලක් කපලා.තෝ පාලයන් බොට්ටු පදින්න ගැනිව එවාපන් මන් ගාවට.,අන්න බයියියනේ උබලට මාළු අල්ලන්න නාමල් මහත්තයා ඇලක් කපලා.තෝ පාලයන් බොට්ටු පදින්න ගැනිව එවාපන් මන් ගාවට.,0.8242
Uber eats එකෙන් නිවිච්ච බත් එකක් ගෙනාවම හෙන අවුල් අප්පා,උබෙර් eats එකෙන් නිවිච්ච බත් එකක් ගෙනාවම හෙන අවුල් අප්පා,0.8242
"එහෙනම් මගෙ එකත් අම්ම ලගම තියෙන්න අරින එක හොඳයි  Dottie @USER  · 25 Sep 2017 අම්මා හිතං ඉන්නෙ මාත් සමල්කා වගේ මාලෙ උකස් කරල කොල්ලෙක්ට වියදම් කරල කියල වෙන්නැති. ඇයි දෙයියනේ අවුරුදු ගානක ඉදං එකම ප්‍රශ්නෙ ! ""කෝ මාලෙ ? ""","එහෙනම් මගෙ එකත් අම්ම ලගම තියෙන්න අරින එක හොඳයි දොත්තිඑ · 25 සේප 2017 අම්මා හිතං ඉන්නෙ මාත් සමල්කා වගේ මාලෙ උකස් කරල කොල්ලෙක්ට වියදම් කරල කියල වෙන්නැති. ඇයි දෙයියනේ අවුරුදු ගානක ඉදං එකම ප්‍රශ්නෙ ! ""කෝ මාලෙ ? """,0.8242
ඔය දේශපාලුවොන් ට කුලියට ලියන උන් ඉන්නව නේද. ඕකුන් තමයි මේ රටේ විනාසෙට බාගයක් වගකියන්න ඕන. පර හැත්ත.. හෙන ගහනව ඔකුන්ගෙ පව්ල් පිටින්. වේස හැත්ත. #පන්නරය,ඔය දේශපාලුවොන් ට කුලියට ලියන උන් ඉන්නව නේද. ඕකුන් තමයි මේ රටේ විනාසෙට බාගයක් වගකියන්න ඕන. පර හැත්ත.. හෙන ගහනව ඔකුන්ගෙ පව්ල් පිටින්. වේස හැත්ත. #පන්නරය,0.8242
මේකට වයර් කැල්ලක් තියලා විද්දම පස්ස left,මේකට වයර් කැල්ලක් තියලා විද්දම පස්ස left,0.8242
කියන්න සුලඟේ උඹ කොයි සිට ඩෝ එන්නේ #MisheardSinhalaLyrics,කියන්න සුලඟේ උඹ කොයි සිට ඩෝ එන්නේ මිශෙඅර්ද්සින්හලල්ය්රික්ස,0.8242
යකෝ මාර හුළගක් නේ....මහින්ද හුලංද කොහෙද... දෙයියනේ කියලා සරුංගලයක් ඇරිය හැකි :P #lka #kurunegala #GenElecSL,යකෝ මාර හුළගක් නේ....මහින්ද හුලංද කොහෙද... දෙයියනේ කියලා සරුංගලයක් ඇරිය හැකි ප් ලක කුරුනෙගල ගෙනෙලේච්ස්ල්,0.8242
@USER  @USER  උඹ මොන සෙල්ලම දැම්මත් බගියව උබට සෙට් කරගන්න ඉඩ තියන්නේ නෑ #VillainModeActivated,උඹ මොන සෙල්ලම දැම්මත් බගියව උබට සෙට් කරගන්න ඉඩ තියන්නේ නෑ විල්ලෛන්මොදෙඅක්තිවතෙද්,0.8242
"@USER ,  @USER  @USER පොන්න අවජාතක ''සම්පත්'' කොටියො...උඕෙ අම්ම අල්ලන්නද යුදහමුදාකුමන්ත්‍රණ????",", පොන්න අවජාතක ''සම්පත්'' කොටියො...උඕෙ අම්ම අල්ලන්නද යුදහමුදාකුමන්ත්‍රණ????",0.8242
කොරෝනා හැඳුනා වගේ නෙමෙයි  තෝ තමයි ගෙදරට කොරෝනා ගෙනාවේ කියලා අහන්න වුනොත්..,කොරෝනා හැඳුනා වගේ නෙමෙයි තෝ තමයි ගෙදරට කොරෝනා ගෙනාවේ කියලා අහන්න වුනොත්..,0.8241
මම බඹරා වගේ විසේ කරලා දෙබරා වගේ ගනන් කාරයා කට වක්කඩේ වාගේ බොම්බයි මොටයි කාරයා තොට වඩා හොඳයි යකෝ මාලු කාරයා  Copid.,මම බඹරා වගේ විසේ කරලා දෙබරා වගේ ගනන් කාරයා කට වක්කඩේ වාගේ බොම්බයි මොටයි කාරයා තොට වඩා හොඳයි යකෝ මාලු කාරයා චොපිඩ්,0.8237
Rat bastard තමුසෙ මහ අවජාතක මීයෙක්!  #OddSinhalaTranslations,Rat bastard තමුසෙ මහ අවජාතක මීයෙක්! ඔද්ද්සින්හලත්රංස්ලතිඔන්ස,0.8237
මේ සීතලේ වොෂ් දාන්න තියා කට හෝදන්නවත් පුලුවන්යැ පට්ට සීතලයිනේ. උණු උණු බෙඩ් කොෆි එකෙන්ම කට හෝදලා කෙල ටිකක් ගාලා කබ කඩා ගත්තා. මෙහෙම්ම දවසම අදිනවා   ගු.මෝ ගායිස්,මේ සීතලේ වොෂ් දාන්න තියා කට හෝදන්නවත් පුලුවන්යැ පට්ට සීතලයිනේ. උණු උණු බෙඩ් කොෆි එකෙන්ම කට හෝදලා කෙල ටිකක් ගාලා කබ කඩා ගත්තා. මෙහෙම්ම දවසම අදිනවා ගු.මෝ ගායිස්,0.8237
"@USER  @USER    ඔන්න මෝඩ සමාධි ආව්ද්, මම යනව නිදාගන්න","ඔන්න මෝඩ සමාධි ආව්ද්, මම යනව නිදාගන්න",0.8237
@USER වරෙන් බං උබේ කටට මසුරං දාන්න,වරෙන් බං උබේ කටට මසුරං දාන්න,0.8237
"නංගි කෙනෙක්ට ඔයා නිකං ඇවිදින්කොට පොල් කොට දෙකක් ඇලක පාවෙනව වගේ කිව්ව... බැල්න්නං ඒකි අපේ නංගිලාගේ පන්තියෙලු.. රෙදි ගලවයි මගේ, අපේ එකිත් එක්ක එකතු වෙලා!","නංගි කෙනෙක්ට ඔයා නිකං ඇවිදින්කොට පොල් කොට දෙකක් ඇලක පාවෙනව වගේ කිව්ව... බැල්න්නං ඒකි අපේ නංගිලාගේ පන්තියෙලු.. රෙදි ගලවයි මගේ, අපේ එකිත් එක්ක එකතු වෙලා!",0.8237
මුන් යකෝ මාවත් ඇදල කියහන්කො අර #TheThreadSL නාටකයට...,මුන් යකෝ මාවත් ඇදල කියහන්කො අර තෙත්රෙඅඩ්ස්ල් නාටකයට...,0.8237
මේවා හදන අවජාතක බල්ලන්ට පේන්න ශෙයාර් කරපල්ලා URL,මේවා හදන අවජාතක බල්ලන්ට පේන්න ශෙයාර් කරපල්ලා උර්ල්,0.8237
ඒකි රබර් ඇහැ දාන්නේ මටද!!,ඒකි රබර් ඇහැ දාන්නේ මටද!!,0.8237
පොන්න සම්පත්...උඹෙ අම්මට කරන්නද දොරකඩට එන්නෙ යක්‍ෂයො...??? Vikalpa @USER  · 12 Jul 2016 දුෂ්ට යක්ෂයා අපේ දොරකඩටම ඇවිත් @USER URL #srilanka #lka @USER @USER @USER @USER,පොන්න සම්පත්...උඹෙ අම්මට කරන්නද දොරකඩට එන්නෙ යක්‍ෂයො...??? විකල්ප · 12 ජුල 2016 දුෂ්ට යක්ෂයා අපේ දොරකඩටම ඇවිත් උර්ල් ශ්‍රීලංකා ලක,0.8237
Ado  @USER  ! උඹ ඊයේ hotdogs හැදුවාම මෙහෙම නේද හිටියේ?,Ado ! උඹ ඊයේ හොට්දොග්ස් හැදුවාම මෙහෙම නේද හිටියේ?,0.8237
@USER  @USER    ඌ සේරම කොල්ලො ටික බ්ලොක් කරලා කෙල්ලොන්ට ටෝක් දිදි යනවා කැරිම පිරිමි තමා.මුන් වගේ වේස කදන් අරුන්ගෙ මෑ ඇට ලෙවකන්න යන නිසා තම් sri lankan twitter pretty young girls ගගා උනුත් මේකෙ හැමිනෙන්න එන්නෙ,ඌ සේරම කොල්ලො ටික බ්ලොක් කරලා කෙල්ලොන්ට ටෝක් දිදි යනවා කැරිම පිරිමි තමා.මුන් වගේ වේස කදන් අරුන්ගෙ මෑ ඇට ලෙවකන්න යන නිසා තම් sri ලන්කන් twitter pretty young ගිර්ල්ස් ගගා උනුත් මේකෙ හැමිනෙන්න එන්නෙ,0.8237
@USER තෝ නාවත් කමක් නැතී සුදුයකඩ පුතී.. කශිප්පු කාලක් එවාන් මාටියගෙ අතී..,තෝ නාවත් කමක් නැතී සුදුයකඩ පුතී.. කශිප්පු කාලක් එවාන් මාටියගෙ අතී..,0.8237
@USER සක්කිලි ටික නිසා තාම පාරෙ !!! අද half day තමයි රජයේ සේවක හැත්ත තමයි මේ රට කන්නෙ,සක්කිලි ටික නිසා තාම පාරෙ !!! අද half day තමයි රජයේ සේවක හැත්ත තමයි මේ රට කන්නෙ,0.8237
හරකා තව හොදයි...තිරිසන් උනත් මෝලේ තියෙනවා. මේ කොන්ද පණ නැති බේබදු ජීත වලට දෙන්න ඔනී පුන්නක්කු...,හරකා තව හොදයි...තිරිසන් උනත් මෝලේ තියෙනවා. මේ කොන්ද පණ නැති බේබදු ජීත වලට දෙන්න ඔනී පුන්නක්කු...,0.8237
@USER උඹ ටොයියෙක්ද බයියෙක්ද කියපංකෝ ඉස්සරලා.. අනුරට කඩේ යන ගොන් පයියෙක් වාගේ,උඹ ටොයියෙක්ද බයියෙක්ද කියපංකෝ ඉස්සරලා.. අනුරට කඩේ යන ගොන් පයියෙක් වාගේ,0.8237
සක්කිලි අවජාතක වේස බැල්ලියෙක්ගෙ පුතෙක් මගේ wifi එක හැක් කරලා. හැක් කරපු බැල්ලිගෙ පුතාගේ ip එක තියෙනවා. උදේට උගේ ගේ ළගට ගිහින් හොද කුනුහරප දෙක තුනක් කියලා එනවා. වැඩ කරන්නෙ බැංකුවේ ... පාර්ට් ටයිම් හොරකමේ යාම.,සක්කිලි අවජාතක වේස බැල්ලියෙක්ගෙ පුතෙක් මගේ විෆි එක හැක් කරලා. හැක් කරපු බැල්ලිගෙ පුතාගේ ඉප එක තියෙනවා. උදේට උගේ ගේ ළගට ගිහින් හොද කුනුහරප දෙක තුනක් කියලා එනවා. වැඩ කරන්නෙ බැංකුවේ ... පාර්ට් ටයිම් හොරකමේ යාම.,0.8237
@USER පුක තියන ගෑනු ටිකකට දානයක් දෙන්න කියපං ලබන ආත්මෙවත් ගොඩයන්න,පුක තියන ගෑනු ටිකකට දානයක් දෙන්න කියපං ලබන ආත්මෙවත් ගොඩයන්න,0.8237
පුක දෙනවා නෙවෙයි පුක ප්‍රදානය කරනවා කියන්නේ මේකට,පුක දෙනවා නෙවෙයි පුක ප්‍රදානය කරනවා කියන්නේ මේකට,0.8237
@USER  @USER    හෙන විතරක් වැදුනොත් ඇති,හෙන විතරක් වැදුනොත් ඇති,0.8234
"@USER ,  @USER  @USER කට කට තෝ වටේ ගියේ මං කරපු දෙයක් නිසා නෙමෙයිනෙ",", කට කට තෝ වටේ ගියේ මං කරපු දෙයක් නිසා නෙමෙයිනෙ",0.8232
@USER  @USER දුවපිය යන්න..එකි වෙි* ගැනි..මං එහෙම නැ..ආයි තෝ මට කියලා තිබ්බොත් ගහන්නේ පයින්,දුවපිය යන්න..එකි වෙි* ගැනි..මං එහෙම නැ..ආයි තෝ මට කියලා තිබ්බොත් ගහන්නේ පයින්,0.8232
කුචු කුචු රොම්බා  යසට ගුණට කටට රහට රොම්බා,කුචු කුචු රොම්බා යසට ගුණට කටට රහට රොම්බා,0.8232
"උදේට කෝච්චියේ නැගල ඔෆිස් යන තඩි ගෑනු හිතං ඉන්නෙ අල්ලගෙන යන්න තියෙන පොල්ල තමන්ගෙ මිනිහගෙ කියලද දන්නෑ.. ඇයි යකෝ බඩ,පපුව,ඔලුව ඔක්කොම අර පොල්ලෙ තියාගෙන යන්නෙ.අපි උන්ගෙ සාරි පොටේ එල්ලිද යන්නෙ එතකොට","උදේට කෝච්චියේ නැගල ඔෆිස් යන තඩි ගෑනු හිතං ඉන්නෙ අල්ලගෙන යන්න තියෙන පොල්ල තමන්ගෙ මිනිහගෙ කියලද දන්නෑ.. ඇයි යකෝ බඩ,පපුව,ඔලුව ඔක්කොම අර පොල්ලෙ තියාගෙන යන්නෙ.අපි උන්ගෙ සාරි පොටේ එල්ලිද යන්නෙ එතකොට",0.8232
අවු වැසි සුළං වද දෙනවිට සතර කොනේ සුළඟට ගහන් යනවද බැඳි රෙද්ද ඉනේ පොලටම වෙලා ඉන්නට හිත ඇතත් පනේ ආවොත් පවුල ලොකු අවුලක් වෙයිද අනේ  රිදවුම් මොකට ඉන්නට බැරි උනද ළඟ ඈතට වෙලා බලනෙමි වට්ටක්කෙ දඟ අල්ලල බලන්නට සිතුනද හැඩැති ඉඟ දැන්නම් ඉහල ගොස් ඇත දඟකරන අඟ,අවු වැසි සුළං වද දෙනවිට සතර කොනේ සුළඟට ගහන් යනවද බැඳි රෙද්ද ඉනේ පොලටම වෙලා ඉන්නට හිත ඇතත් පනේ ආවොත් පවුල ලොකු අවුලක් වෙයිද අනේ රිදවුම් මොකට ඉන්නට බැරි උනද ළඟ ඈතට වෙලා බලනෙමි වට්ටක්කෙ දඟ අල්ලල බලන්නට සිතුනද හැඩැති ඉඟ දැන්නම් ඉහල ගොස් ඇත දඟකරන අඟ,0.8232
‘උඹ මහින්දගෙ *** ලෙවකන එකා… ගිහිල්ලා බැසිල්ගෙ ***ත් ලෙවකාපං.. එස්බී පළාත් මන්ත‍්‍රීට කියයි.. [Video] URL,‘උඹ මහින්දගෙ *** ලෙවකන එකා… ගිහිල්ලා බැසිල්ගෙ ***ත් ලෙවකාපං.. එස්බී පළාත් මන්ත‍්‍රීට කියයි.. [Video] උර්ල්,0.8232
මතකද මේ ටික ???  තිබ්බා කොටියට තිතක්... කොමාවක් දාලා පටන් ගත්තේ ඇයි තව විසක්.... තරුණයෙක් මම තරුණයෙක් උඹ.... අපි පරපුරක් හැදුනේ යුධ ගිනි උඩ... නිවපු ගින්නේ අළු නැතිවෙන්නත් පෙර මට කියන්න ඇයි ගිනිතියන්නේ මගේ රට,මතකද මේ ටික ??? තිබ්බා කොටියට තිතක්... කොමාවක් දාලා පටන් ගත්තේ ඇයි තව විසක්.... තරුණයෙක් මම තරුණයෙක් උඹ.... අපි පරපුරක් හැදුනේ යුධ ගිනි උඩ... නිවපු ගින්නේ අළු නැතිවෙන්නත් පෙර මට කියන්න ඇයි ගිනිතියන්නේ මගේ රට,0.8232
@USER සහ @USER දෙන්නම පුක උඩ දාගෙන නිදි ඇත හොඳට.,සහ දෙන්නම පුක උඩ දාගෙන නිදි ඇත හොඳට.,0.8232
ගමේ කොල්ලො කරොත් පුක පෙන්නනව.......සුද්දො කරහම ....mooning,ගමේ කොල්ලො කරොත් පුක පෙන්නනව.......සුද්දො කරහම ....mooning,0.8232
"නොදකින් මේ වේස හිකනැලය.. හොයන්නෙම ගිනි තියන්න පිදුරු ගොඩක්.. Zaman @USER  · 7 Mar 2018 Would love to see any schools will not bar students based on religionrace, including Zahira, Ananda, St PetersHindu college.","නොදකින් මේ වේස හිකනැලය.. හොයන්නෙම ගිනි තියන්න පිදුරු ගොඩක්.. Zaman · 7 Mar 2018 Would love ටො see any ස්චූල්ස් will not bar ස්ටුදෙන්ට්ස් based ඕන රේලිගිඔන්රචේ ඉන්ච්ලුදින්ග් ළහිර Ananda, ස්ට් පෙටෙර්ශින්දු college.",0.8232
@USER කොටට ඇන්දත් දිගට ඇන්දත් කුපාඩි විදිහට බලන එකා බලනව..අනික කොටට ඇන්දම ලස්සන කෙල්ලොත් ඉන්නව ඒ වගේම අම්බ ගොන් විදිහට පේන උනුත් ඉන්නව.,කොටට ඇන්දත් දිගට ඇන්දත් කුපාඩි විදිහට බලන එකා බලනව..අනික කොටට ඇන්දම ලස්සන කෙල්ලොත් ඉන්නව ඒ වගේම අම්බ ගොන් විදිහට පේන උනුත් ඉන්නව.,0.8232
@USER යකෝ ගෙදර හිරවෙලා හිටි මිනිස්සු දැං තමයි වැඩට යන ඇදුම පැළදුම් සපත්තු සෙරෙප්පු ළමයිට බඩු ඔක්කොම ගන්නෙ.. අද පිටකොටුවේ ත් සැරටම සෙනග. මම කපුරු බෝල ගත්ත ලෑල්ලට එහා ලෑල්ලෙ නංගියෙක් පේමන්ට් එකෙ ජංගි තෝරනවා.. ඕව බාලයි යෝදියේ..වන වෙයි කියලා කෑ ගහන්නත් හිතුන..,යකෝ ගෙදර හිරවෙලා හිටි මිනිස්සු දැං තමයි වැඩට යන ඇදුම පැළදුම් සපත්තු සෙරෙප්පු ළමයිට බඩු ඔක්කොම ගන්නෙ.. අද පිටකොටුවේ ත් සැරටම සෙනග. මම කපුරු බෝල ගත්ත ලෑල්ලට එහා ලෑල්ලෙ නංගියෙක් පේමන්ට් එකෙ ජංගි තෝරනවා.. ඕව බාලයි යෝදියේ..වන වෙයි කියලා කෑ ගහන්නත් හිතුන..,0.8232
ටහුඩු අද #internationaldayofthegirl ද? අද දවසම .... එක්කෝ ඕනේ නෑ...,ටහුඩු අද ඉන්තෙර්නතිඔනල්දයොෆ්ථෙගිර්ල ද? අද දවසම .... එක්කෝ ඕනේ නෑ...,0.8232
"අන්න අර ""පිදුරංගල කොල්ලො"" ටික පොලීසිය අල්ලලා...රිමාන්ඩ් කරලා.   මේ රට මොකක් ද ඇත්තටම?   ""පුක"" පෙන්නපු එවුන්ව, පුක හෝඩුවාවක් කරන් සතියෙන් දෙකෙන් ඇල්ලුවා.  මොකක්ද උං කරපු වරද ?? පුක පෙන්නං ෆොටෝ එකක් ගහපු එක.  ඒත්... URL","අන්න අර ""පිදුරංගල කොල්ලො"" ටික පොලීසිය අල්ලලා...රිමාන්ඩ් කරලා. මේ රට මොකක් ද ඇත්තටම? ""පුක"" පෙන්නපු එවුන්ව, පුක හෝඩුවාවක් කරන් සතියෙන් දෙකෙන් ඇල්ලුවා. මොකක්ද උං කරපු වරද ?? පුක පෙන්නං ෆොටෝ එකක් ගහපු එක. ඒත්... උර්ල්",0.8228
'කොකා කෝලා කොම්පැනියට විරුද්ද කැම්පේන් එක මෝඩ දිහාවකට ගමන් කරමින් තියෙනවා.' URL @USER  like to know ur ideas on this,'කොකා කෝලා කොම්පැනියට විරුද්ද කැම්පේන් එක මෝඩ දිහාවකට ගමන් කරමින් තියෙනවා.' උර්ල් like ටො know උර ඉදෙඅස් ඕන this,0.8228
"මේ රෑ, පට්ට සීතලේ බස් එකේ යනකොටත්, shutters ඇරලා හැමිනෙන්න හදනවනේ මුන්","මේ රෑ, පට්ට සීතලේ බස් එකේ යනකොටත්, ශුට්ටේර්ස් ඇරලා හැමිනෙන්න හදනවනේ මුන්",0.8228
දනින් වැටී නළල ඔබා නිළතල අර ගනිල්ලා කල දුටු කළ වල ඉහගෙන මඩි තඩි කරගනිල්ලා #PresPollSL,දනින් වැටී නළල ඔබා නිළතල අර ගනිල්ලා කල දුටු කළ වල ඉහගෙන මඩි තඩි කරගනිල්ලා ප්රෙස්පොල්ල්ස්ල්,0.8228
@USER හෙනයක් මදියි ගහපිය හෙන   හතක්ම  ආවොත්  නාගනියි   මඩ           හැලියක්ම කටමැත දොඩයි හරිහැටි මුකුත් නොදැනීම මේවට තමයි කියන්නෙ පෙමිනිස්     දැක්ම,හෙනයක් මදියි ගහපිය හෙන හතක්ම ආවොත් නාගනියි මඩ හැලියක්ම කටමැත දොඩයි හරිහැටි මුකුත් නොදැනීම මේවට තමයි කියන්නෙ පෙමිනිස් දැක්ම,0.8228
"ඇමති කෙනෙක්ට සෝෂල් මීඩියාවල පොන්සියා කියලා බනින උඹ, ඇමතිනියකට වේසි කියන උඹ උන් මූණට මුණ ගැහිලා අතට අත දුන්නොත් දාඩිය පෙරෙන අත දික් කරන්නෙ දණිස් දෙක බෑන්ඩ් ගහන අතරෙ. ඒත් මෙතනදි, උඹ සමානයෙක්. උඹට උඹ ගැනම වැදගත්කමක් වටිනාකමක් දැනෙනවා. තමන් සමාජය ඉදිරියේ පොරක් කියලා දැනෙනවා.","ඇමති කෙනෙක්ට සෝෂල් මීඩියාවල පොන්සියා කියලා බනින උඹ, ඇමතිනියකට වේසි කියන උඹ උන් මූණට මුණ ගැහිලා අතට අත දුන්නොත් දාඩිය පෙරෙන අත දික් කරන්නෙ දණිස් දෙක බෑන්ඩ් ගහන අතරෙ. ඒත් මෙතනදි, උඹ සමානයෙක්. උඹට උඹ ගැනම වැදගත්කමක් වටිනාකමක් දැනෙනවා. තමන් සමාජය ඉදිරියේ පොරක් කියලා දැනෙනවා.",0.8228
@USER @USER  ලගම ඇති සින්හල බෙහෙත් බඩු කඩේකට පලයන්,ලගම ඇති සින්හල බෙහෙත් බඩු කඩේකට පලයන්,0.8228
"මම -අම්මේ ඒක එතන නෑනේ  අම්මා - හිටපංකෝ, එතන තිබිලා හම්බුනොත් මම තොට ගහනවා","මම -අම්මේ ඒක එතන නෑනේ අම්මා - හිටපංකෝ, එතන තිබිලා හම්බුනොත් මම තොට ගහනවා",0.8228
@USER % for car ? තෝ කාර් එක හෝදලා සල්ලි කොල වලින්ද තෙත හින්දනේ.,% for car ? තෝ කාර් එක හෝදලා සල්ලි කොල වලින්ද තෙත හින්දනේ.,0.8228
@USER මුස්ලිම් කට්ටියට මඩ ගහල දෑන් අරාබි රටවල්වල ණයත් ඉල්ලනවා. තොත් එකය් තොගෙ සර් උත් එකය්. තොට ලෑජ්ජ නෑද්ද හු…,මුස්ලිම් කට්ටියට මඩ ගහල දෑන් අරාබි රටවල්වල ණයත් ඉල්ලනවා. තොත් එකය් තොගෙ සර් උත් එකය්. තොට ලෑජ්ජ නෑද්ද හු…,0.8228
@USER අනේ පලයන් යන්න ඇටකිච්චි. කොට්ටමක් තලා ගන්න බෑ. ඒ උනාට කයියනම් තියෙනව ගමකට ගහන්න.,අනේ පලයන් යන්න ඇටකිච්චි. කොට්ටමක් තලා ගන්න බෑ. ඒ උනාට කයියනම් තියෙනව ගමකට ගහන්න.,0.8228
"රෙද්ද youtube.com Redda - - Wasthi Productions Like us on Wasthi Productions ""වස්ති""WriterDirector - Anushka UdanaCast Anushka UdanaDulaj JayatillakeShamith FernandoHirusha FernandoEdit - Amila Devon","රෙද්ද යෝඋටුබෙචොම් රෙද්ද - - වසති ප්රොදුක්තිඔන්ස Like උස ඕන වසති ප්රොදුක්තිඔන්ස ""වස්ති""WriterDirector - අනුෂ්ක උදනචාස්ට් අනුෂ්ක උදනදුලාජ් ජයටිල්ලකෙෂමිත් ෆෙර්ණන්දොහිරුෂ ෆෙර්නංදොඑදිත් - අමිල ඩෙවොන්",0.8228
@USER මූ මේ බන දෙසන්න එනවා.. මේ ඕයි මංගල.... තමුසෙගෙ රාජකාරිය හරියට රට වෙනුවෙන් කොරලද ඔය බන දෙසන්නේ... මේ රටම ගිනි ගොඩක ඉන්නකොට වදාපු අම්ම ගැන අහගන්නේ නැතුව ඉදපිය....... දේශද්‍රෝහී පරයා.......,මූ මේ බන දෙසන්න එනවා.. මේ ඕයි මංගල.... තමුසෙගෙ රාජකාරිය හරියට රට වෙනුවෙන් කොරලද ඔය බන දෙසන්නේ... මේ රටම ගිනි ගොඩක ඉන්නකොට වදාපු අම්ම ගැන අහගන්නේ නැතුව ඉදපිය....... දේශද්‍රෝහී පරයා.......,0.8227
ගෑනු ලමයෙකු ඕනෑම රෙස්පෙක්ට් නැති ගොන් වැඩක් කලත් .. ගොනා සේ එය ඩිෆෙන්ඩ් කරයි නම්  ගැහැනු ලමයි ලගදී මවාගත් බොරු සුවච කීකරු බවක් දක්වයි නම්   ගැහැනු ලමයිගේ ගොසිප් ගෲප් වල ක්‍රියාකාරී සාමාජිකයෙක් නම්,ගෑනු ලමයෙකු ඕනෑම රෙස්පෙක්ට් නැති ගොන් වැඩක් කලත් .. ගොනා සේ එය ඩිෆෙන්ඩ් කරයි නම් ගැහැනු ලමයි ලගදී මවාගත් බොරු සුවච කීකරු බවක් දක්වයි නම් ගැහැනු ලමයිගේ ගොසිප් ගෲප් වල ක්‍රියාකාරී සාමාජිකයෙක් නම්,0.8226
~~~ හෙනගහපු කුළුදුල් පෙම! ~~~  අනේ පැණි වරකෙට හෙන ගහපු විදියට මගේ කුළුදුල් පෙමට හෙන ගහපි සැරට!  රන් තැඹිලි ගෙඩියට... URL,~~~ හෙනගහපු කුළුදුල් පෙම! ~~~ අනේ පැණි වරකෙට හෙන ගහපු විදියට මගේ කුළුදුල් පෙමට හෙන ගහපි සැරට! රන් තැඹිලි ගෙඩියට... උර්ල්,0.8223
මොකක්ද යකෝ ඒ කරේ  Sashen @USER  · 16 May 2021  @USER හරි.,මොකක්ද යකෝ ඒ කරේ සශෙන් · 16 May 2021 හරි.,0.8223
@USER  @USER ආතල් නේ ඔයාලටත් .. අපි පලිද බං පෙන්නන දෙයක් නැතුව ලෑල්ල වගේ උනා කියලා  . ඔහොම ඊරිසියාව හින්දා තමා පුක ලෑල්ල වගේ වෙලා බඩේ ටයර් පැනල තියෙන්නේ මේ ආත්මෙ ..,ආතල් නේ ඔයාලටත් .. අපි පලිද බං පෙන්නන දෙයක් නැතුව ලෑල්ල වගේ උනා කියලා . ඔහොම ඊරිසියාව හින්දා තමා පුක ලෑල්ල වගේ වෙලා බඩේ ටයර් පැනල තියෙන්නේ මේ ආත්මෙ ..,0.8223
රීලා ඉවර වෙලා පුක සබන් ගාල හෝදන අතීතයක් මට තිබ්බ බං :3 — feeling crazy,රීලා ඉවර වෙලා පුක සබන් ගාල හෝදන අතීතයක් මට තිබ්බ බං :3 — feeling crazy,0.8223
විජිත් විජිතමුනි සොයිසා කියන්නෙ...තනිකරම   ගම් පාලු වතු වෙසා හෙනගහන පර සක්කිලි වතු දෙමල හුත්තිගෙ පුතෙක්...ඔකා..,විජිත් විජිතමුනි සොයිසා කියන්නෙ...තනිකරම ගම් පාලු වතු වෙසා හෙනගහන පර සක්කිලි වතු දෙමල හුත්තිගෙ පුතෙක්...ඔකා..,0.8223
@USER ඒකි ආස නෑ ඔය බල්ලන්ට ගෙදර ඉන්න බල්ල කෑවෙ නැත්නම් උට පේන්න පිගාන විසි කරන ජාතිය එකියක් ඔන්න ඔහෙඅට දෙන්න,ඒකි ආස නෑ ඔය බල්ලන්ට ගෙදර ඉන්න බල්ල කෑවෙ නැත්නම් උට පේන්න පිගාන විසි කරන ජාතිය එකියක් ඔන්න ඔහෙඅට දෙන්න,0.8223
මේ දවස්වල මම මානසිකව වැට්ලා කකුලත් තුවාල වෙලා බන් තියෙන්නේ.  දැන් උබලා මේක දැක්කත් දැක්කෙනෑ වගේ පලයන්.  #MaZz,මේ දවස්වල මම මානසිකව වැට්ලා කකුලත් තුවාල වෙලා බන් තියෙන්නේ. දැන් උබලා මේක දැක්කත් දැක්කෙනෑ වගේ පලයන්. මළ්ළ,0.8223
@USER තොට හුකන්න වේසාවා තෝ බීලා හුකාපන් එතකොට උබ වගේ විශබීජයක් ඉපදෙන්නේ නෑ මේ ලෝකෙට ආයිත්,තොට හුකන්න වේසාවා තෝ බීලා හුකාපන් එතකොට උබ වගේ විශබීජයක් ඉපදෙන්නේ නෑ මේ ලෝකෙට ආයිත්,0.8223
@USER @USER  අවුට් වුනොත් උඹ තමයි  @USER,අවුට් වුනොත් උඹ තමයි,0.822
වැස්ස = හිටගෙන පුක සේදීම,වැස්ස = හිටගෙන පුක සේදීම,0.8218
Complain එක රෝල් කරල පුකේ ගහල පුක පොලවෙ ගහල ආයෙ එලියට අරන් හපල ගිලපන්. #SLT #FUCKYOUVERYMUCH  @USER,Complain එක රෝල් කරල පුකේ ගහල පුක පොලවෙ ගහල ආයෙ එලියට අරන් හපල ගිලපන්. ස්ල්ට් ෆුක්ක්යෞවෙර්ය්මුච්,0.8218
"@USER පුක කියලා profile එකකුත් තීනවා ඒකේ සේරම පුක කියන වචනේ ගෑවිච්ච tweets, retweet කරලා",පුක කියලා profile එකකුත් තීනවා ඒකේ සේරම පුක කියන වචනේ ගෑවිච්ච ට්වීට්ස් රෙට්වීට් කරලා,0.8218
‌ඒකලෙ රට ජාතිය වෙනුවෙ ගැස් මිල ලොක වෙලදපොලේ අඩු වුනත් ගිණිගනන් වලට කට පුක පියන්න ගත්ත උන් දැන් 110 වැඩීලු ගැස්වලට ...අපමණ අගයක්ලු...,‌ඒකලෙ රට ජාතිය වෙනුවෙ ගැස් මිල ලොක වෙලදපොලේ අඩු වුනත් ගිණිගනන් වලට කට පුක පියන්න ගත්ත උන් දැන් 110 වැඩීලු ගැස්වලට ...අපමණ අගයක්ලු...,0.8218
දැන් බස් වල යන සින්දු  තොට බත් හැන්දයි  මට බත් හැන්දයි// තෝත් නටාපිය මාන් නටන්නම් කූචි කුචයියෝ කූචි කුචයියෝ..  තොට හොඳි හැන්දයි  මට හොඳි හැන්දයි// තෝත් නටාපිය මාන් නටන්නම් කූචි කුචයියෝ කූචි කුචයියෝ..  කූචි කුචයියෝ කූචි කුචයියෝ.. තෝත් නටාපිය මාන් නටන්නම් කූචි කුචයියෝ කූචි කුචයියෝ.,දැන් බස් වල යන සින්දු තොට බත් හැන්දයි මට බත් හැන්දයි// තෝත් නටාපිය මාන් නටන්නම් කූචි කුචයියෝ කූචි කුචයියෝ.. තොට හොඳි හැන්දයි මට හොඳි හැන්දයි// තෝත් නටාපිය මාන් නටන්නම් කූචි කුචයියෝ කූචි කුචයියෝ.. කූචි කුචයියෝ කූචි කුචයියෝ.. තෝත් නටාපිය මාන් නටන්නම් කූචි කුචයියෝ කූචි කුචයියෝ.,0.8218
නාටක නටා පෙන්වූවේ හතර      අතේ අඩි පුඩි හප්පලා කීවෙ මම    කාලීගේ වට්ටෝරුවත් දුන්නා ගැම්මටම  අනේ ඔසු බිව් අයට සරණයි පැණි ධම්මීගේ  කොරෝනා උඹ ඉවරයි #ධම්මිගෙපැනිය,නාටක නටා පෙන්වූවේ හතර අතේ අඩි පුඩි හප්පලා කීවෙ මම කාලීගේ වට්ටෝරුවත් දුන්නා ගැම්මටම අනේ ඔසු බිව් අයට සරණයි පැණි ධම්මීගේ කොරෝනා උඹ ඉවරයි #ධම්මිගෙපැනිය,0.8218
@USER @USER වැදුනා තමා තෝ පාඩම් වැඩ පාඩු කරගත්තොත් එල්ලනවා තෝව වල්ලෙ හරිය    @USER,වැදුනා තමා තෝ පාඩම් වැඩ පාඩු කරගත්තොත් එල්ලනවා තෝව වල්ලෙ හරිය,0.8218
"@USER ""වෙන team වල උන් අමාරු catch ලේසියෙන් අල්ලද්දි අපේ team එකේ උන් ලේසි catch අමරුවෙන් miss කරනවා."" - Anon #SoSrilankan","""වෙන team වල උන් අමාරු catch ලේසියෙන් අල්ලද්දි අපේ team එකේ උන් ලේසි catch අමරුවෙන් miss කරනවා."" - Anon සොස්රිලන්කන්",0.8218
තෝ පල ගල් පකයා (ගල් මූසලයා)   #UsePakayaInEverydayExpresoions,තෝ පල ගල් පකයා (ගල් මූසලයා) උසෙපකයෛනෙවෙර්ය්දයෙෂ්ප්රෙසොඉඔන්ස,0.8218
හංදි ගානෙ ගිහින් තිසර පට විකුනපං ගොන් හරකා,හංදි ගානෙ ගිහින් තිසර පට විකුනපං ගොන් හරකා,0.8218
"“ඉත්ති දුත්තෝ සුරා දුත්තෝ අක්ඛ දුත්තෝච යෝ නරෝ ලද්දං ලද්දං විනාසෙතී තම් පරා භව තෝ මුඛං ”  “අධික ස්ත්‍රී ලෝලත්වය,... URL","“ඉත්ති දුත්තෝ සුරා දුත්තෝ අක්ඛ දුත්තෝච යෝ නරෝ ලද්දං ලද්දං විනාසෙතී තම් පරා භව තෝ මුඛං ” “අධික ස්ත්‍රී ලෝලත්වය,... උර්ල්",0.8213
නික තිබුනට කළු නික නෑ හැම අස්සේ රොන් තිබුණට බෑ ගන්නට හැම රහසේ තන් තිබුනම වැල ලෙස මයෙ ගේ අස්සේ රන් තලියකි ඈ බැබලෙයි ඇස් අස්සේ BinethTtalks @USER  · 5 Jun 2021 හො හෝ යාලුවනේ,නික තිබුනට කළු නික නෑ හැම අස්සේ රොන් තිබුණට බෑ ගන්නට හැම රහසේ තන් තිබුනම වැල ලෙස මයෙ ගේ අස්සේ රන් තලියකි ඈ බැබලෙයි ඇස් අස්සේ බිනේත්ට්ටල්ක්ස් · 5 ජුන් 2021 හො හෝ යාලුවනේ,0.8213
@USER  @USER  12 others ජෙරී තමන්ගේ සුපුරුදු රැකියාව ඌ සුද්දන්ට පුක දීම දිගටම කරගෙන යන ලදී.  තවමත් සන්සර්ගේ පපුවෙ මයිල් වැවෙවෙන්න් නැත. ඒ කුසීගෙ මුසාගෙ අතගෑමට පින්සිදුවන්නටය,12 ඔතෙර්ස් ජෙරී තමන්ගේ සුපුරුදු රැකියාව ඌ සුද්දන්ට පුක දීම දිගටම කරගෙන යන ලදී. තවමත් සන්සර්ගේ පපුවෙ මයිල් වැවෙවෙන්න් නැත. ඒ කුසීගෙ මුසාගෙ අතගෑමට පින්සිදුවන්නටය,0.8213
මට කෙල්ලෙක් හොයාගන්න පුලුවන් කියමුකෝ ඒත් අපේ අම්මට හරියන ලේලියක් හොයාගන්නනේ අමාරු...,මට කෙල්ලෙක් හොයාගන්න පුලුවන් කියමුකෝ ඒත් අපේ අම්මට හරියන ලේලියක් හොයාගන්නනේ අමාරු...,0.8213
"ණයට අරං ආපු ජීවිතේ උඹේ මුල් අයිතිකාරයා වෙන කවුරුවත් නෙමෙයි උඹේ අම්මා.  මගෙ පුතේ, උඹ එදා කුසට ආපු දවසෙ ඉදල අම්මා පරිස්සමට අඩිය තියන්න ඇති.  අම්ම ආස කෑම, උඹට උශ්නයක් විසක් වේවි කියලා උඹ වෙනුවෙන් නොකා ඉන්න ඇති.... URL","ණයට අරං ආපු ජීවිතේ උඹේ මුල් අයිතිකාරයා වෙන කවුරුවත් නෙමෙයි උඹේ අම්මා. මගෙ පුතේ, උඹ එදා කුසට ආපු දවසෙ ඉදල අම්මා පරිස්සමට අඩිය තියන්න ඇති. අම්ම ආස කෑම, උඹට උශ්නයක් විසක් වේවි කියලා උඹ වෙනුවෙන් නොකා ඉන්න ඇති.... උර්ල්",0.8213
කහබත් හදල කැරට් සොසේජස් එකට දාල තෙල් දාල සෝයාමීට් හොද්දට හැදුව。 අම්ම එවපු වම්බොටු මෝජුයි කට්ට සම්බෝලෙකුයි තියනවා. කන්න තමා දැන් තියෙන්නේ,කහබත් හදල කැරට් සොසේජස් එකට දාල තෙල් දාල සෝයාමීට් හොද්දට හැදුව。 අම්ම එවපු වම්බොටු මෝජුයි කට්ට සම්බෝලෙකුයි තියනවා. කන්න තමා දැන් තියෙන්නේ,0.8213
"මට කරපු බලු වැඩේට තොට වැහි නැති හෙනගහපන් , තෝ බයික් එකෙන් යද්දි වැටිලා අතක් පයක් කැඩිලා මැරියන් හු&%&#තා තොට... URL","මට කරපු බලු වැඩේට තොට වැහි නැති හෙනගහපන් , තෝ බයික් එකෙන් යද්දි වැටිලා අතක් පයක් කැඩිලා මැරියන් හු&%&#තා තොට... උර්ල්",0.8213
"@USER පල සක්කිලි වේසිගෙ පුතා. පකෝ තෝ පක හංගගෙන ඇට දෙකෙන් හුකන්න ට්‍රයි කරාට බයියෝ ඒවා කරන්නෙ නෑ පකෝ. සක්කිලියා තෝ කී පාරක් මගෙ ඇක් එක, පෝස්ට්, කමෙන්ට් රිපෝර්ට් කරාද සක්කිලියෝ.","පල සක්කිලි වේසිගෙ පුතා. පකෝ තෝ පක හංගගෙන ඇට දෙකෙන් හුකන්න ට්‍රයි කරාට බයියෝ ඒවා කරන්නෙ නෑ පකෝ. සක්කිලියා තෝ කී පාරක් මගෙ ඇක් එක, පෝස්ට්, කමෙන්ට් රිපෝර්ට් කරාද සක්කිලියෝ.",0.8213
amma  අම්ම ඉන්නාව මට හැමදාම  URL,amma අම්ම ඉන්නාව මට හැමදාම උර්ල්,0.8213
@USER මං හිතන්නේ ඕක දාන්න කලින් දවසේ පොර හම්බෙලා නැ.. ඒකයී පුක වගේ කට හදන් බෙරිහන් දෙන්නේ.. නොදකින් මෙහෙම එවුන් ඉන්නකන් සිංහල ජාතියට කෙල වෙන එක අහන්නත් දෙයැක් යෑ..,මං හිතන්නේ ඕක දාන්න කලින් දවසේ පොර හම්බෙලා නැ.. ඒකයී පුක වගේ කට හදන් බෙරිහන් දෙන්නේ.. නොදකින් මෙහෙම එවුන් ඉන්නකන් සිංහල ජාතියට කෙල වෙන එක අහන්නත් දෙයැක් යෑ..,0.8213
"""අත් තටු නැතත් ඉගිලිලා  අහසම උඹ කලු කලා.. ටිකෙන් ටික උඹ ඈත් වෙලා.. මරුවට උඹ ලං උනා...""   Miss u loku aiye","""අත් තටු නැතත් ඉගිලිලා අහසම උඹ කලු කලා.. ටිකෙන් ටික උඹ ඈත් වෙලා.. මරුවට උඹ ලං උනා..."" Miss උ ලොකු ඓයේ",0.8213
ජරාවම කාලා කාලා දැන් ගෙදර ගිහින් හොඳ කෑම කෑවම බඩේ අමාරු හැදෙනවා,ජරාවම කාලා කාලා දැන් ගෙදර ගිහින් හොඳ කෑම කෑවම බඩේ අමාරු හැදෙනවා,0.8213
@USER ගූ ගොඩවල් වලට පයිං නොගහා හිටපං. බෙට්ටක් විදියට තියනකං ටිකක් ගඳගහයි. උඹ පයින් ගයලා ඇවිදං යද්දි ඒ ගඳ පැතිරෙනවා වැඩී.,ගූ ගොඩවල් වලට පයිං නොගහා හිටපං. බෙට්ටක් විදියට තියනකං ටිකක් ගඳගහයි. උඹ පයින් ගයලා ඇවිදං යද්දි ඒ ගඳ පැතිරෙනවා වැඩී.,0.8213
බොන්න වතුරේ නැතේ  කන්න බතුත් නැතේ  ගෑණි ගෙදර නැතේ  වැනෙනවා මම වෙරි මතේ ............... URL,බොන්න වතුරේ නැතේ කන්න බතුත් නැතේ ගෑණි ගෙදර නැතේ වැනෙනවා මම වෙරි මතේ ............... උර්ල්,0.8213
331 නෙවේ යකෝ 133ක් ගහන්න තියෙන්නේ හෙමීට ගහපන් #SLvsSA,331 නෙවේ යකෝ 133ක් ගහන්න තියෙන්නේ හෙමීට ගහපන් ස්ල්ව්ස්ස,0.8213
මට පෙන්නලා ආලේ හැටී උඹ දුන්නු දුක හොදටම ඇතී,මට පෙන්නලා ආලේ හැටී උඹ දුන්නු දුක හොදටම ඇතී,0.8213
@USER  @USER    මුන්ට හෙන හදල හරි ගහන්න ඔනේ කුහක හැත්ත,මුන්ට හෙන හදල හරි ගහන්න ඔනේ කුහක හැත්ත,0.8209
"නැට්ට දෙකට මැදින් කැඩුන ""අබල දුබල"" අපේ ගෙදරට කෑමට විතරක් ආපු පූස් තඩියෙක්. පස්ස ගාත් වෙලාවකට අද්ද අද්ද එන අබල දුබල අසරණකම මාකට් කලා. අන්තිමට දවසක් තලගොයෙක් කලබලෙන් දුවනකොට අබල දුබලගේ ඇඟේ වැදුනා. අබල දුබල එදා පිම්මේ දිව්වා. අපි දැක්කා කියලා ලැජ්ජා හිතිලද මන්දා ආයේ ආවේ නෑ","නැට්ට දෙකට මැදින් කැඩුන ""අබල දුබල"" අපේ ගෙදරට කෑමට විතරක් ආපු පූස් තඩියෙක්. පස්ස ගාත් වෙලාවකට අද්ද අද්ද එන අබල දුබල අසරණකම මාකට් කලා. අන්තිමට දවසක් තලගොයෙක් කලබලෙන් දුවනකොට අබල දුබලගේ ඇඟේ වැදුනා. අබල දුබල එදා පිම්මේ දිව්වා. අපි දැක්කා කියලා ලැජ්ජා හිතිලද මන්දා ආයේ ආවේ නෑ",0.8208
ආලංකුලමේ අයිස්ක්‍රීම් දන්සලක් තියේ. පට්ට රසයි. — eating Ice-cream,ආලංකුලමේ අයිස්ක්‍රීම් දන්සලක් තියේ. පට්ට රසයි. — eating ඉචෙච්රෙං,0.8208
හැමනියං කාලෙටම හැමනිලාම පත්තු කරන්න ගියොත් වැඩේ ටිකක් වල් වෙනවා  සොරි  *හැම නියං *හැම නිලා (කූරු) — feeling thoughtful,හැමනියං කාලෙටම හැමනිලාම පත්තු කරන්න ගියොත් වැඩේ ටිකක් වල් වෙනවා සොරි *හැම නියං *හැම නිලා (කූරු) — feeling thoughtful,0.8208
වේසම වේස ජාතියක් ඕකුන් නම් Dulith Kasun (DK) @USER  · 15 Mar 2021 අනේ හුකේ නන්නානේ ඉංජියා ඉංජියා හිංගියා ජංගියා Show this thread,වේසම වේස ජාතියක් ඕකුන් නම් දුලිත් කසුන් දක් · 15 Mar 2021 අනේ හුකේ නන්නානේ ඉංජියා ඉංජියා හිංගියා ජංගියා Show this thread,0.8208
ටුවිටරේ nude pic තීනව එක දිගට දැක්කත් නොදැක්ක වගේ යනව මුකද අපි හෙන හුද ළමයිනේ,ටුවිටරේ nude pic තීනව එක දිගට දැක්කත් නොදැක්ක වගේ යනව මුකද අපි හෙන හුද ළමයිනේ,0.8208
මේක නිදි වගේ වෙනම ලයින් එකක් දෙන්නෙ. හොරෙන් හොරෙන් ලේන්නු එනවද බලනෝ.  ගැස්තර බිලාලයා.... තෝ අද හොඳ පාඩමක් ඉගෙන ගන්නෙ අම්ම දැක්ක වෙලාවට තමයි.,මේක නිදි වගේ වෙනම ලයින් එකක් දෙන්නෙ. හොරෙන් හොරෙන් ලේන්නු එනවද බලනෝ. ගැස්තර බිලාලයා.... තෝ අද හොඳ පාඩමක් ඉගෙන ගන්නෙ අම්ම දැක්ක වෙලාවට තමයි.,0.8208
"Saw this on facebook >> උඹ මට තම්බියා කියපන් ඉස්සර වගේ ආදරෙන් , හැබැයි හම්බයා කියන්නෙපා දැන් වගේ වෛරයෙන්.   #Quote #Facebook  @USER","Saw this ඕන ඵචෙබූක් >> උඹ මට තම්බියා කියපන් ඉස්සර වගේ ආදරෙන් , හැබැයි හම්බයා කියන්නෙපා දැන් වගේ වෛරයෙන්. #Quote ඵචෙබූක්",0.8208
"නෙදකින් ගස්තර කාලකන්නි ,  බස් එකේදි ඇහැ පියවුන ගමන් Spekz දෙකටම ඇරල ගිහිං... උස්සපු එකාට ලොවෙත් හෙන ගානව","නෙදකින් ගස්තර කාලකන්නි , බස් එකේදි ඇහැ පියවුන ගමන් ස්පෙක්ළ දෙකටම ඇරල ගිහිං... උස්සපු එකාට ලොවෙත් හෙන ගානව",0.8208
මේ සංසාර ජාතක කතාවේ කා එක්ක  දීගේ කෑවත් උඹ අපි මේ හැමෝම විවරණ ගත්තු එකම එක ප්‍රේමයක් ලියවිලා තියෙන්නේ කොහේ හරි  පරිස්සමට,මේ සංසාර ජාතක කතාවේ කා එක්ක දීගේ කෑවත් උඹ අපි මේ හැමෝම විවරණ ගත්තු එකම එක ප්‍රේමයක් ලියවිලා තියෙන්නේ කොහේ හරි පරිස්සමට,0.8208
"@USER ,  @USER  @USER උබ ඉතිං හැමදාම පහන අල්ල අල්ලම හිටපං. ඕක ගෙවෙයි යකෝ අල්ලලම.",", උබ ඉතිං හැමදාම පහන අල්ල අල්ලම හිටපං. ඕක ගෙවෙයි යකෝ අල්ලලම.",0.8203
බඩුව බඩුවම තමයි  කෙල්ලො හිතන් ඉන්නෙ බැන්කු මැඩම් හරි අහින්සක අසරණ කෙල්ලෙක් කියල,බඩුව බඩුවම තමයි කෙල්ලො හිතන් ඉන්නෙ බැන්කු මැඩම් හරි අහින්සක අසරණ කෙල්ලෙක් කියල,0.8203
#srilanka #lka #slavetheory  #බයිලොජික්   කොහෙද මේ සිරිසේනයටයි  පොන්න රනිලටයි කොන්ද පන නෑනි  මෙව්වා නවත්ටහන්ට..!!!!,ශ්‍රීලංකා ලක ස්ලවෙථෙඔර්ය #බයිලොජික් කොහෙද මේ සිරිසේනයටයි පොන්න රනිලටයි කොන්ද පන නෑනි මෙව්වා නවත්ටහන්ට..!!!!,0.8203
"@USER  @USER  / 4 දෙගොල්ලන්ගෙම වරදක් නෑ  උදා: ""උඹේ බඩුව නේද අර shop එකේ ඉන්නෙ?""  ""අඩෝ අර ෂෝට ගහල ඉන්න බඩුව නං sweet බං"" මේක neutral තත්වයක්.  මං නං කියන්නෙ කෙල්ලට බඩුව, කෑල්ල කියන්න හොඳ නෑ","/ 4 දෙගොල්ලන්ගෙම වරදක් නෑ උදා: ""උඹේ බඩුව නේද අර shop එකේ ඉන්නෙ?"" ""අඩෝ අර ෂෝට ගහල ඉන්න බඩුව නං sweet බං"" මේක neutral තත්වයක්. මං නං කියන්නෙ කෙල්ලට බඩුව, කෑල්ල කියන්න හොඳ නෑ",0.8203
@USER  @USER මූ හාමු උනාට හෙන කබ්බෙක් බන්. සුවර් එකටම වත්තේ පොල් කඩන්න ආපු එකෙග්ගේ හොර ෂොට් එකක්.,මූ හාමු උනාට හෙන කබ්බෙක් බන්. සුවර් එකටම වත්තේ පොල් කඩන්න ආපු එකෙග්ගේ හොර ෂොට් එකක්.,0.8203
"මේ දවස් වල වයස 18,19 ඇච්චෝ බච්චෝ ඉන්න ගෙවල් වල තත්වය පුතා(පු):- අම්මේ අම්ම(අ):-මොකෝ බෙරිහන් දෙන්නේ පු:-කෝ මෙතන තිබ්බ පිහිය?ටක් ගාලා ගෙන්නකෝ මට පන්ති යන්න පරක්කු වෙනවා අ:-අයියෝ මගේ කොල්ල අනේ මගේ රත්තරන් පුතේ ඔව්වා කරන්න එපා. පු:-විකාර නැතුව ඕක ගේන්න පාන් කෑල්ලක් කපන් කාල පංති යන්න","මේ දවස් වල වයස 18,19 ඇච්චෝ බච්චෝ ඉන්න ගෙවල් වල තත්වය පුතා(පු):- අම්මේ අම්ම(අ):-මොකෝ බෙරිහන් දෙන්නේ පු:-කෝ මෙතන තිබ්බ පිහිය?ටක් ගාලා ගෙන්නකෝ මට පන්ති යන්න පරක්කු වෙනවා අ:-අයියෝ මගේ කොල්ල අනේ මගේ රත්තරන් පුතේ ඔව්වා කරන්න එපා. පු:-විකාර නැතුව ඕක ගේන්න පාන් කෑල්ලක් කපන් කාල පංති යන්න",0.8203
අනේ සමාවෙන්න නොදන්න කමට අහන්නේ....එතකොට ඔය හතිලවුවේ කොහෙවත් නැද්ද ....පිනිබාන්නේ උන්දට හුජ්ජ කොරන්න කොටය කියල..... URL,අනේ සමාවෙන්න නොදන්න කමට අහන්නේ....එතකොට ඔය හතිලවුවේ කොහෙවත් නැද්ද ....පිනිබාන්නේ උන්දට හුජ්ජ කොරන්න කොටය කියල..... උර්ල්,0.8203
@USER @USER  ඔය ජරා හැත්ත නැති කරලම දාන්න ඕනේ,ඔය ජරා හැත්ත නැති කරලම දාන්න ඕනේ,0.8202
@USER ඌ මාව බ්ලොක් කරල. ට්‍රිගර් වෙන වේඓගෙ පුත්තු ටිකක් ඉන්නවනම් තමා ෆේක් වලින් ඇවිල්ලත් පුක දෙන මොනාහරි දෙයක් කියාගන්න බැරුව. ඕව සිම්පල් හම්සා,ඌ මාව බ්ලොක් කරල. ට්‍රිගර් වෙන වේඓගෙ පුත්තු ටිකක් ඉන්නවනම් තමා ෆේක් වලින් ඇවිල්ලත් පුක දෙන මොනාහරි දෙයක් කියාගන්න බැරුව. ඕව සිම්පල් හම්සා,0.8198
@USER ඒක නම් පුක හපාගෙන මැරෙන්නම දීල..,ඒක නම් පුක හපාගෙන මැරෙන්නම දීල..,0.8198
"සිංහල ,හෙල කියලා හැම ගොං මගුලම බදාගන්නද යකෝ කියන්නේ ? හිටියා ඇති හෙට්ටි @USER  · 8 Dec 2020 සිංහලකම අගය නොකර සුද්දට ආ වඩන ගෝතයෝ කවදත් හිටියා මේ රටේ...","සිංහල ,හෙල කියලා හැම ගොං මගුලම බදාගන්නද යකෝ කියන්නේ ? හිටියා ඇති හෙට්ටි · 8 දෙක් 2020 සිංහලකම අගය නොකර සුද්දට ආ වඩන ගෝතයෝ කවදත් හිටියා මේ රටේ...",0.8198
දැං නැවිල පුක දෙන්න ප්‍රෙනස් Lankadeepa @USER  · 7 Mar 2018 අම්පාරේ පරාටේ ඇතුළේ තිබුණේ පිටි ගුලියක් URL,දැං නැවිල පුක දෙන්න ප්‍රෙනස් ලංකාදීප · 7 Mar 2018 අම්පාරේ පරාටේ ඇතුළේ තිබුණේ පිටි ගුලියක් උර්ල්,0.8198
"@USER @USER දැන් පයිය = මල්ල නේ. ඉතිං දැන් මෙහෙම අහන්නේ. "" මල්ලි ඔය පයිය අල්ලන්න මේ බඩු ටික දාන්න ""","දැන් පයිය = මල්ල නේ. ඉතිං දැන් මෙහෙම අහන්නේ. "" මල්ලි ඔය පයිය අල්ලන්න මේ බඩු ටික දාන්න """,0.8198
@USER  @USER බුරියට තරහ ගිහින් තෝ උක විකාගෙන මැරුනත් කරන්න දෙයක් නෑ අනික සොහොනෙ ගෙවල් හදන්නෙත් නෑ උඹල වගේ අවතාර වලට බයනම්,බුරියට තරහ ගිහින් තෝ උක විකාගෙන මැරුනත් කරන්න දෙයක් නෑ අනික සොහොනෙ ගෙවල් හදන්නෙත් නෑ උඹල වගේ අවතාර වලට බයනම්,0.8198
"මාත් ආසයි නයි දහයක් පහලොවක් රෙද්ද අස්සේ දාගන්න... යස්සනී @USER  · 16 Oct 2021 දන්න කෙනෙක් පහදලා දෙන්ට  ,","මාත් ආසයි නයි දහයක් පහලොවක් රෙද්ද අස්සේ දාගන්න... යස්සනී · 16 ඔච්ට් 2021 දන්න කෙනෙක් පහදලා දෙන්ට ,",0.8198
මගේ ගෑනිගේ හොද කම කියන්නේ එකී මට හැම වෙලේම කියන්නේ කොච්චර වේස කමේ ගියත් කමක් නෑ ගිහින් ගෙදර එනකොට පයිය හොදට... URL,මගේ ගෑනිගේ හොද කම කියන්නේ එකී මට හැම වෙලේම කියන්නේ කොච්චර වේස කමේ ගියත් කමක් නෑ ගිහින් ගෙදර එනකොට පයිය හොදට... උර්ල්,0.8198
"RT lishwish: හොඳට මිරිකලා දෙහි ටික ගනින්කෝ විමලා.., උඹේ ඩාලින් සයිමා කට් වෙලා..  #sajje #Human  URL","රට් ලිෂ්විෂ් හොඳට මිරිකලා දෙහි ටික ගනින්කෝ විමලා.., උඹේ ඩාලින් සයිමා කට් වෙලා.. සාජ්ජේ #Human උර්ල්",0.8193
@USER @USER  මගුලත් කඩන්නද බොල හදන්නේ? ඒ මදිවට කොටට ගහපු එවුන්.  @USER,මගුලත් කඩන්නද බොල හදන්නේ? ඒ මදිවට කොටට ගහපු එවුන්.,0.8193
"රත්තරං හැන්ද කටේ ගහගෙන ඉපදිලා අම්මා අප්පගෙ සල්ලි වලින් රඟන පතෝල වීරයොයි,සල්ලි නෙමේ ජීවිතය කියලා හිත රවට්ටගන්න නරි මෝඩ කාලකණ්ණි ටිකයි කුලප්පු උනාට කමක් නෑ කොනෙන් ඉමු....  #Tweet","රත්තරං හැන්ද කටේ ගහගෙන ඉපදිලා අම්මා අප්පගෙ සල්ලි වලින් රඟන පතෝල වීරයොයි,සල්ලි නෙමේ ජීවිතය කියලා හිත රවට්ටගන්න නරි මෝඩ කාලකණ්ණි ටිකයි කුලප්පු උනාට කමක් නෑ කොනෙන් ඉමු.... #Tweet",0.8193
@USER @USER  ඇයි උඹ මීට කලින් tweet දැකල නැද්ද? නිකන් පුක නොදී පලයං මිනිහෝ :P :P,ඇයි උඹ මීට කලින් tweet දැකල නැද්ද? නිකන් පුක නොදී පලයං මිනිහෝ ප් ප්,0.8193
මීගමු බන්ධෙන් අහුඋන ෆීසරෙ ගැන හොයන්න ගිහින් තියෙන්නෙ හරි බඩුව හිටපු මැගසින් බන්ධෙ ලොක්ක වන එමිල් රංජන් ලමාහේවා....  පොර ගිහින් ආයි ලිස්ට් එකක් හදන් ඇවිත් නාකොටි⁣ක් එකේ හිටපු නියොමාල් එක්ක එකතු වෙලා 2012දි වැලිකඩ කරා වගේ වැඩක් කරයිද දන් නෑ,මීගමු බන්ධෙන් අහුඋන ෆීසරෙ ගැන හොයන්න ගිහින් තියෙන්නෙ හරි බඩුව හිටපු මැගසින් බන්ධෙ ලොක්ක වන එමිල් රංජන් ලමාහේවා.... පොර ගිහින් ආයි ලිස්ට් එකක් හදන් ඇවිත් නාකොටි⁣ක් එකේ හිටපු නියොමාල් එක්ක එකතු වෙලා 2012දි වැලිකඩ කරා වගේ වැඩක් කරයිද දන් නෑ,0.8193
@USER  @USER තෝ ආයෙ මට හම්බෙයංකෝ ඇට රිලවා මම බලාගන්න තෝ ගැන කීලා නේද ටිබ්බෙ,තෝ ආයෙ මට හම්බෙයංකෝ ඇට රිලවා මම බලාගන්න තෝ ගැන කීලා නේද ටිබ්බෙ,0.8193
@USER ට හැමිනේ පුක පලාගතහැකියාහේ,ට හැමිනේ පුක පලාගතහැකියාහේ,0.8193
මෙන්න ඒ අස්සේ තව එකෙක් රෙද්ද ගලවල... Enrique Iglesias  යන්න බෑ කියනවලු ලැජ්ජයි ඔයි URL,මෙන්න ඒ අස්සේ තව එකෙක් රෙද්ද ගලවල... එන්රිකුඑ ඉග්ලෙසිඅස් යන්න බෑ කියනවලු ලැජ්ජයි ඔයි උර්ල්,0.8193
මේ බිත්තර කරිය හදනවා දැක්කත් කටට රහ දැනෙනවා (VIDEO) URL,මේ බිත්තර කරිය හදනවා දැක්කත් කටට රහ දැනෙනවා (VIDEO) උර්ල්,0.8193
@USER බොගේ ලමයින්ගේ අම්ම ඉවරයි.. දැන් පල,බොගේ ලමයින්ගේ අම්ම ඉවරයි.. දැන් පල,0.8193
"පාරෙ තිරික්කලයක් ගියා, බඩ තඩි එකෙක් උඩ නැගල තව දෙන්නෙක් ඇවිදිනව හරකව දෙපැත්තෙන් අල්ලගෙන. හොඳම කෑල්ල, උඩ ඉන්න තඩියා අර අල්ලගෙන යන හරකට ලණුවෙන් ගහල දක්කනව. කොයි එකාද හරක කියල හිතුන මට.. #lka #SriLanka","පාරෙ තිරික්කලයක් ගියා, බඩ තඩි එකෙක් උඩ නැගල තව දෙන්නෙක් ඇවිදිනව හරකව දෙපැත්තෙන් අල්ලගෙන. හොඳම කෑල්ල, උඩ ඉන්න තඩියා අර අල්ලගෙන යන හරකට ලණුවෙන් ගහල දක්කනව. කොයි එකාද හරක කියල හිතුන මට.. ලක ශ්‍රීලංකා",0.8193
"""අැ ඇ මේ මේ  කවුද යකෝ මහසෝනට අතීසාරේ හැදිලා වගේ "" මදක් ඈතින් බර අඩි තබමින් මා දෙසට එන කේඩෑරි සිහින් සිරුරින් යුත්... URL","""අැ ඇ මේ මේ කවුද යකෝ මහසෝනට අතීසාරේ හැදිලා වගේ "" මදක් ඈතින් බර අඩි තබමින් මා දෙසට එන කේඩෑරි සිහින් සිරුරින් යුත්... උර්ල්",0.8193
ත්‍රිකුණාමලයේ ඉදන් කොළඹ අක්කර ලක්ෂ 22 ක් ඇමෙරිකාවට දෙනවලු..  බද්ද රුපියල් 24යි  රනිල් වික්‍රමසිංහ මොනවද හුත්තිගේ පුතෝ උඹ මේ කරන්නේ.  රටම විකුනන් කාපන්,ත්‍රිකුණාමලයේ ඉදන් කොළඹ අක්කර ලක්ෂ 22 ක් ඇමෙරිකාවට දෙනවලු.. බද්ද රුපියල් 24යි රනිල් වික්‍රමසිංහ මොනවද හුත්තිගේ පුතෝ උඹ මේ කරන්නේ. රටම විකුනන් කාපන්,0.8193
වේසි  Dumidu @USER  · 20 Aug 2019 වේයාගේ ගැණැහු සතාගේ නම? ..... t.co/hFbKU3O6Nw,වේසි දුමිදු · 20 ඖග් 2019 වේයාගේ ගැණැහු සතාගේ නම? ..... t.co/hFbKU3O6Nw,0.8193
@USER අනිවාර්යයෙන් දඩුවම් ලැබෙන්නම ඕන සක්කිලි මුන් .තමන්ටත් සහොදරියො ඉන්නවා කියලා මතක නැද්ද,අනිවාර්යයෙන් දඩුවම් ලැබෙන්නම ඕන සක්කිලි මුන් .තමන්ටත් සහොදරියො ඉන්නවා කියලා මතක නැද්ද,0.819
@USER  @USER    ඔපරේසොන් කොරපිය අමාරුවෙන් උස්සන් ඉන්නෙ නැතිව ඔය ගල,ඔපරේසොන් කොරපිය අමාරුවෙන් උස්සන් ඉන්නෙ නැතිව ඔය ගල,0.8188
@USER ⁣බයිපෝටි කිරල් කකුල් දෙකක් ඇත..කතුරැ මුරැංගා නොහොත් අදින්නාදාානා කරල් දෙකක් සෙ අත් දෙකක් ඇත..වියලුන ඇට්ටි දෙකක් සෙ ඇස් දෙකක් ඇත..කටුගස්තොට බිංගෙ සෙ කටක් ඇත..සන්ලයිට් කා පොල්තෙල් බොන ඉන්දියන් හමුදා කාරයෙකුගෙ සෙ තඩි ඔලුවක් ඇත..මොලෙ ඇත්තෙ පැලපි සෙ හැගෙ.,⁣බයිපෝටි කිරල් කකුල් දෙකක් ඇත..කතුරැ මුරැංගා නොහොත් අදින්නාදාානා කරල් දෙකක් සෙ අත් දෙකක් ඇත..වියලුන ඇට්ටි දෙකක් සෙ ඇස් දෙකක් ඇත..කටුගස්තොට බිංගෙ සෙ කටක් ඇත..සන්ලයිට් කා පොල්තෙල් බොන ඉන්දියන් හමුදා කාරයෙකුගෙ සෙ තඩි ඔලුවක් ඇත..මොලෙ ඇත්තෙ පැලපි සෙ හැගෙ.,0.8188
යකෝ මේ යන විදිහට අපිටත් කොරෝන හැදිල හොද වෙලා ඉන්නවද දන්නෙ නෑ,යකෝ මේ යන විදිහට අපිටත් කොරෝන හැදිල හොද වෙලා ඉන්නවද දන්නෙ නෑ,0.8188
මේ වගේ පාහර බල්ලො එක්කයි අපිට රට හදන්න වෙන්නේ.  අවජාතක දතෝ ! තෝ ජාතක උනේ් කැණහිලෙකුට කියලයි අපිට කියන්න තියෙන්නේ... URL,මේ වගේ පාහර බල්ලො එක්කයි අපිට රට හදන්න වෙන්නේ. අවජාතක දතෝ ! තෝ ජාතක උනේ් කැණහිලෙකුට කියලයි අපිට කියන්න තියෙන්නේ... උර්ල්,0.8188
@USER @USER  කොරියන් පිස්සියක් ඔලුවට හුජ්ජ කොලාද?,කොරියන් පිස්සියක් ඔලුවට හුජ්ජ කොලාද?,0.8188
මෙවගෙ එවුන්න්ව පනුවො ගහල මරෙන්න ඔන සක්කිලි හැත්ත .... URL,මෙවගෙ එවුන්න්ව පනුවො ගහල මරෙන්න ඔන සක්කිලි හැත්ත .... උර්ල්,0.8188
කෙල්ල හෙන පාන් බට්ටෙක් පාන් පෙන්නන බෑ  #TheDaddyDiariesSL #පැණිවළලු,කෙල්ල හෙන පාන් බට්ටෙක් පාන් පෙන්නන බෑ ථෙදද්ද්ය්දිඅරිඑෂ්ල #පැණිවළලු,0.8188
"පපඩම්logic වලට අනුව තමුන්ගේ අම්මා , නංගී , ගෑණි නොවන වෙනකෙනෙකුගේ අම්මා , නංගී, අක්කලා බිව්වට කමක් නෑ  #බොන්නඑපාSL #පපඩම්logic URL This Tweet is unavailable.","පපඩම්logic වලට අනුව තමුන්ගේ අම්මා , නංගී , ගෑණි නොවන වෙනකෙනෙකුගේ අම්මා , නංගී, අක්කලා බිව්වට කමක් නෑ #බොන්නඑපාSL #පපඩම්logic උර්ල් This Tweet ඉස unavailable.",0.8188
පොන්නය Vikalpa උඹ කවුද කියල මේ VEDIO එකෙන් පේනව..තොට හෙනම ගහපිය..අපේ හමුදා වීරයො සැමදා අමරණීයයි.. Vikalpa @USER  · 18 May 2016 Remembering Mulliwaikkal #May18 #MulliwaikkalBeach @USER #srilanka#endofthewar,පොන්නය විකල්ප උඹ කවුද කියල මේ වෙදිඕ එකෙන් පේනව..තොට හෙනම ගහපිය..අපේ හමුදා වීරයො සැමදා අමරණීයයි.. විකල්ප · 18 May 2016 රෙමෙම්බෙරින්ග් මුල්ලිවෛක්කාල් #May18 මුල්ලිවෛක්කල්බෙඅච් ස්රිලන්කෙන්දොෆ්තෙවර්,0.8188
@USER උබේ ගල මට දියං බොර ගහලා පුරුරවලා තප්පේ බැද ගන්න.,උබේ ගල මට දියං බොර ගහලා පුරුරවලා තප්පේ බැද ගන්න.,0.8188
"මොහොතක් සිතන්න...  -78, 88-89, අමු අමුවෙ මිනීමැරුවෙ කවුද?  රටේ සම්පත් ඔක්කොම කුණු කොල්ලෙට පිට රටට වික්කෙ කවුද ? අවුරුදු ගානක් යුද්ධය වවාගෙන කමින් රටේ ආරක්ෂාව අස්ථාවර කර කාලකණ්ණි විදිහට දේශපාලන වාසි ගත්තේ කවුද... URL","මොහොතක් සිතන්න... -78, 88-89, අමු අමුවෙ මිනීමැරුවෙ කවුද? රටේ සම්පත් ඔක්කොම කුණු කොල්ලෙට පිට රටට වික්කෙ කවුද ? අවුරුදු ගානක් යුද්ධය වවාගෙන කමින් රටේ ආරක්ෂාව අස්ථාවර කර කාලකණ්ණි විදිහට දේශපාලන වාසි ගත්තේ කවුද... උර්ල්",0.8188
"මන්නම්ෆට්ටම අමාරු කාලෙක ඉන්නෙ කොටින්ම කිව්වොත්මාස 4ක සල්ලි නැතුව විලො පට්ටන් ගහගෙන හිටියෙ ,ගිය සදුදා විසිදාහක් හම්බුනා ,මෙ සදුදා වෙනකොට ෆුල් නස්තාර්  එහෙමයි කියලා මැරිලයෑ ,ආතල් එකෙ ඉන්නෙ. ඔනෙවට වඩා හිතන්න හොද නෑ  අන්න එක තමයි මයෙ මොටිවෙසන් එක  NADUN @USER  · 14 Oct 2021 ජීවිතේ අමාරු කාලවල් ඔයාල ගෙවාගන්නෙ කෝමද ??  වැඩිහිටි උපදෙස් අවශ්‍යයි...","මන්නම්ෆට්ටම අමාරු කාලෙක ඉන්නෙ කොටින්ම කිව්වොත්මාස 4ක සල්ලි නැතුව විලො පට්ටන් ගහගෙන හිටියෙ ,ගිය සදුදා විසිදාහක් හම්බුනා ,මෙ සදුදා වෙනකොට ෆුල් නස්තාර් එහෙමයි කියලා මැරිලයෑ ,ආතල් එකෙ ඉන්නෙ. ඔනෙවට වඩා හිතන්න හොද නෑ අන්න එක තමයි මයෙ මොටිවෙසන් එක නදුන් · 14 ඔච්ට් 2021 ජීවිතේ අමාරු කාලවල් ඔයාල ගෙවාගන්නෙ කෝමද ?? වැඩිහිටි උපදෙස් අවශ්‍යයි...",0.8187
@USER  @USER    පර සක්කිලි හම්බයො මට කිව්වත් එකයි සිංහලයන්ටම කිව්වත් එකයි..තොපි හිතාන ඉන්නෙ එහෙමයි..වල්ල හමගහාපු අල්ලගෙ තම්බි..මගෙ සිහිනය අල්ලාගෙ වඳ විම...ආවා නිතියෙ වටිනාකම කියලා දෙන්න..තොපට වැදගත් ඇති අපට වැඩක්නැහැ..තොපෙ අල්ලා තමයි දැනට ඉන්න පකයා.,පර සක්කිලි හම්බයො මට කිව්වත් එකයි සිංහලයන්ටම කිව්වත් එකයි..තොපි හිතාන ඉන්නෙ එහෙමයි..වල්ල හමගහාපු අල්ලගෙ තම්බි..මගෙ සිහිනය අල්ලාගෙ වඳ විම...ආවා නිතියෙ වටිනාකම කියලා දෙන්න..තොපට වැදගත් ඇති අපට වැඩක්නැහැ..තොපෙ අල්ලා තමයි දැනට ඉන්න පකයා.,0.8184
පස්ස ලොකු උනාට වැඩක් නෑන ඊට වඩා බඩ ලොකුයි නම් හුම්ම්ඕක තේරෙන්නැති කෙල්ලෝ අන්ෆ්‍රෙන්ඩ් වෙන්න,පස්ස ලොකු උනාට වැඩක් නෑන ඊට වඩා බඩ ලොකුයි නම් හුම්ම්ඕක තේරෙන්නැති කෙල්ලෝ අන්ෆ්‍රෙන්ඩ් වෙන්න,0.8184
යකෝ හුන්නස්ගිරි හීතලයි නුවරෙලිය වගෙ  ගල් වෙනවා,යකෝ හුන්නස්ගිරි හීතලයි නුවරෙලිය වගෙ ගල් වෙනවා,0.8184
"කොහේ හරි ඉන්න වාමනයෙක් ඇවිත් අවෘදු පනහක් හැටක් පරණ ෆොටෝ එකක් SM දානව,  ෆොටෝ එකේ ඉන්නෙ වැරහැලි ඇදගත්තු, මන්දපෝෂණය නිසා බඩ පිම්බිලා තියෙන හද්ද පිටිසර ගමක ලමයි රංචුවක් උන්ගෙ අම්ම හරි ආච්චි හරි එක්ක විරවගෙන ඉන්න දර්ශනයක්,","කොහේ හරි ඉන්න වාමනයෙක් ඇවිත් අවෘදු පනහක් හැටක් පරණ ෆොටෝ එකක් සම් දානව, ෆොටෝ එකේ ඉන්නෙ වැරහැලි ඇදගත්තු, මන්දපෝෂණය නිසා බඩ පිම්බිලා තියෙන හද්ද පිටිසර ගමක ලමයි රංචුවක් උන්ගෙ අම්ම හරි ආච්චි හරි එක්ක විරවගෙන ඉන්න දර්ශනයක්,",0.8184
වික්ටර් රත්නායකට වශියක් කවලා නම්ම ගත්ත ගෑණි ගැන වික්ටර් රත්නායකගේ පුතා හෙලිකරයි.. Like us  Page # Agalawatta Api... URL,වික්ටර් රත්නායකට වශියක් කවලා නම්ම ගත්ත ගෑණි ගැන වික්ටර් රත්නායකගේ පුතා හෙලිකරයි.. Like උස Page # අගලවට්ට අපි උර්ල්,0.8184
අනුන්ගෙ දේවල් හොරා කෑවාම බල්ලො කපුටො වෙලා ඉපදෙනවා කියලා අපිට පොඩි කාලේ කියල දීලා තියෙන්නෙ. මුන්ට එහෙම වැඩිහිටියො ඉන්න නැතුව ඇති. ගානකට ආවොත් අම්ම අප්පත් විකුනන තුප්පහි යක්කු. උන්ට හුරේ දාන උනුත් ඊට දෙවනි නෑ... #lka #දෙකයිපනහෙපාටපාටයක්කු #PandoraPapers #PandoraPapersLKA,අනුන්ගෙ දේවල් හොරා කෑවාම බල්ලො කපුටො වෙලා ඉපදෙනවා කියලා අපිට පොඩි කාලේ කියල දීලා තියෙන්නෙ. මුන්ට එහෙම වැඩිහිටියො ඉන්න නැතුව ඇති. ගානකට ආවොත් අම්ම අප්පත් විකුනන තුප්පහි යක්කු. උන්ට හුරේ දාන උනුත් ඊට දෙවනි නෑ... ලක #දෙකයිපනහෙපාටපාටයක්කු පන්දොරපපෙර්ස් පන්දොරපපෙර්ස්ල්ක,0.8184
@USER  @USER  23 others අම්මගෙ රෙද්ද මුගේ කටට රෙන්න ඕන බර බර ගාලා පැඩ පැඩ,23 ඔතෙර්ස් අම්මගෙ රෙද්ද මුගේ කටට රෙන්න ඕන බර බර ගාලා පැඩ පැඩ,0.8184
කොළඹටත් හෙන හුලං එක්ක වැස්ස ආයෙත් #Rain #FloodSL,කොළඹටත් හෙන හුලං එක්ක වැස්ස ආයෙත් #Rain ෆ්ලූඩ්ස්ල්,0.8184
@USER ඔවු අර කඩුගන්නවේ පෙනවනේ සුද්ද විදපු ගල වටේට ගල් අල්ලන්ට  ගිය ගානත්,ඔවු අර කඩුගන්නවේ පෙනවනේ සුද්ද විදපු ගල වටේට ගල් අල්ලන්ට ගිය ගානත්,0.8184
@USER  ඉල්ලන් පුකේ ටිංකිරි ගාගන්නවා කියන්නේ මේකට   අනිත් උන්ට පුක දෙන්න යන්නේ... ගහපන්කො උඹ 100..ක් ගහපන්කො  ඉනිම් 53 ගහලා උඹට තවම බැරිවුණා 100 ගහන්න ESPNcricinfo @USER  · 3 Feb 2019 Be careful what you wish for    URL #AUSvSL,ඉල්ලන් පුකේ ටිංකිරි ගාගන්නවා කියන්නේ මේකට අනිත් උන්ට පුක දෙන්න යන්නේ... ගහපන්කො උඹ 100..ක් ගහපන්කො ඉනිම් 53 ගහලා උඹට තවම බැරිවුණා 100 ගහන්න එස්පංච්රිචින්ෆෝ · 3 ෆෙබ් 2019 බේ careful what you wish for උර්ල් ඖස්ව්ස්ල්,0.8179
@USER ගෑනියේ ඕ මස් ගොඩවලට වඩා කොල්ලෝ ආස කටු වලට.. උඹ නිකමට පොල් එකක් දාල බලහන් කටු වලටද මස් වලට කොල්ලෝ ආස කියලා.. ඕවා බීලා තොපි කරයි එක්සයිස් මේන්න කියල.. බීල කදයි බඩයි ලොකු වෙලා බස් එකට නැග්ගම තොපිට පෙග්නන්ට් කියල කොල්ලෝ නැගිටලා සිට් දෙන්නේ නැගිටල..,ගෑනියේ ඕ මස් ගොඩවලට වඩා කොල්ලෝ ආස කටු වලට.. උඹ නිකමට පොල් එකක් දාල බලහන් කටු වලටද මස් වලට කොල්ලෝ ආස කියලා.. ඕවා බීලා තොපි කරයි එක්සයිස් මේන්න කියල.. බීල කදයි බඩයි ලොකු වෙලා බස් එකට නැග්ගම තොපිට පෙග්නන්ට් කියල කොල්ලෝ නැගිටලා සිට් දෙන්නේ නැගිටල..,0.8179
සුකුරුත්තම් මොත්තේ නතින් පිස්සු පීකුදූ.. අද සෙට් වෙන අපෙ සෙට් එකේ බොක්ක පිරිසිදු.. එල කොර ෆන් මරිසි ටයර් කට්ට කා හඩු.. දැන ඇඩ්මිට්වී බලපන් පට්ට සැප සුදූ..  #Sajje,සුකුරුත්තම් මොත්තේ නතින් පිස්සු පීකුදූ.. අද සෙට් වෙන අපෙ සෙට් එකේ බොක්ක පිරිසිදු.. එල කොර ෆන් මරිසි ටයර් කට්ට කා හඩු.. දැන ඇඩ්මිට්වී බලපන් පට්ට සැප සුදූ.. සාජ්ජේ,0.8179
කැම්පස් ගියපු සක්කිලි බල්ලන්ට ජාතක වෙච්ච කාලකන්නි දැකල නැත්නම් බලන්න. URL,කැම්පස් ගියපු සක්කිලි බල්ලන්ට ජාතක වෙච්ච කාලකන්නි දැකල නැත්නම් බලන්න. උර්ල්,0.8179
@USER ඔන්න ඔය පාර තමයි හැදුවේ නන්දසේන ගමට දුක කියන්න යන්න කලින්. JVP කියලා දාගෙන පොහොට්ටුවේකන  තෝ. ඔයිට හොඳයි ලේන්සුවක් එලාගෙන පාරේ හිඟා කාපන්.,ඔන්න ඔය පාර තමයි හැදුවේ නන්දසේන ගමට දුක කියන්න යන්න කලින්. ජ්ව්ප් කියලා දාගෙන පොහොට්ටුවේකන තෝ. ඔයිට හොඳයි ලේන්සුවක් එලාගෙන පාරේ හිඟා කාපන්.,0.8179
@USER ටෙක් එකෙ ලමයෙකුත් ඉන්නව ඌරුබොක්කගේ කියන වාසගම හැමදාම ඌරු කෑල්ල ඈත් කරල,ටෙක් එකෙ ලමයෙකුත් ඉන්නව ඌරුබොක්කගේ කියන වාසගම හැමදාම ඌරු කෑල්ල ඈත් කරල,0.8179
අම්ම තාත්තගෙ අවුරුද්දෙ දානෙ දෙන්නෙ නැති ලමයි Halloween සමරවනවා අපේ හාමුදුරුවනේ..,අම්ම තාත්තගෙ අවුරුද්දෙ දානෙ දෙන්නෙ නැති ලමයි හල්ලොවීන් සමරවනවා අපේ හාමුදුරුවනේ..,0.8179
නායකත්ව පුහුනුවක සොදුරු මතකයක්  ටීම් එකට ටෙන්ට් එක ඉක්මනට ගහලා ඉවර කරන්න ඔනී අනිත් ටීම් වල අය ඇන ගහන්න මිටියක් හොයනවා දුව දුව අපේ ටීම් එකේ කෙල්ලෙක් දුවල ගිහින් ගලක් ගෙනාව එකෙන් ඇණ ටිකට තලාගත්තා අපි දින්නා.   දින්නට පස්සේ ගල ගෙනාපු කෙල්ල -කෝමද මගේ ගල  කට්ටිය නිහඩ විය,නායකත්ව පුහුනුවක සොදුරු මතකයක් ටීම් එකට ටෙන්ට් එක ඉක්මනට ගහලා ඉවර කරන්න ඔනී අනිත් ටීම් වල අය ඇන ගහන්න මිටියක් හොයනවා දුව දුව අපේ ටීම් එකේ කෙල්ලෙක් දුවල ගිහින් ගලක් ගෙනාව එකෙන් ඇණ ටිකට තලාගත්තා අපි දින්නා. දින්නට පස්සේ ගල ගෙනාපු කෙල්ල -කෝමද මගේ ගල කට්ටිය නිහඩ විය,0.8179
"@USER ,  @USER  @USER මගේ අම්මා ඔය වගේ හැසිරෙන්න ලමයි හදල නැ..ඒ නිසා ඔයාගෙ අම්මට වඩා ගොඩාක් හොදයි....අනික මට සැකයි ඔයාගෙ අම්ම කරපුව නිසා තියන පීඩනය මෙතන පිට කරනවද  කියලත් ඔයා..නැත්නම් හරි අම්මෙක් ඉන්න කෙනෙක් කවදාවත් තවත් ගෑනු කෙනෙක්ට අපහස කරන් නෑ..",", මගේ අම්මා ඔය වගේ හැසිරෙන්න ලමයි හදල නැ..ඒ නිසා ඔයාගෙ අම්මට වඩා ගොඩාක් හොදයි....අනික මට සැකයි ඔයාගෙ අම්ම කරපුව නිසා තියන පීඩනය මෙතන පිට කරනවද කියලත් ඔයා..නැත්නම් හරි අම්මෙක් ඉන්න කෙනෙක් කවදාවත් තවත් ගෑනු කෙනෙක්ට අපහස කරන් නෑ..",0.8179
@USER ඒක ද්න්නෙ උගෙ පුක තමයි...,ඒක ද්න්නෙ උගෙ පුක තමයි...,0.8179
OL fail කියලා දිවි නහගන්න උනුත් ඉන්නවද බන් O.o යකෝ AL කරලම මැරියන් >.<,ඔල fail කියලා දිවි නහගන්න උනුත් ඉන්නවද බන් ඌ යකෝ අල කරලම මැරියන් >.<,0.8179
යකෝ කැම්පස් ගියේ නෑ කියල කොන්ඩම් නොදැකපු ගොං බිජ්ජො කොන්ඩම් එකක් අල්ලන් හැමිනෙන්න හදනව..  අර කොසු මිටේ දාල කොරපු පරම්පරාවෙ ජොලියට ගහල කරුමෙට හැදුන එවුන් තමයි ඔය කොන්ඩම් අල්ලන් මැරෙන්න හදන්නෙ රෙද්ද..,යකෝ කැම්පස් ගියේ නෑ කියල කොන්ඩම් නොදැකපු ගොං බිජ්ජො කොන්ඩම් එකක් අල්ලන් හැමිනෙන්න හදනව.. අර කොසු මිටේ දාල කොරපු පරම්පරාවෙ ජොලියට ගහල කරුමෙට හැදුන එවුන් තමයි ඔය කොන්ඩම් අල්ලන් මැරෙන්න හදන්නෙ රෙද්ද..,0.8179
@USER මූට නඩු දාන්නම ඕන. ඔච්චර වැරදි කරන උන්ව දැනගෙනත් මෙච්චර කල් එව්වා හංගගෙන හිටියට.යකෝ හඬ පටි අහුවෙනකම් ඉන්න උනානේ එයා හොරු අල්ලන හැටි බලන්න.දැන්වත් සාක්ශි එක්ක ඔය වැරදි කාරයෝ හෙලිකරයිද බලමුකෝ බබා ..,මූට නඩු දාන්නම ඕන. ඔච්චර වැරදි කරන උන්ව දැනගෙනත් මෙච්චර කල් එව්වා හංගගෙන හිටියට.යකෝ හඬ පටි අහුවෙනකම් ඉන්න උනානේ එයා හොරු අල්ලන හැටි බලන්න.දැන්වත් සාක්ශි එක්ක ඔය වැරදි කාරයෝ හෙලිකරයිද බලමුකෝ බබා ..,0.8179
@USER කතාකරද්දි පිටවෙන කෙල වෙන කෙනෙක්ගෙ කටට ගියොත් කොරෝනා හැදෙන නිසා,කතාකරද්දි පිටවෙන කෙල වෙන කෙනෙක්ගෙ කටට ගියොත් කොරෝනා හැදෙන නිසා,0.8179
"@USER ,  @USER  @USER කිහිල්ල කට් වෙලා තියෙන කැත බලකෝ අර වට්ටක්කා ගෙඩියේ දාර වගේ",", කිහිල්ල කට් වෙලා තියෙන කැත බලකෝ අර වට්ටක්කා ගෙඩියේ දාර වගේ",0.8179
"@USER එහෙමත් නෑ රුවනි.. අර පියුමි හන්සමාලි කියල ඉන්නෙ.. ඒකි කියවන ඒව ඇහුවට එහෙම තරහක් හිතෙන්නෙ නෑ.. මොකද ඒක ඒ ගෑනිගෙ රස්සාවනෙ.. හැබැයි මේකි අපේ රට ගැන, අපේ ජීවිත වලට බලපාන කරුනුගැන තීරන ගන්න තැනක ඉදගෙනයි මේ වගේ පහත් විදියට හැසිරෙන්නෙ.. මුන් වගේ උන්ට චන්දෙ දුන්න එව්න්ටනම්..........","එහෙමත් නෑ රුවනි.. අර පියුමි හන්සමාලි කියල ඉන්නෙ.. ඒකි කියවන ඒව ඇහුවට එහෙම තරහක් හිතෙන්නෙ නෑ.. මොකද ඒක ඒ ගෑනිගෙ රස්සාවනෙ.. හැබැයි මේකි අපේ රට ගැන, අපේ ජීවිත වලට බලපාන කරුනුගැන තීරන ගන්න තැනක ඉදගෙනයි මේ වගේ පහත් විදියට හැසිරෙන්නෙ.. මුන් වගේ උන්ට චන්දෙ දුන්න එව්න්ටනම්..........",0.8176
@USER @USER  පුකට පුක නොකියා පඩේට පඩේ නොකියා පුකට පඩේ කියන්නද බොල,පුකට පුක නොකියා පඩේට පඩේ නොකියා පුකට පඩේ කියන්නද බොල,0.8174
එක තම්බියෙක් විල්පත්තුව කනවා. අනිත් තම්බි රට කනවා නොදකින් #Srilanka,එක තම්බියෙක් විල්පත්තුව කනවා. අනිත් තම්බි රට කනවා නොදකින් ශ්‍රීලංකා,0.8174
"@USER ,  @USER  @USER මහ මෝඩ ලමයි අනේ එයාලට වෙන වැඩ නැද්ද මේ අවුරැද්දටම එයාලට rest කරන්න තියෙන්නෙ දවස් තුනයි full time මෙයාල හිතාගෙන ඉන්නෙ මොනවද මංදා.",", මහ මෝඩ ලමයි අනේ එයාලට වෙන වැඩ නැද්ද මේ අවුරැද්දටම එයාලට rest කරන්න තියෙන්නෙ දවස් තුනයි full time මෙයාල හිතාගෙන ඉන්නෙ මොනවද මංදා.",0.8174
"@USER ,  @USER  @USER එයා තමා ඇවිල්ලා ලොකුවට පුක දුන්නේ  රාමුවක් ගැන දැන් එයි කිඹි සිබාලා රෙදි උස්සන්",", එයා තමා ඇවිල්ලා ලොකුවට පුක දුන්නේ රාමුවක් ගැන දැන් එයි කිඹි සිබාලා රෙදි උස්සන්",0.8174
@USER  @USER මමනං ඉන්නෙ ඒකි බැදලා අතින් කටින් එල්ලන් එනකන් කියන්න මංනම් දැන් බෝම නිදහසෙ තනියම ඉන්නවා කියන්න.. පපුව දනිස්සට පාත්වෙයි එදට ඒකිගෙ,මමනං ඉන්නෙ ඒකි බැදලා අතින් කටින් එල්ලන් එනකන් කියන්න මංනම් දැන් බෝම නිදහසෙ තනියම ඉන්නවා කියන්න.. පපුව දනිස්සට පාත්වෙයි එදට ඒකිගෙ,0.8174
ආදරණීය මල්සරා  ඊතලෙ කෙලින් හිටවලා උඹ            ඒක උඩ ඉඳගනින්  #ලබ්බ #Copied #lka,ආදරණීය මල්සරා ඊතලෙ කෙලින් හිටවලා උඹ ඒක උඩ ඉඳගනින් #ලබ්බ #Copied ලක,0.8174
"""බොන්න බෑ උඹ  ආදරණීය කොකාකෝලා,  තී හරි විසයි!""  උදෙන්ම කසිප්පු බොන උඹ  වෙලාවකට හරිම රොමෑන්තික බේබද්දෙක් බං!","""බොන්න බෑ උඹ ආදරණීය කොකාකෝලා, තී හරි විසයි!"" උදෙන්ම කසිප්පු බොන උඹ වෙලාවකට හරිම රොමෑන්තික බේබද්දෙක් බං!",0.8174
@USER  @USER තෝ කියන්නෙ මගෙ පයිය මෙන්නෙ මෙච්චරයි කිය කිය හතර වටේ යන්ඩද.,තෝ කියන්නෙ මගෙ පයිය මෙන්නෙ මෙච්චරයි කිය කිය හතර වටේ යන්ඩද.,0.8174
@USER කවුද බන් මේ මාධ්‍යවේදියා..තව හිටියොත් රෙන්නේ පුකෙන්දත් අහයි,කවුද බන් මේ මාධ්‍යවේදියා..තව හිටියොත් රෙන්නේ පුකෙන්දත් අහයි,0.8174
@USER තො වගෙ අවජාතක බල්ලෙක් කාලකණ්ණියා,තො වගෙ අවජාතක බල්ලෙක් කාලකණ්ණියා,0.8174
@USER පයිය කෙලින් වෙනවද පකයගෙ අරින්ඩ.,පයිය කෙලින් වෙනවද පකයගෙ අරින්ඩ.,0.8174
ශ්‍රී ලංකා තව්හීද් ජමාත් හි හරක් රැළ වෙත කාරුණිකව ලියමි;  හුකහං! (පොඩි උන්ට නෙමෙයි)  බෑම වගේ නම් පාරවල් ගාණේ පුක... URL,ශ්‍රී ලංකා තව්හීද් ජමාත් හි හරක් රැළ වෙත කාරුණිකව ලියමි; හුකහං! (පොඩි උන්ට නෙමෙයි) බෑම වගේ නම් පාරවල් ගාණේ පුක... උර්ල්,0.8174
සුංගාරිගෙ ඇඟේ තියන තරං වංගු දහඅට වංගුවෙත් නෑ යකෝ ශෘංගාරී @USER  · 4 Nov 2019 ඇසට හුරැකරමු හදවතින්ම පොහොට්ටුවට කතිරය ගසන්න,සුංගාරිගෙ ඇඟේ තියන තරං වංගු දහඅට වංගුවෙත් නෑ යකෝ ශෘංගාරී · 4 නොව 2019 ඇසට හුරැකරමු හදවතින්ම පොහොට්ටුවට කතිරය ගසන්න,0.8174
@USER ඒව පත සයිස් බං. පුක ලොකූයි ඒකිගෙ,ඒව පත සයිස් බං. පුක ලොකූයි ඒකිගෙ,0.8174
දිල්ලි ෆෑන්ස්  ලා  AB  ට  පුක   #SLvSA #SL,දිල්ලි ෆෑන්ස් ලා අබ ට පුක ස්ල්ව්ස සල්,0.8174
Phone එකේ game ගහන්න නොදි අම්ම phone එක ගත්ත කියල 10 වසරෙ ලමයෙක් සිය දිවි හානි කරගෙන. මං හිතන්නෙ අපි මේ මේ වගෙ දේවල් අහන්න ගත්ත විතරයි තව..,Phone එකේ game ගහන්න නොදි අම්ම phone එක ගත්ත කියල 10 වසරෙ ලමයෙක් සිය දිවි හානි කරගෙන. මං හිතන්නෙ අපි මේ මේ වගෙ දේවල් අහන්න ගත්ත විතරයි තව..,0.8174
ලබ්බට තියපු අත පුහුලටත් නොතිබ්බොත් හිටං හුටං සිරිසේන රනිල් නොවේ.  කරත්තෙ අදිනකන් ගොනා හොදයි බැරිනම් මස් කඩේට,ලබ්බට තියපු අත පුහුලටත් නොතිබ්බොත් හිටං හුටං සිරිසේන රනිල් නොවේ. කරත්තෙ අදිනකන් ගොනා හොදයි බැරිනම් මස් කඩේට,0.8174
@USER රැල්ලට පුක දෙන්න ගිහින් Degree ගහන්න යන එවුන්ට කිව්වේ බං..උඹලා වගේ වැඩ්ඩොන්ට නෙමෙයි...පේන්න සමර එවුන් Degree කරනවා ලංකාවේ ලංකාවේ සමහරක් ගැන දන්නවා නේ ඉතින්.,රැල්ලට පුක දෙන්න ගිහින් Degree ගහන්න යන එවුන්ට කිව්වේ බං..උඹලා වගේ වැඩ්ඩොන්ට නෙමෙයි...පේන්න සමර එවුන් Degree කරනවා ලංකාවේ ලංකාවේ සමහරක් ගැන දන්නවා නේ ඉතින්.,0.8174
රණවිරැ ගායට බෙහෙත් දෙනවා කියන එකා මහාචාරි ද ආචාරි ද වනචාරී ද  මේ වගේ ගොන් කථා කියලා රටේ මිනිස්සූ කුලප්පු කරන තරමට මුන් වගේ එවුන්ට පිටරට වල පුරවැසිභාවය ලබාගන්න හරිම ලේසියි උන් ගහන තුරැම්පුවක් තමා උන්ට මරණ තර්ජන කියලා  මරණ තර්ජන නෑවිත් තියේවි යෑ මේ කියන සහගහන ගොන් කථා වලට..මීහරක්,රණවිරැ ගායට බෙහෙත් දෙනවා කියන එකා මහාචාරි ද ආචාරි ද වනචාරී ද මේ වගේ ගොන් කථා කියලා රටේ මිනිස්සූ කුලප්පු කරන තරමට මුන් වගේ එවුන්ට පිටරට වල පුරවැසිභාවය ලබාගන්න හරිම ලේසියි උන් ගහන තුරැම්පුවක් තමා උන්ට මරණ තර්ජන කියලා මරණ තර්ජන නෑවිත් තියේවි යෑ මේ කියන සහගහන ගොන් කථා වලට..මීහරක්,0.8173
@USER සක්කිලි හැත්ත මල්ලි වෙඩි තියලා දාන්න ඔන..රටටම සාපයක් ඔකුන්..කන්න ⁣දෙන්න හොද නැ බඩගින්නේ තියන්න ඔන..මං ජනාධිපති වුනා නං කලින්ම ඔකුන්ට වැඩෙි දිලා,සක්කිලි හැත්ත මල්ලි වෙඩි තියලා දාන්න ඔන..රටටම සාපයක් ඔකුන්..කන්න ⁣දෙන්න හොද නැ බඩගින්නේ තියන්න ඔන..මං ජනාධිපති වුනා නං කලින්ම ඔකුන්ට වැඩෙි දිලා,0.8173
"කඩේට ගිහින් මුදලාලිගෙන් පොල්තෙල් තියෙනවද අහුවාම, ළඟ හිටිය #කඩේ_යන_ඩයල් එකක් මට බැනගෙන බැනගෙන ගියා "" කැම්රි හුම්කන්නා තෝ අපෙ ආණ්ඩුවට මඩ ගහන සක්කිලි බල්ලා, පාඨලි⁣ගේ වහල්ලු කිය කිය පාර පුරා ගියා ""   මුදලාලිටයි මටයි තවම හිතාගන්න බැ මොකද වුනේ කියලා   #වහල්සුජිත්","කඩේට ගිහින් මුදලාලිගෙන් පොල්තෙල් තියෙනවද අහුවාම, ළඟ හිටිය #කඩේ_යන_ඩයල් එකක් මට බැනගෙන බැනගෙන ගියා "" කැම්රි හුම්කන්නා තෝ අපෙ ආණ්ඩුවට මඩ ගහන සක්කිලි බල්ලා, පාඨලි⁣ගේ වහල්ලු කිය කිය පාර පුරා ගියා "" මුදලාලිටයි මටයි තවම හිතාගන්න බැ මොකද වුනේ කියලා #වහල්සුජිත්",0.8169
"@USER  @USER    ගොං වාචලයෝ, හමුදා පාලනයක් ඕනෙ නං කට වහං ඉඳපං. දැන්ම වාචාලයා වගේ දොඩවලා කෙලවාගන්නැතුව. මහින්සද මහත්තයාගෙ නම වටේ හිටපු එවුන් කැවා. සර්ගෙ නම කන්නෙ  තෝ. ඉස්කෝලෙ කාලෙ ඉඳපු ගොනාමයි. සල්ලි තිබ්බට. පොඩ්ඩක් ඉවසලා ඉඳපං හරකෝ. ඕලෙවලුත් කොපි කරපු බූරැවනෙ තෝ...","ගොං වාචලයෝ, හමුදා පාලනයක් ඕනෙ නං කට වහං ඉඳපං. දැන්ම වාචාලයා වගේ දොඩවලා කෙලවාගන්නැතුව. මහින්සද මහත්තයාගෙ නම වටේ හිටපු එවුන් කැවා. සර්ගෙ නම කන්නෙ තෝ. ඉස්කෝලෙ කාලෙ ඉඳපු ගොනාමයි. සල්ලි තිබ්බට. පොඩ්ඩක් ඉවසලා ඉඳපං හරකෝ. ඕලෙවලුත් කොපි කරපු බූරැවනෙ තෝ...",0.8169
"අන්න එ්කනේ foreign අක්කේ මන් කිව්වෙ  අපේ රටේ මිනිස්සු හරී වෙනස්  දැන් මේ අක්කි ""මොකද්ද කිව්වෙ තෝ"" කීල මෙන්න මේ අාකාරයට මට ගුටි දෙන්න එයි GIF","අන්න එ්කනේ foreign අක්කේ මන් කිව්වෙ අපේ රටේ මිනිස්සු හරී වෙනස් දැන් මේ අක්කි ""මොකද්ද කිව්වෙ තෝ"" කීල මෙන්න මේ අාකාරයට මට ගුටි දෙන්න එයි GIF",0.8169
@USER  @USER මේකේ කොටන්න එන්න ඉස්සර උඹ උඹේ Home work කරලා වරෙන්...අනුන්ගෙන් පච වෙන්න...එන්න ඉස්සර !,මේකේ කොටන්න එන්න ඉස්සර උඹ උඹේ Home work කරලා වරෙන්...අනුන්ගෙන් පච වෙන්න...එන්න ඉස්සර !,0.8169
@USER  @USER මම හැමදාම කියනවා මේ හැසිරීම අනුමත කරන්න බෑ. හැබැයි මේකේ ඉන්න එකාලා පුක කැඩිච්ච කඩි වගේ ෆයර් වෙන්නේ මේවට. හාමුදුරුවන්ට ගහන්න ආපුවට අරවට මේවාට මීක් නෑ.,මම හැමදාම කියනවා මේ හැසිරීම අනුමත කරන්න බෑ. හැබැයි මේකේ ඉන්න එකාලා පුක කැඩිච්ච කඩි වගේ ෆයර් වෙන්නේ මේවට. හාමුදුරුවන්ට ගහන්න ආපුවට අරවට මේවාට මීක් නෑ.,0.8169
"ගාමිණි නාකි වේසිඟේ පුතෝ, ඉක්මනට කරන්ට් එක එවපන්!  Phone එකේ Bettery 25% යි තියෙන්නේ.  #PowerCutLK","ගාමිණි නාකි වේසිඟේ පුතෝ, ඉක්මනට කරන්ට් එක එවපන්! Phone එකේ බෙට්ටේර්ය් 25% යි තියෙන්නේ. පොවෙර්චුට්ල්ක්",0.8169
"සිරිපාල පදමට සප්පායම් වී එන අතරතුර පොලීසියට මාට්ටු වේ. ජීප් එකට දමාගන්නා පොලිසියෙන්,  උඹ කොහෙන්ද බඩු ගන්නේ?  හ හ හන්දියෙ කඩෙන් සර්!  වරෙන් යන්න එහෙනම් බඩු පොට් එකට! කඩේට ඇවිල්ල මුදලාලි මගේ බඩු මල්ල දෙන්න.  *&& නැගපිය &#= ජිප් එකට. කවදාවත් සිරිපාල කූඩුවේ ලැග නැත.","සිරිපාල පදමට සප්පායම් වී එන අතරතුර පොලීසියට මාට්ටු වේ. ජීප් එකට දමාගන්නා පොලිසියෙන්, උඹ කොහෙන්ද බඩු ගන්නේ? හ හ හන්දියෙ කඩෙන් සර්! වරෙන් යන්න එහෙනම් බඩු පොට් එකට! කඩේට ඇවිල්ල මුදලාලි මගේ බඩු මල්ල දෙන්න. *&& නැගපිය &#= ජිප් එකට. කවදාවත් සිරිපාල කූඩුවේ ලැග නැත.",0.8169
කෙල්ලෙක්ට ගහන එකනම් සිරා පොන්න වැඩක් බ්‍රෝ,කෙල්ලෙක්ට ගහන එකනම් සිරා පොන්න වැඩක් බ්‍රෝ,0.8167
"තමන්ගෙ කියන උන්ට අපිට වඩා වෙන වෙන දේවල් ලොකු වෙනව කියල දැනෙද්දි, කොහෙවත් ඉන්න උන් ඇවිත් අපේ උන්ට ජනේලෙන් පුක දෙන්න හද්දද්දිනම් පුක මහලා බඩ යන්න බේත් දෙන්න හිතෙනවා","තමන්ගෙ කියන උන්ට අපිට වඩා වෙන වෙන දේවල් ලොකු වෙනව කියල දැනෙද්දි, කොහෙවත් ඉන්න උන් ඇවිත් අපේ උන්ට ජනේලෙන් පුක දෙන්න හද්දද්දිනම් පුක මහලා බඩ යන්න බේත් දෙන්න හිතෙනවා",0.8164
පුක bot එක අයිතිකාරයා ගේ පුක මහන්නොනි,පුක bot එක අයිතිකාරයා ගේ පුක මහන්නොනි,0.8164
උබටත් එක කැරපොත්තෙක් තිය ඇති ඇවිත් කරල පලයන්,උබටත් එක කැරපොත්තෙක් තිය ඇති ඇවිත් කරල පලයන්,0.8164
@USER @USER  නෙද්දකින් හැමිනෙනව මැරියන් තෝ,නෙද්දකින් හැමිනෙනව මැරියන් තෝ,0.8164
"සමහර එකියො දෙන ටෝක් වල හැටියට උන් උන්න නම් අම්මපා "" ගෑණුන් විසින් මේ ලොව අලංකාර කරන ලදී "" කියල හතර අතේ බෝඩ් ගහන්ඩ තිබ්බ.  හැබැයි තොපි අර රෙද්ද උස්සන් වේස කමේ යන උන්ටත් වඩා අන්තයි. උන් පිළිගන්නව හරි ඒක. තොපි යටින් ගහන ගේම් ටික වහ ගන්ඩ උඩින් ටෝක් කර කෝනව.  අනේ හුකේ.","සමහර එකියො දෙන ටෝක් වල හැටියට උන් උන්න නම් අම්මපා "" ගෑණුන් විසින් මේ ලොව අලංකාර කරන ලදී "" කියල හතර අතේ බෝඩ් ගහන්ඩ තිබ්බ. හැබැයි තොපි අර රෙද්ද උස්සන් වේස කමේ යන උන්ටත් වඩා අන්තයි. උන් පිළිගන්නව හරි ඒක. තොපි යටින් ගහන ගේම් ටික වහ ගන්ඩ උඩින් ටෝක් කර කෝනව. අනේ හුකේ.",0.8164
අනිත් උන් ඇපල් කන නිසා මං කෙහෙල් කන්න හැදුවා. මෙන්න අනිත් උනුත් කෙහෙල් කන්න එනවා... රෙද්ද!!! >:( — feeling රෙද්ද... URL,අනිත් උන් ඇපල් කන නිසා මං කෙහෙල් කන්න හැදුවා. මෙන්න අනිත් උනුත් කෙහෙල් කන්න එනවා... රෙද්ද!!! >:( — feeling රෙද්ද... උර්ල්,0.8164
ගමෙ පාරක තොටක යද්දි හුජ්ජ බරක් හැදුනට අල්ලන්න බැදි කුට්ටියක්  නෑ..හැමතැනම ගෙවල්.. තට්ටු නිවාසවලට නොයා හැමෝම ඉඩං අරං ගෙවල් හැදීමෙන් ලොකු විනාසයක් වෙනෝ රටට පරිසරේට...,ගමෙ පාරක තොටක යද්දි හුජ්ජ බරක් හැදුනට අල්ලන්න බැදි කුට්ටියක් නෑ..හැමතැනම ගෙවල්.. තට්ටු නිවාසවලට නොයා හැමෝම ඉඩං අරං ගෙවල් හැදීමෙන් ලොකු විනාසයක් වෙනෝ රටට පරිසරේට...,0.8164
රෙදි කෑල්ල තියෙන නිසා නයි එන්නේ නෑ  Miss Curly @USER  · 2 Aug 2021 මෙට්ටෙ යට බලන්න,රෙදි කෑල්ල තියෙන නිසා නයි එන්නේ නෑ Miss Curly · 2 ඖග් 2021 මෙට්ටෙ යට බලන්න,0.8164
@USER තඩි කලුගල් යට තමා නංගි දඩ නයි ඉන්නෙ,තඩි කලුගල් යට තමා නංගි දඩ නයි ඉන්නෙ,0.8164
අනුන්ගේ රෙද්දවල් ඔළුව උඩ තියන් ඒකේ ඇද හොය හොය හැමිනෙන පරම්පරාව #සාපයක් හුත්තො  තමන්ගේ ඇද හොයාගෙන ඒක හදාගෙන අනුන්ගෙ වැරදි හොයපම්. ඕව අම්ම තාත්තා පොඩි කාලෙ උගන්නන දේවල්. සරමෙ පිහදාගන්න ඕන ජීවිත ඕවා,අනුන්ගේ රෙද්දවල් ඔළුව උඩ තියන් ඒකේ ඇද හොය හොය හැමිනෙන පරම්පරාව #සාපයක් හුත්තො තමන්ගේ ඇද හොයාගෙන ඒක හදාගෙන අනුන්ගෙ වැරදි හොයපම්. ඕව අම්ම තාත්තා පොඩි කාලෙ උගන්නන දේවල්. සරමෙ පිහදාගන්න ඕන ජීවිත ඕවා,0.8164
@USER හෙන ගහපිය.. ගනන් බලාපිය කිවුවලු.....,හෙන ගහපිය.. ගනන් බලාපිය කිවුවලු.....,0.816
ඌ මගේ අයියෙක් අප්පෙක් නෙමෙයි පකෝ මං ඌට චන්දෙ දුන්නෙත් නෑ ඌව පෞද්ගලිකව දන්නෙත් නෑ තෝ තොගේ ජාතිවාදි කට අරං මකබෑවියං ගොං රිලවො Officer dibble @USER  · 3 Jun 2019  @USER ඉඳා  ඉතිං ඔයාගෙ බදුර්දීන් අයියා තාම ඉන්නවනේ ගානක් නැතිව,ඌ මගේ අයියෙක් අප්පෙක් නෙමෙයි පකෝ මං ඌට චන්දෙ දුන්නෙත් නෑ ඌව පෞද්ගලිකව දන්නෙත් නෑ තෝ තොගේ ජාතිවාදි කට අරං මකබෑවියං ගොං රිලවො Officer dibble · 3 ජුන් 2019 ඉඳා ඉතිං ඔයාගෙ බදුර්දීන් අයියා තාම ඉන්නවනේ ගානක් නැතිව,0.8159
@USER විරැකියාව නම් ගහෙන් වැටිල ඉන්න මට තමයි තෝ වගේ පුස් නාම්බු ගං වස්සොත් ඇවිල්ලා අනින්න යන්නෙ..,විරැකියාව නම් ගහෙන් වැටිල ඉන්න මට තමයි තෝ වගේ පුස් නාම්බු ගං වස්සොත් ඇවිල්ලා අනින්න යන්නෙ..,0.8159
@USER ලමයි කුණු ගොඩේ දාලා යන ගෑනුන්ව අපේ අම්ම එක්ක සමකරන්න පුලුවන් ද මචං..!,ලමයි කුණු ගොඩේ දාලා යන ගෑනුන්ව අපේ අම්ම එක්ක සමකරන්න පුලුවන් ද මචං..!,0.8159
@USER ඔය දාලා තියෙන්නි පුක ඇබරෙන tweet එකක්,ඔය දාලා තියෙන්නි පුක ඇබරෙන tweet එකක්,0.8159
කව්ද යකෝ ගොබ්බ icc එකේ  එෆ්බි පේජ් එක කරන ගොබ්බ හිකනලයා   පක් යු icc,කව්ද යකෝ ගොබ්බ ඉක්ක එකේ එෆ්බි පේජ් එක කරන ගොබ්බ හිකනලයා පක් යු ඉක්ක,0.8159
"@USER ,  @USER  @USER මාව නමපං හතරට පුක හපාන මැරෙන්ට",", මාව නමපං හතරට පුක හපාන මැරෙන්ට",0.8159
"@USER  @USER මේ වගේ එවුන් තමයි බඩ දරු අම්ම කෙනෙක් ආපුවහම සීට් එකවත් නොදෙන්නේ, උන්ගේ අවුලකට එහෙම නෙමෙයි ගැබැනි කවුද නැත්තේ කවුද කියල අදුනගන්න බෑනේ, ඒ කරල පොඩ්ඩක් චබි ඇන්ටියෙක් දැකල සීට් එක දෙන්න ගිහින් කුණුහරුප අහගන්නව","මේ වගේ එවුන් තමයි බඩ දරු අම්ම කෙනෙක් ආපුවහම සීට් එකවත් නොදෙන්නේ, උන්ගේ අවුලකට එහෙම නෙමෙයි ගැබැනි කවුද නැත්තේ කවුද කියල අදුනගන්න බෑනේ, ඒ කරල පොඩ්ඩක් චබි ඇන්ටියෙක් දැකල සීට් එක දෙන්න ගිහින් කුණුහරුප අහගන්නව",0.8159
වේස බැන්ඳට හැන්ගි හොරා නටන්න වෙන්නෙ එලිපිටමයි. කට කිව්වට නොහැදෙන එකා තට මං දෙන්නෙ සම්බුව මයි..:D,වේස බැන්ඳට හැන්ගි හොරා නටන්න වෙන්නෙ එලිපිටමයි. කට කිව්වට නොහැදෙන එකා තට මං දෙන්නෙ සම්බුව මයි..:D,0.8159
@USER Ara ඉස්සරහින් නැවැත්තුවෙ හුත්තලාගෙ බයිලා,Ara ඉස්සරහින් නැවැත්තුවෙ හුත්තලාගෙ බයිලා,0.8159
මුට බැනල වැඩක් නෑ. මූ අම්බ ගොනා නේ. මේ වගේ බූරු හුකන්නලාට media restrict කරන්න ඕනෙ පක්ෂෙන්  DailyMirror @USER  · 8 Jul 2021,මුට බැනල වැඩක් නෑ. මූ අම්බ ගොනා නේ. මේ වගේ බූරු හුකන්නලාට media restrict කරන්න ඕනෙ පක්ෂෙන් දෛල්ය්මිර්රෝර් · 8 ජුල 2021,0.8159
"@USER  @USER ඇටr කියලා එකක් ඇති. ඒකට බඩුව බාලා, seedර් ඒකෙන් බා ගන්න. එතකොට සිරබත් කෑමට ලක් වෙන එකක් නැහැ.","ඇටr කියලා එකක් ඇති. ඒකට බඩුව බාලා, seedර් ඒකෙන් බා ගන්න. එතකොට සිරබත් කෑමට ලක් වෙන එකක් නැහැ.",0.8159
ආ…න්.. බලන්… තොට… වදින අලි URL,ආ…න්.. බලන්… තොට… වදින අලි උර්ල්,0.8159
@USER Traitor  @USER  දේශදෝරහි පිපිම්පියා. මූටත් ගහලා එලවන්න ඕනේ,Traitor දේශදෝරහි පිපිම්පියා. මූටත් ගහලා එලවන්න ඕනේ,0.8156
යකා ශෝට් යකා ටී ශර්ට් යකා අතේ ගහපු ශර්ට් යකා ගහපු හැට්ට යකා කකුලෙ ගහපු කලිසං යකාට ගහපු ගවුම යකාගෙ හැට්ට කට්ට යකාගෙ මූණ ගහපු යට කලිස...  උගෙ අප්පගෙ යකෙක්නෙ යකෝ මේකා. යකෙක් නැති ඇදුමක් නැද්ද :/,යකා ශෝට් යකා ටී ශර්ට් යකා අතේ ගහපු ශර්ට් යකා ගහපු හැට්ට යකා කකුලෙ ගහපු කලිසං යකාට ගහපු ගවුම යකාගෙ හැට්ට කට්ට යකාගෙ මූණ ගහපු යට කලිස... උගෙ අප්පගෙ යකෙක්නෙ යකෝ මේකා. යකෙක් නැති ඇදුමක් නැද්ද :/,0.8154
හෙන ගහන්න වගේ මාව mention කරන්න ඔය tweet වලට කිසි තරහක් නෑ. වහෙන් ඔරෝ එන්න එපා.,හෙන ගහන්න වගේ මාව mention කරන්න ඔය tweet වලට කිසි තරහක් නෑ. වහෙන් ඔරෝ එන්න එපා.,0.8154
ඔය හවුල් පාලනේට චන්දෙ දුන්නු එවුන් දැන් මගුල් කියාගෙන එන්න එපා.ඇට තලනවා.තොපි රටට ශාපයක්.රැඩිකල් පොන්නයො අනිත් එඋන්.අර සමනලී ෆොන්සේකා වගේ අවජාතක හැත්ත කෝ බන් උන්ගේ මීඩියා කන්ෆරන්ස්.උන්ගෙ අම්මගෙ රෙද්ද.දැක්ක තැන නෙලපියව්.ණය ගත්තා තමයි පකෝ.හැබැයි අපිහුස්ම ගත්තා.,ඔය හවුල් පාලනේට චන්දෙ දුන්නු එවුන් දැන් මගුල් කියාගෙන එන්න එපා.ඇට තලනවා.තොපි රටට ශාපයක්.රැඩිකල් පොන්නයො අනිත් එඋන්.අර සමනලී ෆොන්සේකා වගේ අවජාතක හැත්ත කෝ බන් උන්ගේ මීඩියා කන්ෆරන්ස්.උන්ගෙ අම්මගෙ රෙද්ද.දැක්ක තැන නෙලපියව්.ණය ගත්තා තමයි පකෝ.හැබැයි අපිහුස්ම ගත්තා.,0.8154
**අම්මා-** නානවා කියලා ඔහොම මී හරකෙක් වගේ නාන්න එපා යකෝ.....  =D =D <3 <3,**අම්මා-** නානවා කියලා ඔහොම මී හරකෙක් වගේ නාන්න එපා යකෝ..... ද ද <3 <3,0.8154
මේ මල්ලිත් එක්කනම් මොනවත් බෑ  තඩි ගෙම්බෙක් අල්ලල ඇගට දැම්මා  කෑ ගහල උගුරත් රිදෙනවා   ඒ ගෙම්බවම අරං ගිහින් දැන් අම්මගේ ඇගට දාලා පොල් බෑවෙන් හම්බුනේ,මේ මල්ලිත් එක්කනම් මොනවත් බෑ තඩි ගෙම්බෙක් අල්ලල ඇගට දැම්මා කෑ ගහල උගුරත් රිදෙනවා ඒ ගෙම්බවම අරං ගිහින් දැන් අම්මගේ ඇගට දාලා පොල් බෑවෙන් හම්බුනේ,0.8154
@USER  : බොල හු***ගෙ වැලි මීයො තෝ අද එන්නෙ නැද්ද  : පුතා ඉස්කෝලෙ ආවනෙ - සත්‍ය සිද්ධියකි - ඉස්කෝලෙ SD එකට නයිට් ගැසීමට ගිය අවස්ථාවක,: බොල හු***ගෙ වැලි මීයො තෝ අද එන්නෙ නැද්ද : පුතා ඉස්කෝලෙ ආවනෙ - සත්‍ය සිද්ධියකි - ඉස්කෝලෙ සද් එකට නයිට් ගැසීමට ගිය අවස්ථාවක,0.8154
"අනේ මගේ පුතේ, කුඩු මුදලාලිලා පිරිච්ච, ස්ත්‍රී දූශකයෝ පිරිච්ච, එතනෝල්කාරයෝ පිරිච්ච රටකද පුතේ උබ මේ ඉපදෙන්න හදන්නේ   අනේ චාමර ගහපන් මට දෙකේ දෙකේ තඩි පොල්ලකින්  #yahapalanaya #lka :44  views","අනේ මගේ පුතේ, කුඩු මුදලාලිලා පිරිච්ච, ස්ත්‍රී දූශකයෝ පිරිච්ච, එතනෝල්කාරයෝ පිරිච්ච රටකද පුතේ උබ මේ ඉපදෙන්න හදන්නේ අනේ චාමර ගහපන් මට දෙකේ දෙකේ තඩි පොල්ලකින් යහපාලනය ලක :44 විඑව්ස්",0.8154
"කිසි දිනෙක තමන්ගෙ පුකට වඩා අනුන්ගේ පුකවල් වලට ආස කිරීමෙන් වලකින්න ( පුක යනු පශ්චාත් භාගයම නොවන අතර බොහෝ පුකවල් ලෝකයේ ඇත ) මන්ද, ඉන් අර සියලු පුකවල් සහ තමන්ගේ පුකත් නැත්තට නැති වේ.  #UniversalTruth","කිසි දිනෙක තමන්ගෙ පුකට වඩා අනුන්ගේ පුකවල් වලට ආස කිරීමෙන් වලකින්න ( පුක යනු පශ්චාත් භාගයම නොවන අතර බොහෝ පුකවල් ලෝකයේ ඇත ) මන්ද, ඉන් අර සියලු පුකවල් සහ තමන්ගේ පුකත් නැත්තට නැති වේ. උනිවෙර්සල්ට්රුත්",0.8154
@USER එතකොට මුස්ලිම් ගැනූත්...මාරාගෙන මැරනේනේ උනුත් ස්වර්ගයට ගිහින් පිරිමි 60 70ක් එක්ක බුදිය ගන්න ද. ???  මෝඩ ගෑණු... උඹලා එහේ ගියත් උඹලාගේම මුස්ලිම් පිරිමිමයි ඉන්නේ.. ස්වර්ගයේ කියලා බලන්නේ නැතිව තොපිට ගල් ගහලා...බෙලි කපලා..දස වද දීලා මරයි යකෝ  හාහ්...නැද්ද මං කියන්නේ.....,එතකොට මුස්ලිම් ගැනූත්...මාරාගෙන මැරනේනේ උනුත් ස්වර්ගයට ගිහින් පිරිමි 60 70ක් එක්ක බුදිය ගන්න ද. ??? මෝඩ ගෑණු... උඹලා එහේ ගියත් උඹලාගේම මුස්ලිම් පිරිමිමයි ඉන්නේ.. ස්වර්ගයේ කියලා බලන්නේ නැතිව තොපිට ගල් ගහලා...බෙලි කපලා..දස වද දීලා මරයි යකෝ හාහ්...නැද්ද මං කියන්නේ.....,0.8154
"හිටගෙන පුක හෝදන්න වැස්ස වහිද්දී, නොතෙමි යන්න කුඩේ අතේ තියෙද්දී, සඳ ඔයා මේක අරගන්න, මං දුවගෙන බස් එකට යන්නම්, කාටත් නොපෙනෙන්න හොරෙන් ආදරේ කරද්දී, නැගිටින්න බැරි වුණා අම්මට, මං අද මෙහෙන් කන්නම්, කන්කෙදිරියෙන් මූණ එල්ලං වැඩපලේ කෑමවල රස උඹ මූනෙන් පෙන්නප්පුවාම, සඳ ඔයා මගෙ කෑමෙක කන්න","හිටගෙන පුක හෝදන්න වැස්ස වහිද්දී, නොතෙමි යන්න කුඩේ අතේ තියෙද්දී, සඳ ඔයා මේක අරගන්න, මං දුවගෙන බස් එකට යන්නම්, කාටත් නොපෙනෙන්න හොරෙන් ආදරේ කරද්දී, නැගිටින්න බැරි වුණා අම්මට, මං අද මෙහෙන් කන්නම්, කන්කෙදිරියෙන් මූණ එල්ලං වැඩපලේ කෑමවල රස උඹ මූනෙන් පෙන්නප්පුවාම, සඳ ඔයා මගෙ කෑමෙක කන්න",0.8154
පොන්න තක්කඩි දේශපාලක වේසිගෙ පුතාලා ටිකට හෙන ගහපං,පොන්න තක්කඩි දේශපාලක වේසිගෙ පුතාලා ටිකට හෙන ගහපං,0.8154
@USER  @USER මන් අහලා තියන විදිහට බම්බු ගහනවා කියන්නේ ඉස්සර පොඩි හරක් පැටවුන්ට බෙත් පොවන්න ඔනේ උනාම උන බටයක් මැද සුද්ද කරලා එක කටට දාලා තමයිලු බෙත් පොවන්නේ එකටලු බම්බු ගහනවා කියන්නේ (මම අහලා තියන විදිහ),මන් අහලා තියන විදිහට බම්බු ගහනවා කියන්නේ ඉස්සර පොඩි හරක් පැටවුන්ට බෙත් පොවන්න ඔනේ උනාම උන බටයක් මැද සුද්ද කරලා එක කටට දාලා තමයිලු බෙත් පොවන්නේ එකටලු බම්බු ගහනවා කියන්නේ (මම අහලා තියන විදිහ),0.8154
Facebook කියන්නෙ තනිකරම බොරැවක් මේකෙ ඇත්ත යුක්තිය කතාකරන්න බැහැ  block කරලා  දානවා. මාර්ක්.කාරයගෙ අම්මට හුකන්න ආයෙ හදන්නෙ නැහැ facebook.මේකෙ ඇත්ත යුක්තිය කතාකරන්න බැහැ මොන හුත්තක්ද අපි කන්නෙ බොන්නෙ මේ කිම්බ නිසාද.block කරන එවුන්ගෙ.අම්මලට හුකලා තියෙන්නෙ නරි.,ඵචෙබූක් කියන්නෙ තනිකරම බොරැවක් මේකෙ ඇත්ත යුක්තිය කතාකරන්න බැහැ block කරලා දානවා. මාර්ක්.කාරයගෙ අම්මට හුකන්න ආයෙ හදන්නෙ නැහැ facebook.මේකෙ ඇත්ත යුක්තිය කතාකරන්න බැහැ මොන හුත්තක්ද අපි කන්නෙ බොන්නෙ මේ කිම්බ නිසාද.block කරන එවුන්ගෙ.අම්මලට හුකලා තියෙන්නෙ නරි.,0.8154
@USER  @USER හක්ක පටස් නේද? බේරගන්න අමාරු වෙයි,හක්ක පටස් නේද? බේරගන්න අමාරු වෙයි,0.8149
කොහෙන්ද ආපු වේස මී පරයෙක් මගේ සබ්වූෆර් එක කාල.. කාල විතරක් නෙවෙයි පොර ඒකෙ ගේකුත් හදාගෙන..,කොහෙන්ද ආපු වේස මී පරයෙක් මගේ සබ්වූෆර් එක කාල.. කාල විතරක් නෙවෙයි පොර ඒකෙ ගේකුත් හදාගෙන..,0.8149
󾌧󾌧󾌧  අර පොන්න පේජ් එකේ අවජාතක ඇඩ්මින්ට නම් දැන් හැමිනෙන්නම රිදිලා ඇති නේ බ්‍රෝ.  <Dummy> URL,󾌧󾌧󾌧 අර පොන්න පේජ් එකේ අවජාතක ඇඩ්මින්ට නම් දැන් හැමිනෙන්නම රිදිලා ඇති නේ බ්‍රෝ. <Dummy> උර්ල්,0.8149
හොල්ලලා ගමන් යනකොට තම්දෙනක් තනම් රිද තන්.. තට්ටමෙන් කියයි මේකිගෙ ගාය කොයි තරන්.,හොල්ලලා ගමන් යනකොට තම්දෙනක් තනම් රිද තන්.. තට්ටමෙන් කියයි මේකිගෙ ගාය කොයි තරන්.,0.8149
"ලිං මැඩියෙකු ගේ විලාපය  ලිඳේ ඉපිද ලිඳේ හැදී ලිඳෙන් මිදී උඹ පලයන් අයියන්ඩි  ලිඳෙන් ඉපිල ලිඳෙන් මිදී, ලිං කට ඉදං බණ කියා හං අයියන්ඩි  හඬ පුරුදුයි බණ නුහුරුයි දෙස හං බණ අයියන්ඩි  ලිඳ අතහැර අමතක කර උඹ ගියාට අයියන්ඩි  මැඩියෝ මගෙයි ලිඳත් මගෙයි දියත් සැපයි අයියන්ඩි","ලිං මැඩියෙකු ගේ විලාපය ලිඳේ ඉපිද ලිඳේ හැදී ලිඳෙන් මිදී උඹ පලයන් අයියන්ඩි ලිඳෙන් ඉපිල ලිඳෙන් මිදී, ලිං කට ඉදං බණ කියා හං අයියන්ඩි හඬ පුරුදුයි බණ නුහුරුයි දෙස හං බණ අයියන්ඩි ලිඳ අතහැර අමතක කර උඹ ගියාට අයියන්ඩි මැඩියෝ මගෙයි ලිඳත් මගෙයි දියත් සැපයි අයියන්ඩි",0.8149
එවුන් පිළල් අතු වගේ. අම්මා අප්පාගේ අන්තිම මස් කළඳට සාරෙ උරාබීලා රේස් අස්සයා වගේ වේගෙන් යන්ට හඳන එහෙව් කඩවනච්චි අසමජ්ජාති වැඩි දුර යන්නේ නෑ. පිට මිනිස්සුන්ගෙන් සල්ලං වෙලා පස්ස බිම ඇනගෙන සොත්ති වෙලා ගියාම තමා තමන්ගේ නඔසණ්ඩාලකම තේරෙන්නේ.   ක්රෑස් තුඃ.,එවුන් පිළල් අතු වගේ. අම්මා අප්පාගේ අන්තිම මස් කළඳට සාරෙ උරාබීලා රේස් අස්සයා වගේ වේගෙන් යන්ට හඳන එහෙව් කඩවනච්චි අසමජ්ජාති වැඩි දුර යන්නේ නෑ. පිට මිනිස්සුන්ගෙන් සල්ලං වෙලා පස්ස බිම ඇනගෙන සොත්ති වෙලා ගියාම තමා තමන්ගේ නඔසණ්ඩාලකම තේරෙන්නේ. ක්රෑස් තුඃ.,0.8149
ත‌ොට හෙනම ගහපන් පට්ට බැල්ලි.... URL,ත‌ොට හෙනම ගහපන් පට්ට බැල්ලි.... උර්ල්,0.8149
"අර චාලි කියන බල්ලට රතිඤ්ඤා දාලා හරි ගිනි තියලා හරි අර අපරාධෙ කරපු සක්කිලි ටික, තොපිට යන්න වෙනම අපායක් හදන්න ඕනෙ. අවජාතක හැත්ත","අර චාලි කියන බල්ලට රතිඤ්ඤා දාලා හරි ගිනි තියලා හරි අර අපරාධෙ කරපු සක්කිලි ටික, තොපිට යන්න වෙනම අපායක් හදන්න ඕනෙ. අවජාතක හැත්ත",0.8149
"Drive hard until පිටිපස්සෙ උන් say ""ආයෙනම් තෝ එක්ක එන්නෑ""   #SriLanka","Drive hard until පිටිපස්සෙ උන් say ""ආයෙනම් තෝ එක්ක එන්නෑ"" ශ්‍රීලංකා",0.8149
"කව්රු කලත් මේවා අපරාධ විධියට දකින්න බැරි නම් මිනිස්සුනෙ උඹලගෙ ගොන් තර්ක වලින් වැඩක්ම නැහැ. මිනිස්සුන්ගෙ ජීවත් වීමේ අයිතිය මේ නැති කරල තියෙන්නෙ. තමන්ගෙ ගෙදරට මේ වගේ දෙයක් වෙනකන් බලන් ඉමු. මනුස්ස ජීවිතයක් නැති වෙන එක කොයි තරම් පාඩුවක්ද, ඒ පාඩුව මොනවටද පුරවන්න පුලුවන්","කව්රු කලත් මේවා අපරාධ විධියට දකින්න බැරි නම් මිනිස්සුනෙ උඹලගෙ ගොන් තර්ක වලින් වැඩක්ම නැහැ. මිනිස්සුන්ගෙ ජීවත් වීමේ අයිතිය මේ නැති කරල තියෙන්නෙ. තමන්ගෙ ගෙදරට මේ වගේ දෙයක් වෙනකන් බලන් ඉමු. මනුස්ස ජීවිතයක් නැති වෙන එක කොයි තරම් පාඩුවක්ද, ඒ පාඩුව මොනවටද පුරවන්න පුලුවන්",0.8148
බයියන්ට ඉතින් cake කන්න නම් අමාරු වෙයි. ලාවට කිරිබතක් හදාගත්තනම් ඇති වෙයි සමරන්න. 2029 අපේ ජනපති See more… @USER  · 31 Jan බයියනි  කිරිබත්???,බයියන්ට ඉතින් cake කන්න නම් අමාරු වෙයි. ලාවට කිරිබතක් හදාගත්තනම් ඇති වෙයි සමරන්න. 2029 අපේ ජනපති See more… · 31 ජන බයියනි කිරිබත්???,0.8145
අවජාතක බල්ලෝ රැල අලුත් ව්‍යාවස්ථාවක් හදන්න යන්නේ මිනිසුන්ගේ අත පය කඩලා URL,අවජාතක බල්ලෝ රැල අලුත් ව්‍යාවස්ථාවක් හදන්න යන්නේ මිනිසුන්ගේ අත පය කඩලා උර්ල්,0.8145
පොඩිනව මැරුවේ ඇයි වල් නයිදේ.....???? #senkottan,පොඩිනව මැරුවේ ඇයි වල් නයිදේ.....???? සෙන්කොට්ටන්,0.8145
@USER අරක ඔබල ඔබල යකා නැග්ග තෝ ළඟ හිටියනම් මරනව,අරක ඔබල ඔබල යකා නැග්ග තෝ ළඟ හිටියනම් මරනව,0.8145
ඒකි පෙරි තම්බිල දැකල තිබ්බොත් තමා අවුල  Chamath @USER  · 7 Mar 2019  @USER අඩි අන්නා අඩී. ඊයා අයියා ඔයාගේ සින්න තම්බියෙක් ඉන්නේ කියද්දී ආසද?,ඒකි පෙරි තම්බිල දැකල තිබ්බොත් තමා අවුල චමත් · 7 Mar 2019 අඩි අන්නා අඩී. ඊයා අයියා ඔයාගේ සින්න තම්බියෙක් ඉන්නේ කියද්දී ආසද?,0.8145
‘අවජාතක පුත්‍රයන්ගේ‘ කතා වස්තුව ! URL,‘අවජාතක පුත්‍රයන්ගේ‘ කතා වස්තුව ! උර්ල්,0.8145
"සතිපොලට යන්න පුලුවන්.. සතොස ට යන්න පුලුවන්.. තෙල් පෝළිම් ගානේ ඉන්න පුලුවන්.. Etc... සංචරණ සීමා කියන්නෙත් හරියට වේස ගෑණි වගේ.. ඇති හැකි එකාලට ඕනවෙලාවක ඇරලා යන්න පුලුවන්..  අවුලක් නෑ.. ස' තමා හොඳටම කලේ... *සොරි වැරදුනා..""ඇරියේ...""","සතිපොලට යන්න පුලුවන්.. සතොස ට යන්න පුලුවන්.. තෙල් පෝළිම් ගානේ ඉන්න පුලුවන්.. එත්ක සංචරණ සීමා කියන්නෙත් හරියට වේස ගෑණි වගේ.. ඇති හැකි එකාලට ඕනවෙලාවක ඇරලා යන්න පුලුවන්.. අවුලක් නෑ.. ස' තමා හොඳටම කලේ... *සොරි වැරදුනා..""ඇරියේ...""",0.8145
මේ සක්කිලි දේෂපාලුවො ටික කවද්ද බන් මැරිලා යන්නෙ,මේ සක්කිලි දේෂපාලුවො ටික කවද්ද බන් මැරිලා යන්නෙ,0.8141
@USER පක කටේ දාගන්න ඩියර්,පක කටේ දාගන්න ඩියර්,0.814
-නවක වදය රෙද්ද අස්සෙන් බේරීම- එකෙක් හෙළුවෙන් හිටගෙන ඉන්නව. තව එකෙක් ඌ ළඟ බිම ඇණ තියල වාඩිවෙලා උගේ අහවල් එකට අතින්... URL,-නවක වදය රෙද්ද අස්සෙන් බේරීම- එකෙක් හෙළුවෙන් හිටගෙන ඉන්නව. තව එකෙක් ඌ ළඟ බිම ඇණ තියල වාඩිවෙලා උගේ අහවල් එකට අතින්... උර්ල්,0.814
ඉස්සර මට උඹව ජාති.. දැන්නම් මට  උඹ පජාති.,ඉස්සර මට උඹව ජාති.. දැන්නම් මට උඹ පජාති.,0.814
@USER හෙන ගහන්න වගේ  කියලා,හෙන ගහන්න වගේ කියලා,0.814
@USER ගංජා ගහල අනවශ්‍ය දේවල් අතට ගන්ඩ එපා කියල පඬුරු කිව්වේ පුක කහනවට නෙවෙයිනේ,ගංජා ගහල අනවශ්‍ය දේවල් අතට ගන්ඩ එපා කියල පඬුරු කිව්වේ පුක කහනවට නෙවෙයිනේ,0.814
අපිට ඉන්නෙ අපි මනුස්සකමට රෙද්ද ඉස්සුවාම පුකේ අරින යාලුවො. ඔවු !,අපිට ඉන්නෙ අපි මනුස්සකමට රෙද්ද ඉස්සුවාම පුකේ අරින යාලුවො. ඔවු !,0.814
"""අල්ලපං යකෝ බල්ලව හරියට. කෝ හරෝපන් ඕකව.. ඔන්න ඌ ලෙස්සනව,.. කැද බීලා වගෙ නැතුව අල්ලං ඉදපං.."" කියල අයියගෙ 6 වසරෙ කොල්ලට බැන බැන මම බල්ලගෙ තුවාල වලට බේත් ස්ප්‍රේ කලා.. ටිකකින් මොන්ටිසෝරි යන චූටිම එකා මම කලිං කීව වචන සැට් එක එහෝම කියෝනවා.. ඇහුනා.","""අල්ලපං යකෝ බල්ලව හරියට. කෝ හරෝපන් ඕකව.. ඔන්න ඌ ලෙස්සනව,.. කැද බීලා වගෙ නැතුව අල්ලං ඉදපං.."" කියල අයියගෙ 6 වසරෙ කොල්ලට බැන බැන මම බල්ලගෙ තුවාල වලට බේත් ස්ප්‍රේ කලා.. ටිකකින් මොන්ටිසෝරි යන චූටිම එකා මම කලිං කීව වචන සැට් එක එහෝම කියෝනවා.. ඇහුනා.",0.814
උඔ ඔහොම එල්ලුනොත් ජනා කැඩෙයි යකෝ දෙකට...,උඔ ඔහොම එල්ලුනොත් ජනා කැඩෙයි යකෝ දෙකට...,0.814
"මං : "" නුවර නිගම්වූ AC බස් තියනවද බං?"" ඌ : “නෑ නේ බන් හු*ත අර ලේලන්ඩ් පකවල් තියෙන්නේ""    මං : "" මේ එහෙනම් මං ගම්පහ නිගම්බු එකේ එන්නම් ඈ..?"" ඌ : "" ඔව් ඔව් ඒකේ වරෙන් ලේසි එතකොට අපේ හන්දියේම උඹට බහින්න පුලුවන් ත්‍රීවිල් වලට පුක දීගෙන ඉන්න ඕනේ නෑ""","මං : "" නුවර නිගම්වූ අච බස් තියනවද බං?"" ඌ : “නෑ නේ බන් හු*ත අර ලේලන්ඩ් පකවල් තියෙන්නේ"" මං : "" මේ එහෙනම් මං ගම්පහ නිගම්බු එකේ එන්නම් ඈ..?"" ඌ : "" ඔව් ඔව් ඒකේ වරෙන් ලේසි එතකොට අපේ හන්දියේම උඹට බහින්න පුලුවන් ත්‍රීවිල් වලට පුක දීගෙන ඉන්න ඕනේ නෑ""",0.814
"@USER . @USER  Captain America: මොකද බොල තෝ කට ඇරගෙන උඩ බලන් ඉන්නෙ? Thor: වහින්න වගේ බං, මිටිය ගෙනාවට කුඩේ ගේන්න අමතක උනානෙ :(  #TweepsAssemble",". Captain අමෙරිචා මොකද බොල තෝ කට ඇරගෙන උඩ බලන් ඉන්නෙ? තොර වහින්න වගේ බං, මිටිය ගෙනාවට කුඩේ ගේන්න අමතක උනානෙ :( ට්වීප්සස්සෙම්බ්ලේ",0.814
හෙන ගහන්න ඕනේ බොරු මානව හිමිකම් කතාකරන හැත්තට #lka #srilanka  @USER  @USER  @USER  @USER  @USER  @USER  @USER,හෙන ගහන්න ඕනේ බොරු මානව හිමිකම් කතාකරන හැත්තට ලක ශ්‍රීලංකා,0.814
ගෝඨාභය අවොත් ලේ විලක් සිරිසේන මගේ ගෑණි පවර� URL,ගෝඨාභය අවොත් ලේ විලක් සිරිසේන මගේ ගෑණි පවර� උර්ල්,0.814
එල හරකෝ මන් ඇන්ටි කියල තොට මන් එක්ක කතා කරන් අ කීවද ගොන් එලදෙනක් මහ අනේ තොට හම්බවෙන කෙල්ල රාත්තල් 100 බර වෙයන් තෝ ඒකිට යට වෙලා මැරියන්,එල හරකෝ මන් ඇන්ටි කියල තොට මන් එක්ක කතා කරන් අ කීවද ගොන් එලදෙනක් මහ අනේ තොට හම්බවෙන කෙල්ල රාත්තල් 100 බර වෙයන් තෝ ඒකිට යට වෙලා මැරියන්,0.814
ආ තෝ නැගිට්ටද විනාඩි තුනක් තියලා #TeamWetakolu ගින්නා @USER  · 13 Apr 2020 කඹ ඇදලා ඉවරද? #TeamWetakolu,ආ තෝ නැගිට්ටද විනාඩි තුනක් තියලා ටෙඅම්වෙටකොලු ගින්නා · 13 අප‍ 2020 කඹ ඇදලා ඉවරද? ටෙඅම්වෙටකොලු,0.814
මොකක්ද ගන්නේ කියලා බැලුවේ  Real Rudraksha යක් හොයා ගන්න එක තමයි අමාරු.,මොකක්ද ගන්නේ කියලා බැලුවේ Real රුද්‍රක්ෂ යක් හොයා ගන්න එක තමයි අමාරු.,0.814
ඔය හුලං බල්ලො උඩ බිරුවට කදු වැටෙවෙදි... සයිඩ් එකෙන් ඉන්නේ අඩූ බලු වැඩ කොහෙද...  ගොං වස්සා තණ කැවට බල්ලා... URL,ඔය හුලං බල්ලො උඩ බිරුවට කදු වැටෙවෙදි... සයිඩ් එකෙන් ඉන්නේ අඩූ බලු වැඩ කොහෙද... ගොං වස්සා තණ කැවට බල්ලා... උර්ල්,0.814
"ගුටි කෑවාම සැපද? | ඉගෙනගන්න ළමයින්ට, ගෑනු, පිරිමි කියල බලන්නෙ නැතුව, සක්කිලි වගේ ගැහුවාම මාර ආතල් නේ? | hs anyone achieved their objectives?","ගුටි කෑවාම සැපද? | ඉගෙනගන්න ළමයින්ට, ගෑනු, පිරිමි කියල බලන්නෙ නැතුව, සක්කිලි වගේ ගැහුවාම මාර ආතල් නේ? | හස් anyone අචිඑවෙද් their ඔබ්ජෙච්ටිවෙස්",0.814
පිදුරන්ගල පුක පෙන්නපු කොල්ලො අල්ලන්න තිබ්බ උනන්දුව වත් නෑ මුන්ට,පිදුරන්ගල පුක පෙන්නපු කොල්ලො අල්ලන්න තිබ්බ උනන්දුව වත් නෑ මුන්ට,0.814
"@USER ,  @USER  @USER තොට කියල කහ ගන්නවට වැඩිය හොඳයි හම්බන්තොට ලුනූලේවායේ ලුනු කන්දක් උඩට ගිහින් පහලට බුරැස් පදිනවා",", තොට කියල කහ ගන්නවට වැඩිය හොඳයි හම්බන්තොට ලුනූලේවායේ ලුනු කන්දක් උඩට ගිහින් පහලට බුරැස් පදිනවා",0.814
අපේ අම්ම වැටිල බෙල්ල කඩා ගන්නව මෙහෙම එකක් තිබ්බොත් Meow meow ETH @USER  · 21 Oct 2020 This staircase though,අපේ අම්ම වැටිල බෙල්ල කඩා ගන්නව මෙහෙම එකක් තිබ්බොත් මෙඔව් මෙඔව් එත් · 21 ඔච්ට් 2020 This staircase though,0.814
අර සක්කිලි වෙසිගෙ පුතාලට හෙනම ගහපිය. දෙය්යනේ අර වයස අවුරුදු 5 ලමය :'(,අර සක්කිලි වෙසිගෙ පුතාලට හෙනම ගහපිය. දෙය්යනේ අර වයස අවුරුදු 5 ලමය :'(,0.814
මේ පොඩි දරුවට වද දෙන මේ මූසල වෙස ගෑණිට හෙන හතම වැදියන් කියලා share කරපල්ලා.... ඔයා බලලා තව කෙනෙකුට බලන්න share... URL,මේ පොඩි දරුවට වද දෙන මේ මූසල වෙස ගෑණිට හෙන හතම වැදියන් කියලා share කරපල්ලා.... ඔයා බලලා තව කෙනෙකුට බලන්න share... උර්ල්,0.814
@USER #හිටිවනකවිටුවීට්  දුටුවිට ඇයගෙ වට්ටක්කා වැනි පස්ස තන්දෙක වැනෙනවා කිටි කිටියේ ඉස්ස දුටුවිට මේවා හැදෙනවා හොන්දටම කැස්ස ඇඹරෙයි මගේ මල්ලිගේ කළිසම අස්ස,#හිටිවනකවිටුවීට් දුටුවිට ඇයගෙ වට්ටක්කා වැනි පස්ස තන්දෙක වැනෙනවා කිටි කිටියේ ඉස්ස දුටුවිට මේවා හැදෙනවා හොන්දටම කැස්ස ඇඹරෙයි මගේ මල්ලිගේ කළිසම අස්ස,0.814
"ඇයි මූ එක්ක එකතුවෙලා ලංකාව ලංකස්ථානයක් කරන්නද? මූ තමයි  සපරිස්ථාන්, නසරිස්ථාන් ඉල්ලලා නැගෙනහිර වෙනම මුස්ලිම් නිජ භූමියකට පදනම දැම්මෙ. මූ අද හිටියනම් ගස්වැද්දට එහා ගිහින් අන්තවාදය උඩු දුවල. ගෑණි බුර්කාව... URL","ඇයි මූ එක්ක එකතුවෙලා ලංකාව ලංකස්ථානයක් කරන්නද? මූ තමයි සපරිස්ථාන්, නසරිස්ථාන් ඉල්ලලා නැගෙනහිර වෙනම මුස්ලිම් නිජ භූමියකට පදනම දැම්මෙ. මූ අද හිටියනම් ගස්වැද්දට එහා ගිහින් අන්තවාදය උඩු දුවල. ගෑණි බුර්කාව... උර්ල්",0.8136
@USER  @USER    තෝ මැරෙන එකම තමා හොද ඛේසර,තෝ මැරෙන එකම තමා හොද ඛේසර,0.8136
@USER @USER  දැන් කාලෙ අම්මල තාත්තල වැඩිහරියක් හිතන්නෙ එහෙම තමා. හොදට pass උනොත් උබ ගොඩ. නැත්තන් තෝ ඉවරයි,දැන් කාලෙ අම්මල තාත්තල වැඩිහරියක් හිතන්නෙ එහෙම තමා. හොදට pass උනොත් උබ ගොඩ. නැත්තන් තෝ ඉවරයි,0.8135
"Audience like, හුජ්ජ බරයි කැරකිල්ලයි! මත් ගතියයි සූස්තියයි! බොක හැලියයි! #EnriqueInSL","Audience like, හුජ්ජ බරයි කැරකිල්ලයි! මත් ගතියයි සූස්තියයි! බොක හැලියයි! එන්රිකුඑඉන්ස්ල",0.8135
අපේ මල්ලිට තියෙන්නෙ හෙන ටකරන් voice එකක්. කන රිදෙනවා වචනයක් කිව්වත්,අපේ මල්ලිට තියෙන්නෙ හෙන ටකරන් voice එකක්. කන රිදෙනවා වචනයක් කිව්වත්,0.8135
"රෑට ඔය හරක් උස්සන එකෙක් අහු උනොත් ගහක බැඳල තියල වාහනයක් අරන් ඇවිල්ලා, තඩි බාලා හරක් අරන් යන විදියටම අරන් යන්න ඕන!","රෑට ඔය හරක් උස්සන එකෙක් අහු උනොත් ගහක බැඳල තියල වාහනයක් අරන් ඇවිල්ලා, තඩි බාලා හරක් අරන් යන විදියටම අරන් යන්න ඕන!",0.8135
Celebrity කෙනෙක් බෙල්ලේ වැළ දාගත්තාම Depression ගැන Degree ගහපු උන් වගේ ටෝක්ස් දීලා අන්තිමට මැරෙන්න හිතුණොත් මට කතා කරන්නත් කියලා Status දාපු උන් අපේ Message වලට Calls වලට  Reply කරන්න ඉන්නේ අපි මළාට පස්සේ..   අනේ පලයන් තොගේ සත්ත්ව කරුණාව රෙද්ද අස්සේ ගහගෙන..,Celebrity කෙනෙක් බෙල්ලේ වැළ දාගත්තාම Depression ගැන Degree ගහපු උන් වගේ ටෝක්ස් දීලා අන්තිමට මැරෙන්න හිතුණොත් මට කතා කරන්නත් කියලා Status දාපු උන් අපේ Message වලට චාල්ල්ස් වලට Reply කරන්න ඉන්නේ අපි මළාට පස්සේ.. අනේ පලයන් තොගේ සත්ත්ව කරුණාව රෙද්ද අස්සේ ගහගෙන..,0.8135
"@USER  @USER    ටමෟකන්ඩදාලා ඩෝ රෝමෙන් නම් අපිත් ගේම,මේක තරුණ ජවය නාකි නරියො,කුරුදු පොලු සුද්ද කරලා දාන්‍ය මරුවා ලව්වා බාවනව තෝ","ටමෟකන්ඩදාලා ඩෝ රෝමෙන් නම් අපිත් ගේම,මේක තරුණ ජවය නාකි නරියො,කුරුදු පොලු සුද්ද කරලා දාන්‍ය මරුවා ලව්වා බාවනව තෝ",0.8135
නාකි නිලියන් සමග නිදාගන්න ගොංජාගේ නිර්වත.. URL,නාකි නිලියන් සමග නිදාගන්න ගොංජාගේ නිර්වත.. උර්ල්,0.8135
කොළඹට පුක දෙන කදුරට කොලු කම නැති කපන් උඩ යන්න දගලන පොඩි ගම් බට්ටෝ!!!!! #RapDeviyo #RaviJ #DissPart,කොළඹට පුක දෙන කදුරට කොලු කම නැති කපන් උඩ යන්න දගලන පොඩි ගම් බට්ටෝ!!!!! රප්දෙවියෝ රවිජ් දිස්ස්පර්ට්,0.8135
කොකිස් කැවුම් කිව්වට. ආස්මි ආවොත් දෙකම දමල ගල ආස්මි වලට යනවා  #TeamKevum #AvuruduLK,කොකිස් කැවුම් කිව්වට. ආස්මි ආවොත් දෙකම දමල ගල ආස්මි වලට යනවා ටෙඅම්කෙවුම් අවුරුදුල්ක්,0.8135
හිත - බලපන් ඔන්ලයින්වත් ඇවිල්ලද කියලා  මොලය - තොට මෝල් කලන්තෙද උට්ටෝ   #මරුහැබැයි,හිත - බලපන් ඔන්ලයින්වත් ඇවිල්ලද කියලා මොලය - තොට මෝල් කලන්තෙද උට්ටෝ #මරුහැබැයි,0.8135
"@USER ,  @USER  @USER කකුලත් බකල්! IIFA එක වෙලාවෙ බැට් එක අරං යද්දී රටම දැක්ක. පොල්පිත්තක්වත් අල්ලල නැ කිඋඅල. රිතික් එක්ක් ජීප් එකේ යනව මිනිස්සු රිතික්ට අත වනනව මූත් අත වනනව ලොල්. හෙන ගොබ්බ ආතල් ගත්තේ ඒ දවස..",", කකුලත් බකල්! ඉඉඵ එක වෙලාවෙ බැට් එක අරං යද්දී රටම දැක්ක. පොල්පිත්තක්වත් අල්ලල නැ කිඋඅල. රිතික් එක්ක් ජීප් එකේ යනව මිනිස්සු රිතික්ට අත වනනව මූත් අත වනනව ලොල්. හෙන ගොබ්බ ආතල් ගත්තේ ඒ දවස..",0.8135
"ඉරාකෙ හරි ඇමරිකාවේ හහි හාදයෙකට බැරිද, අර ගොන්ජාට බෝම්බයක් ගාලා දාන්න මල වදයක් ඕයි දැං, සෙද්ද,  ඇයි යකෝ TL පුරාම උගෙ Record,   ඌ ඇමති කෙනෙක් උනාට වඩා හොදා Telecommunications Department එකේ වැඩට දැම්ම නං, කරලා තියෙනෙනෙ  Call record කරන විතරනෙ බං ඒතරමට මුගෙ call","ඉරාකෙ හරි ඇමරිකාවේ හහි හාදයෙකට බැරිද, අර ගොන්ජාට බෝම්බයක් ගාලා දාන්න මල වදයක් ඕයි දැං, සෙද්ද, ඇයි යකෝ තල් පුරාම උගෙ Record, ඌ ඇමති කෙනෙක් උනාට වඩා හොදා තෙලෙකොම්මුනිකතිඔන්ස Department එකේ වැඩට දැම්ම නං, කරලා තියෙනෙනෙ Call record කරන විතරනෙ බං ඒතරමට මුගෙ call",0.8135
@USER උඹ තම්බින්ට විරුද්ධව හරි පාටලීට විරුද්ධව හරි මොනා හරි කිවුවද? ඌ එහෙම උන්ව block කරනවා.. බය වෙන්න එපා ඌට fake ගොඩක් තියනවා.. ඌ උඹ කියන ඒවා බලනවා,උඹ තම්බින්ට විරුද්ධව හරි පාටලීට විරුද්ධව හරි මොනා හරි කිවුවද? ඌ එහෙම උන්ව block කරනවා.. බය වෙන්න එපා ඌට fake ගොඩක් තියනවා.. ඌ උඹ කියන ඒවා බලනවා,0.8135
හාමුගෙ පුක ලෙවකන රතු අලි පැටව් මේව දන්නෙ නැතුව ඇති.  ඕං අහගනිල්ල.  ඉදිරියේ දි ඕනවෙයි.+ URL,හාමුගෙ පුක ලෙවකන රතු අලි පැටව් මේව දන්නෙ නැතුව ඇති. ඕං අහගනිල්ල. ඉදිරියේ දි ඕනවෙයි.+ උර්ල්,0.8135
@USER පොන්න නැටුමක් වෙන්න  මොකද ලංකාවෙ පොන්නයින්ට කවුරුත් කැමති නැ නැටුව නම් ඇට නැතුව යන්න වෙන්නෙ,පොන්න නැටුමක් වෙන්න මොකද ලංකාවෙ පොන්නයින්ට කවුරුත් කැමති නැ නැටුව නම් ඇට නැතුව යන්න වෙන්නෙ,0.813
"""මම Kandy බ්‍රෝ""  ""අම්මට සිරි.මමත් Kandyනේ. උඹ Kandy කොහෙද බ්‍රෝ?""  ""මම... කොත්මලේට පොඩ්ඩක් එහා බ්‍රෝ""  #ශ්‍රීලංකන්ලොරිටෝක්ස්","""මම කන්ද්ය් බ්‍රෝ"" ""අම්මට සිරි.මමත් Kandyනේ. උඹ කන්ද්ය් කොහෙද බ්‍රෝ?"" ""මම... කොත්මලේට පොඩ්ඩක් එහා බ්‍රෝ"" #ශ්‍රීලංකන්ලොරිටෝක්ස්",0.813
@USER උඹේ බර්ත්ඩේ එක මතක තියාගන්න උඹ නෙල්සන් මැන්ඩෙලා කියල හිතුවද ??   එනිවේ හැපි බර්ත්ඩේ කොල්ලෝ.ආදලෙයි අහස තරම්,උඹේ බර්ත්ඩේ එක මතක තියාගන්න උඹ නෙල්සන් මැන්ඩෙලා කියල හිතුවද ?? එනිවේ හැපි බර්ත්ඩේ කොල්ලෝ.ආදලෙයි අහස තරම්,0.813
ඊලග පාර නම් අහූනොත් බාවනවා හුත්ත   එදා තෝ දත් තියන් ගියෙ කෙල්ලෙක් ලග හිටිය හින්දා,ඊලග පාර නම් අහූනොත් බාවනවා හුත්ත එදා තෝ දත් තියන් ගියෙ කෙල්ලෙක් ලග හිටිය හින්දා,0.813
කැරි පක එහෙම අවස්තාවක් දෙන්න ඕන මේකේ හුත්තලට,කැරි පක එහෙම අවස්තාවක් දෙන්න ඕන මේකේ හුත්තලට,0.813
අද #ජනමාධ්‍යවේදීන් කරන්නේ කටට #මයික් අල්ලන එක විතරයි #Lka #Media URL,අද #ජනමාධ්‍යවේදීන් කරන්නේ කටට #මයික් අල්ලන එක විතරයි ලක #Media උර්ල්,0.813
"ජාතිවාදය විකුනමින් කන , මැරුණ කොටින්ට පණ දෙන්න දගලන  මෝඩ බයියලාගේ කණට ගැහුව උත්තරයක්.... URL","ජාතිවාදය විකුනමින් කන , මැරුණ කොටින්ට පණ දෙන්න දගලන මෝඩ බයියලාගේ කණට ගැහුව උත්තරයක්.... උර්ල්",0.813
"බල්ලා කොච්චර සමිප සතෙක් ද කියලා මට තේරැනේ අපේ ගෙදර හිටපු.""ටෙරි"" ගෙන්.ඌ දඩෝරි බල්ලෙක්.හැබැයි ඌට හොද නරක මිනිස්සු අදුනගන්න තරම් හොද ඉවක් තිබ්බා. අපිට සල්ලිවලට වංචා කරපු කිපදෙනෙක්ම ඌ හැපුවා.ගහක කොලයක් හෙලඋනත් ඌ බුරනවා  කොටි අල්ලන්න ඇමට බැදලා ඉන්න බල්ලා දැක්කම මට ටෙරියා මතක් උනා","බල්ලා කොච්චර සමිප සතෙක් ද කියලා මට තේරැනේ අපේ ගෙදර හිටපු.""ටෙරි"" ගෙන්.ඌ දඩෝරි බල්ලෙක්.හැබැයි ඌට හොද නරක මිනිස්සු අදුනගන්න තරම් හොද ඉවක් තිබ්බා. අපිට සල්ලිවලට වංචා කරපු කිපදෙනෙක්ම ඌ හැපුවා.ගහක කොලයක් හෙලඋනත් ඌ බුරනවා කොටි අල්ලන්න ඇමට බැදලා ඉන්න බල්ලා දැක්කම මට ටෙරියා මතක් උනා",0.813
"Followers ගොඩ ගසා ගැනීමේ අරමුණින් follow back නොකරන කෙල්ලන් සෙනිකවම unfollow කරනු ලැබේ..  ""ඇයි යකෝ උබලද බඩු, අපිනෙ බඩු!!""","ෆෝල්ලොවෙර්ස් ගොඩ ගසා ගැනීමේ අරමුණින් follow back නොකරන කෙල්ලන් සෙනිකවම උන්ෆොල්ලොව් කරනු ලැබේ.. ""ඇයි යකෝ උබලද බඩු, අපිනෙ බඩු!!""",0.813
ඇයිද බොල කෙල්ලේ ඇවිද යන්නේ කරුවලේ පලඳා මාල බෙල්ලේ ගෙනියන්න කොල්ලෙක් නැද්ද මේ සිංහලේ,ඇයිද බොල කෙල්ලේ ඇවිද යන්නේ කරුවලේ පලඳා මාල බෙල්ලේ ගෙනියන්න කොල්ලෙක් නැද්ද මේ සිංහලේ,0.813
මිතුරන් සමඟ මචං වෙන අතරවාරයේ මචං වෙතින් කටට රසට පිළිගන්වන Singapore Chicken or Pork try කරන්න අමතක කරන්න එපා. URL,මිතුරන් සමඟ මචං වෙන අතරවාරයේ මචං වෙතින් කටට රසට පිළිගන්වන සින්ගපොරේ Chicken ඔර Pork try කරන්න අමතක කරන්න එපා. උර්ල්,0.813
"බුදු අම්මෝ හුකනව දාල. ගුරා උඹ එන්ඩ නං එපා ලන්කාවට බයිට් කරල මරනව  Thisaranie (තිසරණී) @USER  · 5 Feb 2017  @USER thanks to your ig, once you wanted me to chant ithipiso before the sleep",බුදු අම්මෝ හුකනව දාල. ගුරා උඹ එන්ඩ නං එපා ලන්කාවට බයිට් කරල මරනව ථිසරංඉඑ (තිසරණී) · 5 ෆෙබ් 2017 thanks ටො your ඉග once you වන්ටෙඩ් මේ ටො chant ඉතිපිසෝ before the sleep,0.813
@USER යහමග ඉන්න උන්ටත්..අඩො බඩුවක් ඉන්නව කියල කීයක් හරි හොයාගන්න ව ඩීල් යවල.. ආයෙ ඕකෙ රිම් ඇදවෙනවැ,යහමග ඉන්න උන්ටත්..අඩො බඩුවක් ඉන්නව කියල කීයක් හරි හොයාගන්න ව ඩීල් යවල.. ආයෙ ඕකෙ රිම් ඇදවෙනවැ,0.8125
@USER මොන හුත්තක්ද නංගි කියන්නෙ ? ඔයාල හැමනෙන්න යද්දිත් කොල්ල එක්ක තාත්තා මතක් කරන්ද ඒ වැඩ කරන්නේ.. අපි මේ අද ඊයෙ මේවට ආපු සූටි බබාල නෙමෙ..ඕ වගෙ අම්ම අප්ප මතක් කරං ආවම නැට්ට පුකේ ගහං ..කෝක උනත් කිම්බක් නිසාම දෙකට නැවීගෙන අනේ නංගියො කියන මූකලන් බස්සොත් ඇති..අපි ඒම සූටි නෑ.. ඕකේ,මොන හුත්තක්ද නංගි කියන්නෙ ? ඔයාල හැමනෙන්න යද්දිත් කොල්ල එක්ක තාත්තා මතක් කරන්ද ඒ වැඩ කරන්නේ.. අපි මේ අද ඊයෙ මේවට ආපු සූටි බබාල නෙමෙ..ඕ වගෙ අම්ම අප්ප මතක් කරං ආවම නැට්ට පුකේ ගහං ..කෝක උනත් කිම්බක් නිසාම දෙකට නැවීගෙන අනේ නංගියො කියන මූකලන් බස්සොත් ඇති..අපි ඒම සූටි නෑ.. ඕකේ,0.8125
මෙන්න කොටි හිතවාදී වේසි.... පුතාලා කිබිතිගොල්ලාවේ අහිංසක කිරි දරුවෝ විකුණගෙන කන හැටි  @USER  @USER  @USER  @USER  #lka #SriLanka,මෙන්න කොටි හිතවාදී වේසි.... පුතාලා කිබිතිගොල්ලාවේ අහිංසක කිරි දරුවෝ විකුණගෙන කන හැටි ලක ශ්‍රීලංකා,0.8125
මං වළං හෝදනකොට තොපි කඹත් ඇද්ද ද!?,මං වළං හෝදනකොට තොපි කඹත් ඇද්ද ද!?,0.8125
@USER  @USER ඔව් අද වැහිකලුව ජොක්කු හෝදන්නෙපා වේලන්න අමාරු වෙයි,ඔව් අද වැහිකලුව ජොක්කු හෝදන්නෙපා වේලන්න අමාරු වෙයි,0.8125
@USER @USER  පුක දෙන එකෙ limit එකක් තියාගන්නෙයි කියලා තාත්ත කියලා දීලා නැද්ද්,පුක දෙන එකෙ limit එකක් තියාගන්නෙයි කියලා තාත්ත කියලා දීලා නැද්ද්,0.8125
@USER  @USER කෝච්චිය යන්නැති වෙලාව්ට නම් බෙල්ල නෙමෙ පුක උනත් තියත හැකි ඉතිං,කෝච්චිය යන්නැති වෙලාව්ට නම් බෙල්ල නෙමෙ පුක උනත් තියත හැකි ඉතිං,0.8125
අරඹෙ ඈත ගස් ගොල්ලේ  කෝටු කඩන ඉපනැල්ලේ චරස් චරස් අඩි පැන පැන  දර නෙළනා බාල නගෝ කෝ බං දර ඉපනැල් ටික මෙන්න මෙතන දිග ඇරලා ඒකි මෙහේ නැතේයා....!  වෙරළු ගහේ බිම ඇනගෙන ගෙඩි එක දෙක ඔඩොක්කුවට ඉදා ගනින් ඔයිත් එකක් මේං හිටපු අක්කණ්ඩී මේං නැතේයා...! URL,අරඹෙ ඈත ගස් ගොල්ලේ කෝටු කඩන ඉපනැල්ලේ චරස් චරස් අඩි පැන පැන දර නෙළනා බාල නගෝ කෝ බං දර ඉපනැල් ටික මෙන්න මෙතන දිග ඇරලා ඒකි මෙහේ නැතේයා....! වෙරළු ගහේ බිම ඇනගෙන ගෙඩි එක දෙක ඔඩොක්කුවට ඉදා ගනින් ඔයිත් එකක් මේං හිටපු අක්කණ්ඩී මේං නැතේයා...! උර්ල්,0.8125
"මේ ටිකේ රසබොජුන් නැතුවැති  කන්නෙත් බතුයි සම්බලයි වෙන්නැති කටට ලුණු රසක් දැනෙන්නැතුවැති ඉවසන් ඉදපන් තාත්තත් කොහෙට හරි වෙලා හොරෙන් අඩනවාඇති  ""දාඩිය ටිකක් හෙල්ලුන්නැත්තම් කෑමත් රස නෑ එයත් දන්නවඇති""","මේ ටිකේ රසබොජුන් නැතුවැති කන්නෙත් බතුයි සම්බලයි වෙන්නැති කටට ලුණු රසක් දැනෙන්නැතුවැති ඉවසන් ඉදපන් තාත්තත් කොහෙට හරි වෙලා හොරෙන් අඩනවාඇති ""දාඩිය ටිකක් හෙල්ලුන්නැත්තම් කෑමත් රස නෑ එයත් දන්නවඇති""",0.8125
මෝඩයගෙ දවස කියල පුක දෙන්ඩ එපා ප්ලීස් අපේ හැම දවසක්ම මෝඩයි (12:43 AM),මෝඩයගෙ දවස කියල පුක දෙන්ඩ එපා ප්ලීස් අපේ හැම දවසක්ම මෝඩයි (12:43 අම,0.812
@USER හිතෙන්න දෙයක් නෑ හරිත තමයි.අපිත් ආසයි හුත්තො පේර යන්ඩ. කරුමෙට බෑනෙ. ඉතින් එතකොට අපි තොපෙ පුක හොද හෝද ඉන්ඩ ඔනෙද  @USER,හිතෙන්න දෙයක් නෑ හරිත තමයි.අපිත් ආසයි හුත්තො පේර යන්ඩ. කරුමෙට බෑනෙ. ඉතින් එතකොට අපි තොපෙ පුක හොද හෝද ඉන්ඩ ඔනෙද,0.812
කොරියාවට ආපු Piumi hansamali..සිංදු කියද්දී.. බඩුව එපෝ..කිය කියා,කොරියාවට ආපු පිඋමි hansamali..සිංදු කියද්දී.. බඩුව එපෝ..කිය කියා,0.812
@USER හුකපං යකෝ.. හුකපං අම්මලත් හිටිය උත්තො. මීට වඩා හොඳයි මට කෙල නොදා ඇරියනං,හුකපං යකෝ.. හුකපං අම්මලත් හිටිය උත්තො. මීට වඩා හොඳයි මට කෙල නොදා ඇරියනං,0.812
"මාස 11 ක දරුවෙක් කන්න නැතුව මැරිලා කියලා හොටු පෙරාගෙන අඩන්න එපා යකෝ,මව්කිරි නේ මාස 11 ළමයෙක්ට වැඩිපුර දෙන්නේ ,නැතුව බත් කවන්නේ නෑ තුන් වේලටම","මාස 11 ක දරුවෙක් කන්න නැතුව මැරිලා කියලා හොටු පෙරාගෙන අඩන්න එපා යකෝ,මව්කිරි නේ මාස 11 ළමයෙක්ට වැඩිපුර දෙන්නේ ,නැතුව බත් කවන්නේ නෑ තුන් වේලටම",0.812
@USER ඒක අවුරුදු 4ක් කරා බ්‍රෝ... තවම අවුල තියෙන්නේ hospital යන්න දෙන්නෙ නෑ උන් පේරේ - නුවර....GMOA  මහ සක්කිලි ඕකුන්ව තබේකට විස්වාස කරන්ඩ එපා,ඒක අවුරුදු 4ක් කරා බ්‍රෝ... තවම අවුල තියෙන්නේ hospital යන්න දෙන්නෙ නෑ උන් පේරේ - නුවර....GMOA මහ සක්කිලි ඕකුන්ව තබේකට විස්වාස කරන්ඩ එපා,0.812
@USER ලංකාවෙත් පටන් ගත්තොත් ගෙමක් දෙන්න පුළුවන් ඒත් daily  1 kg දෙන්න පුක ඉරා ගන්න වෙයි නේද?,ලංකාවෙත් පටන් ගත්තොත් ගෙමක් දෙන්න පුළුවන් ඒත් daily 1 ක් දෙන්න පුක ඉරා ගන්න වෙයි නේද?,0.812
මේකිට පිස්සු හැදිලා ද? මේ හොඳට හිටිය නේ  Helena @USER  · 3 Sep 2015  @USER @USER Kyōṁ? Samasyā kyā hai?,මේකිට පිස්සු හැදිලා ද? මේ හොඳට හිටිය නේ හෙලේන · 3 සේප 2015 ක්ය සංඅස්ය ක්ය හි,0.812
මෙන්ෂන් කරන්න  මගෙ පුකේ කඩියෝ දුවන්නේ නැහැ තොපි එක්ක අල්ලාප සල්ලාප කරන්න  මගෙ බල්ලටවත් එපා තොපිගෙ හැතිකරේ එකෙක්වත්  අර අහවල් එකිත් තෝම තියාගනින්  තියාගෙන කුදලගනින්,මෙන්ෂන් කරන්න මගෙ පුකේ කඩියෝ දුවන්නේ නැහැ තොපි එක්ක අල්ලාප සල්ලාප කරන්න මගෙ බල්ලටවත් එපා තොපිගෙ හැතිකරේ එකෙක්වත් අර අහවල් එකිත් තෝම තියාගනින් තියාගෙන කුදලගනින්,0.812
"@USER  @USER මුන් මේ ජාතියක් ජන්මයක් නැති සුද්දට පුක දීපු පැටව් ඒකයි. ජන්ම ගත් යවන්න බෑනේ... ""ආරේ ගති නෑරේ' කියල පැරැන්නෝ නිකමට නෙමෙයිනේ කිව්වෙ.","මුන් මේ ජාතියක් ජන්මයක් නැති සුද්දට පුක දීපු පැටව් ඒකයි. ජන්ම ගත් යවන්න බෑනේ... ""ආරේ ගති නෑරේ' කියල පැරැන්නෝ නිකමට නෙමෙයිනේ කිව්වෙ.",0.812
"අවජාතක මානසික ලෙඩ්ඩු. කෝ අර අන්තරේට කහින උන් ? #lka Thisaranie (තිසරණී) @USER  · 20 Feb 2017 නවකවදය දුන් සරසවි සිසුන් 15ම රක්ෂිත බන්ධනාගාරයට - කුලී නිවසක්, වධකාගාරයක් ලෙස පවත්වාගෙන ගිය බවත් හෙළිවේ URL   WTF UoP","අවජාතක මානසික ලෙඩ්ඩු. කෝ අර අන්තරේට කහින උන් ? ලක ථිසරංඉඑ (තිසරණී) · 20 ෆෙබ් 2017 නවකවදය දුන් සරසවි සිසුන් 15ම රක්ෂිත බන්ධනාගාරයට - කුලී නිවසක්, වධකාගාරයක් ලෙස පවත්වාගෙන ගිය බවත් හෙළිවේ උර්ල් ව්ට්ෆ් උඔප්",0.812
පුක පොඩි කෙල්ලන් පුක පෙන්නාහූ ද තන පොඩි කෙල්ලන් තන පෙන්නාහූ ද  Instagram වල ලොකු වෙති  ඉක්බිතිව පුක තන මනා වූ කෙල්ලන් instagram queens ලා වෙති කා බී අපිටත් පෙන්නා සතුටු වෙති,පුක පොඩි කෙල්ලන් පුක පෙන්නාහූ ද තන පොඩි කෙල්ලන් තන පෙන්නාහූ ද ඉන්ස්ටග්රම් වල ලොකු වෙති ඉක්බිතිව පුක තන මනා වූ කෙල්ලන් ඉන්ස්ටග්රම් කුඑඑන්ස ලා වෙති කා බී අපිටත් පෙන්නා සතුටු වෙති,0.812
උගෙ අම්ම ගන්න එපයි වේසිගෙපුතා... යකෝ මූ වදින ගමන් කරන වැඩේනෙ වේදනාව තියෙන්නෙ Janaka @USER  · 19 Nov 2020 What a sick bastard exposing to a little child. Hope they catch this bastard. #helpfindhim Show this thread,උගෙ අම්ම ගන්න එපයි වේසිගෙපුතා... යකෝ මූ වදින ගමන් කරන වැඩේනෙ වේදනාව තියෙන්නෙ ජනක · 19 නොව 2020 What අ sick bastard එෂ්පොසිඞ් ටො අ little child. Hope they catch this bastard. හෙල්ප්ෆින්ධිම් Show this thread,0.812
"@USER  @USER ගෝඨාභය මහත්තයා මිනිස්සුන්ගේ බුද්ධියට ආමන්ත්‍රණය කරද්දි.....................   බුද්ධිය කියලා දෙයක් නැති පුකෙන් හිතන, හයියෙන් පඩින  @USER  වගේ  පොන්න හු***ලා ඒ මනුස්සයාව නැති කරන්න හදනවා.","ගෝඨාභය මහත්තයා මිනිස්සුන්ගේ බුද්ධියට ආමන්ත්‍රණය කරද්දි..................... බුද්ධිය කියලා දෙයක් නැති පුකෙන් හිතන, හයියෙන් පඩින වගේ පොන්න හු***ලා ඒ මනුස්සයාව නැති කරන්න හදනවා.",0.812
""" Degree 100ක් ගත්තත් මොකටද මිනිහට කටට රහට වේලක් උයලා දෙන්න බැරිනම් """,""" Degree 100ක් ගත්තත් මොකටද මිනිහට කටට රහට වේලක් උයලා දෙන්න බැරිනම් """,0.812
ගොන් පූස මගෙ බඩට හේත්තුව දාගෙන නිදි. ඌ ඇහැරෙයි කියල මම හෙල්ලෙන්නෙවත් නැතුව ඉන්නවා,ගොන් පූස මගෙ බඩට හේත්තුව දාගෙන නිදි. ඌ ඇහැරෙයි කියල මම හෙල්ලෙන්නෙවත් නැතුව ඉන්නවා,0.812
ඇති නිදාගත්ත  පුපට ඉර එලිය වැටෙනකංම නිදියනව තොපි  Good morning ඇ'  සුභ ඩවසක් හැමොටම,ඇති නිදාගත්ත පුපට ඉර එලිය වැටෙනකංම නිදියනව තොපි Good morning ඇ' සුභ ඩවසක් හැමොටම,0.812
ලොකුඅම්මා- නංගි දුවව එහෙනම් අපේ පුතාගෙ බ්‍රයිඩ්ස් මේඩ්ට එවනව නේද  අම්ම-දුව කැමති නෑලු අක්කෙ ලො.අ.- දූ මොකද කැමති නැත්තෙ නටන්නත් පුලුවන් නෙ මන්- (හා ඉතින් මන් කැමති බෙස්ට්මන් කෙනෙක්වත් ඉන්නවනම්),ලොකුඅම්මා- නංගි දුවව එහෙනම් අපේ පුතාගෙ බ්‍රයිඩ්ස් මේඩ්ට එවනව නේද අම්ම-දුව කැමති නෑලු අක්කෙ ලො.අ.- දූ මොකද කැමති නැත්තෙ නටන්නත් පුලුවන් නෙ මන්- (හා ඉතින් මන් කැමති බෙස්ට්මන් කෙනෙක්වත් ඉන්නවනම්),0.812
@USER අම්මා උයල බෙදන ඒව ඔක්කොම කනවා..අම්මට පට්ට සතුටුයි..ඒ නිසාම කනවා,අම්මා උයල බෙදන ඒව ඔක්කොම කනවා..අම්මට පට්ට සතුටුයි..ඒ නිසාම කනවා,0.812
"එකෙක්ට ෆලෝවින් දුන්නා විතරයි, අන්ෆලෝ කරලා ඌ   ෆව් අඩේ තෝ   හිතුවේ දැක්කේ නෑ කියලා නේ","එකෙක්ට ෆලෝවින් දුන්නා විතරයි, අන්ෆලෝ කරලා ඌ ෆව් අඩේ තෝ හිතුවේ දැක්කේ නෑ කියලා නේ",0.812
@USER යකෝ අනිත් ඉවුං ඉන්ජො වෙන්න දෙන ගේම බලද්දි..මූ ඉන්ජෙක් උනේ සතියෙන්  @USER  @USER  @USER  @USER  @USER,යකෝ අනිත් ඉවුං ඉන්ජො වෙන්න දෙන ගේම බලද්දි..මූ ඉන්ජෙක් උනේ සතියෙන්,0.8117
@USER වැඩක් නෑ ඕයි. අර ඔරිජිනල් pioneer DJ දෙකට පුක දීලනෙ අය්යගෙ යාලුවෙක්,වැඩක් නෑ ඕයි. අර ඔරිජිනල් pioneer ද්ජ් දෙකට පුක දීලනෙ අය්යගෙ යාලුවෙක්,0.8115
"ජනසංසදය: තොපි පර දෙමල්ලූ, එනවා මෙතන පුතාව සුද්ද කරන්න! අම්මාට.......පිය, තොප හු..... ඕන තැනකට පලයල්ලා!! URL","ජනසංසදය: තොපි පර දෙමල්ලූ, එනවා මෙතන පුතාව සුද්ද කරන්න! අම්මාට.......පිය, තොප හු..... ඕන තැනකට පලයල්ලා!! උර්ල්",0.8115
මේ වගේ උන් අහු උනොත් පක කපලා දාලම පොලීසියට දෙමු URL,මේ වගේ උන් අහු උනොත් පක කපලා දාලම පොලීසියට දෙමු උර්ල්,0.8115
බීතෝවන් වුනත් කවදාවත් හිතන්න නැතුව ඇති තමන් පුක ඉරාගෙන හදපු සිම්පනි පාං විකුණන ත්‍රීවිල් වල යයි කියලා  #FurElise #TukTuk #ChoonPan,බීතෝවන් වුනත් කවදාවත් හිතන්න නැතුව ඇති තමන් පුක ඉරාගෙන හදපු සිම්පනි පාං විකුණන ත්‍රීවිල් වල යයි කියලා ෆුරෙලිසේ ටුක්ටුක් චූන්පන්,0.8115
@USER @USER  lel driverල මදිලු. යකෝ ඒක පට්ට paying ජොබ් එකක්. අයි දන්නෑ මිනිස්සු නැත්තෙ!  @USER  @USER,ලෙල් driverල මදිලු. යකෝ ඒක පට්ට paying ජොබ් එකක්. අයි දන්නෑ මිනිස්සු නැත්තෙ!,0.8115
ඒකටනන් කටට කෙලත් ඉනුව. Diwani | දිවානි @USER  · 10 Mar 2021 Cassava pittu  (මඤ්ඤොක්කා පිට්ටු) Recipe   URL,ඒකටනන් කටට කෙලත් ඉනුව. දිවනි | දිවානි · 10 Mar 2021 චාස්සව පිට්ටු (මඤ්ඤොක්කා පිට්ටු) Recipe උර්ල්,0.8115
@USER @USER  කොහෙ යන්නඩ...බොලා කියන කියන විඩියට යන්ඩ අපි කවුඩ...ගොන් ඌරා..එන්ඩ ටිබ්බෙ නුවර..හම ගහල මස් කඩේට ඩාම්න ටිබ්බා... @USER,කොහෙ යන්නඩ...බොලා කියන කියන විඩියට යන්ඩ අපි කවුඩ...ගොන් ඌරා..එන්ඩ ටිබ්බෙ නුවර..හම ගහල මස් කඩේට ඩාම්න ටිබ්බා...,0.8115
අන්තිමේදී සක්කිලි දෙමෙල්ලු උන්ගෙ දුර්ගා මාතාවගේ වාහනේටත් කෙලියා ඈ!!!  ආඩවනේ මුරුංගා!!!,අන්තිමේදී සක්කිලි දෙමෙල්ලු උන්ගෙ දුර්ගා මාතාවගේ වාහනේටත් කෙලියා ඈ!!! ආඩවනේ මුරුංගා!!!,0.8115
"බලාපං අතරමංවෙලා ඒකි එක්ක දවසක්.. මොන ගඟ මැද්දෙත් තියනවා හබල් නැති ඔරුවක්.. කියාපන් "" අම්මේ මට ඔළුවේ කැක්කුමයි වගේ දෙබසක්... ගලොගෙන කකුලක්, පේනකං ඉස්පිරිතාලයක්, ඕකී ලේ පෙරාගෙන හබල් ගහයි වරුවක්...  ""අම්මා"" කියන්නෙම, ප්‍රේමයට කියනා තවත් එක් සමාන පදයක්  #අම්මා","බලාපං අතරමංවෙලා ඒකි එක්ක දවසක්.. මොන ගඟ මැද්දෙත් තියනවා හබල් නැති ඔරුවක්.. කියාපන් "" අම්මේ මට ඔළුවේ කැක්කුමයි වගේ දෙබසක්... ගලොගෙන කකුලක්, පේනකං ඉස්පිරිතාලයක්, ඕකී ලේ පෙරාගෙන හබල් ගහයි වරුවක්... ""අම්මා"" කියන්නෙම, ප්‍රේමයට කියනා තවත් එක් සමාන පදයක් #අම්මා",0.8115
මොවුන් අසරන ලමයි. ඒම තිරිසන් සක්කිලි වැඩ කලෙ විජයකලා වගේ ලොකු එවුන්. උන්ව සුරතල් කරල රනවිරුවොඅ මරල ඔයාල ගන්න ආතල්... URL,මොවුන් අසරන ලමයි. ඒම තිරිසන් සක්කිලි වැඩ කලෙ විජයකලා වගේ ලොකු එවුන්. උන්ව සුරතල් කරල රනවිරුවොඅ මරල ඔයාල ගන්න ආතල්... උර්ල්,0.8115
තම බිරියට වදින ගාතාව   ඒක මුක්කෝ නාද නික්මේ ගාන්ඪාරෝ හැටක් හැටක් සැලරි ඩේටෝ ආල ගුප්තේ පුලුල් දන්තෝ ටකස් ටකස් යක්ශ ලුක්කෝ පේස දිස්සේ ඇලජිකෝ නැන්දම්මා වහහ් වයිෆ් වන්දේ කරුම බැන්දේ පුරුෂ සත්තෝ දණ නමහ්   කවුද සාන්ත මේව හදන්නෙ දෙයියනේ,තම බිරියට වදින ගාතාව ඒක මුක්කෝ නාද නික්මේ ගාන්ඪාරෝ හැටක් හැටක් සැලරි ඩේටෝ ආල ගුප්තේ පුලුල් දන්තෝ ටකස් ටකස් යක්ශ ලුක්කෝ පේස දිස්සේ ඇලජිකෝ නැන්දම්මා වහහ් වයිෆ් වන්දේ කරුම බැන්දේ පුරුෂ සත්තෝ දණ නමහ් කවුද සාන්ත මේව හදන්නෙ දෙයියනේ,0.8115
@USER @USER  @USER  මම කාලා එනවා. .හිටිහොත් තොට බත් කටේ හිර කරලා මරනවා,මම කාලා එනවා. .හිටිහොත් තොට බත් කටේ හිර කරලා මරනවා,0.811
IT miss: තමුසෙ මහා වනචරයෙක් ඔයි! තමුසෙ කරන පීචන් වෑඩවලින් මමයි එකෙ බෑනුම් අහන්නේ!! -.- #SLSchoolTalks,ඉට miss: තමුසෙ මහා වනචරයෙක් ඔයි! තමුසෙ කරන පීචන් වෑඩවලින් මමයි එකෙ බෑනුම් අහන්නේ!! -.- ස්ල්ස්චූල්ටල්ක්ස්,0.811
@USER ගල හොදට රත් කරල රොටියක් පුච්චගෙන වැව්මාලු හොද්දකුයි වට්ටක්ක හොද්දකුයි කොච්චි සම්බෝලෙකුයි හදාගෙන කන එක?,ගල හොදට රත් කරල රොටියක් පුච්චගෙන වැව්මාලු හොද්දකුයි වට්ටක්ක හොද්දකුයි කොච්චි සම්බෝලෙකුයි හදාගෙන කන එක?,0.811
"අද අර කොටා නයි විතරක් නෙමෙයි පිඹුරො, ඇනකොන්ඩලා එහෙමත් නටවලයි පස්ස බලන්නේ. #SLvsBAN #NidahasTrophy2018  #මෙහෙමත්කෑමක්","අද අර කොටා නයි විතරක් නෙමෙයි පිඹුරො, ඇනකොන්ඩලා එහෙමත් නටවලයි පස්ස බලන්නේ. ස්ල්ව්ස්බන් #NidahasTrophy2018 #මෙහෙමත්කෑමක්",0.811
@USER ගල් රෝලක් පොරවගන්න තරං ඌට පිස්සු නැතුව ඇති  කෑලි කරල පංචිකාවත්තෙ දාන්න පුලුවන්,ගල් රෝලක් පොරවගන්න තරං ඌට පිස්සු නැතුව ඇති කෑලි කරල පංචිකාවත්තෙ දාන්න පුලුවන්,0.811
@USER  @USER    නොදන්න ලබ්බවල් නොදන්න සින්හලෙන් දාලා උබ දෙන චූන් මදිද??කටයි පුකයි වහන් ඉදපන් උබේ මෝඩ මරිමෝල් හැම හුත්තකටම මාව tag නොකර ගොන් බිජ්ජා,නොදන්න ලබ්බවල් නොදන්න සින්හලෙන් දාලා උබ දෙන චූන් මදිද??කටයි පුකයි වහන් ඉදපන් උබේ මෝඩ මරිමෝල් හැම හුත්තකටම මාව tag නොකර ගොන් බිජ්ජා,0.811
මරලා පස්ස බැලුවොත් ලොකු දෙයක්,මරලා පස්ස බැලුවොත් ලොකු දෙයක්,0.811
@USER @USER  ඇත්ත කිව්වෙ බන් ලොකුවට මූන සුදුවට තිබ්බට පුක කලුයි හිරයි තදයි,ඇත්ත කිව්වෙ බන් ලොකුවට මූන සුදුවට තිබ්බට පුක කලුයි හිරයි තදයි,0.811
යකෝ අපේ උන් ආසාවට දෙකට තුනට නැමිලා fielding කළොත් ඌ injured.. තව කොහේද මුන් දෝනි කෝලි වගේ ගැහුවා නම්.... කාලා තෙල... URL,යකෝ අපේ උන් ආසාවට දෙකට තුනට නැමිලා ෆිඑල්දිඞ් කළොත් ඌ injured.. තව කොහේද මුන් දෝනි කෝලි වගේ ගැහුවා නම්.... කාලා තෙල... උර්ල්,0.811
කෙල්ලොන්ට පේන්ඩ පකේ ලයින් දාන්නෙ නැතුව වැඩක් බලගනින් බං. රෙන්ඩ තියන පුක සැපයුම් මර්ගයක් කරගනින් wholesale දාගන්නෙ නැතුව. චීත්ත පකය,කෙල්ලොන්ට පේන්ඩ පකේ ලයින් දාන්නෙ නැතුව වැඩක් බලගනින් බං. රෙන්ඩ තියන පුක සැපයුම් මර්ගයක් කරගනින් wholesale දාගන්නෙ නැතුව. චීත්ත පකය,0.811
@USER දැන් ඒකි ලමයි දෙන්නෙක් ඉන්න අම්මෙක්,දැන් ඒකි ලමයි දෙන්නෙක් ඉන්න අම්මෙක්,0.811
යකෝ අර බෙහෙත් ගෙදර සේරමටම අඑකම දවසේ ගහනව අනම් මාර සීන් එක වෙන්න,යකෝ අර බෙහෙත් ගෙදර සේරමටම අඑකම දවසේ ගහනව අනම් මාර සීන් එක වෙන්න,0.8109
@USER  යකෝ උබට තියෙන තර්ජන,යකෝ උබට තියෙන තර්ජන,0.8107
මේ පර බල්ල කියන්වා ඌට ඊළමක් ඕනීලු. මු ඉන්දියාවේ එකෙක්. මූන්ටනේ යකෝ අපේ රටේ උන් ගැන කැක්කුමක් තියෙන්නෙ...! Report this account! We want to see we are the SL. #NoMoreEelamInSL,මේ පර බල්ල කියන්වා ඌට ඊළමක් ඕනීලු. මු ඉන්දියාවේ එකෙක්. මූන්ටනේ යකෝ අපේ රටේ උන් ගැන කැක්කුමක් තියෙන්නෙ...! Report this account! වේ want ටො see වේ are the සල් නොමොරෙඑඑලංඉන්ස්ල,0.8106
අවාසනාව  උඹ  මට  ඇරියා  අරිනවා  හොඳටම... මතක  තියාගනින්  දවසක  මම  තොට  අරිනවා  රිදෙන්න...  රුවන් නන්දික...... URL,අවාසනාව උඹ මට ඇරියා අරිනවා හොඳටම... මතක තියාගනින් දවසක මම තොට අරිනවා රිදෙන්න... රුවන් නන්දික...... උර්ල්,0.8105
"ලස්සන කෙල්ලෙක් දැක්කම අපි හිතෙන්, බැඳලා ලමයිනුත් හදලා ඉවරයි. ඒකි:- මේ මොන හිපාටුවෙක්ද?  ඉතින් කෝමද අපිට හරියන්නෙ","ලස්සන කෙල්ලෙක් දැක්කම අපි හිතෙන්, බැඳලා ලමයිනුත් හදලා ඉවරයි. ඒකි:- මේ මොන හිපාටුවෙක්ද? ඉතින් කෝමද අපිට හරියන්නෙ",0.8105
"“යකෝ දැන් පුපුරනවා, අම්මට …..(Digital?) නැතුව මෙතනින් දුවපියව්” අති විශේෂ හෙළිදරව්ව - URL via  @USER","“යකෝ දැන් පුපුරනවා, අම්මට …..(Digital?) නැතුව මෙතනින් දුවපියව්” අති විශේෂ හෙළිදරව්ව - උර්ල් via",0.8105
@USER එන්නෙපා අපේ අක්කන්ඩිට අනම් මනම් කියාගෙන  ගහප් තොට,එන්නෙපා අපේ අක්කන්ඩිට අනම් මනම් කියාගෙන ගහප් තොට,0.8105
@USER රස බලපු තෝ දන්නැත්තං මේ අහක ඉන්න අපිද දන්නෙ බොංඩියේ???,රස බලපු තෝ දන්නැත්තං මේ අහක ඉන්න අපිද දන්නෙ බොංඩියේ???,0.8105
''ජනපති'' වෙන්න හැකිනම් ලොකු බොරු කියලා  පන්සිල් පද පහත්‍ දැන් බිංදුවට ම වැටිලා  ''චී-වර'' දරන 'තක්කඩි' අද වැහි වැහැලා මේ *බක්මහ අකුණු* හිටපන් තොපි වහන්වෙලා...,''ජනපති'' වෙන්න හැකිනම් ලොකු බොරු කියලා පන්සිල් පද පහත්‍ දැන් බිංදුවට ම වැටිලා ''චී-වර'' දරන 'තක්කඩි' අද වැහි වැහැලා මේ *බක්මහ අකුණු* හිටපන් තොපි වහන්වෙලා...,0.8105
සිරාවටම මුන්ට නෙමේ බං ගහන්න ඕනේ.මේවගේ කාලකණ්ණි වේසිගේ පොන්නයෙක් හදපු මහ උන්ට. URL,සිරාවටම මුන්ට නෙමේ බං ගහන්න ඕනේ.මේවගේ කාලකණ්ණි වේසිගේ පොන්නයෙක් හදපු මහ උන්ට. උර්ල්,0.8105
#SuicideSquad පෙන්නන්න එපා. කවුරු හරි රජෙක්ගෙ පුකක් පෙන්නපල්ලා. ගොං හැත්ත. #lka #වසර2500ක #සාඩම්බර #පුක,සුඉකිදෙස්කුඅද් පෙන්නන්න එපා. කවුරු හරි රජෙක්ගෙ පුකක් පෙන්නපල්ලා. ගොං හැත්ත. ලක #වසර2500ක #සාඩම්බර #පුක,0.8105
@USER මොන ලබ්බටද යකෝ මුන්ට බේත් විදින්නෙ මැරිලා යන්න දෙන්නෙ නැතිව.,මොන ලබ්බටද යකෝ මුන්ට බේත් විදින්නෙ මැරිලා යන්න දෙන්නෙ නැතිව.,0.8104
බල්ලා ගෙටදා තාත්තා බලු කූඩුවෙී සිරකර තැබූ දුව පොලිස් අත්තඩංගුවට  තම පියා නිවස ආසන්නයේ මළ මූත්‍රා පිටකරමින්... URL,බල්ලා ගෙටදා තාත්තා බලු කූඩුවෙී සිරකර තැබූ දුව පොලිස් අත්තඩංගුවට තම පියා නිවස ආසන්නයේ මළ මූත්‍රා පිටකරමින්... උර්ල්,0.8103
නුඹ නොමැති දිහා වල කොහෙද තල සඳළු කටු මතින් ඇවිද යමි මතක වන වදුළු උහුලන්න බැරි තරම් මතකයන් සිඳළු ලස්සනම තැන් වලයි තියෙන්නෙම කඳුළු...!!  අමතක කරන්න  උත්සහය කරන්නත් බැරි මතක වල උඹ  ඇව්දින  හැටි   මොනාත්ම නොවුන වගේ  දන්නවද දුකත් සතුටක් කියලා හිතන්න මට පුරුදු කරේ උඹේ මතක කියලා #witch,නුඹ නොමැති දිහා වල කොහෙද තල සඳළු කටු මතින් ඇවිද යමි මතක වන වදුළු උහුලන්න බැරි තරම් මතකයන් සිඳළු ලස්සනම තැන් වලයි තියෙන්නෙම කඳුළු...!! අමතක කරන්න උත්සහය කරන්නත් බැරි මතක වල උඹ ඇව්දින හැටි මොනාත්ම නොවුන වගේ දන්නවද දුකත් සතුටක් කියලා හිතන්න මට පුරුදු කරේ උඹේ මතක කියලා #witch,0.8103
"පාරට ආවා අම්මා ගන්න  ක්ලාස් ගිය කෙල්ලෙක්ව ගන්න ආපු අම්මා කෙනෙක් ඉන්න්වා  ""ආදෙන්කෝ අද ඕකී.බලන්නකෝ මේ හුත්&ගේ කෙල්ල තාම නෑ.ෆෝන් වැඩ කරන්නෙත් නෑ.මරනවා අද ඕකිව.මොකා එක්ක මොන අවලමේ ගියාද දන්නෑ මෙදා සැරේ.එක ගමනකුත් හොද නැටුමක් නැටුවා.හිතන් ඉන්නේ අම්මණ්ඩිලා කියලා.පට්ට ගහන්නවා""  හුම්","පාරට ආවා අම්මා ගන්න ක්ලාස් ගිය කෙල්ලෙක්ව ගන්න ආපු අම්මා කෙනෙක් ඉන්න්වා ""ආදෙන්කෝ අද ඕකී.බලන්නකෝ මේ හුත්&ගේ කෙල්ල තාම නෑ.ෆෝන් වැඩ කරන්නෙත් නෑ.මරනවා අද ඕකිව.මොකා එක්ක මොන අවලමේ ගියාද දන්නෑ මෙදා සැරේ.එක ගමනකුත් හොද නැටුමක් නැටුවා.හිතන් ඉන්නේ අම්මණ්ඩිලා කියලා.පට්ට ගහන්නවා"" හුම්",0.8101
කොටි නැගිටිනෝ..  යකෝ වාඩිවෙල ඉඳල පුක රිදෙන නිස නැගිට්ටෙ..ටික්කින් වාඩිවෙන්නං රෙද්ද ...  කොටි.,කොටි නැගිටිනෝ.. යකෝ වාඩිවෙල ඉඳල පුක රිදෙන නිස නැගිට්ටෙ..ටික්කින් වාඩිවෙන්නං රෙද්ද ... කොටි.,0.8101
පුරුදු වෙයන් manual පදින්න.  ඒක පට්ට!,පුරුදු වෙයන් manual පදින්න. ඒක පට්ට!,0.8101
මුගේ ආච්චට බාස්මති ගරන්න අදද යකෝ ෆලෝබැක් කරන්නේ   @USER,මුගේ ආච්චට බාස්මති ගරන්න අදද යකෝ ෆලෝබැක් කරන්නේ,0.8101
හිත කොනක වල් අරටු පළවූ බෝල් මිනිසා රජවූ ලංකවේ හැටිලු #MasterD #44kalliya #kMac,හිත කොනක වල් අරටු පළවූ බෝල් මිනිසා රජවූ ලංකවේ හැටිලු මස්ටෙර්ඩ් #44kalliya ක්මක්,0.8101
පුක කසන කසන තැන් වල රතු ලපද මතු උනා! අම්මෝ කසනෝ!!!!,පුක කසන කසන තැන් වල රතු ලපද මතු උනා! අම්මෝ කසනෝ!!!!,0.8101
බුදු අම්මෝ මාර රස්නයක් නේ තියෙන්නේ.  දාඩිය බේරෙනවා...  ඒ අස්සේ අරුන් ගස් ටිකත් කපනවා ගොන් හැත්ත...  ශාප වෙන්න ඕනි උන් ඔක්කෝටම,බුදු අම්මෝ මාර රස්නයක් නේ තියෙන්නේ. දාඩිය බේරෙනවා... ඒ අස්සේ අරුන් ගස් ටිකත් කපනවා ගොන් හැත්ත... ශාප වෙන්න ඕනි උන් ඔක්කෝටම,0.8101
අපිම නැටි කපලා අත ඇරපු ගොන් හැත්ත තුවාලෙ හොද වෙන්නත් කලින් ලේ බේරි බේරි අපිටමනේ යකූ අරින්න හදන්නේ 󾌴 󾌴 󾌴 Try කරපන්... URL,අපිම නැටි කපලා අත ඇරපු ගොන් හැත්ත තුවාලෙ හොද වෙන්නත් කලින් ලේ බේරි බේරි අපිටමනේ යකූ අරින්න හදන්නේ 󾌴 󾌴 󾌴 Try කරපන්... උර්ල්,0.8101
@USER Mewage සක්කිලි වැඩ කරන්නේ ලංකාවේ ද බං?okunta කන්න නැතුව මැරෙන්නේ kawadahari කාලකන්නි,මේවගේ සක්කිලි වැඩ කරන්නේ ලංකාවේ ද බං?okunta කන්න නැතුව මැරෙන්නේ කවදාහරි කාලකන්නි,0.8101
මේ වගේ අම්පයර්ලා ඉන්ටර්නැශනල් මැච් වලට දාන උන්ට ගහන්න ඕනේ හු*ත ICc එක මුන්ගේ මහගෙදරනේ හුක*නෝ #SLvIND,මේ වගේ අම්පයර්ලා ඉන්ටර්නැශනල් මැච් වලට දාන උන්ට ගහන්න ඕනේ හු*ත ඉක්ක එක මුන්ගේ මහගෙදරනේ හුක*නෝ ස්ල්වින්ඩ්,0.8096
ගැණි මිනිහයි රන්ඬු වෙද්දි ගෑණි කොහු මිටෙන් මිනිහට ගහද්දි මිනිහ ගෑණිට මොකෙන්ද ගහන්න ඕනි.,ගැණි මිනිහයි රන්ඬු වෙද්දි ගෑණි කොහු මිටෙන් මිනිහට ගහද්දි මිනිහ ගෑණිට මොකෙන්ද ගහන්න ඕනි.,0.8096
"කාන්තාවට ප්‍රේම කරන පිරිමි !   ඒ කෙල්ල තමන්ගේ මතයට එකග නැත්නම් ඒකි “බඩුව"" ""ගොන"" ""ගනිකාව""   ඉස්සෙල්ලා කාන්තවකට ගරු කරන්න පුරුදුවෙන්න ඒ කෙනා මොන මතය දැරුවත් .. මොකද අපි අනිත් අය මනින්නේ අපිට ආවේණික මිමි වලින්..   Don’t judge others by your own standards!  Respect to a GIRL","කාන්තාවට ප්‍රේම කරන පිරිමි ! ඒ කෙල්ල තමන්ගේ මතයට එකග නැත්නම් ඒකි “බඩුව"" ""ගොන"" ""ගනිකාව"" ඉස්සෙල්ලා කාන්තවකට ගරු කරන්න පුරුදුවෙන්න ඒ කෙනා මොන මතය දැරුවත් .. මොකද අපි අනිත් අය මනින්නේ අපිට ආවේණික මිමි වලින්.. Don’t judge ඔතෙර්ස් බ්ය් your own ස්ටන්දර්ඩ්ස් Respect ටො අ GIRL",0.8096
"ගෙවල් වල ඉන්න  කිරි සප්පයෝ බලන්න  යන්න එපා. එහෙම යන්න ,එන්න  අහනවනං එන්ඩ දෙන්නත් එපා . පොඩි එවුන් බලන්ඩ ආවොත් කාට හරි පොඩි එකාව උන්ට පෙන්නන්න ඕනෙත් නෑ corona හැදීලා සුදු කොඩි යට හූල්ල හූල්ල ඉන්නවාට වඩා මෝඩ නෑදෑයෙක් තරහ වෙන එක නම් ලොකු දෙයක්.","ගෙවල් වල ඉන්න කිරි සප්පයෝ බලන්න යන්න එපා. එහෙම යන්න ,එන්න අහනවනං එන්ඩ දෙන්නත් එපා . පොඩි එවුන් බලන්ඩ ආවොත් කාට හරි පොඩි එකාව උන්ට පෙන්නන්න ඕනෙත් නෑ corona හැදීලා සුදු කොඩි යට හූල්ල හූල්ල ඉන්නවාට වඩා මෝඩ නෑදෑයෙක් තරහ වෙන එක නම් ලොකු දෙයක්.",0.8096
පියල් නිශාන්ත කියන අවජාතක බල්ලගේ පුතා ඉන්නවා මගේ අකවුන්ට් එකේ තාත්තට කනට දෙකක් ගහලා හදාගනින් මාලුලෑලලක් දාගෙනද ඉන්නේ,පියල් නිශාන්ත කියන අවජාතක බල්ලගේ පුතා ඉන්නවා මගේ අකවුන්ට් එකේ තාත්තට කනට දෙකක් ගහලා හදාගනින් මාලුලෑලලක් දාගෙනද ඉන්නේ,0.8096
@USER  @USER ශ්‍රේෂ්ට නායකය කිව්ව කටින් ඔහොම රනිලා කොල්ලො ගහනව කියලා කියන්න එපා යකෝ පව් යකෝ ඌ  පුකේ ඇරලා හරි උඹට වීසා දුන්නෙ ඌ. තෝ කාලා ඇදලා ඉන්නෙ ඌ නිසා. කන්න දුන්න අත හපා කන්න එපා සක්කිලියො. තොපි වගේ එවුන් තමයි වදපු අම්මව වැඩිහිටි නිවාස වලට දාන්නෙ. කෙලෙහෙගුණේ නැති අවජාතකයො,ශ්‍රේෂ්ට නායකය කිව්ව කටින් ඔහොම රනිලා කොල්ලො ගහනව කියලා කියන්න එපා යකෝ පව් යකෝ ඌ පුකේ ඇරලා හරි උඹට වීසා දුන්නෙ ඌ. තෝ කාලා ඇදලා ඉන්නෙ ඌ නිසා. කන්න දුන්න අත හපා කන්න එපා සක්කිලියො. තොපි වගේ එවුන් තමයි වදපු අම්මව වැඩිහිටි නිවාස වලට දාන්නෙ. කෙලෙහෙගුණේ නැති අවජාතකයො,0.8096
@USER  @USER මේ ට්විටරේ උබලගේ අම්ම තාත්තගේ ද..!!!  හරි නමක් ගමක් නැති එවුන්ගේ කෝලම් මඩුවක් නෙවෙයි මේක..!!!,මේ ට්විටරේ උබලගේ අම්ම තාත්තගේ ද..!!! හරි නමක් ගමක් නැති එවුන්ගේ කෝලම් මඩුවක් නෙවෙයි මේක..!!!,0.8096
“… එදා සිරි අයියා මගේ ඇඟට ගොඩවෙන්න හැදුවනේ අම්මේ… ඒත් මං ඉඩ දුන්නෙ නෑ ඌට මගෙයි අම්මගෙයි නම්බුව විනාස කරන්න… මං කොලා හොඳ වැඩක්…” කෙල්ල හිනා වෙවී කිවුවා.  “උඹ මොකද කොලේ?” යන්තං හුස්මක් ගත්තු යසෝ නැන්දා ඇහුවා.  “මං උගේ ඇඟ උඩට නැඟලා උගෙයි උගෙ අම්මගෙයි දෙන්නගෙම නම්බුව විනාස කලා”,“… එදා සිරි අයියා මගේ ඇඟට ගොඩවෙන්න හැදුවනේ අම්මේ… ඒත් මං ඉඩ දුන්නෙ නෑ ඌට මගෙයි අම්මගෙයි නම්බුව විනාස කරන්න… මං කොලා හොඳ වැඩක්…” කෙල්ල හිනා වෙවී කිවුවා. “උඹ මොකද කොලේ?” යන්තං හුස්මක් ගත්තු යසෝ නැන්දා ඇහුවා. “මං උගේ ඇඟ උඩට නැඟලා උගෙයි උගෙ අම්මගෙයි දෙන්නගෙම නම්බුව විනාස කලා”,0.8094
කාර් එක නවත්තලා කඩේට ගිය ටිකට කවුරු හරි බයික් හරි ත්‍රීවීල් හරි වේසිගෙ පුතෙක් ඉස්සරහා බෆර් එකේ අතුල්ලගෙන ගිහිල්ලා..  ශික් !   නම්බර් ප්ලේට් එක මැදින් ඇතුලට එබිලා.. පේන්ට් එක සෙන්ටිමීටර් 20 වගේ හීරිලා..  මුන් දන්නවා නම් අපි වාහන පරිස්සම් කරන විදිහ... හෙන ගහපිය බලු වැඩ කරන එවුන්ට,කාර් එක නවත්තලා කඩේට ගිය ටිකට කවුරු හරි බයික් හරි ත්‍රීවීල් හරි වේසිගෙ පුතෙක් ඉස්සරහා බෆර් එකේ අතුල්ලගෙන ගිහිල්ලා.. ශික් ! නම්බර් ප්ලේට් එක මැදින් ඇතුලට එබිලා.. පේන්ට් එක සෙන්ටිමීටර් 20 වගේ හීරිලා.. මුන් දන්නවා නම් අපි වාහන පරිස්සම් කරන විදිහ... හෙන ගහපිය බලු වැඩ කරන එවුන්ට,0.8092
පරට්ට බැල්ලි කියලා පටන් ගන්නේ,පරට්ට බැල්ලි කියලා පටන් ගන්නේ,0.8092
කේන්දරේ කියන්නෙත් හරියට වේස බඩුව වගේ... කොයි වෙලේ බැලුවත් ග්‍රහයෙක් අරින්න බලන් ඉන්නේ.. රාහුට බැරිවුනොත් හෙනහුරා හරි අරිනවා.. හෙනහුරාටත් බැරිවුනොත් කේන්දර බලන එකා හරි අරිනවා ඒකාන්තයි.. මම නම් කියන්නේ වටේ යන කේන්දරේ ලාච්චුවේ දාලා රකිනවට වඩා හොඳයි පුච්චලා නලලේ අලුටික ගාගන්නවා..,කේන්දරේ කියන්නෙත් හරියට වේස බඩුව වගේ... කොයි වෙලේ බැලුවත් ග්‍රහයෙක් අරින්න බලන් ඉන්නේ.. රාහුට බැරිවුනොත් හෙනහුරා හරි අරිනවා.. හෙනහුරාටත් බැරිවුනොත් කේන්දර බලන එකා හරි අරිනවා ඒකාන්තයි.. මම නම් කියන්නේ වටේ යන කේන්දරේ ලාච්චුවේ දාලා රකිනවට වඩා හොඳයි පුච්චලා නලලේ අලුටික ගාගන්නවා..,0.8091
වහිනවා නං වැහැපංකො රෙද්ද හුලං නැතුව,වහිනවා නං වැහැපංකො රෙද්ද හුලං නැතුව,0.8091
බොරුවට පන්සලක් බෝධියක් දැක්කම හිරවෙච්ච පඩයක් අරින්න වගේ පුක උස්සන් එපා  ඔච්චරටම ශ්‍රද්ධාවක්  භක්තියක් තියෙනවනම්  පොඩ්ඩක් නැවතිලා වැදලාකියලා ගියානම් හොදයි,බොරුවට පන්සලක් බෝධියක් දැක්කම හිරවෙච්ච පඩයක් අරින්න වගේ පුක උස්සන් එපා ඔච්චරටම ශ්‍රද්ධාවක් භක්තියක් තියෙනවනම් පොඩ්ඩක් නැවතිලා වැදලාකියලා ගියානම් හොදයි,0.8091
තිබ්බා කොටියට තිතක්... කොමාවක් දාලා පටන් ගත්තේ ඇයි තව විසක්.... තරුණයෙක් මම තරුණයෙක් උඹ.... අපි පරපුරක් හැදුනේ යුධ ගිනි උඩ... නිවපු ගින්නේ අළු නැතිවෙන්නත් පෙර මට කියන්න ඇයි ගිනිතියන්නේ මගේ රට,තිබ්බා කොටියට තිතක්... කොමාවක් දාලා පටන් ගත්තේ ඇයි තව විසක්.... තරුණයෙක් මම තරුණයෙක් උඹ.... අපි පරපුරක් හැදුනේ යුධ ගිනි උඩ... නිවපු ගින්නේ අළු නැතිවෙන්නත් පෙර මට කියන්න ඇයි ගිනිතියන්නේ මගේ රට,0.8091
@USER  @USER අවුලක් නැ...ලක්ෂ 5 නේ..අර අල් තජුඩ් ද මොකක්දො කියන අවජාතක සංගමයක්ද මොකක්දො එකක් තියෙන්නෙ වුන් මොකුත්ම කරලා නැද්ද කොහේදො..උන් ටික එලියේ.,අවුලක් නැ...ලක්ෂ 5 නේ..අර අල් තජුඩ් ද මොකක්දො කියන අවජාතක සංගමයක්ද මොකක්දො එකක් තියෙන්නෙ වුන් මොකුත්ම කරලා නැද්ද කොහේදො..උන් ටික එලියේ.,0.8091
@USER මුස්ලිම් ගෑනු ඒ තරමට වටේ යනවද :/ :/ :/ සරුවාන්ගෙම වහගන ඉඩලට් වැඩක් නැනෙ,මුස්ලිම් ගෑනු ඒ තරමට වටේ යනවද :/ :/ :/ සරුවාන්ගෙම වහගන ඉඩලට් වැඩක් නැනෙ,0.8091
චන්ද්‍රිකාට අම්මා කියලා අවසානයේ  වේසි කිවෙත් උබලාම තමයි ශිරන්තිට විහාර මහාදේවි කියන උබලා අනාගතයේ ඔය දේවිටම මොනවා නොකියයිද ...,චන්ද්‍රිකාට අම්මා කියලා අවසානයේ වේසි කිවෙත් උබලාම තමයි ශිරන්තිට විහාර මහාදේවි කියන උබලා අනාගතයේ ඔය දේවිටම මොනවා නොකියයිද ...,0.8091
@USER බලං හිටපංකො ලොකෙ වටෙ හුක හුක යන රස්සාවක් ලැබුනාම,බලං හිටපංකො ලොකෙ වටෙ හුක හුක යන රස්සාවක් ලැබුනාම,0.8091
"@USER  @USER ගොන් රන්ජන්,මත්තල හිස් ගුවන් තොටුපොලක්නම් ප්ලේන් එන්නේ අම්මගෙ රෙද්ද අස්සටද,තෝ නම් රටේ පවට උපන් කාලකන්නියෙක්,පකෝ රටට සතේක හරි වැඩක් කරලා කෑගහපන්කෝ,පර සක්කිලි මුරුංගා පොන්නයා","ගොන් රන්ජන්,මත්තල හිස් ගුවන් තොටුපොලක්නම් ප්ලේන් එන්නේ අම්මගෙ රෙද්ද අස්සටද,තෝ නම් රටේ පවට උපන් කාලකන්නියෙක්,පකෝ රටට සතේක හරි වැඩක් කරලා කෑගහපන්කෝ,පර සක්කිලි මුරුංගා පොන්නයා",0.8091
@USER හිහී කෙජුම්මල් හජිමසේයෝ.... හංගුගේ ඉන්නන් සරමි තා තෝ කත්තේ. හ්‍යූගාත්තේ පම් සිගානේ තා සුල් මොක්ජියෝ,හිහී කෙජුම්මල් හජිමසේයෝ.... හංගුගේ ඉන්නන් සරමි තා තෝ කත්තේ. හ්‍යූගාත්තේ පම් සිගානේ තා සුල් මොක්ජියෝ,0.8091
@USER අනේ හා නානා උඹ හරි කලිසම ඔලුවෙන් ගැලැවෙන දවස වැඩි ඇතක නෑ.. ඔයිට වඩා කයිවාරුවොත් පුක බිම ඇන ගත්තා. සහරාන්ලා මැරුණා නේ ඒ පින කාටද ලැබුනේ?,අනේ හා නානා උඹ හරි කලිසම ඔලුවෙන් ගැලැවෙන දවස වැඩි ඇතක නෑ.. ඔයිට වඩා කයිවාරුවොත් පුක බිම ඇන ගත්තා. සහරාන්ලා මැරුණා නේ ඒ පින කාටද ලැබුනේ?,0.8091
@USER තෝ ඔක්කෝගෙම බලාපොරොත්තු කෑවා. දෙදහස් පහලොවේ මහින්දට වටේ ඉදප් උන් කරා වගේ සජිත්ගෙ රැස්වීම් වලටත් සී ටී බී වලින් අම්බානකට සෙනඟ ඇදල සජිය ගොනාට අන්දල පකය ගිය තැන හානව  පකය  දැන්ද බොට ⁣බුද්ධාගම මතක්උනේ ඔෆිස් එකේ ඉන්න සමීර එක්කම පෙරලියන් හොදට,තෝ ඔක්කෝගෙම බලාපොරොත්තු කෑවා. දෙදහස් පහලොවේ මහින්දට වටේ ඉදප් උන් කරා වගේ සජිත්ගෙ රැස්වීම් වලටත් සී ටී බී වලින් අම්බානකට සෙනඟ ඇදල සජිය ගොනාට අන්දල පකය ගිය තැන හානව පකය දැන්ද බොට ⁣බුද්ධාගම මතක්උනේ ඔෆිස් එකේ ඉන්න සමීර එක්කම පෙරලියන් හොදට,0.8089
Come hangout with me > හේමන්තයි එයගේ ඝනිකව අනූයී  යක්ශනීවේසියි මගේ පක බලන් ඇගිල්ල ගහනවා on #BIGOLIVE URL,Come hangout with මේ > හේමන්තයි එයගේ ඝනිකව අනූයී යක්ශනීවේසියි මගේ පක බලන් ඇගිල්ල ගහනවා ඕන බිගොලිවේ උර්ල්,0.8086
"කවුද ඩෝ මේකටත් ඩෙයා ගෙනාපු එකා  කපනවා පෙති පෙති රෙද්ද    Fb,WA ඩෙයා මදිවට   මොන රෙද්ද කලත් මාව mention කරන්න එපා",කවුද ඩෝ මේකටත් ඩෙයා ගෙනාපු එකා කපනවා පෙති පෙති රෙද්ද ෆ්බ්ව ඩෙයා මදිවට මොන රෙද්ද කලත් මාව mention කරන්න එපා,0.8086
උබ දන්නවද පොඩි අම්බ පැටවුන්ගේ පල්ලියෙන් සුන්නත් කලාට පස්සේ අර කපපු කෑල්ල යවනවාලු ඒ අහල පහල තියෙන කෑම කඩවලට එළුමස් බබාත් වලට දාන්න..,උබ දන්නවද පොඩි අම්බ පැටවුන්ගේ පල්ලියෙන් සුන්නත් කලාට පස්සේ අර කපපු කෑල්ල යවනවාලු ඒ අහල පහල තියෙන කෑම කඩවලට එළුමස් බබාත් වලට දාන්න..,0.8086
මිනිස්සුන්ට පුක කහගන්න නියපොත්ත නැතත් නායකයෝ තෝරද්දි අඩි ගහන් නැති බඩු ගහන් නැති බිත්තරවත් කන්නැති සුචරිතවාදී බුවාලට කතිරෙ ගහනවා.  පරිභෝජනය නොකරන අවලං හැත්ත යටිමඩි ගහන්න විතරයි දන්නේ. අනෙක් මිනිහා කාලා බීලා ආතල් එකේ ඉන්න විනෝදේ උන් තේරුම් ගන් නැහැ.,මිනිස්සුන්ට පුක කහගන්න නියපොත්ත නැතත් නායකයෝ තෝරද්දි අඩි ගහන් නැති බඩු ගහන් නැති බිත්තරවත් කන්නැති සුචරිතවාදී බුවාලට කතිරෙ ගහනවා. පරිභෝජනය නොකරන අවලං හැත්ත යටිමඩි ගහන්න විතරයි දන්නේ. අනෙක් මිනිහා කාලා බීලා ආතල් එකේ ඉන්න විනෝදේ උන් තේරුම් ගන් නැහැ.,0.8086
@USER ඒකි බැන්ද නම් උඹව දරුකමට ගන්න තරම් උඹට වඩා ලොකුයි.,ඒකි බැන්ද නම් උඹව දරුකමට ගන්න තරම් උඹට වඩා ලොකුයි.,0.8086
@USER නිදගනින් මයෙ අම්ම. අද උඹට ටිකක් වැඩී වගේ  නංගි මූට කොපි එකක් හදල දීල ඒක බීල නිදගන්න කියන්න,නිදගනින් මයෙ අම්ම. අද උඹට ටිකක් වැඩී වගේ නංගි මූට කොපි එකක් හදල දීල ඒක බීල නිදගන්න කියන්න,0.8086
@USER  @USER හානේ මේ පුන්චි බට්ටො රැල. වරෙල්ල වරෙල්ල බුරුතු පිටින් පුක පලාගන්න.,හානේ මේ පුන්චි බට්ටො රැල. වරෙල්ල වරෙල්ල බුරුතු පිටින් පුක පලාගන්න.,0.8086
@USER Exam pass උනොත් ගිනි පිඹින මකරෙක් ඉල්ලුවා තෝ පේල් වෙයං අපිට දුක නෑ කිව්වා,Exam pass උනොත් ගිනි පිඹින මකරෙක් ඉල්ලුවා තෝ පේල් වෙයං අපිට දුක නෑ කිව්වා,0.8086
මම මුට කොහොම කතා කරන්නද මෛත්‍රී කැරියෝ පයිය තියාගෙන ඇට දෙකෙන් හුකන්න හදන්න එපා,මම මුට කොහොම කතා කරන්නද මෛත්‍රී කැරියෝ පයිය තියාගෙන ඇට දෙකෙන් හුකන්න හදන්න එපා,0.8086
@USER මට මං ගැන ප්‍රශ්නයක් නැ ඒත් අර කොල්ලා පවු..ඌට දැන් කාටවත් කතා කරන්නෙ නෑ...ඌට කට පුක වහන් ඉන්න තිබ්බා එදා..ඌ අංහිසක වැඩි,මට මං ගැන ප්‍රශ්නයක් නැ ඒත් අර කොල්ලා පවු..ඌට දැන් කාටවත් කතා කරන්නෙ නෑ...ඌට කට පුක වහන් ඉන්න තිබ්බා එදා..ඌ අංහිසක වැඩි,0.8086
@USER බල්ලට මේකිව පේනවැත්තේ කාලි අම්ම වගේ.. සෙහ් අම්මප මේමත් ඝෑනු..,බල්ලට මේකිව පේනවැත්තේ කාලි අම්ම වගේ.. සෙහ් අම්මප මේමත් ඝෑනු..,0.8086
"@USER  @USER    neewit= අවජාතක,වහල් බල්ලා..!!! තොපි වලව්වේ වැසිකිලි ගොඩදාන හැත්ත..!!!!!","නීවිට් අවජාතක,වහල් බල්ලා..!!! තොපි වලව්වේ වැසිකිලි ගොඩදාන හැත්ත..!!!!!",0.8086
SMS එකක් කොටා ගන්න වෙලා නෑත.. ඇට්ට කුනා කිරි බතකුත් කන්න නැත.. පරන pizza crunchy කටට හැපෙන කොට.. මතක් වෙන්නේ... URL,සමස් එකක් කොටා ගන්න වෙලා නෑත.. ඇට්ට කුනා කිරි බතකුත් කන්න නැත.. පරන pizza crunchy කටට හැපෙන කොට.. මතක් වෙන්නේ... උර්ල්,0.8086
ගල උඩට බිත්තරෙ අත ඇරියත් බිත්තරෙ උඩට ගල අත ඇරියත් කඩෙන්නෙ බිත්තරෙ නෙ... #GenElecSL,ගල උඩට බිත්තරෙ අත ඇරියත් බිත්තරෙ උඩට ගල අත ඇරියත් කඩෙන්නෙ බිත්තරෙ නෙ... ගෙනෙලේච්ස්ල්,0.8086
තම්බි කඩ එපා..එටිසලාට් එපා..කියල සින්හ නාද කරපු යක්ක පුත්තුන්ට ස ' පකිස්තාන් හාල් කවන්න හදන්නේ.. බොලව් යක්කයනී තොපි නිදිද..,තම්බි කඩ එපා..එටිසලාට් එපා..කියල සින්හ නාද කරපු යක්ක පුත්තුන්ට ස ' පකිස්තාන් හාල් කවන්න හදන්නේ.. බොලව් යක්කයනී තොපි නිදිද..,0.8086
ගහන්න බැරි බෝල්වලට පුක දික්කරන එකෙක් අපේ සෙට් එකෙත් ඉන්නවා,ගහන්න බැරි බෝල්වලට පුක දික්කරන එකෙක් අපේ සෙට් එකෙත් ඉන්නවා,0.8081
@USER  @USER අනේ පූනක්කුවෝ මිනිස්සුන්ට කන්න නෑ තෝ ඒ ඉටි ලබ්බක් කතා කරනවා. ගූ බයියා තොගේ ගොන් තර්ක හරියන්නෑ එදා වේල හම්බකරන් කන එකාට. රිලා බයියා,අනේ පූනක්කුවෝ මිනිස්සුන්ට කන්න නෑ තෝ ඒ ඉටි ලබ්බක් කතා කරනවා. ගූ බයියා තොගේ ගොන් තර්ක හරියන්නෑ එදා වේල හම්බකරන් කන එකාට. රිලා බයියා,0.8081
"මේ ඔයා දන්නවද කට්ටකින් ඇන්නම ලේ එන්නේ ඇයි කියලා  ම් නෑ  ලේ එලියට ඇවිත් බලනවා, ඇන්නේ කෞද කියලා   තාමත් මං මුගේ ගොන් කතා අහනවනේ","මේ ඔයා දන්නවද කට්ටකින් ඇන්නම ලේ එන්නේ ඇයි කියලා ම් නෑ ලේ එලියට ඇවිත් බලනවා, ඇන්නේ කෞද කියලා තාමත් මං මුගේ ගොන් කතා අහනවනේ",0.8081
හැම හුත්තටම පුක දෙන්න යනවට හොද වැඩෙ තට්ටයට..  Jerry writes Jerry  @USER  · 25 Jul 2019 හැම හුත්තටම පුක දෙන්න යනවට හොද වැඩෙ තට්ටයට..  මේකේ SS අරන් යවන්න,හැම හුත්තටම පුක දෙන්න යනවට හොද වැඩෙ තට්ටයට.. Jerry ව්රිටෙස් Jerry  · 25 ජුල 2019 හැම හුත්තටම පුක දෙන්න යනවට හොද වැඩෙ තට්ටයට.. මේකේ සස් අරන් යවන්න,0.8081
"@USER අල්ලපු කාමරෙ පුක ලොකු මිස් ඈතින් යන හැටි ජනේලෙන් බලලා මම කියනවා ""ආං අරක"" කියල. කෞරුත් දන්නව බඩු ෂුවර් කියල. ඉන්ටර්න් ඕව කියන්න ගියොත්. ""ඇවිත් දවස් තුනයි.. මේ ආයතන වල ගරුත්වය තියෙනවා. මිස් කෙනෙක් දිහ වුනත් බලන කරන විදිහක් තියෙනවා.. ඕ ලමයි ඉගෙනගන්න ඕන විශය විතරක් නෙවෙයි.""","අල්ලපු කාමරෙ පුක ලොකු මිස් ඈතින් යන හැටි ජනේලෙන් බලලා මම කියනවා ""ආං අරක"" කියල. කෞරුත් දන්නව බඩු ෂුවර් කියල. ඉන්ටර්න් ඕව කියන්න ගියොත්. ""ඇවිත් දවස් තුනයි.. මේ ආයතන වල ගරුත්වය තියෙනවා. මිස් කෙනෙක් දිහ වුනත් බලන කරන විදිහක් තියෙනවා.. ඕ ලමයි ඉගෙනගන්න ඕන විශය විතරක් නෙවෙයි.""",0.8081
@USER උඹේ අවජාතක අම්ම එක්ක හිනාවෙයන්..නැත්නම් අම්ම දීපන් තම්බියකුට..මම හිතුවෙ උඹ Point එකට Argue  කරන එකෙක් කියල..බැලින්නං උඹ හද්ද මෝඩ ගොන්ජෙක්,උඹේ අවජාතක අම්ම එක්ක හිනාවෙයන්..නැත්නම් අම්ම දීපන් තම්බියකුට..මම හිතුවෙ උඹ Point එකට Argue කරන එකෙක් කියල..බැලින්නං උඹ හද්ද මෝඩ ගොන්ජෙක්,0.8081
"@USER ""බුලත් කොලේට දෙන්න. කුකුළට දෙන්න. අතට දෙන්න. කටට දෙන්න""   කන පලාගන්නයි වෙන්නෙ","""බුලත් කොලේට දෙන්න. කුකුළට දෙන්න. අතට දෙන්න. කටට දෙන්න"" කන පලාගන්නයි වෙන්නෙ",0.8081
@USER  @USER හැම්බෝ තිමිරයා  නොදන්න ටෙක් හුඹස් අස්සේ අත නොදා ඉඳපන් යකෝ.ඕවා අස්සේ හප්පෝ ඉන්නවා,හැම්බෝ තිමිරයා නොදන්න ටෙක් හුඹස් අස්සේ අත නොදා ඉඳපන් යකෝ.ඕවා අස්සේ හප්පෝ ඉන්නවා,0.8081
නොදකිං මේ වගේ එලොවටත් නැති මෙලොවටත් නැති පොන්න පකයො නම්   PS : බයට නෙවේ SS දැම්මෙ quote කරන්න බෑ අපිව blocked,නොදකිං මේ වගේ එලොවටත් නැති මෙලොවටත් නැති පොන්න පකයො නම් පස් : බයට නෙවේ සස් දැම්මෙ quote කරන්න බෑ අපිව blocked,0.8081
Nowadays new parents: සුදු තාත්තී මේ බලන්න බබා කන්නේ නෑ අහ් සුදු බබා කෝ කෝ සුදු අම්මීයගෙන් කටක් කන්න.  යකෝ මුන් සන්ලයිට් පවුලක්ද?,Nowadays new පරෙන්ට්ස් සුදු තාත්තී මේ බලන්න බබා කන්නේ නෑ අහ් සුදු බබා කෝ කෝ සුදු අම්මීයගෙන් කටක් කන්න. යකෝ මුන් සන්ලයිට් පවුලක්ද?,0.8081
"""හැමොගෙම පඩ බලන්නේ මගේ එක එනකන් විතරයි... ඉට පස්සේ මම කරනවා කිරිල්ලක් ආයේ ලොවේත් නැති වෙන්න."" ඔන්න ඔහොම කියනවා මම හිනෙන් දැක්කා යකෝ..#podda","""හැමොගෙම පඩ බලන්නේ මගේ එක එනකන් විතරයි... ඉට පස්සේ මම කරනවා කිරිල්ලක් ආයේ ලොවේත් නැති වෙන්න."" ඔන්න ඔහොම කියනවා මම හිනෙන් දැක්කා යකෝ..#podda",0.8081
"පොන්න සින්දු සෙට් එක එකතු කරලා, පොන්න මෑශ් අප් එකක් කරලා, ඒකට පොන්න රීමික්ස් එකකුත් කරනවා  #SLMusic","පොන්න සින්දු සෙට් එක එකතු කරලා, පොන්න මෑශ් අප් එකක් කරලා, ඒකට පොන්න රීමික්ස් එකකුත් කරනවා ස්ල්මුසික්",0.8081
@USER නොදකින් බූරුවා තොට චන්දේ දීපු එකට අපිට ගහන්න ඕනේ. ගස් බල්ලා උබ රට කෑවා. පොලොවෙන් මතුවෙච්ච රිලවා. හම්බයාගේ බෝම්බෙට අහුවෙලා මැරිච්ච එවුන්ට වග කියපං මූසලයා. ජනාධිපතිකම ළමයෙක්ට දීපං **තා,නොදකින් බූරුවා තොට චන්දේ දීපු එකට අපිට ගහන්න ඕනේ. ගස් බල්ලා උබ රට කෑවා. පොලොවෙන් මතුවෙච්ච රිලවා. හම්බයාගේ බෝම්බෙට අහුවෙලා මැරිච්ච එවුන්ට වග කියපං මූසලයා. ජනාධිපතිකම ළමයෙක්ට දීපං **තා,0.8081
පාන් කාලයි අරක්කු පැකට් එකටයි ලෙවකාගෙන වැස්සෙ තෙමීගෙන කඩේයන වහල් හැත්ත,පාන් කාලයි අරක්කු පැකට් එකටයි ලෙවකාගෙන වැස්සෙ තෙමීගෙන කඩේයන වහල් හැත්ත,0.8081
"නාකි කුකුළව පහු කරන්න ඔන්න මෙන්න තියෙද්දි ගොවිපළේ අයිතිකාරය මේක දැකලා අළුත් කුකුළට තුවක්කුව අරගෙන  වෙඩි තියල කිව්වලු,  ""යකෝ මේ 15 වෙනි කුකුළ. මේකට ගේන ගේන හැම කුකුළම කිකිලියො පස්සෙ යන්නෙ නැතුව නාකි කුකුළ පස්සෙන්නෙ යන්නෙ.. නොදකින් කොලුකාර කුකුල් හැත්ත.."" කියල","නාකි කුකුළව පහු කරන්න ඔන්න මෙන්න තියෙද්දි ගොවිපළේ අයිතිකාරය මේක දැකලා අළුත් කුකුළට තුවක්කුව අරගෙන වෙඩි තියල කිව්වලු, ""යකෝ මේ 15 වෙනි කුකුළ. මේකට ගේන ගේන හැම කුකුළම කිකිලියො පස්සෙ යන්නෙ නැතුව නාකි කුකුළ පස්සෙන්නෙ යන්නෙ.. නොදකින් කොලුකාර කුකුල් හැත්ත.."" කියල",0.8078
"තුන්වෙනි දවසෙ මම පිරිමි තුන් දෙනෙක් එක්ක එනව.. ඒ කවුරුද?' කියල ඇහුව.. ඒකටත් කල්පනා කරපු ගිරව කිව්ව 'ඒ ඔයාගෙ ස්වාමියයි, ඔයාගෙ සහෝදරයයි, ස්වාමියාගෙ තාත්තයි මැඩම්' කියල.. ගිරවගෙ වැදගත්කම ගැන දැන් ගෑණි නහුතයක් කියවනව.. කියවලා කිව්ව 'අනේ මගේ ඩාලින් ගිරවෝ.. ඔන්න මගෙ අන්තිම ප්‍රශ්නෙ ok.","තුන්වෙනි දවසෙ මම පිරිමි තුන් දෙනෙක් එක්ක එනව.. ඒ කවුරුද?' කියල ඇහුව.. ඒකටත් කල්පනා කරපු ගිරව කිව්ව 'ඒ ඔයාගෙ ස්වාමියයි, ඔයාගෙ සහෝදරයයි, ස්වාමියාගෙ තාත්තයි මැඩම්' කියල.. ගිරවගෙ වැදගත්කම ගැන දැන් ගෑණි නහුතයක් කියවනව.. කියවලා කිව්ව 'අනේ මගේ ඩාලින් ගිරවෝ.. ඔන්න මගෙ අන්තිම ප්‍රශ්නෙ ඔක්",0.8076
ගල දනවෝ ගල දනවෝ  ජෝක ගන ජොක ගන  වොකවෝ වොකවෝ.... #MisheardSinhalaLyrics,ගල දනවෝ ගල දනවෝ ජෝක ගන ජොක ගන වොකවෝ වොකවෝ.... මිශෙඅර්ද්සින්හලල්ය්රික්ස,0.8076
@USER  @USER උඹ ඒනං ඒ පුපට පානක් පත්තු කරලා වැඳපං,උඹ ඒනං ඒ පුපට පානක් පත්තු කරලා වැඳපං,0.8076
ඇයි සද්ද කළොත් අල්ලා ලබ්බ තලයිද..?   . . . . . . . . . . අල්ලාගේ ලබ්බ තමයි!!!    #IslamicExtremism #SriLanka #wtdPerera,ඇයි සද්ද කළොත් අල්ලා ලබ්බ තලයිද..? . . . . . . . . . . අල්ලාගේ ලබ්බ තමයි!!! ඉස්ලංඉකෙෂ්ත්රෙමිස්ම ශ්‍රීලංකා ව්ට්ද්පෙරෙර,0.8076
රොම්බ නල්ල නල්ල රික්ක ඔනෘ රෙන්ඩ මුනෘ නාල කෙල්ල පට්ට පෙට්ටි ඉල්ල නල්ලාරික්ක  නල්ලාරික්ක   #LKA #Pettiilla,රොම්බ නල්ල නල්ල රික්ක ඔනෘ රෙන්ඩ මුනෘ නාල කෙල්ල පට්ට පෙට්ටි ඉල්ල නල්ලාරික්ක නල්ලාරික්ක ලක පෙට්ටිඉල්ල,0.8076
@USER @USER  තොපි වගේ උන් මැරෙන්ඩ ඕනෙ බලු හැමනිලා ඔව් පර ඇටයා  @USER  @USER,තොපි වගේ උන් මැරෙන්ඩ ඕනෙ බලු හැමනිලා ඔව් පර ඇටයා,0.8076
ඔව්. ගෙරි පෙරේත හැත්ත. බඩෙන් දොට්ට ආව නැති පැටවු ගිලින උනුත් ඉන්නේ,ඔව්. ගෙරි පෙරේත හැත්ත. බඩෙන් දොට්ට ආව නැති පැටවු ගිලින උනුත් ඉන්නේ,0.8076
කොල්ලෙක් උනාම ගොන් romantic වෙන්න උත්සහ කරන්න එපා  කොන්ද කෙලින් තියන් පිරිමියෙක්  වෙන්න උත්සහ කරපන්  මොකද ඒකි උබේ ගෑනි වෙනකාලෙක ඒකි හොයන්නේ 'පිරිමියෙක්.. නැතුව කොන්ද පණනැති ලොල්ලෙක් නෙවෙයි,කොල්ලෙක් උනාම ගොන් romantic වෙන්න උත්සහ කරන්න එපා කොන්ද කෙලින් තියන් පිරිමියෙක් වෙන්න උත්සහ කරපන් මොකද ඒකි උබේ ගෑනි වෙනකාලෙක ඒකි හොයන්නේ 'පිරිමියෙක්.. නැතුව කොන්ද පණනැති ලොල්ලෙක් නෙවෙයි,0.8076
@USER බිජ්ජ වංගෙඩියෙ දාල තලනව දාන්න ඕනෙ අන්තිමට,බිජ්ජ වංගෙඩියෙ දාල තලනව දාන්න ඕනෙ අන්තිමට,0.8074
"බෙල් නැතුව බහින්න බලං ඩෝප් කාරයො 2ක් ෆුට්බෝඩ් එකේ.නැවැත්තුව නෑ කියල පොඩි වලියක්.""තොපෙ අම්මගෙ පානෙ තමයි බෙල්ලෙක රෙද්ද"" එකෙක් කියනෝ ඇහුන","බෙල් නැතුව බහින්න බලං ඩෝප් කාරයො 2ක් ෆුට්බෝඩ් එකේ.නැවැත්තුව නෑ කියල පොඩි වලියක්.""තොපෙ අම්මගෙ පානෙ තමයි බෙල්ලෙක රෙද්ද"" එකෙක් කියනෝ ඇහුන",0.8071
"තොපි දන්නවද :/ ලිංගික රෝග බෝ වන්නේ යෝනි සන්සර්ගයෙන් හා ගුද සන්සරගයෙන් පමනක් නොවන බව :v  කටට දීම හා කටට ගැනීම,තොල... URL","තොපි දන්නවද :/ ලිංගික රෝග බෝ වන්නේ යෝනි සන්සර්ගයෙන් හා ගුද සන්සරගයෙන් පමනක් නොවන බව ව කටට දීම හා කටට ගැනීම,තොල... උර්ල්",0.8071
මෙන්න මේං සයිස් තඩි බෝලයක් ආවේ  ඉතින් කොහොමද අල්ලන්නේ  #LPLමඩ  #LPLmemes,මෙන්න මේං සයිස් තඩි බෝලයක් ආවේ ඉතින් කොහොමද අල්ලන්නේ #LPLමඩ ල්ප්ල්මෙමෙස්,0.8071
BCD 1975 මේ පොන්න හුකන්නා ආයේ පුත්තලමේ මගේ ඇස් දෙකට පේන්නනම් එන්න එපා කැරි හම්බයා,බ්ච්ඩ් 1975 මේ පොන්න හුකන්නා ආයේ පුත්තලමේ මගේ ඇස් දෙකට පේන්නනම් එන්න එපා කැරි හම්බයා,0.8071
@USER ට හැමිනේ මැරෙන්න අමාරු ෆෑන් කෙනෙක්,ට හැමිනේ මැරෙන්න අමාරු ෆෑන් කෙනෙක්,0.8071
"@USER @USER  එයා ඒ ගේ හැදුවේ අතනින් මෙතනින් ගෙනාපු මැටි වලින්, ඒවයේ මොන ජරාව තියෙනවද දන්නෙත් නෑ, ඔයාට බඩේ අමාරු හැදෙයි  @USER  @USER","එයා ඒ ගේ හැදුවේ අතනින් මෙතනින් ගෙනාපු මැටි වලින්, ඒවයේ මොන ජරාව තියෙනවද දන්නෙත් නෑ, ඔයාට බඩේ අමාරු හැදෙයි",0.8071
මගේ notification යන් නෑ.. රෙද්ද.. මම යනවා පොලිසි,මගේ notification යන් නෑ.. රෙද්ද.. මම යනවා පොලිසි,0.8071
"ඒත් එලියට ආවනම් ඊටත් වඩා තිරිසන් කොටි. කැලේ දුක් විඳල හොඳටම ඇතිවෙච්ච දවසක තාත්ත අම්මට කියල ""මැරෙන්න තියෙනවනම් කපල මැරුවත් කරන්න දෙයක් නෑ, අපි ගෙදර ගිහින් නිදාගමු"" කියල. ගම්මානෙ එහා කොනේ කොටි කපද්දි අම්මල මේ කොනේ.   අම්ම කියන්නෙ ඒක විඳපු කෙනෙක් ඇරෙන්න කොහොම කිව්වත් ඒක අහන අයට ඒකෙ","ඒත් එලියට ආවනම් ඊටත් වඩා තිරිසන් කොටි. කැලේ දුක් විඳල හොඳටම ඇතිවෙච්ච දවසක තාත්ත අම්මට කියල ""මැරෙන්න තියෙනවනම් කපල මැරුවත් කරන්න දෙයක් නෑ, අපි ගෙදර ගිහින් නිදාගමු"" කියල. ගම්මානෙ එහා කොනේ කොටි කපද්දි අම්මල මේ කොනේ. අම්ම කියන්නෙ ඒක විඳපු කෙනෙක් ඇරෙන්න කොහොම කිව්වත් ඒක අහන අයට ඒකෙ",0.8071
@USER  @USER එහෙම උනා කියල එකෙක්වත් ගෑවෙන්නවත් කුනුහාරපෙන් නංගියේ උබේ පේනවා කියන්නවත් වහගෙන පලයන් කියන්නදත් තව කොටට ඇඳපන් කියන්නවත් අතගාන්න යන්නෙවත් ජැකක් ගහන්න යන්නෙවත් නැ ඉතින්....,එහෙම උනා කියල එකෙක්වත් ගෑවෙන්නවත් කුනුහාරපෙන් නංගියේ උබේ පේනවා කියන්නවත් වහගෙන පලයන් කියන්නදත් තව කොටට ඇඳපන් කියන්නවත් අතගාන්න යන්නෙවත් ජැකක් ගහන්න යන්නෙවත් නැ ඉතින්....,0.8071
බඩේ අත තියලා අම්මට කියන්නේ.. පට්ට බඩගිනී අම්මේ,බඩේ අත තියලා අම්මට කියන්නේ.. පට්ට බඩගිනී අම්මේ,0.8071
ගුරු පිකට් එක පේනුන වහල් බයියොන්ට බැසිල් ආපු දවසෙ කිරිබත් කන්න පාරට බැහැපු එක පෙනුනෙ නෑ.. පොහොට්ටුවෙ වැරදි හොයන සජිත්ලට බදුර්දීන්ව පෙනුනෙ නෑ..  හරිනෙ දැන් ඔය ලමයි ගෙදර යන්න අරු දැක්කෙ නෑ මූ කතා කලෙ නෑ හුක පක නැතුව,ගුරු පිකට් එක පේනුන වහල් බයියොන්ට බැසිල් ආපු දවසෙ කිරිබත් කන්න පාරට බැහැපු එක පෙනුනෙ නෑ.. පොහොට්ටුවෙ වැරදි හොයන සජිත්ලට බදුර්දීන්ව පෙනුනෙ නෑ.. හරිනෙ දැන් ඔය ලමයි ගෙදර යන්න අරු දැක්කෙ නෑ මූ කතා කලෙ නෑ හුක පක නැතුව,0.8067
"@USER ,  @USER  @USER අනේ යකෝ.. කොළඹ රැස්වීම් තියලා අරගලය ගෙනියන්න සල්ලි නෑ කිව්වාම රටේ අහිංසක මිනිස්සු අතේ කනේ කරේ තිබ්බ මාල වලලු විජේවීරගේ ස්ටේජ් එකට විසිකෙරුවාම ඒවා අරන් ගිහින් තැන් තැන්වල වතු අරන් ආතල් එකේ ඉඳලා අන්තිමට අහින්සක මිනිස්සු මැරුවෙ කව්ද? අදත් හෙටත් ජෙප්පො ජෙප්පොම තමා..කාලකන්නි..",", අනේ යකෝ.. කොළඹ රැස්වීම් තියලා අරගලය ගෙනියන්න සල්ලි නෑ කිව්වාම රටේ අහිංසක මිනිස්සු අතේ කනේ කරේ තිබ්බ මාල වලලු විජේවීරගේ ස්ටේජ් එකට විසිකෙරුවාම ඒවා අරන් ගිහින් තැන් තැන්වල වතු අරන් ආතල් එකේ ඉඳලා අන්තිමට අහින්සක මිනිස්සු මැරුවෙ කව්ද? අදත් හෙටත් ජෙප්පො ජෙප්පොම තමා..කාලකන්නි..",0.8066
@USER  @USER පල බූරුවා බොරු කියන්නැතුව.  එයා දන්නවා තෝ කට අරිද්දිම බොරු කියලා.  හැම එකාම උඹ වගේ දකින් දකින කෙල්ලට පැණි හලන්නෑ බන්. ඒකනේ උඹට ටැග් එකකුත් ගැහුවේ.,පල බූරුවා බොරු කියන්නැතුව. එයා දන්නවා තෝ කට අරිද්දිම බොරු කියලා. හැම එකාම උඹ වගේ දකින් දකින කෙල්ලට පැණි හලන්නෑ බන්. ඒකනේ උඹට ටැග් එකකුත් ගැහුවේ.,0.8066
පල්ලෙහාටද  යන්නේ  යකෝ වැස්ස හින්දා වෝල් එක ලිස්සනව හිමීට පලයන් ජයේ.,පල්ලෙහාටද යන්නේ යකෝ වැස්ස හින්දා වෝල් එක ලිස්සනව හිමීට පලයන් ජයේ.,0.8066
@USER  @USER ඒ දීගේ හරියන්නෑ උඹට සිහිය නැතිවෙනවනේ.ඒකි අනි උනුත් මත්කරනවා උඹට කරාවගේ,ඒ දීගේ හරියන්නෑ උඹට සිහිය නැතිවෙනවනේ.ඒකි අනි උනුත් මත්කරනවා උඹට කරාවගේ,0.8066
දැන් යකෝ රිටයර් වෙන වෙන එකා ගිනි තියල යන එකද අලුත් ට්‍රෙන්ඩ් එක   #ThankYouLokuhettige  #Legend,දැන් යකෝ රිටයර් වෙන වෙන එකා ගිනි තියල යන එකද අලුත් ට්‍රෙන්ඩ් එක ථංක්යෞලොකුහෙත්තිගෙ #Legend,0.8066
අහ් උඹ ලියා ගනින් පුතෙ 19 යි  නෑ *$(#/$?@( පුතෝ   මගෙ අම්මේ මූට,අහ් උඹ ලියා ගනින් පුතෙ 19 යි නෑ *$(#/$?@( පුතෝ මගෙ අම්මේ මූට,0.8066
@USER  @USER අර බස් එකේ වහලෙ හිලක් හදපු එකා තෝ තමා එහෙනම්,අර බස් එකේ වහලෙ හිලක් හදපු එකා තෝ තමා එහෙනම්,0.8066
"""එක මිනිහෙක් පාරේ නෑ කොහොමද මුං මට ගරු කරන විදිහ."" කියලා ..  දැන් මූ පාරේ යන්නේ ඔලුව උස්සං .. පපුව ඉස්සරහට දාං හෙන සීන් එකෙන්.. ඔහොම යනකොට නාකි බල්ලික් මූ දිහා බලං පෙරලි පෙරලි හිනාවෙනවා.. බව්වට හෙන මළ..  මොකද යකෝ හිනාවෙන්නේ? ආඩම්බර බව්වා ඇහුවා... URL","""එක මිනිහෙක් පාරේ නෑ කොහොමද මුං මට ගරු කරන විදිහ."" කියලා .. දැන් මූ පාරේ යන්නේ ඔලුව උස්සං .. පපුව ඉස්සරහට දාං හෙන සීන් එකෙන්.. ඔහොම යනකොට නාකි බල්ලික් මූ දිහා බලං පෙරලි පෙරලි හිනාවෙනවා.. බව්වට හෙන මළ.. මොකද යකෝ හිනාවෙන්නේ? ආඩම්බර බව්වා ඇහුවා... උර්ල්",0.8065
@USER අනිවාර්යයෙන්ම ....  මරණ්නම ඕනෙ කාලකණ්ණි හැත්ත,අනිවාර්යයෙන්ම .... මරණ්නම ඕනෙ කාලකණ්ණි හැත්ත,0.8064
"අහලා පුරුදු නම් දෙකක්.. ම්ම්ම්ම්ම් හරිනෙ,  මේ ""මේ ආදරයයි"" එකේ පිස්සු හැතිකරේ ගැනනෙ කියන්නෙ.  Nimesh Nishara @USER  · 9 Oct 2015 ෂගුන්ගෙයි වරැනිගෙයි වෙනස කෙස් ගහක් තරං","අහලා පුරුදු නම් දෙකක්.. ම්ම්ම්ම්ම් හරිනෙ, මේ ""මේ ආදරයයි"" එකේ පිස්සු හැතිකරේ ගැනනෙ කියන්නෙ. නිමේෂ් නිෂර · 9 ඔච්ට් 2015 ෂගුන්ගෙයි වරැනිගෙයි වෙනස කෙස් ගහක් තරං",0.8064
@USER තෝ තෝ තෝ කලවැද්දා තෝ ඔය හදන්නේ උල තියාගන්න තමා සෝනට කියලා....,තෝ තෝ තෝ කලවැද්දා තෝ ඔය හදන්නේ උල තියාගන්න තමා සෝනට කියලා....,0.8062
@USER  @USER තෝ මැරෙන්න ඕනි කියල හැමි නිලා දැන් අඬන්නේ මොකද,තෝ මැරෙන්න ඕනි කියල හැමි නිලා දැන් අඬන්නේ මොකද,0.8062
#BestBoruwa16 රෙද්ද හැට්ට නොඇන්දාට ශනුද්‍රිගෙ හැදිච්චකම තාම තියනවා...,#BestBoruwa16 රෙද්ද හැට්ට නොඇන්දාට ශනුද්‍රිගෙ හැදිච්චකම තාම තියනවා...,0.8062
@USER පස්ස සෝදන්නෙ ආච්චිගෙ රෙද්දෙන්,පස්ස සෝදන්නෙ ආච්චිගෙ රෙද්දෙන්,0.8062
අවජාතක ටොයියන් වෙතයි. උඹලට අම්මෙක් අප්පෙක් සහෝදරයෙක් නැති අවජාතකයො නිසා සතුටු වෙන්න පුළුවන් ඇති. හැබැයි උඹලපවගේ... URL,අවජාතක ටොයියන් වෙතයි. උඹලට අම්මෙක් අප්පෙක් සහෝදරයෙක් නැති අවජාතකයො නිසා සතුටු වෙන්න පුළුවන් ඇති. හැබැයි උඹලපවගේ... උර්ල්,0.8062
පඩේ ගියාට පස්සේ පුක අත ගාලා වැඩක් නෑ හැබැයි මේවා හෙලා දකින්ඩෝනේ chaterනේ ඕයී දරුවෙක් මල්ලෙක් හදන්න යද්දි අනේ එපා  ඊයා කියයි,පඩේ ගියාට පස්සේ පුක අත ගාලා වැඩක් නෑ හැබැයි මේවා හෙලා දකින්ඩෝනේ chaterනේ ඕයී දරුවෙක් මල්ලෙක් හදන්න යද්දි අනේ එපා ඊයා කියයි,0.8062
"නිග්ගා ඇඟිල්ලක ලාභම මුද්ද සඳහා හුන්නිඩ් දහසක්, නිග්ගා ඇඟිල්ලක ලාභම මුද්ද සඳහා ලිල් බැච් හුනිඩ් දහසක්, ලිල් බැල්ලි, ඔව් හුන්නිඩ් දහසක් නිගා ඇඟිල්ලක ලාභම මුද්ද සඳහා, ලිල් බැල්ලි, අහ් හුන්නිඩ් දහස","නිග්ගා ඇඟිල්ලක ලාභම මුද්ද සඳහා හුන්නිඩ් දහසක්, නිග්ගා ඇඟිල්ලක ලාභම මුද්ද සඳහා ලිල් බැච් හුනිඩ් දහසක්, ලිල් බැල්ලි, ඔව් හුන්නිඩ් දහසක් නිගා ඇඟිල්ලක ලාභම මුද්ද සඳහා, ලිල් බැල්ලි, අහ් හුන්නිඩ් දහස",0.8062
@USER  @USER බැහැ!? නැමියං දෙකට දෙන්ට තොපෙ පස්සා අණ්ඩ පස්ස මරගාත වෙන්ඩ,බැහැ!? නැමියං දෙකට දෙන්ට තොපෙ පස්සා අණ්ඩ පස්ස මරගාත වෙන්ඩ,0.8062
"""මං දෙන්නම් හිත ගන්න මගේ නුඹ දැක cross උනේ මගේ ඊතලේ කලඹාවී ඇස් ළඟපාත ඉස් කැරකේවි නුඹ ළඟ පිස්සු වගේ""  #ManabanduKaranavak #YukiBeatz #lyrics","""මං දෙන්නම් හිත ගන්න මගේ නුඹ දැක cross උනේ මගේ ඊතලේ කලඹාවී ඇස් ළඟපාත ඉස් කැරකේවි නුඹ ළඟ පිස්සු වගේ"" මනබන්දුකරනාවක් යුකිබෙඅත්ළ ල්ය්රිච්ස්",0.8057
"@USER මටත් කියන්න තියෙන්නේ නැට්ට පාගගෙන පුක නොදී ඉදපන් තමුන්ගේ වැඩක් බලාගෙන,  පෙන්නන්න tweet එකක් තියෙන්න එපැයි  bye හොදේ  @USER","මටත් කියන්න තියෙන්නේ නැට්ට පාගගෙන පුක නොදී ඉදපන් තමුන්ගේ වැඩක් බලාගෙන, පෙන්නන්න tweet එකක් තියෙන්න එපැයි bye හොදේ",0.8057
මොන හුත්තක්ද බන් අර රුසිරුවා මැසෙන්ජර් ස්ටෝරියේ දාල තියෙන්නෙ -_- බලල නැති එවුන් බලල බඩේ අමාරු එහෙම හදාගන්නව නෙවෙයි ඔන්න,මොන හුත්තක්ද බන් අර රුසිරුවා මැසෙන්ජර් ස්ටෝරියේ දාල තියෙන්නෙ -_- බලල නැති එවුන් බලල බඩේ අමාරු එහෙම හදාගන්නව නෙවෙයි ඔන්න,0.8057
@USER Hoyagena neda... Hummm හැංගි මුත්තු හැංගියෝ පේන තැනක හැංගියෝ  #නරිනාටක,හොයාගෙන නේද හුම්ම්ම් හැංගි මුත්තු හැංගියෝ පේන තැනක හැංගියෝ #නරිනාටක,0.8057
මුට පුප දීපු එකා මොකාද? යකෝ උඩට ගියත් පුප පහල ගියත් පුප විතරයි  тнαяιη∂υ ツ @USER  · 27 Mar 2017 she is sooo fat  & පුක is very very බිග්,මුට පුප දීපු එකා මොකාද? යකෝ උඩට ගියත් පුප පහල ගියත් පුප විතරයි тнαяιηυ ツ · 27 Mar 2017 she ඉස සූඕ fat & පුක ඉස very very බිග්,0.8057
ඔය රිශාඩ්ගෙ පුක මහල බඩ යන්න බෙහෙත් දෙන්න තරම් තරහයි මට.,ඔය රිශාඩ්ගෙ පුක මහල බඩ යන්න බෙහෙත් දෙන්න තරම් තරහයි මට.,0.8057
"@USER ,  @USER  @USER මේකටද යකෝ උබ ලමයි හැදුවෙ",", මේකටද යකෝ උබ ලමයි හැදුවෙ",0.8057
“සිංහ ලේ”: අම්ම ගියාද? සිංහයා ආවාද? URL #lka #srilanka  @USER,“සිංහ ලේ”: අම්ම ගියාද? සිංහයා ආවාද? උර්ල් ලක ශ්‍රීලංකා,0.8057
ටික දොහයි ගත උනේ මාස තුන හතරකට මෝරලා යාන්තන් ලොකු උනා ඇගේ කුස ඒ පොන්න පිරිමියා අම්මගේ අතින් ඇද ගෙන ගියා මරන්නට මාව හොර ඩොකා වෙත ගිල්වලා පෙති 2ක් විද්ද බෙහෙතේ සැරට මගේ මවු වැලපුනා මේස පුටු කඩාගෙන අනේ මේ පවුකාර දොස්තරගෙ නලාවට තාත්තා හිනහුනා තනි ඇහැක් වසාගෙන #සිතුවිලි,ටික දොහයි ගත උනේ මාස තුන හතරකට මෝරලා යාන්තන් ලොකු උනා ඇගේ කුස ඒ පොන්න පිරිමියා අම්මගේ අතින් ඇද ගෙන ගියා මරන්නට මාව හොර ඩොකා වෙත ගිල්වලා පෙති 2ක් විද්ද බෙහෙතේ සැරට මගේ මවු වැලපුනා මේස පුටු කඩාගෙන අනේ මේ පවුකාර දොස්තරගෙ නලාවට තාත්තා හිනහුනා තනි ඇහැක් වසාගෙන #සිතුවිලි,0.8057
තමන්ගේ වත්තක හරි අනුන්ගේ වත්තක හරි සර්පයෙක් දැක්කම තලලා මරලා දාන උන්! අල්ලපු ගෙදර බල්ලා වැටෙන් පැන්නම දෑත බදලා පොල්ලෙන් ගහන උන්! මස් කඩේට ගිහින් ෆ්‍රෙශ් පිට කුකුලා මරවගෙන අරන් එන උන්! මීයන්ටවස දාලා කෑම තියන උන්! මී කතුරට පොල් කෑල්ලක් තියලා මීයා මරන උන්!,තමන්ගේ වත්තක හරි අනුන්ගේ වත්තක හරි සර්පයෙක් දැක්කම තලලා මරලා දාන උන්! අල්ලපු ගෙදර බල්ලා වැටෙන් පැන්නම දෑත බදලා පොල්ලෙන් ගහන උන්! මස් කඩේට ගිහින් ෆ්‍රෙශ් පිට කුකුලා මරවගෙන අරන් එන උන්! මීයන්ටවස දාලා කෑම තියන උන්! මී කතුරට පොල් කෑල්ලක් තියලා මීයා මරන උන්!,0.8052
"දොඩම් ගෙඩි දෙකක් උස නැති කොලු කුරුට්ටෙක්, පහුගිය දවස් වල අර නලුවගෙයි නිලියගෙයි අධෝමුඛය ලෙව කනව දැක්ක. ඒ කරල හෙන වීර කමක් කරා වගේ, අනිත් පැත්ත හැරිල කෙල්ලොන්ව bully කරනව. අබුද්දස්ස කාලේ කිව්වලු.","දොඩම් ගෙඩි දෙකක් උස නැති කොලු කුරුට්ටෙක්, පහුගිය දවස් වල අර නලුවගෙයි නිලියගෙයි අධෝමුඛය ලෙව කනව දැක්ක. ඒ කරල හෙන වීර කමක් කරා වගේ, අනිත් පැත්ත හැරිල කෙල්ලොන්ව bully කරනව. අබුද්දස්ස කාලේ කිව්වලු.",0.8052
@USER පට්ට බැල්ලි ආවද තෝ බිස්නස් කඩන්න ගහනව තොට වැලි,පට්ට බැල්ලි ආවද තෝ බිස්නස් කඩන්න ගහනව තොට වැලි,0.8052
"ඌ පුකේ ජනාවාස හදාගත්තොත් කට පුක ලඟට කරලා කියන්න මේ තෝ ඔතනිං ආවෙ නැත්තං අම්මපා මං හිරේ යනවා  කියලා.... ..   ඌ අනිවා එලියට එයි, කවුද කැමති එක එක සයිස් මෝල්ගස් වලිං තැලිලා මැරෙන්න Jerry  @USER  · 20 Nov 2018 තේකේ කඩියෙක් ඉදලා ඌව පෙව්නොත් ඌ බඩ දිගේ පුකට ගිහින් ජනාවාස හදාගත්තොත් පුකේ කඩි ගුලක් හැදෙයිද..?","ඌ පුකේ ජනාවාස හදාගත්තොත් කට පුක ලඟට කරලා කියන්න මේ තෝ ඔතනිං ආවෙ නැත්තං අම්මපා මං හිරේ යනවා කියලා.... .. ඌ අනිවා එලියට එයි, කවුද කැමති එක එක සයිස් මෝල්ගස් වලිං තැලිලා මැරෙන්න Jerry  · 20 නොව 2018 තේකේ කඩියෙක් ඉදලා ඌව පෙව්නොත් ඌ බඩ දිගේ පුකට ගිහින් ජනාවාස හදාගත්තොත් පුකේ කඩි ගුලක් හැදෙයිද..?",0.8052
වහින්නේ හිටගෙන පුක හෝදන්න  #SLvSA ‌ ‌ ‌  @USER  · 4 Sep 2021 #SlvSa අද වහිනවා ටහිකෙන්න,වහින්නේ හිටගෙන පුක හෝදන්න ස්ල්ව්ස ‌ ‌ ‌  · 4 සේප 2021 ස්ල්ව්ස අද වහිනවා ටහිකෙන්න,0.8052
"@USER එයාගෙ ""අතින්"" මැරෙන්න ? තෝ හිතං ඉන්නෙ ඒ දරුව රුපියල් දාහට හැපි එන්ඩිං දෙන ස්පා තෙරපිස්ට් කෙනෙක් කියලද ?","එයාගෙ ""අතින්"" මැරෙන්න ? තෝ හිතං ඉන්නෙ ඒ දරුව රුපියල් දාහට හැපි එන්ඩිං දෙන ස්පා තෙරපිස්ට් කෙනෙක් කියලද ?",0.8052
අම්ම තාත්ත ලග නැති එකෙක්ට කැස්සක් වත් හැදෙන්නෙපා,අම්ම තාත්ත ලග නැති එකෙක්ට කැස්සක් වත් හැදෙන්නෙපා,0.8052
@USER හම්මෝ යකෝ ......ලමා කාලෙ ලමයි හදන්නෙ නැතුව අපි වගෙ ෆන් එකේ ඉදපිය....ආව මෙතන ලමයි දන්නෙ කටේ කිරි සුවදවත් ගීන් නෑ තවම....අපේ අම්මා කියල තියෙන්නෙ එහෙමයි...ජීවිතේ පටන් ගන්නේ 21න් එහෙව් එකේ 21 ලබන්න කලින් ළමයි හදන්නෙ.....අපිව ආදර්සෙට ගනුකො,හම්මෝ යකෝ ......ලමා කාලෙ ලමයි හදන්නෙ නැතුව අපි වගෙ ෆන් එකේ ඉදපිය....ආව මෙතන ලමයි දන්නෙ කටේ කිරි සුවදවත් ගීන් නෑ තවම....අපේ අම්මා කියල තියෙන්නෙ එහෙමයි...ජීවිතේ පටන් ගන්නේ 21න් එහෙව් එකේ 21 ලබන්න කලින් ළමයි හදන්නෙ.....අපිව ආදර්සෙට ගනුකො,0.8052
@USER  @USER  @USER     ඕකෙ නම්  ඉන්නෙ සල්ලි වලට අම්මා උනත් වේසකමේ යවන අවජාතක බල්ලෝ බැල්ලියොනේ බන්..  #lka #SriLanka,ඕකෙ නම් ඉන්නෙ සල්ලි වලට අම්මා උනත් වේසකමේ යවන අවජාතක බල්ලෝ බැල්ලියොනේ බන්.. ලක ශ්‍රීලංකා,0.8052
සෝස බෝලෙට බෙහෙත් විදලා..එයාට වැඩිය අමාරු අපිට #DaddyDayCare,සෝස බෝලෙට බෙහෙත් විදලා..එයාට වැඩිය අමාරු අපිට දඩ්ද්‍ය්දය්චාරේ,0.8052
"ජංගි පොඩ්ඩක්වත් නැතුව හෙලුවැල්ලෙන් සිටි කාලය මට මතකය.  අංග ජාතකය පොළවට ලම්භකව එල්ලාගෙන, හොරි හැඳුනු කුෂ්ඨ ශරීරයද දරාගෙන,  ගෙදර වත්තේ කොහේ හෝ කොනක කක්කුස්සි ගිහින් පුක නොසෝදා ඇට්ටැම්බෙන් සිටි කාලය මට මතකය....","ජංගි පොඩ්ඩක්වත් නැතුව හෙලුවැල්ලෙන් සිටි කාලය මට මතකය. අංග ජාතකය පොළවට ලම්භකව එල්ලාගෙන, හොරි හැඳුනු කුෂ්ඨ ශරීරයද දරාගෙන, ගෙදර වත්තේ කොහේ හෝ කොනක කක්කුස්සි ගිහින් පුක නොසෝදා ඇට්ටැම්බෙන් සිටි කාලය මට මතකය....",0.8052
@USER  @USER පුක හපාගෙන මැරෙන්න ඕනේ,පුක හපාගෙන මැරෙන්න ඕනේ,0.8052
@USER  @USER යකෝ දුව.උඹේ අම්මගෙන් අහපන්..මම උඹේ තාත්තා..උඹේ අම්ම එක පාරක් ලංකාවට ආවා..උඹ ඉපදුනේ ලංකාවෙදි,යකෝ දුව.උඹේ අම්මගෙන් අහපන්..මම උඹේ තාත්තා..උඹේ අම්ම එක පාරක් ලංකාවට ආවා..උඹ ඉපදුනේ ලංකාවෙදි,0.8047
@USER  @USER අන්න නිමේස්..කූර අරන්  පලයන්   #TeamKevum #AvuruduLK,අන්න නිමේස්..කූර අරන් පලයන් ටෙඅම්කෙවුම් අවුරුදුල්ක්,0.8047
මෙ ගෙනිගෙ ඉස්සර කොල්ලා බලන් ඉන්නො.උගෙ පයියෙන් බඩු හො හො ගල බෙරෙනො...පව්,මෙ ගෙනිගෙ ඉස්සර කොල්ලා බලන් ඉන්නො.උගෙ පයියෙන් බඩු හො හො ගල බෙරෙනො...පව්,0.8047
ඔවු ඔවු යපි යෙකම පවුලේ කට්ටිය තමා..එක පඩ වෙල කඩන් ආපු යපි ශහොඩරයෝ තමා අප්පා... යටත් විජිත උබ ගිහින් තම්බින්ගෙ පුක හොදපන් ඔයිට වඩා හොදයි,ඔවු ඔවු යපි යෙකම පවුලේ කට්ටිය තමා..එක පඩ වෙල කඩන් ආපු යපි ශහොඩරයෝ තමා අප්පා... යටත් විජිත උබ ගිහින් තම්බින්ගෙ පුක හොදපන් ඔයිට වඩා හොදයි,0.8047
නිදාගත්තෙ නැත්නන් දෙනව හොඳවයින් පාරක් පුක පැලෙන්න   #LamaiNalawamuSL,නිදාගත්තෙ නැත්නන් දෙනව හොඳවයින් පාරක් පුක පැලෙන්න ලමිනලවමුස්ල්,0.8047
@USER  @USER  අයිසෙ යකො අඩො බිල්බෝඩ්  ටෞසෙට මාව වවුලෙක් වගේ පේනවද කියපම් මිනිහෝ....ඔය මගුල ඉම්මන්ට දාපම් මගෙන් සුද්ද සින්හල අහගන්නැතුව ආදරෙය්...  @USER  ථොගෙ අම්මා මුථ්ථා පරම්ඵරාවටම ඵොල් ඝහ ඝන්ඨ ඕනෙධ ථොඨ.. ආලවියො හෙනම ගහපම්,අයිසෙ යකො අඩො බිල්බෝඩ් ටෞසෙට මාව වවුලෙක් වගේ පේනවද කියපම් මිනිහෝ....ඔය මගුල ඉම්මන්ට දාපම් මගෙන් සුද්ද සින්හල අහගන්නැතුව ආදරෙය්... ථොගෙ අම්මා මුථ්ථා පරම්ඵරාවටම ඵොල් ඝහ ඝන්ඨ ඕනෙධ ථොඨ.. ආලවියො හෙනම ගහපම්,0.8047
@USER @USER  පුකේ පයන්නේ යට කෑල්ල කපලා ගනින්,පුකේ පයන්නේ යට කෑල්ල කපලා ගනින්,0.8047
177 කාලකන්නියෙක්... කොහෙට හරි වෙලා ජනේලෙන් ඇට රිලවෙක් වගේ බෙල්ල එලියට දාගෙන පස්ස බල බල ඉඳල ලංගම බස් එක එනකොටම ඔය වරම අතට අරන් ඉගිලෙනවා ඇත්තේ.. ඔය කාලකන්නි ප්‍රයිවට් බස් සනුහරේ ඉන්නකන් ඕවා ඔහොම තමයි... මේ ගොන්... URL,177 කාලකන්නියෙක්... කොහෙට හරි වෙලා ජනේලෙන් ඇට රිලවෙක් වගේ බෙල්ල එලියට දාගෙන පස්ස බල බල ඉඳල ලංගම බස් එක එනකොටම ඔය වරම අතට අරන් ඉගිලෙනවා ඇත්තේ.. ඔය කාලකන්නි ප්‍රයිවට් බස් සනුහරේ ඉන්නකන් ඕවා ඔහොම තමයි... මේ ගොන්... උර්ල්,0.8047
අල්ලපු ගෙදර පිටකොටුවේ පෙව්මන්ට් ගුනසේකරයගේ ගෑනිගේ සක්කිලි වැඩේ අපේ cctv වලට මාට්ටුයි කියලා ඒ වේස හෝන්තුව දන්නෑ.   (වීඩියෝ සාක්ෂි සහිතයි),අල්ලපු ගෙදර පිටකොටුවේ පෙව්මන්ට් ගුනසේකරයගේ ගෑනිගේ සක්කිලි වැඩේ අපේ ච්ච්ට්ව් වලට මාට්ටුයි කියලා ඒ වේස හෝන්තුව දන්නෑ. (වීඩියෝ සාක්ෂි සහිතයි),0.8047
@USER හම්මෝ ඒ ෆිල්ම් සෙට් එකනම්... කොහොම උනත් ලොරිකාරයට දෙන්න ඕන ඇට කුඩු වෙන්න.... මෝඩ මූසලයා.,හම්මෝ ඒ ෆිල්ම් සෙට් එකනම්... කොහොම උනත් ලොරිකාරයට දෙන්න ඕන ඇට කුඩු වෙන්න.... මෝඩ මූසලයා.,0.8047
I don’t hate anyone based on their sexuality. Sexuality ඉස්සරහට දාගෙන ටෞකන ටෝක ඉශූ කරන ගොන් පකයලානේ පේන්න බැරි. #LGBTQ උන්ටත් නැති පුකේ අමාරු වටේ ඉන්න පකයලට Niii @USER  · 27 Nov 2019 Show is over peeps I’m off for a family dinner    Just don’t hate anyone based on their sexuality!,ඉ don’t hate anyone based ඕන their sexuality. Sexuality ඉස්සරහට දාගෙන ටෞකන ටෝක ඉශූ කරන ගොන් පකයලානේ පේන්න බැරි. ල්ග්බ්ත්ක උන්ටත් නැති පුකේ අමාරු වටේ ඉන්න පකයලට නීඉ · 27 නොව 2019 Show ඉස over පීප්ස් ඉම off for අ family dinner Just don’t hate anyone based ඕන their sexuality!,0.8047
මිනී මරාගන්න තමයි ලෑස්ති වෙන්නේ හුත්ත,මිනී මරාගන්න තමයි ලෑස්ති වෙන්නේ හුත්ත,0.8044
@USER විසිල් ගැහුවොත් අම්මා  කටට ගහනවා මට,විසිල් ගැහුවොත් අම්මා කටට ගහනවා මට,0.8042
යකෝ දහයක් එක්කන් යන්න පුළුවන් ට්‍රිප් එකට සීයක් ගෙනියන්න බෑනේ. මුන් හරියට ගැණී මැරිච්ච් මිනිහ වගේ අඩනවනේ! ඉස්සෙල්ල attitude හදාගන්න ප්ලීස්,යකෝ දහයක් එක්කන් යන්න පුළුවන් ට්‍රිප් එකට සීයක් ගෙනියන්න බෑනේ. මුන් හරියට ගැණී මැරිච්ච් මිනිහ වගේ අඩනවනේ! ඉස්සෙල්ල attitude හදාගන්න ප්ලීස්,0.8042
නානා....!! ඔන්න ඕකනෙ ඉතිං  අපි සංහිඳියාව ගැන පුක ඉරාගෙන කෑගහන කොට උඹල ඔහේ හැමිනෙන්ඩ හදනවා. මොකෝ උන් හිටිය කියල උඹලැයි පුක උඩ ඩෝසර් පදිනවද?,නානා....!! ඔන්න ඕකනෙ ඉතිං අපි සංහිඳියාව ගැන පුක ඉරාගෙන කෑගහන කොට උඹල ඔහේ හැමිනෙන්ඩ හදනවා. මොකෝ උන් හිටිය කියල උඹලැයි පුක උඩ ඩෝසර් පදිනවද?,0.8042
"ඇත්තටම ඇයි අපි ඉපදුනේ, මොන අහවල් කෙන්ගෙඩිකටද.. රෙද්ද — feeling මේ ජීවිතේ මාහා විකාරයක්","ඇත්තටම ඇයි අපි ඉපදුනේ, මොන අහවල් කෙන්ගෙඩිකටද.. රෙද්ද — feeling මේ ජීවිතේ මාහා විකාරයක්",0.8042
ලෝඩ් බේඩන් පවල් මේ දිවුරුම රීට්වීට් කරපු එකා දැක්කනං පුක වලලං මැරෙන්නෙ,ලෝඩ් බේඩන් පවල් මේ දිවුරුම රීට්වීට් කරපු එකා දැක්කනං පුක වලලං මැරෙන්නෙ,0.8042
"මෙකෙ ඉන්න එව්න් හරි පව්, සින්හල අම්මගෙන් ජාතක වෙලා, සින්හලකමටත් ගරහනවා,,,මොඩ කාලකණ්ණි...","මෙකෙ ඉන්න එව්න් හරි පව්, සින්හල අම්මගෙන් ජාතක වෙලා, සින්හලකමටත් ගරහනවා,,,මොඩ කාලකණ්ණි...",0.8042
@USER පොන්න පකෙක්.  අපී මෙහේ සීතලට අදින ඇදුම් .ගිනි ගහන රස්නේ මේ මීහරකා යටට ඇදලා බිජ්ජ halfboill වෙලා ඇතී,පොන්න පකෙක්. අපී මෙහේ සීතලට අදින ඇදුම් .ගිනි ගහන රස්නේ මේ මීහරකා යටට ඇදලා බිජ්ජ හල්ෆ්බොඉල්ල වෙලා ඇතී,0.8042
"Thank you hiru tv.  @USER  ගේ තට්ටේ පැලුවා,  @USER  උගේ ජංගියවත් තිබ්බේ නෑ.මිලියා,ජීවන්,ඔක්කගේම කලිසම ගලෝලා තැලුවා යකෝ","Thank you හිරු ට්ව ගේ තට්ටේ පැලුවා, උගේ ජංගියවත් තිබ්බේ නෑ.මිලියා,ජීවන්,ඔක්කගේම කලිසම ගලෝලා තැලුවා යකෝ",0.8042
"- නංගී...අහන්නමයි උන්නෙ...  - මේ..මේකයි..මේ, ඔය පුක ඔයාගෙමද?  - ඔව්..ඔව්..ඒක තමයි... . - අනේ නිකන් යන්න නෙවෙයි...කියපන්, ප්‍රශ්නයක් ඇහුවේ...  - අහ්...මේ තව එකක් තියේ, අහන්නද?  - මේ ඔය රෙන පුකද, දෙන පුකද,  ( සත්‍ය සිදුවීමක් වගේ ම දෙයක් )","- නංගී...අහන්නමයි උන්නෙ... - මේ..මේකයි..මේ, ඔය පුක ඔයාගෙමද? - ඔව්..ඔව්..ඒක තමයි... . - අනේ නිකන් යන්න නෙවෙයි...කියපන්, ප්‍රශ්නයක් ඇහුවේ... - අහ්...මේ තව එකක් තියේ, අහන්නද? - මේ ඔය රෙන පුකද, දෙන පුකද, ( සත්‍ය සිදුවීමක් වගේ ම දෙයක් )",0.8042
කෝ කට්ටිය #TweepsMatchOut එන්න පුක ඉරාගෙන දඟලන්න  URL This Tweet is unavailable.,කෝ කට්ටිය ත්වෙඑප්ස්මත්චෞත් එන්න පුක ඉරාගෙන දඟලන්න උර්ල් This Tweet ඉස unavailable.,0.8042
පුක පිහගන්න ගෙනා  පේපරයක් දෙකට කඩා  අහකට විසි කෙරුවා බං :/,පුක පිහගන්න ගෙනා පේපරයක් දෙකට කඩා අහකට විසි කෙරුවා බං :/,0.8042
@USER අර පොලොස් කරිය. තාම කටට කෙල උනනවා.,අර පොලොස් කරිය. තාම කටට කෙල උනනවා.,0.8042
@USER මෙලහට ඒකි ඉරට්ටක් සයිස් එකට ඇති,මෙලහට ඒකි ඉරට්ටක් සයිස් එකට ඇති,0.8042
"Discus, dollar මාළුන්ගෙ හෙන ලොකු ලයින් තියෙන්නෙ. රෙද්ද.","Discus, dollar මාළුන්ගෙ හෙන ලොකු ලයින් තියෙන්නෙ. රෙද්ද.",0.8042
@USER  @USER  ඒක කරලම පලයන් අංගොඩ,ඒක කරලම පලයන් අංගොඩ,0.8041
"@USER දියවන්නාවෙ කාලකණ්ණි ටික මරල දාන්නම ඕන , පොන්න රනිල, හොර මහින්ද ඕකුන්ගෙ හෙන්චයියන් ඔක්කොම මරල දාල උන්ගෙ ගෑනුටික ගණිකා සේවයේ දාන්න ඕන","දියවන්නාවෙ කාලකණ්ණි ටික මරල දාන්නම ඕන , පොන්න රනිල, හොර මහින්ද ඕකුන්ගෙ හෙන්චයියන් ඔක්කොම මරල දාල උන්ගෙ ගෑනුටික ගණිකා සේවයේ දාන්න ඕන",0.8037
@USER @USER  වෙස් මූණක් දාං පලයන්. මෙහෙට නම් වහිනවත් එක්ක.,වෙස් මූණක් දාං පලයන්. මෙහෙට නම් වහිනවත් එක්ක.,0.8037
දර ලිප හෙන ප්‍රාථමික ගොඩේ උනාට දර ලිපේ හදන Pizza හෙන Posh!,දර ලිප හෙන ප්‍රාථමික ගොඩේ උනාට දර ලිපේ හදන Pizza හෙන Posh!,0.8037
හුකවනවා පකයට මට උබ එවන්නෙ මගුලද පකෝ,හුකවනවා පකයට මට උබ එවන්නෙ මගුලද පකෝ,0.8037
"@USER ,  @USER  @USER ගවමස් නැතුව ජිවත් වෙන්ඩ අමාරු එවුන්ගෙ පවුල් පිටින් ගවයා මැරෙනකොට ලැබෙන වේදනවම විඳලා මැරේවා.",", ගවමස් නැතුව ජිවත් වෙන්ඩ අමාරු එවුන්ගෙ පවුල් පිටින් ගවයා මැරෙනකොට ලැබෙන වේදනවම විඳලා මැරේවා.",0.8037
ආ පස්ස පැත්ත ලොකුවට තියෙන නංගිලා වනන්න වනන්න වනන්න  #SLCheerBoards,ආ පස්ස පැත්ත ලොකුවට තියෙන නංගිලා වනන්න වනන්න වනන්න ස්ල්චෙඑර්බොඅර්ද්ස,0.8037
"හිර ඩෙනිමයි කොට සායයි හිතුවද උඹ ලස්සන... නලව නලව පද්දල යන ඔය උඹලයි පස්සට... ‍කොල්ලො, හැරිල බලල සූස් ගාල වචනෙ... URL","හිර ඩෙනිමයි කොට සායයි හිතුවද උඹ ලස්සන... නලව නලව පද්දල යන ඔය උඹලයි පස්සට... ‍කොල්ලො, හැරිල බලල සූස් ගාල වචනෙ... උර්ල්",0.8037
"@USER දෙන්ඩ එපැයි කනට දෙකක්. මම atm එකට ගිය වෙලේ එහෙම එකක් උනා. කෙලින්ම කිව්වෙ පලයන් හුත්** පිටිපස්සට , තොට මීටරේ පරතරේ පේන්නෙ නැද්ද කියල.","දෙන්ඩ එපැයි කනට දෙකක්. මම ඇතම් එකට ගිය වෙලේ එහෙම එකක් උනා. කෙලින්ම කිව්වෙ පලයන් හුත්** පිටිපස්සට , තොට මීටරේ පරතරේ පේන්නෙ නැද්ද කියල.",0.8037
“නංගි” වචනය “බඩුව ” බවට පත් වූයේ කාගේ වරදින්ද ? URL,“නංගි” වචනය “බඩුව ” බවට පත් වූයේ කාගේ වරදින්ද ? උර්ල්,0.8037
මටත් හීනයක් තිබ්බා හෙන Talented පොරක් වෙන්ඩ කරුමෙට තම්මැට්ටමක්වත් තාලෙට ගහන්ඩ ඉගෙන ගත්තේ නෑ,මටත් හීනයක් තිබ්බා හෙන Talented පොරක් වෙන්ඩ කරුමෙට තම්මැට්ටමක්වත් තාලෙට ගහන්ඩ ඉගෙන ගත්තේ නෑ,0.8037
"@USER  @USER හහ්හහ්හහ්   ගෙන්දගම් පොළවේ කියලනං පේනවා කොහේහරි පේමන්ට් එකක, කාණු පල්ලෙක වැදුන එකෙක් ගානයි කට ඇරිය තාලෙටම   අප්පා වැරදි බාල්දිය නේන්නං. සක්කිලියගේ ගූ පනිට්ටුවක් නේද තෝ   හූ. අනේ පල අජර කැකිරියා යන්ඩ.  ජාතිය නැති එවුන් තමා කොහොමත් මේගේ ලේබල් අලවන නටවන්නේ","හහ්හහ්හහ් ගෙන්දගම් පොළවේ කියලනං පේනවා කොහේහරි පේමන්ට් එකක, කාණු පල්ලෙක වැදුන එකෙක් ගානයි කට ඇරිය තාලෙටම අප්පා වැරදි බාල්දිය නේන්නං. සක්කිලියගේ ගූ පනිට්ටුවක් නේද තෝ හූ. අනේ පල අජර කැකිරියා යන්ඩ. ජාතිය නැති එවුන් තමා කොහොමත් මේගේ ලේබල් අලවන නටවන්නේ",0.8037
331 ගහනකන් ඉදලා Wicket එකක් ගත්තේ මොන මගුලකටද යකෝ,331 ගහනකන් ඉදලා Wicket එකක් ගත්තේ මොන මගුලකටද යකෝ,0.8032
@USER ඉතිං යකෝ නඩු දාල ඇතුලට දාපල්ලකෝ,ඉතිං යකෝ නඩු දාල ඇතුලට දාපල්ලකෝ,0.8032
Photo එකක් අරන් ඒකට හෙන ගහනවා වගේ effect සීයක් විතර දාල tiktok හදන මන්ද මානසික යාලුවෙක් උබටත් ඉන්නවද,Photo එකක් අරන් ඒකට හෙන ගහනවා වගේ effect සීයක් විතර දාල ටික්ටෝක් හදන මන්ද මානසික යාලුවෙක් උබටත් ඉන්නවද,0.8032
මන් නම් ෆෝන් එක ඔබන්නේ ඇයි වෙන හු*කලන්නලට අමාරැව රෙද්ද! නෑදෑ හු*තලා කෙහොමත් වැඩැක් නෑ,මන් නම් ෆෝන් එක ඔබන්නේ ඇයි වෙන හු*කලන්නලට අමාරැව රෙද්ද! නෑදෑ හු*තලා කෙහොමත් වැඩැක් නෑ,0.8032
@USER බල්ල තලන්නෙප යකෝ..සත්ත හිංසනේ,බල්ල තලන්නෙප යකෝ..සත්ත හිංසනේ,0.8032
‘තෝ හොරෙක්.. තෝ පල් හොරෙක්..’ උඹ කටවහගනින් උඹ තමයි ලොකුම හොරා.. – ලොකුම තැනක කතාවක් මෙහෙමයි.. URL,‘තෝ හොරෙක්.. තෝ පල් හොරෙක්..’ උඹ කටවහගනින් උඹ තමයි ලොකුම හොරා.. – ලොකුම තැනක කතාවක් මෙහෙමයි.. උර්ල්,0.8032
"දැන් ඒකටත් පලි තිසර පෙරේරද? යකෝ උගෙ අප්පගෙ ලොජික් නෙහ් එදා 112ට All Out වෙද්දි ඌ හොඳයි, 392ක් ගැහුවම ඌට ගහන්න ඕනිලු. මම නම් කියන්නෙ මුං වගේ එවුන් වදපු අම්ම අප්පටයි ගහන්න ඕනි #INDvSL","දැන් ඒකටත් පලි තිසර පෙරේරද? යකෝ උගෙ අප්පගෙ ලොජික් නෙහ් එදා 112ට All Out වෙද්දි ඌ හොඳයි, 392ක් ගැහුවම ඌට ගහන්න ඕනිලු. මම නම් කියන්නෙ මුං වගේ එවුන් වදපු අම්ම අප්පටයි ගහන්න ඕනි ඉන්ද්ව්ස්ල්",0.8032
"@USER @USER  this is කොස්, ගල උඩ පැටිස්","this ඉස කොස්, ගල උඩ පැටිස්",0.8032
යේනෝ... ඉරවෝඩු ඔලියායි කූඩුම්.. උරවොන්ඩෘ කේට්කිරේන්.. වරෙයිනේරුම් ඉවලින් ආසෙයි.. නිරවේර පාකිරෙන්.. නදි සේරුම් කඩලින් මීදු.. මලෙයි නීරෙයි සෙරුවෙන් අමුදේ.. පේර් අමුදේ.. පෙන් මනදින් කනවින් ‍යේකම් තීකුමා.. යේකුමා.. මදියේ.. තන් මදියේ.. ඉවන් අලගින් බිම්බම් කන්ගල් පාකුමා.. තෝකුමා..,යේනෝ... ඉරවෝඩු ඔලියායි කූඩුම්.. උරවොන්ඩෘ කේට්කිරේන්.. වරෙයිනේරුම් ඉවලින් ආසෙයි.. නිරවේර පාකිරෙන්.. නදි සේරුම් කඩලින් මීදු.. මලෙයි නීරෙයි සෙරුවෙන් අමුදේ.. පේර් අමුදේ.. පෙන් මනදින් කනවින් ‍යේකම් තීකුමා.. යේකුමා.. මදියේ.. තන් මදියේ.. ඉවන් අලගින් බිම්බම් කන්ගල් පාකුමා.. තෝකුමා..,0.8032
Liyanaarachchilage Danushka Prabath  @USER  මුගෙ රට නොබෙදා බලය බෙදිම කියන්නේ නිකං මෙන්න මෙ වගෙ  ගගක් ලග මාළු බාන මිනිහෙක්ගෙන් තවත් එකෙක් එතැනට ඇවිල්ලා හා මල්ලි මාළු බානවද කියලා ඇහුවාම මාළු බාන එකා නැ අයියෙ මෙ පණුවා නාවනවා කිව්වා වගේ... රටෙ කරුමෙට උපන් සක්කිලි බල්ලෙක් මු,ලියනාරච්චිලගේ දනුෂ්ක ප්‍රබත් මුගෙ රට නොබෙදා බලය බෙදිම කියන්නේ නිකං මෙන්න මෙ වගෙ ගගක් ලග මාළු බාන මිනිහෙක්ගෙන් තවත් එකෙක් එතැනට ඇවිල්ලා හා මල්ලි මාළු බානවද කියලා ඇහුවාම මාළු බාන එකා නැ අයියෙ මෙ පණුවා නාවනවා කිව්වා වගේ... රටෙ කරුමෙට උපන් සක්කිලි බල්ලෙක් මු,0.8031
ගෑනු මැරෙන්නේ තමංගේ රෝග ලක්ෂණ වෙන උං එක්ක සංසන්දනය කරලා හදා ගන්න හිතේ අමාරු වලිං,ගෑනු මැරෙන්නේ තමංගේ රෝග ලක්ෂණ වෙන උං එක්ක සංසන්දනය කරලා හදා ගන්න හිතේ අමාරු වලිං,0.8031
@USER ඔයා කටට නම් ඉබ්බෙක් දාල හරියන් නෑ @USER ප්‍රෙන්  වෙනම  security සිස්ටම් එකක් දාන්ට ඕනි ..  සහ වහින වෙලාවට වැස්සට නොයා ඉන්න ...,ඔයා කටට නම් ඉබ්බෙක් දාල හරියන් නෑ ප්‍රෙන් වෙනම security සිස්ටම් එකක් දාන්ට ඕනි .. සහ වහින වෙලාවට වැස්සට නොයා ඉන්න ...,0.8027
"“නැපයියා” දඩයම් අරමුණ පෙරදැරිව“කික්කි” සමග වනයට යන්නේය.වල් ඌරකු, ගෝනකු, මුවකු වැනි සතෙකු දඩයම තමන්ට සහ  “කික්කි”... URL","“නැපයියා” දඩයම් අරමුණ පෙරදැරිව“කික්කි” සමග වනයට යන්නේය.වල් ඌරකු, ගෝනකු, මුවකු වැනි සතෙකු දඩයම තමන්ට සහ “කික්කි”... උර්ල්",0.8027
@USER මුන් දෙන්නව දකිද්දී ඇගේ මාළු නටනවා කාලකණ්නි හැත්ත,මුන් දෙන්නව දකිද්දී ඇගේ මාළු නටනවා කාලකණ්නි හැත්ත,0.8027
"""උගත් ඇට කිච්චී, වැස්සි, ගොන් ටැම්බි, මන්ද මානසික එළදෙන, උඹ, මේකී,ගොන් බඩු කෑල්ල, ගොන් හැතිරි,චිංචිමානවිකාව, බැල්ලී ,වැළලියන් තෝ ! පුකේ ඉත්තෑවෝ ! ජාතක කරපු එවුන් පව්! "" "" විකල්ප පඩංගුව "" අමතක වෙලා.","""උගත් ඇට කිච්චී, වැස්සි, ගොන් ටැම්බි, මන්ද මානසික එළදෙන, උඹ, මේකී,ගොන් බඩු කෑල්ල, ගොන් හැතිරි,චිංචිමානවිකාව, බැල්ලී ,වැළලියන් තෝ ! පුකේ ඉත්තෑවෝ ! ජාතක කරපු එවුන් පව්! "" "" විකල්ප පඩංගුව "" අමතක වෙලා.",0.8027
ඉදකින් අර වට්ටි අම්ම ලෙස්බියන්,ඉදකින් අර වට්ටි අම්ම ලෙස්බියන්,0.8027
හිටියොත් පුක ලොකුවී.. බස්සෙකෙ ජැක නොවරදී..,හිටියොත් පුක ලොකුවී.. බස්සෙකෙ ජැක නොවරදී..,0.8027
@USER Thank you!! A/L වලින් පස්සේ කාලකණ්ණි වුනා වැඩි වගේ කියලා දැන් හිතෙනවා,Thank you!! අල වලින් පස්සේ කාලකණ්ණි වුනා වැඩි වගේ කියලා දැන් හිතෙනවා,0.8027
ඇස් වහ කට වහ වැදුනා .. අර ගෑනිට... නොදකින් තොපේ කටවල්..  හොරට ගහල කාට දින්නන බැරිද?   අපේ හෙට උදේ නැගිට්ටත් ක්‍රෝඒෂීයා තමයි.,ඇස් වහ කට වහ වැදුනා .. අර ගෑනිට... නොදකින් තොපේ කටවල්.. හොරට ගහල කාට දින්නන බැරිද? අපේ හෙට උදේ නැගිට්ටත් ක්‍රෝඒෂීයා තමයි.,0.8027
@USER ඔව්. අපේ අම්මටත් රසට හදන්න පුළුවන්. හැබැයි අපේ කොල්ලෙක්ගෙ අම්ම හදනව පොලොස් ආයෙ ඒක විතරක් එක්ක බත් කන්න පුළුවන් ඒ තරම් රසයි,ඔව්. අපේ අම්මටත් රසට හදන්න පුළුවන්. හැබැයි අපේ කොල්ලෙක්ගෙ අම්ම හදනව පොලොස් ආයෙ ඒක විතරක් එක්ක බත් කන්න පුළුවන් ඒ තරම් රසයි,0.8027
"@USER @USER  එක කටට බත් දෙකට ගානේ, කටවල් හැටක්....කටවත් කියන්න එපා @USER  @USER  @USER  @USER","එක කටට බත් දෙකට ගානේ, කටවල් හැටක්....කටවත් කියන්න එපා",0.8027
@USER ඉතින් පොන්නයො ඌත් කඩේ යනව ඕන වෙලාවට තෝත් කඩේ යනව රාජපක්ශ පක්කුන්ට. මොකක්ද වෙනස. උබ නිකන් ගෑනියෙක් වගේ පරන ඒව ඇදල මෙතන පුක දෙනව. තොපේ මහ එවුන් කරන ඒවට තොපි රඟපු හැටියට කටවුත්තර නැති උනාම ඔහොම පොන්න වැඩ තම කරන්නෙ. පෙනුමෙන්නම් මල් පොන්නයෙක් වගේ තමා තෝ ගොනා,ඉතින් පොන්නයො ඌත් කඩේ යනව ඕන වෙලාවට තෝත් කඩේ යනව රාජපක්ශ පක්කුන්ට. මොකක්ද වෙනස. උබ නිකන් ගෑනියෙක් වගේ පරන ඒව ඇදල මෙතන පුක දෙනව. තොපේ මහ එවුන් කරන ඒවට තොපි රඟපු හැටියට කටවුත්තර නැති උනාම ඔහොම පොන්න වැඩ තම කරන්නෙ. පෙනුමෙන්නම් මල් පොන්නයෙක් වගේ තමා තෝ ගොනා,0.8027
පුක කකුලුවොම කන්න ඕන!  тнαяιη∂υ ツ @USER  · 13 Sep 2017 මුහුදු වෙරළවල් වල රෙන උන්ට නම් අම්මපා ගහන්න ඕන පුකට හෙන 7ක්.,පුක කකුලුවොම කන්න ඕන! тнαяιηυ ツ · 13 සේප 2017 මුහුදු වෙරළවල් වල රෙන උන්ට නම් අම්මපා ගහන්න ඕන පුකට හෙන 7ක්.,0.8027
ලංක‍ාව‍ෙ ක‍ෙල්ල‍ෙක් කල‍ොත් බඩුව පිට රට ක‍ෙල්ල‍ෙක් ක‍ල‍‍ොත් Pornstar.,ලංක‍ාව‍ෙ ක‍ෙල්ල‍ෙක් කල‍ොත් බඩුව පිට රට ක‍ෙල්ල‍ෙක් ක‍ල‍‍ොත් පොර්න්ස්ටර්,0.8027
තෝ උන්ව ෆොලො කරා නං බෙල්ලෙ වැල දාගන්නව හුත්තො,තෝ උන්ව ෆොලො කරා නං බෙල්ලෙ වැල දාගන්නව හුත්තො,0.8027
රෙන කිව්වම මට දෙකක් මතක් වුනා..නාලිකා,රෙන කිව්වම මට දෙකක් මතක් වුනා..නාලිකා,0.8026
"'මේ දවස් දෙකේ හරියට බලන්න බැරි වුණේ අර බැල්ලියක් පැටවු දාලා ඒ වැඩ නිසා""........බැල්ලි ( තමන්වජාතක කල පියාට වඩා... URL","'මේ දවස් දෙකේ හරියට බලන්න බැරි වුණේ අර බැල්ලියක් පැටවු දාලා ඒ වැඩ නිසා""........බැල්ලි ( තමන්වජාතක කල පියාට වඩා... උර්ල්",0.8022
@USER තෝ ඕක උන්ඩිකරලා ගහගං පශ්ශේ  @USER,තෝ ඕක උන්ඩිකරලා ගහගං පශ්ශේ,0.8022
@USER ‌ පෙරේතයෝ ආවේෂ  වෙන්න මනුස්සයොන්ට තෝ වගේ පෙරේතයක් තව උන් ආවේෂ වෙන්නෙ නෑ,‌ පෙරේතයෝ ආවේෂ වෙන්න මනුස්සයොන්ට තෝ වගේ පෙරේතයක් තව උන් ආවේෂ වෙන්නෙ නෑ,0.8022
@USER  @USER බඩ පලයන් රිලවා,බඩ පලයන් රිලවා,0.8022
@USER ඒ මහත්මයා පවසලා තීන්නේ ඉතාමත් සාහිත්‍යාර්මක ලෙසින් “ගෝනි හරකා” යන්නයි. ගෝනි හරකා යනු ගෝනි වලින් සැදූ අහිංසක හරකෙකි. ලොක්කයියා අහිංසකයිලු. එයාව බැලේ පංතියට ගන්න තිබ්බා. අපරාදෙ,ඒ මහත්මයා පවසලා තීන්නේ ඉතාමත් සාහිත්‍යාර්මක ලෙසින් “ගෝනි හරකා” යන්නයි. ගෝනි හරකා යනු ගෝනි වලින් සැදූ අහිංසක හරකෙකි. ලොක්කයියා අහිංසකයිලු. එයාව බැලේ පංතියට ගන්න තිබ්බා. අපරාදෙ,0.8022
@USER ගූරාජ් උබලට ලැජ්ජ නැත්ද යකෝ උබල නිකන් කොටුවෙ බඩු වගේ නොදකින් කාලක්න්නි,ගූරාජ් උබලට ලැජ්ජ නැත්ද යකෝ උබල නිකන් කොටුවෙ බඩු වගේ නොදකින් කාලක්න්නි,0.8022
වෙච්ච දේට කල කිරිලා නැ කවදත් මම අඩලා පච්ච කොටලා කිට මරලා පට්ට කෙල්ලෝ කොර කරලා බට කෙල්ලෝ මැද ඔයා ජාති අතීතය අපේ පජාති ලගින් උන්නු ඔය මගේ ගතින් නැත්නම් ඉතිං ඔයා nothing #විසේ_කුරුට්ටා #UOR,වෙච්ච දේට කල කිරිලා නැ කවදත් මම අඩලා පච්ච කොටලා කිට මරලා පට්ට කෙල්ලෝ කොර කරලා බට කෙල්ලෝ මැද ඔයා ජාති අතීතය අපේ පජාති ලගින් උන්නු ඔය මගේ ගතින් නැත්නම් ඉතිං ඔයා nothing #විසේ_කුරුට්ටා උඔර්,0.8022
@USER මට ගහපං තඩි පොල්ලකින් ශුදේව ඔයෙ බලපංකො ඉතිං ඒකෙත් හැටි..  මං අයින් වෙලා පයිං යන්නම්,මට ගහපං තඩි පොල්ලකින් ශුදේව ඔයෙ බලපංකො ඉතිං ඒකෙත් හැටි.. මං අයින් වෙලා පයිං යන්නම්,0.8022
@USER තොට ගහන්න ඕනා ඇඹුල් පොල් පිත්තකින්,තොට ගහන්න ඕනා ඇඹුල් පොල් පිත්තකින්,0.8022
නොදකින් යකෝ..  මේ වගේ එකෙක් ඕනේ කියන්නේ තොට පයිත්තියංද? TuTu  @USER  · 2 Mar 2019 මටත් ඕනි මේම අක්කෙක්,නොදකින් යකෝ.. මේ වගේ එකෙක් ඕනේ කියන්නේ තොට පයිත්තියංද? TuTu  · 2 Mar 2019 මටත් ඕනි මේම අක්කෙක්,0.8022
තෝ හොරෙක් තෝ පල් හොරෙක් උඹ කටවහගනින් උඹ තමයි ලොකුම හොරා–ලොකුම තැනක කතාවක් මෙන්න  කවුද ලොකුම හොරා ?  URL via  @USER,තෝ හොරෙක් තෝ පල් හොරෙක් උඹ කටවහගනින් උඹ තමයි ලොකුම හොරා–ලොකුම තැනක කතාවක් මෙන්න කවුද ලොකුම හොරා ? උර්ල් via,0.8018
විල්පතුව විල්පතුව  විල්පතුව  මොන උට්ටද යකෝ...එක කපල නෑ....බොල...,විල්පතුව විල්පතුව විල්පතුව මොන උට්ටද යකෝ...එක කපල නෑ....බොල...,0.8018
අක්කෙ මටත් twitter acc. එකක් හදාගන්න ඕනෙ  තෝ fb එකෙනුත් බ්ලොක් වෙන්න හදන්නෙ #SayNoToSneakySiblings,අක්කෙ මටත් twitter අක්ක එකක් හදාගන්න ඕනෙ තෝ ෆ්බ් එකෙනුත් බ්ලොක් වෙන්න හදන්නෙ සය්නොතොස්නෙඅක්ය්සිබ්ලිඞ්ස,0.8018
අකිලය ගොන් මූසල කතාවක් කිව්ව තමයි. අපි ඌට විතරක් මඩ ගහමු. උගෙ ළමය සම්බන්ද කරල මඩ නොගහ ඉමු නේ.   ළමයි මොනවා දන්නව කියලද.,අකිලය ගොන් මූසල කතාවක් කිව්ව තමයි. අපි ඌට විතරක් මඩ ගහමු. උගෙ ළමය සම්බන්ද කරල මඩ නොගහ ඉමු නේ. ළමයි මොනවා දන්නව කියලද.,0.8018
රතු හැට්ටෙ පළල් මදි දෙතන පෙනෙන්නට තිසරුන් ආසයි මුහුණ බලන්නට උස්සල තනපට තදකරපන් රණ තිසරු පනී බැඳපන්  සේලෙ පළල් නුඹේ කලව පෙනෙන්නට සුලිය වගේ නාඹිය පෙන්නන්නට ගස්සල පස්ස ටිකක් හදපන් ඉඟ සේල තදින් බැඳපන් CHIEF  @USER  · 17 May 2021 රඟහල දැන් ඇත අඩ අඳුරේ  අපි දෙදෙනා පෙම් පිළිසඳරේ  අන්න බලන් කුමරිය මනමේ  තනිවී ඇත හිම ඝිරි අරණේ twitter.com/Laksh_268/stat…,රතු හැට්ටෙ පළල් මදි දෙතන පෙනෙන්නට තිසරුන් ආසයි මුහුණ බලන්නට උස්සල තනපට තදකරපන් රණ තිසරු පනී බැඳපන් සේලෙ පළල් නුඹේ කලව පෙනෙන්නට සුලිය වගේ නාඹිය පෙන්නන්නට ගස්සල පස්ස ටිකක් හදපන් ඉඟ සේල තදින් බැඳපන් CHIEF  · 17 May 2021 රඟහල දැන් ඇත අඩ අඳුරේ අපි දෙදෙනා පෙම් පිළිසඳරේ අන්න බලන් කුමරිය මනමේ තනිවී ඇත හිම ඝිරි අරණේ twitter.com/Laksh_268/stat…,0.8018
රසැති දොඩමේ සුවද ඇන්ටි එනව කටට කෙල ඉස්පිරිතාලෙ @USER,රසැති දොඩමේ සුවද ඇන්ටි එනව කටට කෙල ඉස්පිරිතාලෙ,0.8018
"නෑ මම කියන්නේ , මම මේ කියෝන ඒවා අපේ ගෑණි නිසා ඉවසන් ඉන්නව.. වෙන එකියක් නම් මගේ පුපට පයින් දෙකක් ගහලා එලෝලා","නෑ මම කියන්නේ , මම මේ කියෝන ඒවා අපේ ගෑණි නිසා ඉවසන් ඉන්නව.. වෙන එකියක් නම් මගේ පුපට පයින් දෙකක් ගහලා එලෝලා",0.8018
"@USER ඥාණසාර හිටියනම්: ""අපි මේ කැප කිරීම් කරලා මේ පන්සල් හැදුවේ තොපි වගේ හුත්තිගේ පුතාලට දුවන්න ද, වහාම පන්සලෙන් එලියට පල පර බල්ලා""","ඥාණසාර හිටියනම්: ""අපි මේ කැප කිරීම් කරලා මේ පන්සල් හැදුවේ තොපි වගේ හුත්තිගේ පුතාලට දුවන්න ද, වහාම පන්සලෙන් එලියට පල පර බල්ලා""",0.8018
"කාලකණ්ණි හැත්ත මේ වෙලාවෙවත් ඔය අවජාතක වැඩේ නවත්තපල්ලා, බුර්කා ඇන්දෙ නෑ කියලා ගෑනු බඩ වෙන්නෙ නෑ. අනික යකෝ මේ ගිනි රස්නෙ රටේ මොලයක් තියෙන එකෙක් ඔය ගොබ්බ ඇදුම අදින්නෙ නෑ මොලේ විකාර වෙච්ච බූරුවො ඇරුනහම #EasterDayAttack #BanBurkha #BanNiqab URL","කාලකණ්ණි හැත්ත මේ වෙලාවෙවත් ඔය අවජාතක වැඩේ නවත්තපල්ලා, බුර්කා ඇන්දෙ නෑ කියලා ගෑනු බඩ වෙන්නෙ නෑ. අනික යකෝ මේ ගිනි රස්නෙ රටේ මොලයක් තියෙන එකෙක් ඔය ගොබ්බ ඇදුම අදින්නෙ නෑ මොලේ විකාර වෙච්ච බූරුවො ඇරුනහම එඅස්තෙර්දයත්තක්ක බන්බුර්ඛ බංනිකබ් උර්ල්",0.8018
@USER යකෝ කඹයක් අරන් බැදපන් වහලේ.. එලිවෙනකොට වහලේ පාරේ තියෙයි නැත්තම්,යකෝ කඹයක් අරන් බැදපන් වහලේ.. එලිවෙනකොට වහලේ පාරේ තියෙයි නැත්තම්,0.8018
@USER දේශද්‍රෝහි නරි කැහුට්ටී තෝ පනුවෝම කාපිය,දේශද්‍රෝහි නරි කැහුට්ටී තෝ පනුවෝම කාපිය,0.8018
"උඹ ආදරේ කරපු කෙල්ල වෙන එකෙක් එක්ක පැය ගානක් call කරද්දි, උඹ එක්ක busy උන, ඒකිගේ phone එක අද උඹට busy වෙද්දි, උඹයි ඒකී දැකපු හීන අද ඒකී වෙන එකෙක් එක්ක දකිද්දි , අද උඹ තනියම විදවනවා නේද, ඒකි යන එන තැන් දිහා බලාගෙන,... URL","උඹ ආදරේ කරපු කෙල්ල වෙන එකෙක් එක්ක පැය ගානක් call කරද්දි, උඹ එක්ක busy උන, ඒකිගේ phone එක අද උඹට busy වෙද්දි, උඹයි ඒකී දැකපු හීන අද ඒකී වෙන එකෙක් එක්ක දකිද්දි , අද උඹ තනියම විදවනවා නේද, ඒකි යන එන තැන් දිහා බලාගෙන,... උර්ල්",0.8018
පට්ට සරලයි . . .  අන්න නායකයෝ ... ඔහොම ... කතන්දර දෙන උන්දලම  අපේ එකෙක් ඔහොම  බදා ගෙන ඉඹගෙන කළා නම් .... ඌව බඩු කාරයෙක් කරලා ... අර ගැහැණිය එක්ක මිනිස්සු දාහක් විතර බුදිත් කරලා ....,පට්ට සරලයි . . . අන්න නායකයෝ ... ඔහොම ... කතන්දර දෙන උන්දලම අපේ එකෙක් ඔහොම බදා ගෙන ඉඹගෙන කළා නම් .... ඌව බඩු කාරයෙක් කරලා ... අර ගැහැණිය එක්ක මිනිස්සු දාහක් විතර බුදිත් කරලා ....,0.8018
@USER එක්කෙනෙක්නම් අවුලක් නෑ හතක් තෝරගන්න අමාරු ඇති තමා,එක්කෙනෙක්නම් අවුලක් නෑ හතක් තෝරගන්න අමාරු ඇති තමා,0.8018
@USER කියපු එකාට පාට හතකින් දවස් හතක් බඩ පලයං . අපෙ අම්ම උඹව මතක් කරා. මොකද ඇහුව පේන් නැත්තෙ කියල,කියපු එකාට පාට හතකින් දවස් හතක් බඩ පලයං . අපෙ අම්ම උඹව මතක් කරා. මොකද ඇහුව පේන් නැත්තෙ කියල,0.8018
@USER @USER  @USER  යකෝ ලමයෙකුට දෙන්න කිවුවේ මහා එකෙකුට නෙවෙයි,යකෝ ලමයෙකුට දෙන්න කිවුවේ මහා එකෙකුට නෙවෙයි,0.8018
ඉස්සර: වලියක් කොතනද නයා එතන. දැන්: TL එකේ වලිය පේන්නැති හන්දා නයා හතර වටේම උන් ගෙන් අහන⁣ව කෝ යකෝ වලිය කියල කාලය මැව් වෙනසක අරුමේ,ඉස්සර: වලියක් කොතනද නයා එතන. දැන්: තල් එකේ වලිය පේන්නැති හන්දා නයා හතර වටේම උන් ගෙන් අහන⁣ව කෝ යකෝ වලිය කියල කාලය මැව් වෙනසක අරුමේ,0.8018
'තෝ.. තෝ බැල්ලිගෙ පුතා. තෝ ඒ නෝනට ආයිත් ඒ වගේ නරකට කතා කරොත් තෝ මේකෙ ගිල්ලලා මරනව. තොට තේරුනාද? මම දැන් තෝව පිහල ගෙනියනව අලුත් එකෙක් විදියට.. තෝ දැනගනින් තොට වෙනදේ තෝ ඒ නෝනව ආයෙත් අප්සෙට් කරොත්' කියල මුදලාලි ගිගුරුම් දුන්නලු..,'තෝ.. තෝ බැල්ලිගෙ පුතා. තෝ ඒ නෝනට ආයිත් ඒ වගේ නරකට කතා කරොත් තෝ මේකෙ ගිල්ලලා මරනව. තොට තේරුනාද? මම දැන් තෝව පිහල ගෙනියනව අලුත් එකෙක් විදියට.. තෝ දැනගනින් තොට වෙනදේ තෝ ඒ නෝනව ආයෙත් අප්සෙට් කරොත්' කියල මුදලාලි ගිගුරුම් දුන්නලු..,0.8018
අලි රංචුවක්ම මරන්න තරම් මිනිස්සු කොහොමද හිත හදාගන්නෙ?  ඒ දේ කරපු වල් වේස බැල්ලියොන්ගෙ දූලා පුතාලා ඔක්කෝම නැති වෙලාම පල!,අලි රංචුවක්ම මරන්න තරම් මිනිස්සු කොහොමද හිත හදාගන්නෙ? ඒ දේ කරපු වල් වේස බැල්ලියොන්ගෙ දූලා පුතාලා ඔක්කෝම නැති වෙලාම පල!,0.8018
""" මම දන්නෙ මෙච්චරයි. ඒකි නැතුව මේ ජීවිතේ වැඩක් නෑ යකෝ කෙල්ලො දාහක් දෙදහක් උන්නත්.""  මෙහෙම කියන කොල්ලොත් ඉන්නව තාම",""" මම දන්නෙ මෙච්චරයි. ඒකි නැතුව මේ ජීවිතේ වැඩක් නෑ යකෝ කෙල්ලො දාහක් දෙදහක් උන්නත්."" මෙහෙම කියන කොල්ලොත් ඉන්නව තාම",0.8016
අද වැසිකිලි හව්ස් ෆුල්. ගෙදර දෙන්නෙකුටම බඩේ අමාරු,අද වැසිකිලි හව්ස් ෆුල්. ගෙදර දෙන්නෙකුටම බඩේ අමාරු,0.8013
Isuru Buddhika Udayanga ඔයා ඇයි මේ මිනිස්සු 24 දෙනා අවජාතක බල්ලෝ බවට පත්කරේ.,ඉසුරු බුද්ධික උදයංග ඔයා ඇයි මේ මිනිස්සු 24 දෙනා අවජාතක බල්ලෝ බවට පත්කරේ.,0.8013
කවුද අනෙ ඒ  වේසි කියන්නෙ කාටද  Shani  @USER  · 3 Nov 2020 අර වෙිසියෝ දෙන්නා ගහල මරන්න ඔන..නෙදකින්,කවුද අනෙ ඒ වේසි කියන්නෙ කාටද ශනි  · 3 නොව 2020 අර වෙිසියෝ දෙන්නා ගහල මරන්න ඔන..නෙදකින්,0.8013
ස්කොට් ගහගෙන පුක ලොකු කරලා පුක පිරෙන්න කලිසම ඇඳලා නංගිල යනවනෙ පුක වනලා මොළ ගෙඩිවල ගූ පුරවාලා..,ස්කොට් ගහගෙන පුක ලොකු කරලා පුක පිරෙන්න කලිසම ඇඳලා නංගිල යනවනෙ පුක වනලා මොළ ගෙඩිවල ගූ පුරවාලා..,0.8013
ආදරනීය දරුවන්ගෙ අම්මේ.. මුං ඔක්කොටම පිස්සු...එක්කො මට.... අද එකෙක් මට රෝස මලක් විකුනන්න ලොකු පොරයක්... URL,ආදරනීය දරුවන්ගෙ අම්මේ.. මුං ඔක්කොටම පිස්සු...එක්කො මට.... අද එකෙක් මට රෝස මලක් විකුනන්න ලොකු පොරයක්... උර්ල්,0.8013
@USER උඹ තමා මෙ කෙල්ල අල්ලගෙන ගහනව තොට වැලි,උඹ තමා මෙ කෙල්ල අල්ලගෙන ගහනව තොට වැලි,0.8013
@USER අයි පිහද ගන්න මන් තොගෙ පුකෙන්ද රෙන්නෙ . හුකා ගන්නෙ නැතුව පලයන් නිමෙස් . මන් දෙන ටෝක් ඉවසන්න බැරිනම් අන්ෆලො කරලා දාපන්.,අයි පිහද ගන්න මන් තොගෙ පුකෙන්ද රෙන්නෙ . හුකා ගන්නෙ නැතුව පලයන් නිමෙස් . මන් දෙන ටෝක් ඉවසන්න බැරිනම් අන්ෆලො කරලා දාපන්.,0.8013
@USER ෆලෝ නම් මොනාද බං ඔය ඕනතරං කෙල්ලෝ කරන්නේ   ඒකි කලරිස්ම් ලු  තෝව පාට කරලා ගනී අව්ලක් නෑ,ෆලෝ නම් මොනාද බං ඔය ඕනතරං කෙල්ලෝ කරන්නේ ඒකි කලරිස්ම් ලු තෝව පාට කරලා ගනී අව්ලක් නෑ,0.8013
@USER  ගෑණි දැක්කොත් උඹව මරනව මන්,ගෑණි දැක්කොත් උඹව මරනව මන්,0.8013
@USER  4ක් ගැහුවම ඔහොම බෙරිහන් දෙන්න එපා මයෙ අම්ම කන රුවිතට යනව එකපාරටම  #T10League,4ක් ගැහුවම ඔහොම බෙරිහන් දෙන්න එපා මයෙ අම්ම කන රුවිතට යනව එකපාරටම #T10League,0.8013
@USER සක්කිලි නැතිකරලම දාන්න ඕන,සක්කිලි නැතිකරලම දාන්න ඕන,0.8012
@USER  @USER හරිම සාහසිකයි උඹ නම්..,හරිම සාහසිකයි උඹ නම්..,0.8011
"මටත්! පලයන් කියන්න ඕන තරම් අය ඉන්නවා,මෙහෙම කියන්න කව්රුත් නැ! H¡rus𝖍a°• @USER  · 17 Apr 2020 මේක කියන්න කෙනෙක් හිටියනම් කියලා හිතුනා. twitter.com/Dagaya_/status…","මටත්! පලයන් කියන්න ඕන තරම් අය ඉන්නවා,මෙහෙම කියන්න කව්රුත් නැ! හ්රුස්𝖍අ · 17 අප‍ 2020 මේක කියන්න කෙනෙක් හිටියනම් කියලා හිතුනා. twitter.com/Dagaya_/status…",0.801
මේ වගේ පර සමනල්ලු එල්ලලා තටු ගලවන්න ඕනේ. පකයා අමරිකානු කම්පැනී එකෙන් සල්ලි දුන්නේ අපිට ආදරේට ද නැත් නම් රටට තියෙන කෑදරේට ද පකෝ..තොපි වගේ පොන්න රැලක් මේ රටේ පාලනය කරන්න ගෙනාපු ලක්ෂ හැට දේකේ මිනිස්සුන්ට දැන්වත් තේරුම් යනවා නම් ලොකු දෙයක්. වහල් පොන්නයා. ...DANANJYA... @USER  · 26 Apr 2019 මෙවන් පාලකයන් ලැබීමට ඔබ අප කෙතරම් පවු කරලා ඇත්ද   ''මේ ප්‍රහාරයෙන් එක හොද දෙයක් උනාලු  අපිට මෙතෙක් ලැබුණු ලොකුම විදේශ ආදාර මුදල ලැබුනලු අවජාතක සක්කිලි ලබන සමනල් සතුට තොපිට ශාප වේවා...!  අර අහිංසක මිනිසුන්ට අයෙමත් පන එනවද???  මිනිස්සු මැරුනත් කමක්නෑ තොපිට සල්ලි බලය ලැබෙනවානම්,මේ වගේ පර සමනල්ලු එල්ලලා තටු ගලවන්න ඕනේ. පකයා අමරිකානු කම්පැනී එකෙන් සල්ලි දුන්නේ අපිට ආදරේට ද නැත් නම් රටට තියෙන කෑදරේට ද පකෝ..තොපි වගේ පොන්න රැලක් මේ රටේ පාලනය කරන්න ගෙනාපු ලක්ෂ හැට දේකේ මිනිස්සුන්ට දැන්වත් තේරුම් යනවා නම් ලොකු දෙයක්. වහල් පොන්නයා. දනන්ජ්‍ය · 26 අප‍ 2019 මෙවන් පාලකයන් ලැබීමට ඔබ අප කෙතරම් පවු කරලා ඇත්ද ''මේ ප්‍රහාරයෙන් එක හොද දෙයක් උනාලු අපිට මෙතෙක් ලැබුණු ලොකුම විදේශ ආදාර මුදල ලැබුනලු අවජාතක සක්කිලි ලබන සමනල් සතුට තොපිට ශාප වේවා...! අර අහිංසක මිනිසුන්ට අයෙමත් පන එනවද??? මිනිස්සු මැරුනත් කමක්නෑ තොපිට සල්ලි බලය ලැබෙනවානම්,0.8009
@USER මේ යකාගේ තාත්තට සරසන ලද ගොක්කොල මූට රෑට හීනෙන් පේනවා දන්නෑ මූ නිතරම මරණයක් ගැන my කියන්නේ මරණය මරණය මොනව මැරෙයි යකෝ ලංකාව තියෙන විදිහට කියලා,මේ යකාගේ තාත්තට සරසන ලද ගොක්කොල මූට රෑට හීනෙන් පේනවා දන්නෑ මූ නිතරම මරණයක් ගැන මය් කියන්නේ මරණය මරණය මොනව මැරෙයි යකෝ ලංකාව තියෙන විදිහට කියලා,0.8009
වරෙන් මයේ අම්ම හරහට දාල නලවන්න  URL This Tweet is unavailable.,වරෙන් මයේ අම්ම හරහට දාල නලවන්න උර්ල් This Tweet ඉස unavailable.,0.8008
ඇපල් මහ ලොකු පලතුර මට නම් තෝ පේන්න බෑ  ආදම් ඒවා තෝම කාලා අපිව ඉපැද්දුවා  ඉමක් නැති දුක් සසරෙ ගිල්ලුවා නිවුටනයගේ ඔලුවට තෝ පතබෑවිලා මට ඉගනීම එපා කළා  අනේ මම හිතුවේ ඉවරයි කියලා ඒත් උබ ස්ටීවන් ජොබාගේ ඔලුවට වැහිලා ඇපල් ෆෝන් උපද්දවලා මාව කාලම දැම්මා හිඟන්නෙක් කළා  අනේ පනුවොම කාපිය තෝව,ඇපල් මහ ලොකු පලතුර මට නම් තෝ පේන්න බෑ ආදම් ඒවා තෝම කාලා අපිව ඉපැද්දුවා ඉමක් නැති දුක් සසරෙ ගිල්ලුවා නිවුටනයගේ ඔලුවට තෝ පතබෑවිලා මට ඉගනීම එපා කළා අනේ මම හිතුවේ ඉවරයි කියලා ඒත් උබ ස්ටීවන් ජොබාගේ ඔලුවට වැහිලා ඇපල් ෆෝන් උපද්දවලා මාව කාලම දැම්මා හිඟන්නෙක් කළා අනේ පනුවොම කාපිය තෝව,0.8008
lets be the change. මේ නාකි හැත්ත මැරිලා ගියාම බලමුකෝ,ලේට්ස් බේ the change. මේ නාකි හැත්ත මැරිලා ගියාම බලමුකෝ,0.8008
යකෝ මමම හපෞ ජින්ජර් කුකි එකක් දෙන්න හැදුවම බොට ඒකි ලොකු උනා පරයා පරයා පරයා,යකෝ මමම හපෞ ජින්ජර් කුකි එකක් දෙන්න හැදුවම බොට ඒකි ලොකු උනා පරයා පරයා පරයා,0.8008
"@USER කුඩු මතෙන් wish කරනව,බඩු හිදුනම පරන පුරුදු කුනු ජඩ සක්කිලි බලු ආක්කිත ආගම් වාදයට බහිනව....","කුඩු මතෙන් wish කරනව,බඩු හිදුනම පරන පුරුදු කුනු ජඩ සක්කිලි බලු ආක්කිත ආගම් වාදයට බහිනව....",0.8008
@USER පයියට පයිය නොකියා අඹ ගහ වටග් නමක් කිවුවනං ඒක තමා ඒයි කුනුහරපෙ,පයියට පයිය නොකියා අඹ ගහ වටග් නමක් කිවුවනං ඒක තමා ඒයි කුනුහරපෙ,0.8008
"""උඹේ අම්මට හු**** පක*...තෝට කෙලිනවා...""-නෙළුව රෝහලේ චන්ඩි දොස්තරගේ හරුප වැල(වීඩියෝ සහිතයි) | A new voice for a new Sri Lan URL","""උඹේ අම්මට හු**** පක*...තෝට කෙලිනවා...""-නෙළුව රෝහලේ චන්ඩි දොස්තරගේ හරුප වැල(වීඩියෝ සහිතයි) | අ new voice for අ new Sri Lan උර්ල්",0.8008
ජීවිතේට ලයික් කොම්න්ට්  එකක් නොදාපු උන් අවුරුද්දෙ අවසානෙට එනවා කරපු වැරදි  වලට සමාව ඉල්ලන්...අනෙ පලන් හුත්තො  යන්න වද නොදී..මෙ මැසෙජ්  එක එවන ඔක්කොම උන් අන්ෆ්‍රෙන්ඩ්  කරනවා..2019 මෙවා එවන ගොන් යාලුවො  ඔනී නෑ...මොඩ ආතල් - කලකිරුණු බවක් දැනෙමින්,ජීවිතේට ලයික් කොම්න්ට් එකක් නොදාපු උන් අවුරුද්දෙ අවසානෙට එනවා කරපු වැරදි වලට සමාව ඉල්ලන්...අනෙ පලන් හුත්තො යන්න වද නොදී..මෙ මැසෙජ් එක එවන ඔක්කොම උන් අන්ෆ්‍රෙන්ඩ් කරනවා..2019 මෙවා එවන ගොන් යාලුවො ඔනී නෑ...මොඩ ආතල් - කලකිරුණු බවක් දැනෙමින්,0.8007
@USER Set කරගනින් goal එකක් අදම. මැරිලා හරි එතනට පලයන්. එතකොට ඔය ඔක්කොම පස්සෙන් එනව බල්ලො වගේ උබට වැදගෙන,Set කරගනින් goal එකක් අදම. මැරිලා හරි එතනට පලයන්. එතකොට ඔය ඔක්කොම පස්සෙන් එනව බල්ලො වගේ උබට වැදගෙන,0.8006
@USER ගෑනිට කියලා ගිහින් ඇති ස්වීසයිඩ් කරන්න යනවා කියලා. ඒකි ගණන් නොගෙන ඇති. මූ දැන් ඒකිට පේන්න එතන ගිහින් චෙකින් එකක් දාන්න ඇති. තින්ක් පොසිටිව් යකෝ,ගෑනිට කියලා ගිහින් ඇති ස්වීසයිඩ් කරන්න යනවා කියලා. ඒකි ගණන් නොගෙන ඇති. මූ දැන් ඒකිට පේන්න එතන ගිහින් චෙකින් එකක් දාන්න ඇති. තින්ක් පොසිටිව් යකෝ,0.8005
@USER  @USER පිස්සු ඕකා පාස් වෙන්නේ නැ chefa අක්කේ උබේ හෙට මෙනු එක මොකද්ද ?,පිස්සු ඕකා පාස් වෙන්නේ නැ චෙඵ අක්කේ උබේ හෙට මෙනු එක මොකද්ද ?,0.8003
"@USER  @USER රනිල්,මහින්ද,විමල්,ගොටා වගෙ සක්කිලි පකයොන්ව  උබල කරෙ  තියන් හිටියට නොදකින් ඔකුන්  හොදයි. හිටවල ක්පු  ගහන්න..නපුන්සකයෙක්ට කඩෙ ගියත් ඉරාජ් වගෙ දෙකයි පනහෙ සක්කිලි කමෙන් බඩ පුරවගන්න එකෙක්ටත්,විමල් වගෙ සක්කිලි වාචාල පරයෙක්ටත් කඩෙ යන්න මම ලැස්ති නැ...","රනිල්,මහින්ද,විමල්,ගොටා වගෙ සක්කිලි පකයොන්ව උබල කරෙ තියන් හිටියට නොදකින් ඔකුන් හොදයි. හිටවල ක්පු ගහන්න..නපුන්සකයෙක්ට කඩෙ ගියත් ඉරාජ් වගෙ දෙකයි පනහෙ සක්කිලි කමෙන් බඩ පුරවගන්න එකෙක්ටත්,විමල් වගෙ සක්කිලි වාචාල පරයෙක්ටත් කඩෙ යන්න මම ලැස්ති නැ...",0.8003
@USER ඌ පාරෙ මිනිහෙක්ව යට කරල ගිය දවසෙ ඉදන් ඕකව 0 ට යනව දකින්න තමයි මට ඕන !!! හප්පලා ඌට ඉස්පිරිතාලෙට අරන් යන්න තිබ්බා මහ සක්කිලි බල්ලෙක් ඌ,ඌ පාරෙ මිනිහෙක්ව යට කරල ගිය දවසෙ ඉදන් ඕකව 0 ට යනව දකින්න තමයි මට ඕන !!! හප්පලා ඌට ඉස්පිරිතාලෙට අරන් යන්න තිබ්බා මහ සක්කිලි බල්ලෙක් ඌ,0.8003
දකින දකින කෙල්ලට බඩුව බඩුව කියන්න එපා  කෙල්ල බඩු උනෙ කොල්ලෙක් හින්දා,දකින දකින කෙල්ලට බඩුව බඩුව කියන්න එපා කෙල්ල බඩු උනෙ කොල්ලෙක් හින්දා,0.8003
හදපු වදපු දෙමාපියන්ට බොරු කරල  උබත් එක්ක එන ඒකි තොට බොරු නොකර  ඉදීද හුත්තො! #Lovestory,හදපු වදපු දෙමාපියන්ට බොරු කරල උබත් එක්ක එන ඒකි තොට බොරු නොකර ඉදීද හුත්තො! ලොවෙස්ටෝර්ය්,0.8003
@USER We කිව්වට මම නෑ ඕවට. දේශපාලූවෝ හොරා කාපූවටත් tax කපා ගන්නවා. යකෝ මේ රටේ මිනිස්සු එලවන්නත් ගෙවපියකෝ මූන්ට පිස්සු,වේ කිව්වට මම නෑ ඕවට. දේශපාලූවෝ හොරා කාපූවටත් tax කපා ගන්නවා. යකෝ මේ රටේ මිනිස්සු එලවන්නත් ගෙවපියකෝ මූන්ට පිස්සු,0.8003
@USER  @USER හයියෙන් කියන්ඩ කලින් දෙකට නැමිලා බලපං තෝ ඇදන් ඉන්න ජංගියේ මල් මල් ද හිල් හිල් ද තියෙන්න කියල.  මැද්දෙන් පැන්නෙ පුකේ අමාරුව සැරටම තියෙන නිසා. ඖලක් නම් කියපං.,හයියෙන් කියන්ඩ කලින් දෙකට නැමිලා බලපං තෝ ඇදන් ඉන්න ජංගියේ මල් මල් ද හිල් හිල් ද තියෙන්න කියල. මැද්දෙන් පැන්නෙ පුකේ අමාරුව සැරටම තියෙන නිසා. ඖලක් නම් කියපං.,0.8003
පොන්නය උඹ කවුද කියල මේ photo එකෙන් පේනව..තොට හෙනම ගහපිය..අපේ හමුදා වීරයො සැමදා අමරණීයයි.. Vikalpa @USER  · 18 May 2016 Remembering Mulliwaikkal #MulliwaikkalBeach #srilanka #lka,පොන්නය උඹ කවුද කියල මේ photo එකෙන් පේනව..තොට හෙනම ගහපිය..අපේ හමුදා වීරයො සැමදා අමරණීයයි.. විකල්ප · 18 May 2016 රෙමෙම්බෙරින්ග් මුල්ලිවෛක්කාල් මුල්ලිවෛක්කල්බෙඅච් ශ්‍රීලංකා ලක,0.8003
‘තූල්’ ගහල දරුවො පිස්සු වට්ටන මැදිරිගිරියෙ මත් ගිනිගොඩ  URL,‘තූල්’ ගහල දරුවො පිස්සු වට්ටන මැදිරිගිරියෙ මත් ගිනිගොඩ උර්ල්,0.8003
@USER තලාගන්නද හදන්නෙ අයිසෙ හොම්බ කට ගෑනිගෙ අතිම්,තලාගන්නද හදන්නෙ අයිසෙ හොම්බ කට ගෑනිගෙ අතිම්,0.8003
@USER  @USER  ඔව් සඩුම් අයියේ නාකි වෙන්න කලිම් බැදහම්  @USER,ඔව් සඩුම් අයියේ නාකි වෙන්න කලිම් බැදහම්,0.8003
අපේ අම්මා කුරුල්ලොන්ට සහ ලේනුන්ට මුං කිරිබත් දෙනවා ඒ පාර : එන්න පැටියෝ කන්න කියල  මමයි සිබිලියයි : බඩම පලයන් බතලයෝන්ගේ,අපේ අම්මා කුරුල්ලොන්ට සහ ලේනුන්ට මුං කිරිබත් දෙනවා ඒ පාර : එන්න පැටියෝ කන්න කියල මමයි සිබිලියයි : බඩම පලයන් බතලයෝන්ගේ,0.8003
@USER ගෑණු තුන හතරක් එක්ක බුදියන කොට හිරිකිත නැද්ද දන්නැ..මට පුතා ලැබෙන්න labour room ඉද්දි ජයවර්ධනපුර හොස්පිටල් එකේ..මුස්ලිම්ගෑණු එක්කෙනෙක් හිටියා 7 වෙනි ලමයා ලැබෙන්න ඒ මදිවට මරහඬ තියනවා එකේ දෙකක් කිවිවා ඇතුලේ හිටපු සිස්ටර්..මීක් නැ ගෑණි..අරැට කියලා ඇරගන්න කොට ඔය අමාරැව නැද්ද ඇහුවා,ගෑණු තුන හතරක් එක්ක බුදියන කොට හිරිකිත නැද්ද දන්නැ..මට පුතා ලැබෙන්න labour room ඉද්දි ජයවර්ධනපුර හොස්පිටල් එකේ..මුස්ලිම්ගෑණු එක්කෙනෙක් හිටියා 7 වෙනි ලමයා ලැබෙන්න ඒ මදිවට මරහඬ තියනවා එකේ දෙකක් කිවිවා ඇතුලේ හිටපු සිස්ටර්..මීක් නැ ගෑණි..අරැට කියලා ඇරගන්න කොට ඔය අමාරැව නැද්ද ඇහුවා,0.8002
