comment,cleaned_text,l_xlm,c_xlm,l_bert,c_bert
මිදි කොහෙද තිත්ත නරි දන්න හුත්ත නිමිල හිරන්‍ය · 14 ෆෙබ් 2021 Only two මොදෙස්,මිදි කොහෙද තිත්ත නරි දන්න හුත්ත නිමිල හිරන්‍ය · 14 ෆෙබ් 2021 Only two මොදෙස්,Harassment,0.501,Harassment,0.8423
අයි ගනු සරියෙ හුත්ත ගාව තද කරන්නෙ ????,අයි ගනු සරියෙ හුත්ත ගාව තද කරන්නෙ ????,Harassment,0.6802,Harassment,0.7451
සුද්දන්ට හුත්ත දෙන අක්කලා: උර්ල් via,සුද්දන්ට හුත්ත දෙන අක්කලා: උර්ල් via,Harassment,0.7104,Harassment,0.5713
ගොං මෝඩ මීහරක් නාම්බා හැමදාම නාලා තෙත තුවාය ඇඳ උඩ දානවා. මගේ එකෙක් උනානම් කණ පැලෙන්න දෙන්නේ. පෛය,ගොං මෝඩ මීහරක් නාම්බා හැමදාම නාලා තෙත තුවාය ඇඳ උඩ දානවා. මගේ එකෙක් උනානම් කණ පැලෙන්න දෙන්නේ. පෛය,Harassment,0.645,Harassment,0.9302
"පාස්කු බෝම්බේ ගැන හොයන්න කීවාම පුකට අව්ව වැටෙනකම් නිදාගෙන උන්න අපේ පුකේ පොලීසිය, කෙල්ලේගේ පුකක් දැක්කාම දැන් පුක ඉරාගෙන ඒ පුක ගැන හොයනවා.","පාස්කු බෝම්බේ ගැන හොයන්න කීවාම පුකට අව්ව වැටෙනකම් නිදාගෙන උන්න අපේ පුකේ පොලීසිය, කෙල්ලේගේ පුකක් දැක්කාම දැන් පුක ඉරාගෙන ඒ පුක ගැන හොයනවා.",Harassment,0.6475,Harassment,0.9712
පුක පොඩි කෙල්ලන් පුක පෙන්නාහූ ද තන පොඩි කෙල්ලන් තන පෙන්නාහූ ද ඉන්ස්ටග්රම් වල ලොකු වෙති ඉක්බිතිව පුක තන මනා වූ කෙල්ලන් ඉන්ස්ටග්රම් කුඑඑන්ස ලා වෙති කා බී අපිටත් පෙන්නා සතුටු වෙති,පුක පොඩි කෙල්ලන් පුක පෙන්නාහූ ද තන පොඩි කෙල්ලන් තන පෙන්නාහූ ද ඉන්ස්ටග්රම් වල ලොකු වෙති ඉක්බිතිව පුක තන මනා වූ කෙල්ලන් ඉන්ස්ටග්රම් කුඑඑන්ස ලා වෙති කා බී අපිටත් පෙන්නා සතුටු වෙති,Harassment,0.7949,Harassment,0.812
පුක තියෙන්නේ කාටවත් දෙන්න නෙවෙයි සඩුං අයියේ කමක් නෑ තේරුන් ගත්තනේ දැන් හරි වරද ඔයාගේ,පුක තියෙන්නේ කාටවත් දෙන්න නෙවෙයි සඩුං අයියේ කමක් නෑ තේරුන් ගත්තනේ දැන් හරි වරද ඔයාගේ,Harassment,0.5679,Harassment,0.6587
"සික් ඉතරක් කිවුවෙ ? ආ, මටතේරුනා. පුක හෝදගන්න කියල ගහපං රෙගියුලේටරේ","සික් ඉතරක් කිවුවෙ ? ආ, මටතේරුනා. පුක හෝදගන්න කියල ගහපං රෙගියුලේටරේ",Harassment,0.5977,Harassment,0.8506
අම්බලංගොඩ කෙල්ලෙක් නේද ඔයා ?? පොඩි පිහියක් අරං ගිහිං තගක් දාන්කකො පුක කපනව කතිරෙ හිටින්න කියල,අම්බලංගොඩ කෙල්ලෙක් නේද ඔයා ?? පොඩි පිහියක් අරං ගිහිං තගක් දාන්කකො පුක කපනව කතිරෙ හිටින්න කියල,Harassment,0.688,Harassment,0.8535
නංගි මට බහ දෙනවද? පුක ඉල්ලන්න දෙන්නං අයියෙ.. බහ නම් දෙන්න බෑ..,නංගි මට බහ දෙනවද? පුක ඉල්ලන්න දෙන්නං අයියෙ.. බහ නම් දෙන්න බෑ..,Harassment,0.5469,Harassment,0.9736
දැන් හිමීට ඉරිච්ච පුක මහගනින් ප්,දැන් හිමීට ඉරිච්ච පුක මහගනින් ප්,Harassment,0.6641,Harassment,0.7285
මම මැද්දෙන් පැනලා පුක දුන්නේ නැත්තම් ඉතිං දෙන්නගෙන් එක්කෙන්ක්ට පුක ඉරාගන්න තමා වෙන්නේ. පාටි දීපන් ඕන පුකක්,මම මැද්දෙන් පැනලා පුක දුන්නේ නැත්තම් ඉතිං දෙන්නගෙන් එක්කෙන්ක්ට පුක ඉරාගන්න තමා වෙන්නේ. පාටි දීපන් ඕන පුකක්,Harassment,0.7871,Harassment,0.8604
"""නිකන් දෙන හුත්තකට පුක දෙන්න ගිහින්"" උර්ල් This Tweet ඉස unavailable.","""නිකන් දෙන හුත්තකට පුක දෙන්න ගිහින්"" උර්ල් This Tweet ඉස unavailable.",Harassment,0.7705,Harassment,0.9302
ඉල්ලගෙන කනව කියන්නෙ ඕකට දැන් ඉදපන්කො 30 වෙනකන් පුක පලාගෙන,ඉල්ලගෙන කනව කියන්නෙ ඕකට දැන් ඉදපන්කො 30 වෙනකන් පුක පලාගෙන,Harassment,0.7002,Harassment,0.6064
ඩිංගිරි වරක මදුලක් වගේ එකකිං මුගෙ පුක පලපුදා ඉඳල තමා ඔය,ඩිංගිරි වරක මදුලක් වගේ එකකිං මුගෙ පුක පලපුදා ඉඳල තමා ඔය,Harassment,0.6943,Harassment,0.9097
ඔයා නේද් පහන්තුඩාවෙ ගිහින් වැටිලා පුක ලෙලි ගහගත්තෙ,ඔයා නේද් පහන්තුඩාවෙ ගිහින් වැටිලා පුක ලෙලි ගහගත්තෙ,Harassment,0.5259,Harassment,0.9556
හානේ අක්කා දැක පුක ල්.... උර්ල් This Tweet ඉස unavailable.,හානේ අක්කා දැක පුක ල්.... උර්ල් This Tweet ඉස unavailable.,Harassment,0.7236,Harassment,0.6445
කාලකන්නි ඕකුනගෙ පුක මහලා බඩයන්න බෙහෙත් දෙන්න ඕනා,කාලකන්නි ඕකුනගෙ පුක මහලා බඩයන්න බෙහෙත් දෙන්න ඕනා,Harassment,0.7798,Harassment,0.9492
හානේ මේ පුන්චි බට්ටො රැල. වරෙල්ල වරෙල්ල බුරුතු පිටින් පුක පලාගන්න.,හානේ මේ පුන්චි බට්ටො රැල. වරෙල්ල වරෙල්ල බුරුතු පිටින් පුක පලාගන්න.,Harassment,0.7695,Harassment,0.8086
පුක තියෙන කෙල්ලොන්ගෙ කිරි පණුවන්ගෙ අඩුවක් නොමැත උර්ල්,පුක තියෙන කෙල්ලොන්ගෙ කිරි පණුවන්ගෙ අඩුවක් නොමැත උර්ල්,Harassment,0.5894,Harassment,0.6685
පුක කිව්වම කෙල්ලො ඊය ගානව. පුකට පුක නැතුව දේවාලෙ කියන්නද,පුක කිව්වම කෙල්ලො ඊය ගානව. පුකට පුක නැතුව දේවාලෙ කියන්නද,Harassment,0.6714,Harassment,0.5371
ප්‍රේමෙගෙ කොළුවගෙ පුක මූට්ටු කෝටිපතියෙක් උනහැටි හොයන්න අල්ලස් කොමිසමට පැමිණිල්ලක් උර්ල්,ප්‍රේමෙගෙ කොළුවගෙ පුක මූට්ටු කෝටිපතියෙක් උනහැටි හොයන්න අල්ලස් කොමිසමට පැමිණිල්ලක් උර්ල්,Harassment,0.7651,Harassment,0.5522
පුක හොලවන මකුලුවෝ ඉ ස අ ම අ · 16 ඔච්ට් 2017 පුක රතු බැබුන් උර්ල්,පුක හොලවන මකුලුවෝ ඉ ස අ ම අ · 16 ඔච්ට් 2017 පුක රතු බැබුන් උර්ල්,Harassment,0.7397,Harassment,0.7642
මේකට පුක කියලා රිෆ්ලයි දාන්න වැලට... පුක 1,මේකට පුක කියලා රිෆ්ලයි දාන්න වැලට... පුක 1,Harassment,0.7729,Harassment,0.9077
ඌ මාව බ්ලොක් කරල. ට්‍රිගර් වෙන වේඓගෙ පුත්තු ටිකක් ඉන්නවනම් තමා ෆේක් වලින් ඇවිල්ලත් පුක දෙන මොනාහරි දෙයක් කියාගන්න බැරුව. ඕව සිම්පල් හම්සා,ඌ මාව බ්ලොක් කරල. ට්‍රිගර් වෙන වේඓගෙ පුත්තු ටිකක් ඉන්නවනම් තමා ෆේක් වලින් ඇවිල්ලත් පුක දෙන මොනාහරි දෙයක් කියාගන්න බැරුව. ඕව සිම්පල් හම්සා,Harassment,0.5439,Harassment,0.8198
වහිනව කියල දන්නවනම් පුක ඉරාගෙන 300ක් ගහන්නෙ නෑනේ.... මීට තර0ග,වහිනව කියල දන්නවනම් පුක ඉරාගෙන 300ක් ගහන්නෙ නෑනේ.... මීට තර0ග,Harassment,0.563,Harassment,0.6865
අලුත් කලිසමක් මහන්න මම දුන්නා.. පරණ කලිසමක් හදලා උබ දුන්නා.. වංක කමින් උබ උබටම ඇර ගත්තා.. ඔයිට හොදයි එලදෙනෙකුට පුක දුන්නා.,අලුත් කලිසමක් මහන්න මම දුන්නා.. පරණ කලිසමක් හදලා උබ දුන්නා.. වංක කමින් උබ උබටම ඇර ගත්තා.. ඔයිට හොදයි එලදෙනෙකුට පුක දුන්නා.,Harassment,0.4727,Harassment,0.9146
හැම හුත්තටම පුක දෙන්න යනවට හොද වැඩෙ තට්ටයට.. Jerry ව්රිටෙස් Jerry  · 25 ජුල 2019 හැම හුත්තටම පුක දෙන්න යනවට හොද වැඩෙ තට්ටයට.. මේකේ සස් අරන් යවන්න,හැම හුත්තටම පුක දෙන්න යනවට හොද වැඩෙ තට්ටයට.. Jerry ව්රිටෙස් Jerry  · 25 ජුල 2019 හැම හුත්තටම පුක දෙන්න යනවට හොද වැඩෙ තට්ටයට.. මේකේ සස් අරන් යවන්න,Harassment,0.5815,Harassment,0.8081
"අක්කණ්ඩිය, තෙල පුක කිණිහිරය වැන්නේදැ? Lemon Puff (ලෙමන් පෆ්) · 6 අප‍ 2021 තැලෙන යකඩේ දැක්කම ආචාරියත් පුක උඩ දම දම තලනවලු..","අක්කණ්ඩිය, තෙල පුක කිණිහිරය වැන්නේදැ? Lemon Puff (ලෙමන් පෆ්) · 6 අප‍ 2021 තැලෙන යකඩේ දැක්කම ආචාරියත් පුක උඩ දම දම තලනවලු..",Harassment,0.6006,Harassment,0.9683
පුක කොච්චර ලොකු උනත් හිල එකම සයිස්,පුක කොච්චර ලොකු උනත් හිල එකම සයිස්,Harassment,0.5156,Harassment,0.9775
"ලොකුවට පුක කියලා ඉස්පරෙ පෙන්ටි කරන්න ඔනි කුලමිබු තාප්පෙක, නිදහසේ.","ලොකුවට පුක කියලා ඉස්පරෙ පෙන්ටි කරන්න ඔනි කුලමිබු තාප්පෙක, නිදහසේ.",Harassment,0.6304,Harassment,0.9795
පුක මදිවට කට තව මොනව follow කරාවිද දන්නෑ,පුක මදිවට කට තව මොනව follow කරාවිද දන්නෑ,Harassment,0.5171,Harassment,0.9653
සැප පුටුවක් දැක්කම පැනල වාඩිවෙන පුක ලෑලි බංකුවක් දැක්කාම සයිඩ් වෙලා යනවා ෆෙන්ස්..,සැප පුටුවක් දැක්කම පැනල වාඩිවෙන පුක ලෑලි බංකුවක් දැක්කාම සයිඩ් වෙලා යනවා ෆෙන්ස්..,Harassment,0.5171,Harassment,0.6133
"ඉස්සර මෙහෙම එකක් දැම්මානම් තොගේ පුකේ කිරි පනුවෝ නටාවි නේද, මාධ්‍ය සංදර්ශණ, බොරු සෝබන, මුන් මොකටද, Nurse ලා ටික හිටියනම් මදිද, ගගා. දැන් පුක විකුණනවා 8 pass නැති අපවිත්‍රට!","ඉස්සර මෙහෙම එකක් දැම්මානම් තොගේ පුකේ කිරි පනුවෝ නටාවි නේද, මාධ්‍ය සංදර්ශණ, බොරු සෝබන, මුන් මොකටද, Nurse ලා ටික හිටියනම් මදිද, ගගා. දැන් පුක විකුණනවා 8 pass නැති අපවිත්‍රට!",Harassment,0.6152,Harassment,0.9854
පුක පෙන්නන්න ගයියා. නංගිලා අනා සෝයි පුක කියන් එන්නෙ මේම මේම.,පුක පෙන්නන්න ගයියා. නංගිලා අනා සෝයි පුක කියන් එන්නෙ මේම මේම.,Harassment,0.7217,Harassment,0.5078
පොඩි එකාගෙ පුක පිහදාලම පඩිය ඉවරවෙලා ආයුබොවන්ඩ.,පොඩි එකාගෙ පුක පිහදාලම පඩිය ඉවරවෙලා ආයුබොවන්ඩ.,Harassment,0.6094,Harassment,0.6528
කස්ටියක් මාව පුක කලා දැන් පුක උස්සන් එයි මාව පුක කරන්න....ඉතින් මට පුකද..,කස්ටියක් මාව පුක කලා දැන් පුක උස්සන් එයි මාව පුක කරන්න....ඉතින් මට පුකද..,Harassment,0.6665,Harassment,0.7354
සයිටම් Drama ඉස over ඉ guess මුන්ව දොස්තරලා කරන්න කියලා නේ කට්ටිය පොර කන්නේ.. ආ තුවක්කුව . පුක මැද්දටම වෙඩි තියපන් මගේ,සයිටම් Drama ඉස over ඉ guess මුන්ව දොස්තරලා කරන්න කියලා නේ කට්ටිය පොර කන්නේ.. ආ තුවක්කුව . පුක මැද්දටම වෙඩි තියපන් මගේ,Harassment,0.5718,Harassment,0.9136
ගමේ කොල්ලො කරොත් පුක පෙන්නනව.......සුද්දො කරහම ....mooning,ගමේ කොල්ලො කරොත් පුක පෙන්නනව.......සුද්දො කරහම ....mooning,Harassment,0.5977,Harassment,0.8232
උම්බේ තාත්තා ගේ පුක ලංගදීම ගිනිගන්නවා කියලා කියවෙන්නේ. දිපං දැන් ඩේටා.,උම්බේ තාත්තා ගේ පුක ලංගදීම ගිනිගන්නවා කියලා කියවෙන්නේ. දිපං දැන් ඩේටා.,Harassment,0.7056,Harassment,0.5054
පුක bot එක අයිතිකාරයා ගේ පුක මහන්නොනි,පුක bot එක අයිතිකාරයා ගේ පුක මහන්නොනි,Harassment,0.7158,Harassment,0.8164
දෙනවා දැන ගනිං ඇට දෙක පුක වටේ වට දෙකක් කැරකිලා නවතින්න! ද ස්රිලංකංථ්රෙඅත්ස,දෙනවා දැන ගනිං ඇට දෙක පුක වටේ වට දෙකක් කැරකිලා නවතින්න! ද ස්රිලංකංථ්රෙඅත්ස,Harassment,0.6021,Harassment,0.9868
සන්ලයිට් ... පුක හෝදන සබන් කැටේ ගෑවොත් නම් පුක දිලිසේ...,සන්ලයිට් ... පුක හෝදන සබන් කැටේ ගෑවොත් නම් පුක දිලිසේ...,Harassment,0.4834,Harassment,0.9478
වැටකොලු වලින් smoothly හදල බීල බලල තියෙනවද? පුක මෝල් වෙනව ටෙඅමානමලු,වැටකොලු වලින් smoothly හදල බීල බලල තියෙනවද? පුක මෝල් වෙනව ටෙඅමානමලු,Harassment,0.4961,Harassment,0.9785
පුක පලන ඒවා කරන්නේ උබලාගේ උන් නේ දැක්කේ නැද්ද මේ ලගදිත් එකෙක්ගේ පුක පලනවා ඇදක් උඩ දාගෙන අර කාවිංද ඩොස්තර,පුක පලන ඒවා කරන්නේ උබලාගේ උන් නේ දැක්කේ නැද්ද මේ ලගදිත් එකෙක්ගේ පුක පලනවා ඇදක් උඩ දාගෙන අර කාවිංද ඩොස්තර,Harassment,0.6895,Harassment,0.9819
මෙන්න පුක. ගහපන් අඛිල පයින්.,මෙන්න පුක. ගහපන් අඛිල පයින්.,Harassment,0.71,Harassment,0.9854
#රාමුව වගේද පුක හිල මේ කෙල්ලගෙ පොටෝ එකක් ගහල තියාගනියව් #රාමු කරල. උර්ල් This Tweet ඉස unavailable.,#රාමුව වගේද පුක හිල මේ කෙල්ලගෙ පොටෝ එකක් ගහල තියාගනියව් #රාමු කරල. උර්ල් This Tweet ඉස unavailable.,Harassment,0.4873,Harassment,0.7515
මූ මුගෙම පුක හපාගන්නවලු උර්ල් This Tweet ඉස unavailable.,මූ මුගෙම පුක හපාගන්නවලු උර්ල් This Tweet ඉස unavailable.,Harassment,0.7461,Harassment,0.9497
"නැට්ට කකුල් දෙක අස්සේ ගහනවාට කියන්නෙ නැට්ට පුකේ ගහන්නව කියලනේ , එතකොට මේ කට පුක වගේ කරගැනිල්ලද??","නැට්ට කකුල් දෙක අස්සේ ගහනවාට කියන්නෙ නැට්ට පුකේ ගහන්නව කියලනේ , එතකොට මේ කට පුක වගේ කරගැනිල්ලද??",Harassment,0.5181,Harassment,0.9258
වහින්නේ හිටගෙන පුක හෝදන්න ස්ල්ව්ස ‌ ‌ ‌  · 4 සේප 2021 ස්ල්ව්ස අද වහිනවා ටහිකෙන්න,වහින්නේ හිටගෙන පුක හෝදන්න ස්ල්ව්ස ‌ ‌ ‌  · 4 සේප 2021 ස්ල්ව්ස අද වහිනවා ටහිකෙන්න,Harassment,0.7769,Harassment,0.8052
පුක දෙන්නැතිව පහලට යමන්,පුක දෙන්නැතිව පහලට යමන්,Harassment,0.5366,Harassment,0.8477
බව් බව් ගාපු එවුනට දෙන්නේ මක්කා සව් බාගයට පුක උලපති දෙනු දැක්කා සිව් හෙල දෙරණෙ කුස පුරවන්නට ලොක්කා නැව් පුරවලා චීනෙන් ගේනව කක්කා Copied from: සුගත් නන්දනත,බව් බව් ගාපු එවුනට දෙන්නේ මක්කා සව් බාගයට පුක උලපති දෙනු දැක්කා සිව් හෙල දෙරණෙ කුස පුරවන්නට ලොක්කා නැව් පුරවලා චීනෙන් ගේනව කක්කා Copied from: සුගත් නන්දනත,Harassment,0.4851,Harassment,0.9673
මගේ ලගට එවන්න අල්ලල..මම ගන්නම් පුක බෝර් කරල.... ඉම්ගය්,මගේ ලගට එවන්න අල්ලල..මම ගන්නම් පුක බෝර් කරල.... ඉම්ගය්,Harassment,0.709,Harassment,0.9795
"පුක නැත්තම් ලොකුවට වන වන යන්නෙපා නංගී, සොකට් බහීවි","පුක නැත්තම් ලොකුවට වන වන යන්නෙපා නංගී, සොකට් බහීවි",Harassment,0.5103,Harassment,0.7773
අරූ තොගෙ පුක මිරිකනවා බලන් ඉන්න බැරුව අහක බලන් ඉන්නේ මන්,අරූ තොගෙ පුක මිරිකනවා බලන් ඉන්න බැරුව අහක බලන් ඉන්නේ මන්,Harassment,0.6953,Harassment,0.6323
මේ ගොතයාගේ පඩලයින් තමා පෙන්න බැරි.. එදා නම් පම්කයාගේ පුක තැලුවා මිලර්.. සව්පක්,මේ ගොතයාගේ පඩලයින් තමා පෙන්න බැරි.. එදා නම් පම්කයාගේ පුක තැලුවා මිලර්.. සව්පක්,Harassment,0.5513,Harassment,0.9536
හාමුගෙ පුක ලෙවකන රතු අලි පැටව් මේව දන්නෙ නැතුව ඇති. ඕං අහගනිල්ල. ඉදිරියේ දි ඕනවෙයි.+ උර්ල්,හාමුගෙ පුක ලෙවකන රතු අලි පැටව් මේව දන්නෙ නැතුව ඇති. ඕං අහගනිල්ල. ඉදිරියේ දි ඕනවෙයි.+ උර්ල්,Harassment,0.5269,Harassment,0.8135
දෙවියො පුක මවනකොට බඩේ මාරුවක් තිබ්බ දවසක තමයි උබව හදල තියෙන්නෙ කක්ක පොඩ්ඩක් පුක උඩට වැටිල තමා උබේ ෆේස් එක හැදුනෙ,දෙවියො පුක මවනකොට බඩේ මාරුවක් තිබ්බ දවසක තමයි උබව හදල තියෙන්නෙ කක්ක පොඩ්ඩක් පුක උඩට වැටිල තමා උබේ ෆේස් එක හැදුනෙ,Harassment,0.5283,Harassment,0.9839
බස් අැතුලෙ හදුන් කූරු පත්තු කරන උංගෙ පුක හදුන් කූරකින් පුච්චන්නොනි,බස් අැතුලෙ හදුන් කූරු පත්තු කරන උංගෙ පුක හදුන් කූරකින් පුච්චන්නොනි,Harassment,0.5459,Harassment,0.7656
බලන්න ගනිගෙ පුක මිරිකන්න කොහොම ද කියලා,බලන්න ගනිගෙ පුක මිරිකන්න කොහොම ද කියලා,Harassment,0.7886,Harassment,0.9634
ඡෙරීට මොන කැටයම්ද බං උබේ පුක මොකද මගේ පුක මොකද,ඡෙරීට මොන කැටයම්ද බං උබේ පුක මොකද මගේ පුක මොකද,Harassment,0.5415,Harassment,0.9312
69 ලස්සේ බයියන්ගෙන් සබිරි ඇහුවද පුක දෙනවද? වෙඩි කනවද? කියලා.. බයියෝ කීවලු පුකත් දීලා වෙඩිත් කන්නමි කියලා,69 ලස්සේ බයියන්ගෙන් සබිරි ඇහුවද පුක දෙනවද? වෙඩි කනවද? කියලා.. බයියෝ කීවලු පුකත් දීලා වෙඩිත් කන්නමි කියලා,Harassment,0.7217,Harassment,0.8911
වැල්ලේ රීලා..... රැල්ලෙන් පුක සෝදාලා.....,වැල්ලේ රීලා..... රැල්ලෙන් පුක සෝදාලා.....,Harassment,0.6147,Harassment,0.9531
සීතලසඳ එලියේ . . . දාගෙන පුක එලියේ . . . ඔබහා සුරතලියේ . . .,සීතලසඳ එලියේ . . . දාගෙන පුක එලියේ . . . ඔබහා සුරතලියේ . . .,Harassment,0.5039,Harassment,0.7515
ආවා එකෙක් හොරු අල්ලනවාය කියා බිලියන ගානක් සීනි වලින් කෙලියා මාටියා කුලුන ගෙන තොගෙ පුක මැදින් තියා උඩ පැනපන් මැදමුලනේ ගූ බයියා,ආවා එකෙක් හොරු අල්ලනවාය කියා බිලියන ගානක් සීනි වලින් කෙලියා මාටියා කුලුන ගෙන තොගෙ පුක මැදින් තියා උඩ පැනපන් මැදමුලනේ ගූ බයියා,Harassment,0.6807,Harassment,0.895
යුරේනිගේ පුක දැකපුකල් ටෙනීගේ කටින් එලියට පනියි! උර්ල්,යුරේනිගේ පුක දැකපුකල් ටෙනීගේ කටින් එලියට පනියි! උර්ල්,Harassment,0.7451,Harassment,0.5303
"බල්ලගෙ නමත් සමීර කීවොත් තොගෙ පුක කනවා... බල්ලගෙ නම ජෝති, ජෝති සමීර දෙඅදෙඩ්","බල්ලගෙ නමත් සමීර කීවොත් තොගෙ පුක කනවා... බල්ලගෙ නම ජෝති, ජෝති සමීර දෙඅදෙඩ්",Harassment,0.6582,Harassment,0.9341
ජොනී ජෝනී යස් පපා චූ කෙරුවද ? යෙස් පපා පුක සේදුවද නෝ පපා *ගිහින් පුක හෝදන් වර පරයා*,ජොනී ජෝනී යස් පපා චූ කෙරුවද ? යෙස් පපා පුක සේදුවද නෝ පපා *ගිහින් පුක හෝදන් වර පරයා*,Harassment,0.5889,Harassment,0.9155
තම්බිල තම්බිලා වෙනුවෙන් කතා කරනවා අවුලක්නෑ ඒත් තම්බිලගෙ පුක ලේවකන නගෝ සිංහල උන් ඉන්නකන් මොකුත්ම කරන්න බෑ,තම්බිල තම්බිලා වෙනුවෙන් කතා කරනවා අවුලක්නෑ ඒත් තම්බිලගෙ පුක ලේවකන නගෝ සිංහල උන් ඉන්නකන් මොකුත්ම කරන්න බෑ,Harassment,0.6836,Harassment,0.9683
කැරි ජෙරියගෙ පුක මහල බඩ යන්න බෙහෙත් දෙන්නෝන,කැරි ජෙරියගෙ පුක මහල බඩ යන්න බෙහෙත් දෙන්නෝන,Harassment,0.5347,Harassment,0.9287
අනේ හුයන්න උබ කොහෙද බන් වලෙන් නැගිට්ටේ මමනේ වලෙන් නැගිට්ටේ .. පුක දෙන්න යනවනේ උබත් ඉතින් #පුකෙනුත්_හිනා,අනේ හුයන්න උබ කොහෙද බන් වලෙන් නැගිට්ටේ මමනේ වලෙන් නැගිට්ටේ .. පුක දෙන්න යනවනේ උබත් ඉතින් #පුකෙනුත්_හිනා,Harassment,0.7124,Harassment,0.6377
පුකේ ඉත්තෑවො දුවන්න නම් එක්කො පුක අක්කරයක් තරම් ලොකු වෙන්න ඕනෙ. ඇත්නම් ඉත්තෑවො කූඹි තරම් පොඩි වෙන්න ඕනෙ.,පුකේ ඉත්තෑවො දුවන්න නම් එක්කො පුක අක්කරයක් තරම් ලොකු වෙන්න ඕනෙ. ඇත්නම් ඉත්තෑවො කූඹි තරම් පොඩි වෙන්න ඕනෙ.,Harassment,0.5991,Harassment,0.9829
", පුක රත්තගෙ තිබ්බත් පුකම තමා ඒයි. ඒක රත්තගෙ ත්‍රෙඩ් එකක තිබ්බ කියල පුක දේවාලෙ වෙන්නෙ නෑ . . . පුක රීවම, පඩෑරියම ගඳ ගහන පුකම තමයි",", පුක රත්තගෙ තිබ්බත් පුකම තමා ඒයි. ඒක රත්තගෙ ත්‍රෙඩ් එකක තිබ්බ කියල පුක දේවාලෙ වෙන්නෙ නෑ . . . පුක රීවම, පඩෑරියම ගඳ ගහන පුකම තමයි",Harassment,0.7778,Harassment,0.9854
", අල්ලල පුක පලන්න ඕනෙ",", අල්ලල පුක පලන්න ඕනෙ",Harassment,0.748,Harassment,0.9868
"""මගේ ඔලුව ගිහිනි තියල පුක උරපල්ලා"" - මිට සිගරට් එක-","""මගේ ඔලුව ගිහිනි තියල පුක උරපල්ලා"" - මිට සිගරට් එක-",Harassment,0.5244,Harassment,0.8872
විස්ව සාලුකට දීලා ආයේ කට පුක වෙන්න හම්මෝ,විස්ව සාලුකට දීලා ආයේ කට පුක වෙන්න හම්මෝ,Harassment,0.6714,Harassment,0.8979
පර දෙමලා උපතින්ම ජාතිවාදීය. මුන්ට පුක දෙන සිංහල හුත්තලා මුලින් වඳ කල යුතුය.,පර දෙමලා උපතින්ම ජාතිවාදීය. මුන්ට පුක දෙන සිංහල හුත්තලා මුලින් වඳ කල යුතුය.,Harassment,0.7456,Harassment,0.7109
මං දනුක උනා නම් දැන් මගේ පුක වලක් කපල වලදාගෙන!,මං දනුක උනා නම් දැන් මගේ පුක වලක් කපල වලදාගෙන!,Harassment,0.5308,Harassment,0.9678
රසිකගෙ තන වගේද ජම්බෝලෙගෙ පුක.,රසිකගෙ තන වගේද ජම්බෝලෙගෙ පුක.,Harassment,0.5767,Harassment,0.9521
පතාගෙන ඇවිත් ඔබෙ පුක සැපුවාම සතා මොක උනත් ඇති වෙයි ඉදිමීම..,පතාගෙන ඇවිත් ඔබෙ පුක සැපුවාම සතා මොක උනත් ඇති වෙයි ඉදිමීම..,Harassment,0.5879,Harassment,0.4907
තව තව ඉපල් ගැහුවනම් හරි පුක උඩදාගෙන,තව තව ඉපල් ගැහුවනම් හරි පුක උඩදාගෙන,Harassment,0.5933,Harassment,0.9565
පුක ලොකු එකා අක්කර පුකා චිල්ධූද්නිච්ක්නමෙස්ල්ක්,පුක ලොකු එකා අක්කර පුකා චිල්ධූද්නිච්ක්නමෙස්ල්ක්,Harassment,0.7637,Harassment,0.979
මම පුක උනත් උබේ මූන කක්කි ගොඩක් තමයි..,මම පුක උනත් උබේ මූන කක්කි ගොඩක් තමයි..,Harassment,0.4939,Harassment,0.8384
"ඉප්ලටේ හොට් ප්ලේට් වගේ, පුක රත්කරන්න","ඉප්ලටේ හොට් ප්ලේට් වගේ, පුක රත්කරන්න",Harassment,0.647,Harassment,0.9438
පව් හුට්ටෝ ඌ.පුක හපං මැරෙයි හෙට වෙද්දී ඕකා,පව් හුට්ටෝ ඌ.පුක හපං මැරෙයි හෙට වෙද්දී ඕකා,Harassment,0.5146,Harassment,0.9097
", හරි ගැස්සුවෙ නැත්තම් ඉතින් පුකෙ ගහල එන්නෙ හුත්ත",", හරි ගැස්සුවෙ නැත්තම් ඉතින් පුකෙ ගහල එන්නෙ හුත්ත",Harassment,0.75,Harassment,0.9775
මට දුන්නොත් පුක පලනවා ඇඩෙන්න,මට දුන්නොත් පුක පලනවා ඇඩෙන්න,Harassment,0.7563,Harassment,0.8726
සුදු මාමේ පුක දෙනවද බ්‍රෝට බ්‍රෝ පුක දෙනකද සුදු මාමට. #අවුස්සමින්,සුදු මාමේ පුක දෙනවද බ්‍රෝට බ්‍රෝ පුක දෙනකද සුදු මාමට. #අවුස්සමින්,Harassment,0.5684,Harassment,0.9819
පුක රත් වෙන්න ෂෝට් එක දෙනවා: උර්ල් via,පුක රත් වෙන්න ෂෝට් එක දෙනවා: උර්ල් via,Harassment,0.4883,Harassment,0.7231
වමෙන් කාලා වමෙන් පුක සෝදන උන් අත උස්සපන් බලන්න?,වමෙන් කාලා වමෙන් පුක සෝදන උන් අත උස්සපන් බලන්න?,Harassment,0.4915,Harassment,0.8638
අල් හුසේන් ඇවිල්ලා ඇරලා යයි... ඒක හින්දා සහජීවනයෙන් දෙමළටයි තම්බියටයි පුක දෙමු ... ව,අල් හුසේන් ඇවිල්ලා ඇරලා යයි... ඒක හින්දා සහජීවනයෙන් දෙමළටයි තම්බියටයි පුක දෙමු ... ව,Harassment,0.5542,Harassment,0.5327
පුක ඇති කෙල්ලෝ පුක ලොකුවට පෙන්නයි..,පුක ඇති කෙල්ලෝ පුක ලොකුවට පෙන්නයි..,Harassment,0.5024,Harassment,0.6479
අරිද්දි පුක ඉරුනත් කෙඳිරිගා්නෙ සැපායි කියල,අරිද්දි පුක ඉරුනත් කෙඳිරිගා්නෙ සැපායි කියල,Harassment,0.6265,Harassment,0.7329
පුක උඩදාගෙන ගිහින් දෙන්නේ මල්ලි,පුක උඩදාගෙන ගිහින් දෙන්නේ මල්ලි,Harassment,0.5771,Harassment,0.5879
ඇයි පියුමි පුක කචිද පලල් කරලා ැරගන්⁣නකො පුකේ,ඇයි පියුමි පුක කචිද පලල් කරලා ැරගන්⁣නකො පුකේ,Harassment,0.7383,Harassment,0.5518
එහෙමනම් කමක් නෑ අහු උනොත් පුක තලනවා.....,එහෙමනම් කමක් නෑ අහු උනොත් පුක තලනවා.....,Harassment,0.6226,Harassment,0.6196
සික්කෙයියා වලක් කපන් පුක වලදාන් මැරිය.,සික්කෙයියා වලක් කපන් පුක වලදාන් මැරිය.,Harassment,0.7261,Harassment,0.5625
අද මීගමුව ට්‍රේන් එකේ මගෙ අවට හිටපු තුන් දෙනෙක් මාස්ක් එක පහත් කරලා කැහැලා ආයේ මාස්ක් එක දාගත්තා.මුන්ට ඔලු තියෙන්නෙ කදේ පාළුව මැකෙන්න නදකින් වසූරිය හැදෙන්න ඕනෙ වේස කඳන්.!,අද මීගමුව ට්‍රේන් එකේ මගෙ අවට හිටපු තුන් දෙනෙක් මාස්ක් එක පහත් කරලා කැහැලා ආයේ මාස්ක් එක දාගත්තා.මුන්ට ඔලු තියෙන්නෙ කදේ පාළුව මැකෙන්න නදකින් වසූරිය හැදෙන්න ඕනෙ වේස කඳන්.!,Harassment,0.4883,Harassment,0.8413
මේ වේස හුත්තිගෙ පුතාල 2.30 ඉඳන් 5.30 වෙනකන් කරන්ට් එක කපල. ආපහු 6 ඉඳන් 7 වෙනකම් කැපුව.,මේ වේස හුත්තිගෙ පුතාල 2.30 ඉඳන් 5.30 වෙනකන් කරන්ට් එක කපල. ආපහු 6 ඉඳන් 7 වෙනකම් කැපුව.,Harassment,0.6333,Harassment,0.9233
වේස ගෑණු වෙන්නනම් ඉතින් වටේ යන්න ඕනෙ,වේස ගෑණු වෙන්නනම් ඉතින් වටේ යන්න ඕනෙ,Harassment,0.563,Harassment,0.9263
ඌ සේරම කොල්ලො ටික බ්ලොක් කරලා කෙල්ලොන්ට ටෝක් දිදි යනවා කැරිම පිරිමි තමා.මුන් වගේ වේස කදන් අරුන්ගෙ මෑ ඇට ලෙවකන්න යන නිසා තම් sri ලන්කන් twitter pretty young ගිර්ල්ස් ගගා උනුත් මේකෙ හැමිනෙන්න එන්නෙ,ඌ සේරම කොල්ලො ටික බ්ලොක් කරලා කෙල්ලොන්ට ටෝක් දිදි යනවා කැරිම පිරිමි තමා.මුන් වගේ වේස කදන් අරුන්ගෙ මෑ ඇට ලෙවකන්න යන නිසා තම් sri ලන්කන් twitter pretty young ගිර්ල්ස් ගගා උනුත් මේකෙ හැමිනෙන්න එන්නෙ,Harassment,0.7178,Harassment,0.8237
මෙච්චර දරුණුවට වලියක් ගියේ නෑ කවදාවත්. ඔක්කොම වේස ගෑණුවගේ හැමිනෙන්න යනවනෙ,මෙච්චර දරුණුවට වලියක් ගියේ නෑ කවදාවත්. ඔක්කොම වේස ගෑණුවගේ හැමිනෙන්න යනවනෙ,Harassment,0.71,Harassment,0.9595
කලින් කරපු කැරි වැඩ ඊයේ ඉදන් පටන් ගත්තා :/ ෆට්ට වේස හුත්තියක්ව ටෝක් කරලා ගැලෙව්වා ඇදුම් :3 ගැහෙව්වා... උර්ල්,කලින් කරපු කැරි වැඩ ඊයේ ඉදන් පටන් ගත්තා :/ ෆට්ට වේස හුත්තියක්ව ටෝක් කරලා ගැලෙව්වා ඇදුම් :3 ගැහෙව්වා... උර්ල්,Harassment,0.7637,Harassment,0.9126
"රටේ 'කලාව' කන්න අාපු සල්ලියි,ජනප්‍රියත්වයයි හම්බෙනවනම් නිරුවත විකුනං කන වේස බඩු... ලංකාවේ අපි දකින පොෂ් කෙල්ලො... නෙදකින් විතරක්. උර්ල්","රටේ 'කලාව' කන්න අාපු සල්ලියි,ජනප්‍රියත්වයයි හම්බෙනවනම් නිරුවත විකුනං කන වේස බඩු... ලංකාවේ අපි දකින පොෂ් කෙල්ලො... නෙදකින් විතරක්. උර්ල්",Harassment,0.5879,Harassment,0.8857
කොල්ලො කරද්දි කොලුකම සෙවලකම. කෙල්ලො කරද්දී වේස කම,කොල්ලො කරද්දි කොලුකම සෙවලකම. කෙල්ලො කරද්දී වේස කම,Harassment,0.4951,Harassment,0.853
මේ වේස කුරුල්ලෝ එක්ක බෑ උදේ හේදුවේ,මේ වේස කුරුල්ලෝ එක්ක බෑ උදේ හේදුවේ,Harassment,0.5151,Harassment,0.9482
ඔය වේස බල්ලව අච්චාරු දාන්න ඕනේ The following media ඉන්ච්ලුදෙස් potentially sensitive content. Change සෙට්ටින්ග්ස් View,ඔය වේස බල්ලව අච්චාරු දාන්න ඕනේ The following media ඉන්ච්ලුදෙස් potentially sensitive content. Change සෙට්ටින්ග්ස් View,Harassment,0.7188,Harassment,0.4321
වේස කොලු කාරයෙක් බං. නෙදකින් කෙල්ලෙක් දප් එකට දාගෙන කොල්ලොන්ට ලයින් දානවා,වේස කොලු කාරයෙක් බං. නෙදකින් කෙල්ලෙක් දප් එකට දාගෙන කොල්ලොන්ට ලයින් දානවා,Harassment,0.5947,Harassment,0.6348
"ඇයි බන් මේ වේස ගෑනු පුකට හිරට ඩෙනිම්,ලෙජින් ගහන් පන්සල් එන්නේ...? දන්න එකෙක් ඉන්නවනම් ඇයි කියහල්ලා","ඇයි බන් මේ වේස ගෑනු පුකට හිරට ඩෙනිම්,ලෙජින් ගහන් පන්සල් එන්නේ...? දන්න එකෙක් ඉන්නවනම් ඇයි කියහල්ලා",Harassment,0.7188,Harassment,0.9058
අනේ පලයං පොන්න වෙිසි තොගේ හැටි බලපං කො..ගොබ්බ වෙිසියො හින්දා තමයි කෙල විලා තියේන්නේ මෙි රටට කැරි කන වෙිසි,අනේ පලයං පොන්න වෙිසි තොගේ හැටි බලපං කො..ගොබ්බ වෙිසියො හින්දා තමයි කෙල විලා තියේන්නේ මෙි රටට කැරි කන වෙිසි,Harassment,0.5918,Harassment,0.9829
පොඩි උන් දෙන්නෙක් අල්ලම් සෙල්ලම් කරල එකෙක් මැරිලලු නෙ මෝඩ යක්කු ඔකුන්ගෙ පව්ල් පසුබිම අම්බ කුජීත ඇති පොඩි වයසට ඔච්චර මනස විකාර වෙන්න තරම් කෙල්ලෙක්ටනෙ නේද දෙයියනෙ පොන්නයො වගෙ මරාගෙන තියෙන්නෙ තුක්,පොඩි උන් දෙන්නෙක් අල්ලම් සෙල්ලම් කරල එකෙක් මැරිලලු නෙ මෝඩ යක්කු ඔකුන්ගෙ පව්ල් පසුබිම අම්බ කුජීත ඇති පොඩි වයසට ඔච්චර මනස විකාර වෙන්න තරම් කෙල්ලෙක්ටනෙ නේද දෙයියනෙ පොන්නයො වගෙ මරාගෙන තියෙන්නෙ තුක්,Harassment,0.75,Harassment,0.5142
ඔන්න බලපියව් පොන්න තම්බි හොරක්ම් කරන විදිය පලයව් තව නොලිමිට් එකට කෙලොගෙන එන්න පුලුවන් උර්ල්,ඔන්න බලපියව් පොන්න තම්බි හොරක්ම් කරන විදිය පලයව් තව නොලිමිට් එකට කෙලොගෙන එන්න පුලුවන් උර්ල්,Harassment,0.6724,Harassment,0.9624
පුත්තලං බූරුවෝ හතර පස් දෙනෙක්ගෙ විතර වයසේ එවුන් පොන්න බාබා පාට් දාන එක තමා අල්ලන්නේ නැත්තේ.,පුත්තලං බූරුවෝ හතර පස් දෙනෙක්ගෙ විතර වයසේ එවුන් පොන්න බාබා පාට් දාන එක තමා අල්ලන්නේ නැත්තේ.,Harassment,0.626,Harassment,0.895
මේ පොන්න හුත්තල ආමි එකේ කොල්ලො ටිකත් නොන්ඩි කරනව.... පොන්නයොත් ඉන්නව...මුන් ඇවිල්ල රාජ පොන්නයො,මේ පොන්න හුත්තල ආමි එකේ කොල්ලො ටිකත් නොන්ඩි කරනව.... පොන්නයොත් ඉන්නව...මුන් ඇවිල්ල රාජ පොන්නයො,Harassment,0.5713,Harassment,0.8955
පොන්න umpire පල ගෙදර ඉන්ද්ව්ස්ල්,පොන්න umpire පල ගෙදර ඉන්ද්ව්ස්ල්,Harassment,0.5117,Harassment,0.731
"චිත්ත ,බං මල් මල් චිත්ත අදින පොන්න හු# තිගේ පුතාලා ,හැම තැනම.","චිත්ත ,බං මල් මල් චිත්ත අදින පොන්න හු# තිගේ පුතාලා ,හැම තැනම.",Harassment,0.6982,Harassment,0.9282
ඉන්දියාවෙ උන්ට පුක දීපන් පොන්නය.. දීල පැටියෙක් හදා,ඉන්දියාවෙ උන්ට පුක දීපන් පොන්නය.. දීල පැටියෙක් හදා,Harassment,0.7344,Harassment,0.897
ඒ වගේද දම් අස්සෙ හැමිනිලා අපි හැමිනෙන්න ආවෙ නැතුව ම පුක කඩි කෑව වගේ තල් එකේ සුජාත වෙන්න හදන වේස පොන්නයො,ඒ වගේද දම් අස්සෙ හැමිනිලා අපි හැමිනෙන්න ආවෙ නැතුව ම පුක කඩි කෑව වගේ තල් එකේ සුජාත වෙන්න හදන වේස පොන්නයො,Harassment,0.5415,Harassment,0.9839
ඔව් උට්ටගේ බිජ්ජ දෙක තලන්න ඕනි.. මේකෙත් ඉන්නවනේ උන්ට පුක දෙන උට්ටලා .. නරියෝ,ඔව් උට්ටගේ බිජ්ජ දෙක තලන්න ඕනි.. මේකෙත් ඉන්නවනේ උන්ට පුක දෙන උට්ටලා .. නරියෝ,Harassment,0.6069,Harassment,0.9517
තව්සෙ බඩුවක් වගේ හැම ෆැමිලි එකකම ඉන්නවා මමත් වේස බඩුවක් වගේ හැම එකකම ඉන්නවා,තව්සෙ බඩුවක් වගේ හැම ෆැමිලි එකකම ඉන්නවා මමත් වේස බඩුවක් වගේ හැම එකකම ඉන්නවා,Harassment,0.7271,Harassment,0.9551
පතිවත.. බඩුව... අපේ වුන්ම පතිවතට කෙල මාරු වී ආදරයක් ඉදිර්යේ අසරණ වන ගැහනියක්ව රවටා එකා දෙන්නා නිදි වැද... උර්ල්,පතිවත.. බඩුව... අපේ වුන්ම පතිවතට කෙල මාරු වී ආදරයක් ඉදිර්යේ අසරණ වන ගැහනියක්ව රවටා එකා දෙන්නා නිදි වැද... උර්ල්,Harassment,0.6108,Harassment,0.7471
මූ තට්ටේට කියන්නේ නෝට් එකට වෙන්න ඇති.. බඩුව වගේ වෙලාව කිව්වේ මේ පොල් මුඩ්ඩ පෙන්නන්නද බන්,මූ තට්ටේට කියන්නේ නෝට් එකට වෙන්න ඇති.. බඩුව වගේ වෙලාව කිව්වේ මේ පොල් මුඩ්ඩ පෙන්නන්නද බන්,Harassment,0.6611,Harassment,0.8818
හායි මෙර්වින්. අනාගතේනන් හදල තියෙන්නේ බඩුව අවුල්,හායි මෙර්වින්. අනාගතේනන් හදල තියෙන්නේ බඩුව අවුල්,Harassment,0.5918,Harassment,0.9351
රට් කැල්ලක් ටොක් කරලා කරලා එකි කැමති උනේ නැතුවාම එකිට බඩුව කියන එක නම් මහම මහ කුතාඩි වැඩක්,රට් කැල්ලක් ටොක් කරලා කරලා එකි කැමති උනේ නැතුවාම එකිට බඩුව කියන එක නම් මහම මහ කුතාඩි වැඩක්,Harassment,0.4883,Harassment,0.9634
එකියක් ඉන්නවා මං තමයි මේකෙ බඩුව කියල කියාගන්න උඩපනින,එකියක් ඉන්නවා මං තමයි මේකෙ බඩුව කියල කියාගන්න උඩපනින,Harassment,0.751,Harassment,0.9194
උස්සලා ගහන්න දුන්නද වටේ බඩුව බඩුව කිය කිය යන්නේ,උස්සලා ගහන්න දුන්නද වටේ බඩුව බඩුව කිය කිය යන්නේ,Harassment,0.7876,Harassment,0.9644
නරි බඩුව නෙමේද,නරි බඩුව නෙමේද,Harassment,0.6245,Harassment,0.793
අනේ තියා ගනින් උබේ බඩුව...,අනේ තියා ගනින් උබේ බඩුව...,Harassment,0.519,Harassment,0.9839
සිංදුවකින් කටහඩ අයින් ක‍රන්න කියාපු බඩුව; උර්ල්,සිංදුවකින් කටහඩ අයින් ක‍රන්න කියාපු බඩුව; උර්ල්,Harassment,0.5439,Harassment,0.9336
උබේ බඩුව එක්ක වැඩ ඉවර ද,උබේ බඩුව එක්ක වැඩ ඉවර ද,Harassment,0.7827,Harassment,0.9834
ඉයා පොප් තිසර උබ දැන් බඩුත් ගහනවද?? — feeling කොලු බඩුව ඇත ගුරුකුල උර්ල්,ඉයා පොප් තිසර උබ දැන් බඩුත් ගහනවද?? — feeling කොලු බඩුව ඇත ගුරුකුල උර්ල්,Harassment,0.7949,Harassment,0.9858
බඩුව නම් ආවා තලගොයෙක් තමයි අඩුව,බඩුව නම් ආවා තලගොයෙක් තමයි අඩුව,Harassment,0.7627,Harassment,0.8848
බඩුව තුවාය පිටින් පිටින් වැඩිහිටියන්ට පමණයි:,බඩුව තුවාය පිටින් පිටින් වැඩිහිටියන්ට පමණයි:,Harassment,0.4995,Harassment,0.5303
බුදාම්මෝ ...මරු බඩුව එක්ක එන්නෙ,බුදාම්මෝ ...මරු බඩුව එක්ක එන්නෙ,Harassment,0.6304,Harassment,0.7466
ඉයූව් ඉයූව් ඒකීට බඩුව කියන්න එපා,ඉයූව් ඉයූව් ඒකීට බඩුව කියන්න එපා,Harassment,0.7676,Harassment,0.9414
බඩුව.. අපේ වුන්ම පතිවතට කෙල මාරැ වි. ආදරයක් ඉදිරියේ අසරණ වන ගැහැණියෙක්ව රවටා එකා දෙන්නා නිදි වැද පෝළිමකුත් දා... උර්ල්,බඩුව.. අපේ වුන්ම පතිවතට කෙල මාරැ වි. ආදරයක් ඉදිරියේ අසරණ වන ගැහැණියෙක්ව රවටා එකා දෙන්නා නිදි වැද පෝළිමකුත් දා... උර්ල්,Harassment,0.6851,Harassment,0.9551
චැන්ඩ්ලර් මරු බඩුව ඈ කොම හරි ආයෙ සූටි කෙල්ලෙක්ව අල්ලගෙන... ලස්ට්ස්හිප්,චැන්ඩ්ලර් මරු බඩුව ඈ කොම හරි ආයෙ සූටි කෙල්ලෙක්ව අල්ලගෙන... ලස්ට්ස්හිප්,Harassment,0.7173,Harassment,0.9663
"අයිසලන්තේ පුතාලගේ නම් ඉවර වෙන්නේ son කියලානේ. එනයින්, එහේ ගෑණු ටීම් එකේ නම්; කෝදුව බාල්දුව කාන්දුව අාණ්ඩුව පාණ්ඩුව නඩුව බඩුව කඩුව * ඩුව හා දුව දුව ලෙෙස ලියැවේ","අයිසලන්තේ පුතාලගේ නම් ඉවර වෙන්නේ son කියලානේ. එනයින්, එහේ ගෑණු ටීම් එකේ නම්; කෝදුව බාල්දුව කාන්දුව අාණ්ඩුව පාණ්ඩුව නඩුව බඩුව කඩුව * ඩුව හා දුව දුව ලෙෙස ලියැවේ",Harassment,0.4834,Harassment,0.5327
ටීම් එකේ බඩුව ගුඑෂ්ථෙත්වෙඑප් #TCLSLමඩ,ටීම් එකේ බඩුව ගුඑෂ්ථෙත්වෙඑප් #TCLSLමඩ,Harassment,0.6611,Harassment,0.9858
බඩුව කොහොමද මනුස්සයෙක් වෙන්නෙ.බඩුවක් කියන්නෙ බඩුවක්! Thing ඉස අ thing,බඩුව කොහොමද මනුස්සයෙක් වෙන්නෙ.බඩුවක් කියන්නෙ බඩුවක්! Thing ඉස අ thing,Harassment,0.6216,Harassment,0.9756
හහ් හහ ්හා..මැනේජරයා තමයි දවසකටවත් බඩුව.. උර්ල්,හහ් හහ ්හා..මැනේජරයා තමයි දවසකටවත් බඩුව.. උර්ල්,Harassment,0.7129,Harassment,0.9746
ඉලග දවසෙ ඔයා අර බස් එකෙ පොඩි උන් ට කීවා වගෙ පොඩි ප*යියො වේස බඩුව පල යන්ඩ කියලා එලවගන්නම්! ස්තුතියි.,ඉලග දවසෙ ඔයා අර බස් එකෙ පොඩි උන් ට කීවා වගෙ පොඩි ප*යියො වේස බඩුව පල යන්ඩ කියලා එලවගන්නම්! ස්තුතියි.,Harassment,0.5947,Harassment,0.6577
මේ වගේ වේස බඩුවක් අපේ රටේ ජනාධිපති වෙලා හිටියලු....හිටං... උර්ල්,මේ වගේ වේස බඩුවක් අපේ රටේ ජනාධිපති වෙලා හිටියලු....හිටං... උර්ල්,Harassment,0.7563,Harassment,0.979
කට කෑවත් ඇත්ත කියලා තියෙන්නේ. යට ඉන්න එක නම් අමු බඩුව මේකෙ,කට කෑවත් ඇත්ත කියලා තියෙන්නේ. යට ඉන්න එක නම් අමු බඩුව මේකෙ,Harassment,0.5625,Harassment,0.5869
ජිම් එක්කටවත් පලයන් සජිතානෝ තොගේ බඩ එනෝ The following media ඉන්ච්ලුදෙස් potentially sensitive content. Change සෙට්ටින්ග්ස් View,ජිම් එක්කටවත් පලයන් සජිතානෝ තොගේ බඩ එනෝ The following media ඉන්ච්ලුදෙස් potentially sensitive content. Change සෙට්ටින්ග්ස් View,Harassment,0.542,Harassment,0.5596
රස්ති දරුකමට දෙන්න ලමයි මෙහෙ නෑ පලයන් යන්න,රස්ති දරුකමට දෙන්න ලමයි මෙහෙ නෑ පලයන් යන්න,Harassment,0.501,Harassment,0.9526
උබ කවද්ද බන් යන්නේ..දිගටම ඉන්නවා නන් ටිකක් හාමිනේ කෙනෙකුත් පන්ගරාත්තු කරම්ම පලයන් ඩුකේට mommy කෙනෙක්,උබ කවද්ද බන් යන්නේ..දිගටම ඉන්නවා නන් ටිකක් හාමිනේ කෙනෙකුත් පන්ගරාත්තු කරම්ම පලයන් ඩුකේට mommy කෙනෙක්,Harassment,0.7251,Harassment,0.7095
", උබට බීලා.. උඩහා අප්පුහාමි මාමලගේ කුනු කානුවේ වැටිලා ඉන්න හොදා.. ඒ කල්දේරම හංගපු මගේ නේ ජාතකේ හොයන්නේ. අනේ නිකං පලයන් බං යන්න.",", උබට බීලා.. උඩහා අප්පුහාමි මාමලගේ කුනු කානුවේ වැටිලා ඉන්න හොදා.. ඒ කල්දේරම හංගපු මගේ නේ ජාතකේ හොයන්නේ. අනේ නිකං පලයන් බං යන්න.",Harassment,0.7964,Harassment,0.9526
තබන තබන් පය අලුවි දැවියන් රෝග දුක්විපත් ගින්නෙන් දැවියන් වැහි නැති අකුණුම හිස මත වැටියන් බදුරුදින් උබ මැරිලම පලයන් කලුවට කලුවේ ගෝනිය පොරවන් යනවිට පාරේ උබ මට ඔරවන් ගෑණු පිරිමි බව හොයන් ඔනේ නං Please සුදූ මට මූන පෙන්නපං මනක්කල්පිත,තබන තබන් පය අලුවි දැවියන් රෝග දුක්විපත් ගින්නෙන් දැවියන් වැහි නැති අකුණුම හිස මත වැටියන් බදුරුදින් උබ මැරිලම පලයන් කලුවට කලුවේ ගෝනිය පොරවන් යනවිට පාරේ උබ මට ඔරවන් ගෑණු පිරිමි බව හොයන් ඔනේ නං Please සුදූ මට මූන පෙන්නපං මනක්කල්පිත,Harassment,0.6011,Harassment,0.9121
"කරතොත් කරපන් හරියට, නැත්තම් පලයන් අහකට. දිස්කෙඅම්මටදිස්කේ","කරතොත් කරපන් හරියට, නැත්තම් පලයන් අහකට. දිස්කෙඅම්මටදිස්කේ",Harassment,0.625,Harassment,0.979
උබේ ඇගේ තියෙන්නේ බල මාළුද.පරිස්සමෙන් පලයන්.බලල්ලු කාවි,උබේ ඇගේ තියෙන්නේ බල මාළුද.පරිස්සමෙන් පලයන්.බලල්ලු කාවි,Harassment,0.7642,Harassment,0.9624
වැසි නැති හෙණ ගහන්න ඕනෙ මේ වගේ එවුන්ට තමයි ... කාලකණ්නි බල්ලෝ .. හැදිගෑවිලාම පලයන් .. කොහෙද යන වේ***ක් නිසා... උර්ල්,වැසි නැති හෙණ ගහන්න ඕනෙ මේ වගේ එවුන්ට තමයි ... කාලකණ්නි බල්ලෝ .. හැදිගෑවිලාම පලයන් .. කොහෙද යන වේ***ක් නිසා... උර්ල්,Harassment,0.5522,Harassment,0.6162
කැඋම් අනේ නිකන් පලයන් වසෑනා යන්ට ත්වෙඑත්ලිකෙවළංඅ,කැඋම් අනේ නිකන් පලයන් වසෑනා යන්ට ත්වෙඑත්ලිකෙවළංඅ,Harassment,0.5986,Harassment,0.7275
අනේ ලිස්සල පලයන් ලිෂාන් යන්න අපේ childhood මුසික් හොටු සේමෂම්මියා අවා මෙතන නහයයි කටයි මැද්දේ තිරුවාණ හොයන්න ගිහිං අහපන් උබේ ටකරන් බෙලෙක්ක ඉන්ස්ටන් නංගිලාගේ කටහඬවල සෝ ගොර්ගූස් කියා කියා,අනේ ලිස්සල පලයන් ලිෂාන් යන්න අපේ childhood මුසික් හොටු සේමෂම්මියා අවා මෙතන නහයයි කටයි මැද්දේ තිරුවාණ හොයන්න ගිහිං අහපන් උබේ ටකරන් බෙලෙක්ක ඉන්ස්ටන් නංගිලාගේ කටහඬවල සෝ ගොර්ගූස් කියා කියා,Harassment,0.519,Harassment,0.9209
"අනෙ පලයන් කොල්ලො යන්න උබ ඉන්නෙ ඔහෙ මම මෙහෙ ,හිතුනොත් උස්සනව දැන ගනිම් කවද් මේ හාල් kella","අනෙ පලයන් කොල්ලො යන්න උබ ඉන්නෙ ඔහෙ මම මෙහෙ ,හිතුනොත් උස්සනව දැන ගනිම් කවද් මේ හාල් kella",Harassment,0.6104,Harassment,0.8296
ආපු අතක් බලාගෙන පලයන් ඩෝ යන්න නිකක් අතින් අරන් *කෙන් තියා ගන් නැතුව ස්රිලංකංථ්රෙඅත්ස,ආපු අතක් බලාගෙන පලයන් ඩෝ යන්න නිකක් අතින් අරන් *කෙන් තියා ගන් නැතුව ස්රිලංකංථ්රෙඅත්ස,Harassment,0.5137,Harassment,0.8315
උන්ඟෙ ප්‍රතිපත්තියම මහ වසුලු ගොඩක් නේ ඕයි.. හාන්ඳුරුවන් පෙන්න බෑ.. ජාතික අනන්‍යතාව කියල දෙයක් නෑ.. වේස ගෑනි වගේ ඕනෙ මගුලක් කොරල පලයන් ගද්න දෙනවනම්..වගේ,උන්ඟෙ ප්‍රතිපත්තියම මහ වසුලු ගොඩක් නේ ඕයි.. හාන්ඳුරුවන් පෙන්න බෑ.. ජාතික අනන්‍යතාව කියල දෙයක් නෑ.. වේස ගෑනි වගේ ඕනෙ මගුලක් කොරල පලයන් ගද්න දෙනවනම්..වගේ,Harassment,0.6719,Harassment,0.8721
වොන්ත්ගිවෙඉත්බක්ක its ඔක් බේබි දැන් පලයන්......,වොන්ත්ගිවෙඉත්බක්ක its ඔක් බේබි දැන් පලයන්......,Harassment,0.5757,Harassment,0.9272
ආ වැදියන් වැදියන් කුඩු වෙලා පලයන් .අත ගැලවිලා යන් ඕන .ටෞකන්ඩ,ආ වැදියන් වැදියන් කුඩු වෙලා පලයන් .අත ගැලවිලා යන් ඕන .ටෞකන්ඩ,Harassment,0.6763,Harassment,0.687
තොනෙ පුක දෙන්න ආවෙ ආපු විදියටම පුක උස්සන් පලයන්,තොනෙ පුක දෙන්න ආවෙ ආපු විදියටම පුක උස්සන් පලයන්,Harassment,0.7729,Harassment,0.9766
කැරි කුසාන්තයා අපිය තැක්ස් නෑ එක.නූලට බඩ පලයන් උබට,කැරි කුසාන්තයා අපිය තැක්ස් නෑ එක.නූලට බඩ පලයන් උබට,Harassment,0.7485,Harassment,0.7212
අනේ පලයන් බඩු කාලා හැදිච්ච එකා පුක දෙන්න එනවා මල් පොන්නයා,අනේ පලයන් බඩු කාලා හැදිච්ච එකා පුක දෙන්න එනවා මල් පොන්නයා,Harassment,0.5498,Harassment,0.9805
පගර නැට්ටෝ..ඔන්න ඔය හු** ඩිලිට් කරපන් මිනිස්සගේ මොල කන්නේ නැතුව..ජාති වාදේ ඇති කරන පරයෙක් වෙන්න එපා.. සිංහල බැරිනම් එක වසරට පලයන් ගොතයා.,පගර නැට්ටෝ..ඔන්න ඔය හු** ඩිලිට් කරපන් මිනිස්සගේ මොල කන්නේ නැතුව..ජාති වාදේ ඇති කරන පරයෙක් වෙන්න එපා.. සිංහල බැරිනම් එක වසරට පලයන් ගොතයා.,Harassment,0.6577,Harassment,0.5571
නිකං පලයන් යන්න... මේවගෙ එකෙක් ගන්න උබෙ තාත්ත මහි see more.....,නිකං පලයන් යන්න... මේවගෙ එකෙක් ගන්න උබෙ තාත්ත මහි see more.....,Harassment,0.6626,Harassment,0.8569
විෂ ගල ලේසතිකරල තියාගන්න උරච්චි කරල ගන්න පුලාන්,විෂ ගල ලේසතිකරල තියාගන්න උරච්චි කරල ගන්න පුලාන්,Harassment,0.5039,Harassment,0.8701
අපෝ! ඉබබා ගලවපු ගමන් ලොවෙත් නැති එවුන් එනවා පුක දීගෙන අනම් මන්න් කියන්න. මල වදේ!!,අපෝ! ඉබබා ගලවපු ගමන් ලොවෙත් නැති එවුන් එනවා පුක දීගෙන අනම් මන්න් කියන්න. මල වදේ!!,Harassment,0.5454,Harassment,0.5112
පුලුවන් නම් ගලවල පෙන්නපන්. තොගේ බිජ්ජ කපලා poster ගහවි! වහල් රිලවා!,පුලුවන් නම් ගලවල පෙන්නපන්. තොගේ බිජ්ජ කපලා poster ගහවි! වහල් රිලවා!,Harassment,0.7969,Harassment,0.9805
සුද්දන්ගේ පුක ලෙවන එවුන් තෛපොංගල් බත තලු මැරිල්ල | ලංකා News Web Today - උර්ල් via,සුද්දන්ගේ පුක ලෙවන එවුන් තෛපොංගල් බත තලු මැරිල්ල | ලංකා News Web Today - උර්ල් via,Harassment,0.7739,Harassment,0.9604
කොකිස් කැවුම් කිව්වට. ආස්මි ආවොත් දෙකම දමල ගල ආස්මි වලට යනවා ටෙඅම්කෙවුම් අවුරුදුල්ක්,කොකිස් කැවුම් කිව්වට. ආස්මි ආවොත් දෙකම දමල ගල ආස්මි වලට යනවා ටෙඅම්කෙවුම් අවුරුදුල්ක්,Harassment,0.7642,Harassment,0.8135
විද්දා උඩහ ගල රෙදි අන්දන සුද්දා හද්දා පිටිසරලු ලජකාවේ වැද්දා වද්දා ගන්න කොලඹින් එපිටෙන් පද්දා කරදිය වලල්ලේ උන්ටික නිදිවැද්දා ඔස්හඬ ඔෂඳ සමරවිච්ක්රම · 27 අප‍ 2020 සූද්දා ක්‍රිපූ අපරාධයක්,විද්දා උඩහ ගල රෙදි අන්දන සුද්දා හද්දා පිටිසරලු ලජකාවේ වැද්දා වද්දා ගන්න කොලඹින් එපිටෙන් පද්දා කරදිය වලල්ලේ උන්ටික නිදිවැද්දා ඔස්හඬ ඔෂඳ සමරවිච්ක්රම · 27 අප‍ 2020 සූද්දා ක්‍රිපූ අපරාධයක්,Harassment,0.5522,Harassment,0.9287
ගල කපන්න කත කරනවා ඒ මෙන්න තව රෝමන් කාරයෙක් ඇවිලල ගහපියාව් ද්‍ර ලුන්කොෆ්ට · 6 May 2018 ටුස්සි සර්රෙය් ජලෙබියන් විච gal කර දේ ඔහ උර්ල්,ගල කපන්න කත කරනවා ඒ මෙන්න තව රෝමන් කාරයෙක් ඇවිලල ගහපියාව් ද්‍ර ලුන්කොෆ්ට · 6 May 2018 ටුස්සි සර්රෙය් ජලෙබියන් විච gal කර දේ ඔහ උර්ල්,Harassment,0.6616,Harassment,0.519
දැන් කේල්ලො අහානවා ගල පේන්නුවම බඩුව වේනවද. එහේනම් උබේ ගල පේන්නපන්කො. පේනනලා කියපන් මාත් ඩිග්රිය ගත්තේ ප්‍රමෝෂන් ගිහින් සල්ලි හොයලා කියලා..,දැන් කේල්ලො අහානවා ගල පේන්නුවම බඩුව වේනවද. එහේනම් උබේ ගල පේන්නපන්කො. පේනනලා කියපන් මාත් ඩිග්රිය ගත්තේ ප්‍රමෝෂන් ගිහින් සල්ලි හොයලා කියලා..,Harassment,0.5708,Harassment,0.6313
බංගලාදේශ වේසාවන්ගෙ පොන්න කම් බලාගන්න මිතුර,බංගලාදේශ වේසාවන්ගෙ පොන්න කම් බලාගන්න මිතුර,Harassment,0.7017,Harassment,0.5498
ඉට්ස් ඕකේ බේබි...දැන් පලයන් ! ගල් මූසලයෝ... මකබෑවිලම පල වට් අ බියූ.....ටිපුල් ෆකින් ඕසම් ඩේ කුට්ටුවා හූ!!! This comment :3 ලක ෆ්බ් නොට්මිනේ,ඉට්ස් ඕකේ බේබි...දැන් පලයන් ! ගල් මූසලයෝ... මකබෑවිලම පල වට් අ බියූ.....ටිපුල් ෆකින් ඕසම් ඩේ කුට්ටුවා හූ!!! This comment :3 ලක ෆ්බ් නොට්මිනේ,Harassment,0.6631,Harassment,0.5249
මංගලට සුදු ලස්සන කොල්ලෙක්ව පුක මහල දෙන්න ඕන.,මංගලට සුදු ලස්සන කොල්ලෙක්ව පුක මහල දෙන්න ඕන.,Harassment,0.5723,Harassment,0.5913
"ගල ඉම්ඹට, ලෙව කෑවට කමක් නෑ.. හැබැයි පුතො වට්ට ගන්න නම් එපා... අම්බානෙක ගුටි කන්න වෙයි.. ප් ලක","ගල ඉම්ඹට, ලෙව කෑවට කමක් නෑ.. හැබැයි පුතො වට්ට ගන්න නම් එපා... අම්බානෙක ගුටි කන්න වෙයි.. ප් ලක",Harassment,0.7261,Harassment,0.9512
අලුතෙන්ම රැඩිකල් වෙන විදිය පිදුරන්ගල ඉදලා පුක පෙන්වීම මාලේ බෙල්ලේ චේ පපුවේ කිසිම දෙයක් නෑ ඔලුවේ ලන්කාවේ වෙන්ඩ රැඩිකල් අයියලාට අක්කලාට සෙනෙහසින් ශ්‍රීලංකා The following media ඉන්ච්ලුදෙස් potentially sensitive content. Change සෙට්ටින්ග්ස් View,අලුතෙන්ම රැඩිකල් වෙන විදිය පිදුරන්ගල ඉදලා පුක පෙන්වීම මාලේ බෙල්ලේ චේ පපුවේ කිසිම දෙයක් නෑ ඔලුවේ ලන්කාවේ වෙන්ඩ රැඩිකල් අයියලාට අක්කලාට සෙනෙහසින් ශ්‍රීලංකා The following media ඉන්ච්ලුදෙස් potentially sensitive content. Change සෙට්ටින්ග්ස් View,Harassment,0.6313,Harassment,0.6123
උබ වගේ පොන්න යක්කුන්ට රිප්ලයි කරන්න වෙලාවක් මට නෑ බන්.. උබේ පුස් කාපු ඇට දෙකේ ගලක් එල්ලන් මූදට පැනපන්.. ඕව තිබුනත් වැඩක් නෑනෙ.. උබල වගේ උන් මේ රටට බරක්.. ඒ නිසා අපිට පව් නොදී මැරියන්..,උබ වගේ පොන්න යක්කුන්ට රිප්ලයි කරන්න වෙලාවක් මට නෑ බන්.. උබේ පුස් කාපු ඇට දෙකේ ගලක් එල්ලන් මූදට පැනපන්.. ඕව තිබුනත් වැඩක් නෑනෙ.. උබල වගේ උන් මේ රටට බරක්.. ඒ නිසා අපිට පව් නොදී මැරියන්..,Harassment,0.5898,Harassment,0.9492
උබට නම් මන් ගල උඩ තියල අරින්නේ. හෂ්ටග්බද,උබට නම් මන් ගල උඩ තියල අරින්නේ. හෂ්ටග්බද,Harassment,0.7549,Harassment,0.9678
කොන්ඩේ ස්ට්‍රේට් කරලා ගල පෙන්න කොට සාය ගහලා කොල්ලෙක් ඉස්සරහින් ගස්සලා පුක වන වන ගියාට පොෂ් වෙන්නේ නැ නංගි ඔව්වා... උර්ල්,කොන්ඩේ ස්ට්‍රේට් කරලා ගල පෙන්න කොට සාය ගහලා කොල්ලෙක් ඉස්සරහින් ගස්සලා පුක වන වන ගියාට පොෂ් වෙන්නේ නැ නංගි ඔව්වා... උර්ල්,Harassment,0.5737,Harassment,0.7065
පල හුත්තිගේ පුතා..පොන්න මංගලයා,පල හුත්තිගේ පුතා..පොන්න මංගලයා,Harassment,0.7769,Harassment,0.5669
ආසයි මම නං මෙයාගෙ කටට දෙන්න...පුකට අරින්න බඩු යනකං,ආසයි මම නං මෙයාගෙ කටට දෙන්න...පුකට අරින්න බඩු යනකං,Harassment,0.7046,Harassment,0.9668
ගහපං තොගෙ කටට හෙණයක්,ගහපං තොගෙ කටට හෙණයක්,Harassment,0.5962,Harassment,0.9541
"තොගේ කටට දාන්න ඕන යුරෝ ද දිනාල් · 2 සේප 2015 Thirsty දුදෙස් බේ like , ඉ can't දම් the pic , send මේ the නුම්බෙරිල්ල් ව්හට්සාප්ප් සංගස්දික්ක්පික්","තොගේ කටට දාන්න ඕන යුරෝ ද දිනාල් · 2 සේප 2015 Thirsty දුදෙස් බේ like , ඉ can't දම් the pic , send මේ the නුම්බෙරිල්ල් ව්හට්සාප්ප් සංගස්දික්ක්පික්",Harassment,0.7593,Harassment,0.979
", පොලිමේ එන්න කටට දෙන්න",", පොලිමේ එන්න කටට දෙන්න",Harassment,0.7207,Harassment,0.8535
සෙට් උනා පලො වස්ල මට එක කටට මගේ එවගෙන්ම උන් කෙලියා මගේ කටට ත්වෙඑත්ලිකෙඋන්ෆොල්ලොව්නංගි (2/2),සෙට් උනා පලො වස්ල මට එක කටට මගේ එවගෙන්ම උන් කෙලියා මගේ කටට ත්වෙඑත්ලිකෙඋන්ෆොල්ලොව්නංගි (2/2),Harassment,0.5967,Harassment,0.9409
ඔයිටවඩා හොදයි චම්පික රණවක මහත්තයෝ ගූ ටිකක් පුච්චගෙන කෑවනම්... තොගේ කටට රීලත් මදි....ගෝතය... උර්ල්,ඔයිටවඩා හොදයි චම්පික රණවක මහත්තයෝ ගූ ටිකක් පුච්චගෙන කෑවනම්... තොගේ කටට රීලත් මදි....ගෝතය... උර්ල්,Harassment,0.6641,Harassment,0.8887
උබේ කටට මසුරං දාන්න ඕන බම්.මට කියන්න ඕනෙ උනෙත් ඕකම තමා,උබේ කටට මසුරං දාන්න ඕන බම්.මට කියන්න ඕනෙ උනෙත් ඕකම තමා,Harassment,0.7163,Harassment,0.9536
ඵ් තිබ්බත් හරි යයිද කයලා සැකයි කටට ඇබයක් ගැහුවොත් හරි,ඵ් තිබ්බත් හරි යයිද කයලා සැකයි කටට ඇබයක් ගැහුවොත් හරි,Harassment,0.6162,Harassment,0.5137
මගේ ඇට දෙක දෙක දෙන්නේ කටට කට කට,මගේ ඇට දෙක දෙක දෙන්නේ කටට කට කට,Harassment,0.4758,Harassment,0.9644
තොගේ මුඋසල කටට ටිකට් නෙමේ දෙන්න වටින්නේ,තොගේ මුඋසල කටට ටිකට් නෙමේ දෙන්න වටින්නේ,Harassment,0.7412,Harassment,0.793
උබේ කටට මසුරන් දාන්න ඔනී බන්.....,උබේ කටට මසුරන් දාන්න ඔනී බන්.....,Harassment,0.5752,Harassment,0.7983
කටට වඩා පුක නම් මරු....ම්ම්ම්...ඔයාගේ,කටට වඩා පුක නම් මරු....ම්ම්ම්...ඔයාගේ,Harassment,0.7759,Harassment,0.9399
ලංකෂ්ව්දොස් ඇන්ටි පාරක් කටට අරන් පුකේ ඇරගන්නවා උර්ල්,ලංකෂ්ව්දොස් ඇන්ටි පාරක් කටට අරන් පුකේ ඇරගන්නවා උර්ල්,Harassment,0.7905,Harassment,0.9756
අහස කළු කරගෙන එනව තොගේ කටට වැදියං එකක් ⁣ඉවරයක් වෙන්නම.,අහස කළු කරගෙන එනව තොගේ කටට වැදියං එකක් ⁣ඉවරයක් වෙන්නම.,Harassment,0.4946,Harassment,0.6968
ප්‍රභාකරන් හිටියනම් දානව අරූගෙ කටට බොම්බයක් දුන්න ලේ බිංදුවට තවත් කුල කියනවද අහල,ප්‍රභාකරන් හිටියනම් දානව අරූගෙ කටට බොම්බයක් දුන්න ලේ බිංදුවට තවත් කුල කියනවද අහල,Harassment,0.562,Harassment,0.8613
එන්න ඔයාගෙත් පිඹුරා දාන්නම් කටට.,එන්න ඔයාගෙත් පිඹුරා දාන්නම් කටට.,Harassment,0.6758,Harassment,0.6719
උබේ කටට දෙන්න ඕන් මට !,උබේ කටට දෙන්න ඕන් මට !,Harassment,0.7368,Harassment,0.939
මොකක් ? උබේ හුඹස් කටට වඩා හොඳයි ඉතින්,මොකක් ? උබේ හුඹස් කටට වඩා හොඳයි ඉතින්,Harassment,0.7393,Harassment,0.6064
අක්කා නැද්ද මේ ගෙම් එක හදපු එකා පිස්සු පූසෙක් ඌට දෙන්න ඔනේ විසික් වෙන්න,අක්කා නැද්ද මේ ගෙම් එක හදපු එකා පිස්සු පූසෙක් ඌට දෙන්න ඔනේ විසික් වෙන්න,Harassment,0.5537,Harassment,0.6729
ඇයි බං කැලේ ගහන්නේ පිස්සු හු#ටලා බ්රක්ර්ක වොර්ල්ද්චුප් #BRA,ඇයි බං කැලේ ගහන්නේ පිස්සු හු#ටලා බ්රක්ර්ක වොර්ල්ද්චුප් #BRA,Harassment,0.5459,Harassment,0.7339
මේකිට පිස්සු ඊයා හොරිකඩ බල්ලෙක්,මේකිට පිස්සු ඊයා හොරිකඩ බල්ලෙක්,Harassment,0.6665,Harassment,0.896
"උබේ හොදට කියන්නේ ,නැත්තම් උබට පිස්සු බලු රෝගේ හැදෙයි","උබේ හොදට කියන්නේ ,නැත්තම් උබට පිස්සු බලු රෝගේ හැදෙයි",Harassment,0.5684,Harassment,0.9692
ඉක්කන්ට වරෙං අපේ දිශ් නම්කිට පිස්සු කියපු එකාව දණ ගස්සලා බාවන්නේදණ ගස්සලා,ඉක්කන්ට වරෙං අපේ දිශ් නම්කිට පිස්සු කියපු එකාව දණ ගස්සලා බාවන්නේදණ ගස්සලා,Harassment,0.7817,Harassment,0.9355
පුක පලාගන්න එපා.. අපේ ගමේ එකියක් - ආ ඔට්ටුයි බෑ පලපිය බලන්න. කොළඹ එකියක්- මෙච්චර අත් තියෙද්දි පලා ගන්න පුකෙන්... පිස්සුවක් ඇතැ..,පුක පලාගන්න එපා.. අපේ ගමේ එකියක් - ආ ඔට්ටුයි බෑ පලපිය බලන්න. කොළඹ එකියක්- මෙච්චර අත් තියෙද්දි පලා ගන්න පුකෙන්... පිස්සුවක් ඇතැ..,Harassment,0.6929,Harassment,0.9624
පුක එලියේ බන් පිස්සු හැදේ හීතලේ මල්ලී නැගිටලා,පුක එලියේ බන් පිස්සු හැදේ හීතලේ මල්ලී නැගිටලා,Harassment,0.5435,Harassment,0.5747
කවදාවත් ඇස් දෙකකට වශි නොවුන මම උබේ ඔය හුරතලේට පිස්සු වැටිල පන.... — feeling ලොවෙඩ්,කවදාවත් ඇස් දෙකකට වශි නොවුන මම උබේ ඔය හුරතලේට පිස්සු වැටිල පන.... — feeling ලොවෙඩ්,Harassment,0.5186,Harassment,0.7495
අනෙ ⁣මගෙ රටෙ මූසිල පුත්තු වරෙල්ලා තලන්න මුන්ගෙ පූසිගෙ මොත්තු පුලතිසිපුර ගූවුන රිද්දූ මුලු රටම සල්ලියෙ බලයට වික්කූ පිරිපුන් මොල උක්කු කලින් හිටියෙත් නෑ එකෙක්වත් කුසලානෙට සෙට් වූ කිරි බොන මගෙ පුත්තු අහනවා ඇයි අප්පච්චි මේ අල්ලට පිස්සු,අනෙ ⁣මගෙ රටෙ මූසිල පුත්තු වරෙල්ලා තලන්න මුන්ගෙ පූසිගෙ මොත්තු පුලතිසිපුර ගූවුන රිද්දූ මුලු රටම සල්ලියෙ බලයට වික්කූ පිරිපුන් මොල උක්කු කලින් හිටියෙත් නෑ එකෙක්වත් කුසලානෙට සෙට් වූ කිරි බොන මගෙ පුත්තු අහනවා ඇයි අප්පච්චි මේ අල්ලට පිස්සු,Harassment,0.6899,Harassment,0.7544
ඉපදුන ගමන් මේකා නර්ස් කෙනෙක්ට අතවර කරන්න හදල.ඉතිං නර්ස්ගේ අතිං මුගේ ඔලුව යකඩ පොල්ලක වැදිලා.එදා ඉඳං මුට පිස්සු,ඉපදුන ගමන් මේකා නර්ස් කෙනෙක්ට අතවර කරන්න හදල.ඉතිං නර්ස්ගේ අතිං මුගේ ඔලුව යකඩ පොල්ලක වැදිලා.එදා ඉඳං මුට පිස්සු,Harassment,0.5312,Harassment,0.749
Neymarට ටැකල් එකක් දාපන් අංශභාගේ හැදෙන්ඩ... පිස්සු හූනෙක් ඌ... අත්ම්ෆ්ච්බ්,Neymarට ටැකල් එකක් දාපන් අංශභාගේ හැදෙන්ඩ... පිස්සු හූනෙක් ඌ... අත්ම්ෆ්ච්බ්,Harassment,0.7104,Harassment,0.6719
පූසට දැනටමත් පිස්සු හැදිල ඇති. පෞ. උබට බෙහෙත් විදලා නැත්නම් ඌව එක්ක පලයන් වෙට් ලගට,පූසට දැනටමත් පිස්සු හැදිල ඇති. පෞ. උබට බෙහෙත් විදලා නැත්නම් ඌව එක්ක පලයන් වෙට් ලගට,Harassment,0.6196,Harassment,0.5908
"උබ හිතුවද මන් සුද්දෙක් කියලා ,පක කලු වෙලා පුක සුදු වෙන්න","උබ හිතුවද මන් සුද්දෙක් කියලා ,පක කලු වෙලා පුක සුදු වෙන්න",Harassment,0.7026,Harassment,0.7095
ප යන්න අහලා තියෙනවා. ඒත් පක කොට නරි පුක අහලා නෑ,ප යන්න අහලා තියෙනවා. ඒත් පක කොට නරි පුක අහලා නෑ,Harassment,0.4988,Harassment,0.5098
මට පක වලින් ඇති වැඩක් නෑ බන්. උබම තියා ගනින් පකේ කඩලා,මට පක වලින් ඇති වැඩක් නෑ බන්. උබම තියා ගනින් පකේ කඩලා,Harassment,0.6953,Harassment,0.8833
සුද්ද ටයි එක බඩ හරියට දැම්මෙ කට පිහිදාන්න...රාජපක්ෂ යො සාටකෙ දනිස්ස හරියට දිගට දාන්නෙ උන්ගෙ මුත්තල ඕකෙන් පුක පිහිදැම්මද දන් නෑ,සුද්ද ටයි එක බඩ හරියට දැම්මෙ කට පිහිදාන්න...රාජපක්ෂ යො සාටකෙ දනිස්ස හරියට දිගට දාන්නෙ උන්ගෙ මුත්තල ඕකෙන් පුක පිහිදැම්මද දන් නෑ,Harassment,0.5728,Harassment,0.981
මූ සිව්‍රක් පොරොගෙන ඉන්න පොන්න පකෙක් තො ඔක ගල්වපන් අපෙ ජාතිය විනාස කරන්නැතුව... උර්ල්,මූ සිව්‍රක් පොරොගෙන ඉන්න පොන්න පකෙක් තො ඔක ගල්වපන් අපෙ ජාතිය විනාස කරන්නැතුව... උර්ල්,Harassment,0.6094,Harassment,0.9683
එලියෙන් පුක දෙන්න ඇතුාලන් පක දෙන්න ශාලුක | ශාලුක ® · 17 දෙක් 2017 ඇතුලෙන් පේන්න බෑ... එලිපිට පණ දෙන්න කතාව අනේ මන්දා ඕයි,එලියෙන් පුක දෙන්න ඇතුාලන් පක දෙන්න ශාලුක | ශාලුක ® · 17 දෙක් 2017 ඇතුලෙන් පේන්න බෑ... එලිපිට පණ දෙන්න කතාව අනේ මන්දා ඕයි,Harassment,0.5093,Harassment,0.834
ක නැගිට්ටා අතේ ගැහුව බඩු පිට වුනා පක ඇකිලුනා. වල්ප්රෝවෙර්බ්ස්,ක නැගිට්ටා අතේ ගැහුව බඩු පිට වුනා පක ඇකිලුනා. වල්ප්රෝවෙර්බ්ස්,Harassment,0.5728,Harassment,0.5918
වේස පකයලා උදේ පාන්දර රතිඤ්ඤා දානවා හතර වටේ නිදාගන්නත් නෑ හුත්ත,වේස පකයලා උදේ පාන්දර රතිඤ්ඤා දානවා හතර වටේ නිදාගන්නත් නෑ හුත්ත,Harassment,0.6602,Harassment,0.6748
ජන්ගි පකේ අතුල්ලා පක කනවා ආසයි ඉන්න බැ,ජන්ගි පකේ අතුල්ලා පක කනවා ආසයි ඉන්න බැ,Harassment,0.5933,Harassment,0.9771
"බිම බලං පලයව් ""සිංහල"" හුත්*ගෙ පුතාලා... මාලිගාවත්තෙ කොනනැති පක්කො ග්‍රවුන්ඩ් එකේදි ""සිංහලයන්""ට පු* ඇරපු හැටි. තවත් සහජීවනේට දීපියව් පුක...","බිම බලං පලයව් ""සිංහල"" හුත්*ගෙ පුතාලා... මාලිගාවත්තෙ කොනනැති පක්කො ග්‍රවුන්ඩ් එකේදි ""සිංහලයන්""ට පු* ඇරපු හැටි. තවත් සහජීවනේට දීපියව් පුක...",Harassment,0.6855,Harassment,0.9395
පක තමයි ජය ගන්නෙ. අනේ හුත්තිගෙ පකයෝ හැමිනෙන්නෙ නැතුව හිටපන්.,පක තමයි ජය ගන්නෙ. අනේ හුත්තිගෙ පකයෝ හැමිනෙන්නෙ නැතුව හිටපන්.,Harassment,0.6367,Harassment,0.8608
ඒ විතරද ?? කටටත් ගන්නව. ඔයාල වගේ චිචී බේබිගෙ පක මතක් කරකර පුකේ ඇඟිල්ල ගහගෙන සැනසෙන ජාතිය නෙමේ අපි. කෙලිම්ම නියක සහෝදරයත් එක්ක වැඩ,ඒ විතරද ?? කටටත් ගන්නව. ඔයාල වගේ චිචී බේබිගෙ පක මතක් කරකර පුකේ ඇඟිල්ල ගහගෙන සැනසෙන ජාතිය නෙමේ අපි. කෙලිම්ම නියක සහෝදරයත් එක්ක වැඩ,Harassment,0.6997,Harassment,0.7002
මේ පොන්න පකයාට මෝල් ගහකින් අරන්න ඕන #කටගඳපසංක,මේ පොන්න පකයාට මෝල් ගහකින් අරන්න ඕන #කටගඳපසංක,Harassment,0.7192,Harassment,0.9639
අකේ පුරින්නන් පැඩ්ඩච්චන් පක මොට්ටතී විනස්සතී.,අකේ පුරින්නන් පැඩ්ඩච්චන් පක මොට්ටතී විනස්සතී.,Harassment,0.77,Harassment,0.7114
පයියක් තියෙන හින්දා හුත්තො පයිය පෙන්නන්නෙ,පයියක් තියෙන හින්දා හුත්තො පයිය පෙන්නන්නෙ,Harassment,0.6118,Harassment,0.9731
පුක ලස්සන ඇති නේද පැංචගේ.. පයියෙත් ලාමක මයිල් ඇවිත් ඇති ලස්සනට...,පුක ලස්සන ඇති නේද පැංචගේ.. පයියෙත් ලාමක මයිල් ඇවිත් ඇති ලස්සනට...,Harassment,0.5288,Harassment,0.9814
මුගේ ආරක්ෂාවට ඉන්න එවුන්ට අත පය නැද්ද...... පයිය කපල උගේ කටේ ගහල කීතු කපන්න,මුගේ ආරක්ෂාවට ඉන්න එවුන්ට අත පය නැද්ද...... පයිය කපල උගේ කටේ ගහල කීතු කපන්න,Harassment,0.7964,Harassment,0.9746
කොල්ලලේ පයිය උරලා ඇ‌ට දෙකත් ලේවකාල සැප දෙනවා අක්කා,කොල්ලලේ පයිය උරලා ඇ‌ට දෙකත් ලේවකාල සැප දෙනවා අක්කා,Harassment,0.7734,Harassment,0.9131
බලාගෙන අම්තේ ගහන්න ගිහිම් පයිය නැවෙයි,බලාගෙන අම්තේ ගහන්න ගිහිම් පයිය නැවෙයි,Harassment,0.4927,Harassment,0.9487
යකො මගෙ වචන අල්ලගන් කියන්නෙ මෙ විදි බඩුව ඇක්කා හරි හරි උබට දුකයි නම් පයිය ගැන ඔනෙ නැ සොරි ඇ,යකො මගෙ වචන අල්ලගන් කියන්නෙ මෙ විදි බඩුව ඇක්කා හරි හරි උබට දුකයි නම් පයිය ගැන ඔනෙ නැ සොරි ඇ,Harassment,0.6465,Harassment,0.9697
හුත්ත පයිය හුත්ත පයිය හුත්ත පයිය හුත්ත පයිය හුත්ත පයිය හුත්ත පයිය හුත්ත පයිය හුත්ත පයිය හුත්ත පයිය හුත්ත පයිය හුත්ත පයිය හුත්ත පයිය හුත්ත පයිය හුත්ත පයිය හුත්ත පයිය හුත්ත පයිය හුත්ත පයිය හුත්ත පයිය හුත්ත පයිය හුත්ත පයිය හුත්ත පයිය හුත්ත පයිය හුත්ත පයිය හුත්ත පයිය හුත්ත පයිය හුත්ත,හුත්ත පයිය හුත්ත පයිය හුත්ත පයිය හුත්ත පයිය හුත්ත පයිය හුත්ත පයිය හුත්ත පයිය හුත්ත පයිය හුත්ත පයිය හුත්ත පයිය හුත්ත පයිය හුත්ත පයිය හුත්ත පයිය හුත්ත පයිය හුත්ත පයිය හුත්ත පයිය හුත්ත පයිය හුත්ත පයිය හුත්ත පයිය හුත්ත පයිය හුත්ත පයිය හුත්ත පයිය හුත්ත පයිය හුත්ත පයිය හුත්ත පයිය හුත්ත,Harassment,0.4753,Harassment,0.9805
මගේ පයිය හොඳට ලෙවකන්න බබා,මගේ පයිය හොඳට ලෙවකන්න බබා,Harassment,0.7505,Harassment,0.9858
උගෙ මොලෙ ⁣පුකේ හරි ඇති. තොගෙ කොහෙද තියෙන්නෙ. අර නගින්නෙ නැති පයියෙ ඇට දෙකේද?? අඟලක්වත් නෑ නේද පයිය..දුක තමා රංජනී..,උගෙ මොලෙ ⁣පුකේ හරි ඇති. තොගෙ කොහෙද තියෙන්නෙ. අර නගින්නෙ නැති පයියෙ ඇට දෙකේද?? අඟලක්වත් නෑ නේද පයිය..දුක තමා රංජනී..,Harassment,0.5361,Harassment,0.9844
කෝ මේ වේසි පුක දෙන්න ගිහින්ද කඩවත හන්දියට,කෝ මේ වේසි පුක දෙන්න ගිහින්ද කඩවත හන්දියට,Harassment,0.5249,Harassment,0.9497
"මොන වේස වැඩද බං මේවා, හරියට ජාතකයක් තියෙන උන් මේ වගේ ගං කබර වැඩ කරන්නේ නැහැ. කිසිම හිරිකිතයක් නැතිව වේස කමයි පොන්න කමයි පෙන්නන හැටි අප්පිරියයි බං රාක්ෂයා · 5 ජන 2021 කරන්නදෙයක් නෑ මචං එන්න එන්න පොන්නයෝ සහ වේසියො වැඩිවෙනවා ට්ව්ටිට්ටේර් එකේ. මුං හදන්නෙ මේක උන්ගෙ ගොං තිප්පලක් කරන්න....ඒකට ඉඩදෙන්නෙ නැති උන්ට ගරහනව","මොන වේස වැඩද බං මේවා, හරියට ජාතකයක් තියෙන උන් මේ වගේ ගං කබර වැඩ කරන්නේ නැහැ. කිසිම හිරිකිතයක් නැතිව වේස කමයි පොන්න කමයි පෙන්නන හැටි අප්පිරියයි බං රාක්ෂයා · 5 ජන 2021 කරන්නදෙයක් නෑ මචං එන්න එන්න පොන්නයෝ සහ වේසියො වැඩිවෙනවා ට්ව්ටිට්ටේර් එකේ. මුං හදන්නෙ මේක උන්ගෙ ගොං තිප්පලක් කරන්න....ඒකට ඉඩදෙන්නෙ නැති උන්ට ගරහනව",Harassment,0.5571,Harassment,0.978
චන්ද්‍රිකා බලු වේසි තම වයිරී ගූ හිල නැවත අරී උර්ල් via,චන්ද්‍රිකා බලු වේසි තම වයිරී ගූ හිල නැවත අරී උර්ල් via,Harassment,0.5171,Harassment,0.9033
මොරටු වේසි මොරටු වේසී මොරටු වේසී මිශෙඅර්ද්බුස්රෞතෙස්,මොරටු වේසි මොරටු වේසී මොරටු වේසී මිශෙඅර්ද්බුස්රෞතෙස්,Harassment,0.5889,Harassment,0.7642
මේ වේසි... පුතා කියන විදියට සිංහල තම්බි ඉන්නවද ? සිනහල හින්දු ආගමේ ඉන්නවද ? බල්ලෝ සිංහල බව්ද්දයා ගැන උබ මොනවද දන්නේ,මේ වේසි... පුතා කියන විදියට සිංහල තම්බි ඉන්නවද ? සිනහල හින්දු ආගමේ ඉන්නවද ? බල්ලෝ සිංහල බව්ද්දයා ගැන උබ මොනවද දන්නේ,Harassment,0.6172,Harassment,0.9229
උන්ට තමයි සල්ලාලයො කියන්නෙ. එහෙම තමයි ලංකාවෙ කැරි පොන්න වේසිගෙ පුතාල ඉන්න තාක්කල් ඔවගේ ගොඩ යෑමක් නෑ,උන්ට තමයි සල්ලාලයො කියන්නෙ. එහෙම තමයි ලංකාවෙ කැරි පොන්න වේසිගෙ පුතාල ඉන්න තාක්කල් ඔවගේ ගොඩ යෑමක් නෑ,Harassment,0.751,Harassment,0.9482
කෝ බන් අර ආමි එකේ කොල්ලොන්ට8 පාස් උන් කියපු අලුත් පරපුරේද මොකේද වේසිගෙ පුතාලයි අර වේසිගෙ කෙල්ලයි කටට දෙන්න ඔනේ උන්ගේ,කෝ බන් අර ආමි එකේ කොල්ලොන්ට8 පාස් උන් කියපු අලුත් පරපුරේද මොකේද වේසිගෙ පුතාලයි අර වේසිගෙ කෙල්ලයි කටට දෙන්න ඔනේ උන්ගේ,Harassment,0.7583,Harassment,0.9849
වේසි වේසි මය් ගවුමක් ඇ න්දාට,වේසි වේසි මය් ගවුමක් ඇ න්දාට,Harassment,0.686,Harassment,0.9067
වෙශාවිය කීවට කමක් නැහැ අතින් අතට යන වේසි -_- උර්ල්,වෙශාවිය කීවට කමක් නැහැ අතින් අතට යන වේසි -_- උර්ල්,Harassment,0.6948,Harassment,0.8994
මගෙ සුදු කෙල්ල ටිකක් ලං කර ගත්තාම ඇදට ගියාම මගෙ ගෑනි දාලා ගියාම වේසි,මගෙ සුදු කෙල්ල ටිකක් ලං කර ගත්තාම ඇදට ගියාම මගෙ ගෑනි දාලා ගියාම වේසි,Harassment,0.5791,Harassment,0.6509
පුකට ඇනිලා තියෙන්නෙ... ආතල්. රියල් එකෙන් එන්නේ නැහැනේ මේ වේසි සැහ්...,පුකට ඇනිලා තියෙන්නෙ... ආතල්. රියල් එකෙන් එන්නේ නැහැනේ මේ වේසි සැහ්...,Harassment,0.75,Harassment,0.9873
කැරි පොන්න වේසිගේ පුතා.ngo ඩොලර් ඇරං උන්ප් එකට කඩේ යනවා,කැරි පොන්න වේසිගේ පුතා.ngo ඩොලර් ඇරං උන්ප් එකට කඩේ යනවා,Harassment,0.6411,Harassment,0.9629
ප්‍රොපෙසර් හුක පක ජක බකා ජින් මාහත්මයා හුත්ත තිබ්බ වැව හන්දියෙ සිට. ස්පොන්සර්:ෆෙම්ස් ඇන්ඩ් ඊවා ඩේඩ්‍ හැදිච්ච ෆෙම්ස් එකක් අරන් ඔබනවා කටේ දැනගනීන් ඔය හෑල්ලට අයේ අරක මේක කියාගන අප්පට හැමනෙන්න හැදුවොත් මේකේ පරයා ( ꈍᴗꈍ · 2 ඔච්ට් 2020 අදහස් ප්‍රකාශ කිරීමේ අයිතිය තියෙනවා. ඒක ලැබෙන්නේ සයිබර් අයිතිවාසිකම් අනුව. ජාත්‍යන්තර මානව අයිතිවාසිකම් පිළිබඳ කියවලා ඇවිත් ඉන්න. ඒක නොදැන ඔබ කරන්නේ ච්ය්බෙර් bullying.,ප්‍රොපෙසර් හුක පක ජක බකා ජින් මාහත්මයා හුත්ත තිබ්බ වැව හන්දියෙ සිට. ස්පොන්සර්:ෆෙම්ස් ඇන්ඩ් ඊවා ඩේඩ්‍ හැදිච්ච ෆෙම්ස් එකක් අරන් ඔබනවා කටේ දැනගනීන් ඔය හෑල්ලට අයේ අරක මේක කියාගන අප්පට හැමනෙන්න හැදුවොත් මේකේ පරයා ( ꈍᴗꈍ · 2 ඔච්ට් 2020 අදහස් ප්‍රකාශ කිරීමේ අයිතිය තියෙනවා. ඒක ලැබෙන්නේ සයිබර් අයිතිවාසිකම් අනුව. ජාත්‍යන්තර මානව අයිතිවාසිකම් පිළිබඳ කියවලා ඇවිත් ඉන්න. ඒක නොදැන ඔබ කරන්නේ ච්ය්බෙර් bullying.,Harassment,0.5566,Harassment,0.9321
මෝඩ හුකන්නා වාහනේ යද්දි අත වනවනවත් ගියාද දන්නෑ,මෝඩ හුකන්නා වාහනේ යද්දි අත වනවනවත් ගියාද දන්නෑ,Harassment,0.5503,Harassment,0.9648
මේ හුත්තිගෙ පුතාලා කෑලේ කපලා ඉන්න බෑ ගින්දර වගෙ රස්නෙයි ඒ අස්සෙන් කරන්ට් එකත් කපලා අනේ හුකේ උබලගෙ පොන්න ආන්ඩුව... උර්ල්,මේ හුත්තිගෙ පුතාලා කෑලේ කපලා ඉන්න බෑ ගින්දර වගෙ රස්නෙයි ඒ අස්සෙන් කරන්ට් එකත් කපලා අනේ හුකේ උබලගෙ පොන්න ආන්ඩුව... උර්ල්,Harassment,0.6929,Harassment,0.8398
කෙලවනවා නම් කෙලවිලා හැදි ගෑවිලා හිකවිලා හුක හුකෑස් වෙලා නන්තාර වෙලා නැතිම වෙලා යන්ඩම කෙලවන්න ඕන. නියපොත්තක වත් පන ඉතිරි කරන්නෙ නැතුව.,කෙලවනවා නම් කෙලවිලා හැදි ගෑවිලා හිකවිලා හුක හුකෑස් වෙලා නන්තාර වෙලා නැතිම වෙලා යන්ඩම කෙලවන්න ඕන. නියපොත්තක වත් පන ඉතිරි කරන්නෙ නැතුව.,Harassment,0.7329,Harassment,0.9575
හුක*වා පුන්සදේ ලන්තෑරුම ලිදේ Thank you Android Police · 30 ජුල 2018 ඔනෙප්ලුස් ප්රෝමිසෙස් Android ප් for ත්වොයෙඅරොල්ද 33T against all එෂ්පෙක්තතිඔන්ස උර්ල්,හුක*වා පුන්සදේ ලන්තෑරුම ලිදේ Thank you Android Police · 30 ජුල 2018 ඔනෙප්ලුස් ප්රෝමිසෙස් Android ප් for ත්වොයෙඅරොල්ද 33T against all එෂ්පෙක්තතිඔන්ස උර්ල්,Harassment,0.5649,Harassment,0.5698
පං පං පං පන්සි ලක ලන්සි පක පාරු උක ඌරු පක පමල දෙක දෙමල පක පලා රික රිලා පක #මංකිවුවෙසින්දුවක් #සිරිමත්මගෙසකියහපත්ළමයෙකි මහසොහොන් · 18 දෙක් 2018 දැන් අර මොකක්ද කුණු හරුප සීන් එක. අර ගස් ගෝතයෙක් නම් කුණු හරුප ගැන මොකක් හරි #මංපොර ටෝක් එකක් දාල තිබ්බ. දැන් කාගෙන් හරි අවසර ගන්ඩෝනද කුණුහරුප කියන්න. මේක හරි හුකන ආන්ඩුවක්නේ හුත්ත. කුණුහරුපයක් කියන්න නැති මාර පකේ සමාජයක්ද මේක. ටෞකන්ඩ. අනේ තොපේ හැදියාව හතරට නමලා ගහගං පුකේ.,පං පං පං පන්සි ලක ලන්සි පක පාරු උක ඌරු පක පමල දෙක දෙමල පක පලා රික රිලා පක #මංකිවුවෙසින්දුවක් #සිරිමත්මගෙසකියහපත්ළමයෙකි මහසොහොන් · 18 දෙක් 2018 දැන් අර මොකක්ද කුණු හරුප සීන් එක. අර ගස් ගෝතයෙක් නම් කුණු හරුප ගැන මොකක් හරි #මංපොර ටෝක් එකක් දාල තිබ්බ. දැන් කාගෙන් හරි අවසර ගන්ඩෝනද කුණුහරුප කියන්න. මේක හරි හුකන ආන්ඩුවක්නේ හුත්ත. කුණුහරුපයක් කියන්න නැති මාර පකේ සමාජයක්ද මේක. ටෞකන්ඩ. අනේ තොපේ හැදියාව හතරට නමලා ගහගං පුකේ.,Harassment,0.6006,Harassment,0.9727
හුකාවි පෝනෙකෙත් සෙල්ෆි කම් ටිකක් ඔපො වගෙ .. කලු පුක පොඩ්ඩක් සෙල්ෆියක් ගහලදාන්නකො කොච්චර සුදුවෙලද කියල බලන්න..,හුකාවි පෝනෙකෙත් සෙල්ෆි කම් ටිකක් ඔපො වගෙ .. කලු පුක පොඩ්ඩක් සෙල්ෆියක් ගහලදාන්නකො කොච්චර සුදුවෙලද කියල බලන්න..,Harassment,0.7378,Harassment,0.877
කකුලුවෝ දෙන්නෙක් හුක හුකා හිටපු එක බලන්නලු. %යියවත් කෙලින් දානවද කියලා බැලුවලුම්.,කකුලුවෝ දෙන්නෙක් හුක හුකා හිටපු එක බලන්නලු. %යියවත් කෙලින් දානවද කියලා බැලුවලුම්.,Harassment,0.7056,Harassment,0.8867
උබ හිතුවද උබලට දැන ගන්න බල්ලො වගේ පාරේ හුක හුක යනව කියල.,උබ හිතුවද උබලට දැන ගන්න බල්ලො වගේ පාරේ හුක හුක යනව කියල.,Harassment,0.5054,Harassment,0.6875
හිමි හිකි හිකි හුක හුක හුක #රනියාගෙන්_කොපි_කලේහ්,හිමි හිකි හිකි හුක හුක හුක #රනියාගෙන්_කොපි_කලේහ්,Harassment,0.5312,Harassment,0.6162
ඉතින් ඇයි බං ඕක ඒවෙලේ කිව්වෙ නැත්තෙ. ගෝඨා නැතුව වෙන එකෙක් ඡන්දෙ ඉල්ලුවනං අද ගෝඨගෙ නම වෙනුවට ඔතෙන්ට දාන්නෙ ඒ මනුස්සයගෙ නමනේ. දේශපාලන වහල් පොන්න වේස කැරි හුකන කතා කියන්නෙපා හුත්තිගෙ කොල්ලෝ හුකන්න බෝම්බ ගහපු වෙලේ එක පකයෙක් හා හූ නෑ අන්තිමට ඡන්දයක් ළංවුණාම ජංගිය අස්සෙ තියෙන ඇට 1/2,ඉතින් ඇයි බං ඕක ඒවෙලේ කිව්වෙ නැත්තෙ. ගෝඨා නැතුව වෙන එකෙක් ඡන්දෙ ඉල්ලුවනං අද ගෝඨගෙ නම වෙනුවට ඔතෙන්ට දාන්නෙ ඒ මනුස්සයගෙ නමනේ. දේශපාලන වහල් පොන්න වේස කැරි හුකන කතා කියන්නෙපා හුත්තිගෙ කොල්ලෝ හුකන්න බෝම්බ ගහපු වෙලේ එක පකයෙක් හා හූ නෑ අන්තිමට ඡන්දයක් ළංවුණාම ජංගිය අස්සෙ තියෙන ඇට 1/2,Harassment,0.7188,Harassment,0.8979
ටහුකන්ඩ දාලා කැරි බස් කාරයෝ මීගමුව මේන් රෝඩ් එක හුත්ත අස්සේ බස් එකක් හරස් කරල පුක දෙනවා කියහන්කෝ! ටකරන් පකයන්ට... උර්ල්,ටහුකන්ඩ දාලා කැරි බස් කාරයෝ මීගමුව මේන් රෝඩ් එක හුත්ත අස්සේ බස් එකක් හරස් කරල පුක දෙනවා කියහන්කෝ! ටකරන් පකයන්ට... උර්ල්,Harassment,0.6401,Harassment,0.8555
හුකහම් පොන්න කැරි වේස බල්ල... ස්තුතියි,හුකහම් පොන්න කැරි වේස බල්ල... ස්තුතියි,Harassment,0.5806,Harassment,0.9028
කොරයි කොරයි. පයිය නගින්නෙ නැති උන් කරන්නෙත් ඔය උබ වගේ කෑ ගහන එක තමා. හුකා ගන්න බැරි උනාම ගමකට හුකන්ඩ වගේ කෑ ගහනව.,කොරයි කොරයි. පයිය නගින්නෙ නැති උන් කරන්නෙත් ඔය උබ වගේ කෑ ගහන එක තමා. හුකා ගන්න බැරි උනාම ගමකට හුකන්ඩ වගේ කෑ ගහනව.,Harassment,0.5327,Harassment,0.9863
කැරි පකයා පොන්න හුකන්නා කැරි බඩුව (6)ඉහත සදහන් මූලික කුනුහරප හා ප්‍රණවාචී නාමපද එක්වී නව කුනුහරප හටගනී... හුත්තිගෙ පුතා වේසිගෙ පුතා කැරි වේසිගෙ පුතා හුත්තිගෙ කෙල්ල හුත්‍තිගෙ කොල්ලා (7)තවද මූලික කුනුහරප හා අප්‍රාණවාචී නාමපද එක්වී නව කුනුහරප හටගනී...,කැරි පකයා පොන්න හුකන්නා කැරි බඩුව (6)ඉහත සදහන් මූලික කුනුහරප හා ප්‍රණවාචී නාමපද එක්වී නව කුනුහරප හටගනී... හුත්තිගෙ පුතා වේසිගෙ පුතා කැරි වේසිගෙ පුතා හුත්තිගෙ කෙල්ල හුත්‍තිගෙ කොල්ලා (7)තවද මූලික කුනුහරප හා අප්‍රාණවාචී නාමපද එක්වී නව කුනුහරප හටගනී...,Harassment,0.7334,Harassment,0.9873
"අනෙ තො හුක ,තොගෙ එක ඇහුනමනෙ නගින්නෙ මන් මෙන්සන් කොරනවා","අනෙ තො හුක ,තොගෙ එක ඇහුනමනෙ නගින්නෙ මන් මෙන්සන් කොරනවා",Harassment,0.5518,Harassment,0.8257
"""කව්ද හුත්තො මේ පොන්නයා.. අදයි දැක්කෙත් වේස හුකන්නා... හෙණ ගහපන් කොන්ක්‍රීට් පොන්නයා "" චොම්මේන්ට්ස්","""කව්ද හුත්තො මේ පොන්නයා.. අදයි දැක්කෙත් වේස හුකන්නා... හෙණ ගහපන් කොන්ක්‍රීට් පොන්නයා "" චොම්මේන්ට්ස්",Harassment,0.5928,Harassment,0.981
ආදරනීය පුස්පෙ රෙන පුක දෙන්න ගිය බැවින් අම්කර් අක්කාගෙන් ගුටි කෑ බව ආරන්චී..ඔබට කෙසේද?,ආදරනීය පුස්පෙ රෙන පුක දෙන්න ගිය බැවින් අම්කර් අක්කාගෙන් ගුටි කෑ බව ආරන්චී..ඔබට කෙසේද?,Harassment,0.5005,Harassment,0.7915
"ලොකු පුක,මහත පුක කෙට්ටු පුක,අලි පුක.. පුක,පුක... පුක රෙන පුක","ලොකු පුක,මහත පුක කෙට්ටු පුක,අලි පුක.. පුක,පුක... පුක රෙන පුක",Harassment,0.7559,Harassment,0.9375
බ්ලැක් ඇමරිකන් එකේක ගෙන්නල හරි පුක පලල එලියට දාන්න ඕනි රෙන වාරයක් ගානෙ මතක හිටින්න.. පිංවත් ඥාන පුක..,බ්ලැක් ඇමරිකන් එකේක ගෙන්නල හරි පුක පලල එලියට දාන්න ඕනි රෙන වාරයක් ගානෙ මතක හිටින්න.. පිංවත් ඥාන පුක..,Harassment,0.7417,Harassment,0.7715
හඥේ හඥේ මෝඩ #සෙලිබෙටිකමල් වැක්සින් කරහම් ඔකොම් හරිද ගැම්මක් තමා .එත් හැදිල මැරෙන්ව නෙහ් .හයියෙ එක් දන්නෙ නැද්ද චොවිධෙල්ප්,හඥේ හඥේ මෝඩ #සෙලිබෙටිකමල් වැක්සින් කරහම් ඔකොම් හරිද ගැම්මක් තමා .එත් හැදිල මැරෙන්ව නෙහ් .හයියෙ එක් දන්නෙ නැද්ද චොවිධෙල්ප්,Harassment,0.6021,Harassment,0.9717
මොන පිස්සුද මොකෝ වෛරස් කියල පුක හෝදන් නැතුව ඉන්නවෑ.. කාටත් හිමි රෙන පුක නම් ඇගේ ඒක ලස්සන නම් ගලුත් සෙස්සි වටකුරු නම් දෑම තමයි සුරු විරුකම්,මොන පිස්සුද මොකෝ වෛරස් කියල පුක හෝදන් නැතුව ඉන්නවෑ.. කාටත් හිමි රෙන පුක නම් ඇගේ ඒක ලස්සන නම් ගලුත් සෙස්සි වටකුරු නම් දෑම තමයි සුරු විරුකම්,Harassment,0.6191,Harassment,0.9585
තාමත් ඔයා රෙනවද කියා මං බලනවා නැවතිලා තට්ටම ඉරා පඩයක් ගියා බොකට පුක අමතක වෙලා බෙට්ට තව තියෙනවා නම් පුකෙමයි කියා.... #සාජ්ජේ,තාමත් ඔයා රෙනවද කියා මං බලනවා නැවතිලා තට්ටම ඉරා පඩයක් ගියා බොකට පුක අමතක වෙලා බෙට්ට තව තියෙනවා නම් පුකෙමයි කියා.... #සාජ්ජේ,Harassment,0.7036,Harassment,0.9185
කක්කි දාලා පුක හෝදාගෙන වරෙන්,කක්කි දාලා පුක හෝදාගෙන වරෙන්,Harassment,0.5435,Harassment,0.9702
රෙන්නදීපු පුක විකුනන් කනව ⁣කියන්නේ මේකට,රෙන්නදීපු පුක විකුනන් කනව ⁣කියන්නේ මේකට,Harassment,0.7246,Harassment,0.9839
මුගේ පුක වලලන්න ලිඳක් හාරනවට වඩා හොඳයි දැන් තියන බූට් සින්දු අහන එක тнαяιηυ ツ · 23 May 2019 දැන් තියෙන බූට් සිංදුවක් අහනවට වඩා හොඳයි පුක වලදාගෙන මැරෙනවා,මුගේ පුක වලලන්න ලිඳක් හාරනවට වඩා හොඳයි දැන් තියන බූට් සින්දු අහන එක тнαяιηυ ツ · 23 May 2019 දැන් තියෙන බූට් සිංදුවක් අහනවට වඩා හොඳයි පුක වලදාගෙන මැරෙනවා,Harassment,0.7227,Harassment,0.7046
මට පුකේ අමාරැව කියලා උබ දන්නේ කොහොමද දැනුනද උබට මට කෙසේ වෙතත් වැල්ලෙ රෙන උබටනම් එසෙ මෙසේ පුක් ගායක් නෙමේ තියෙන්නේ උබට,මට පුකේ අමාරැව කියලා උබ දන්නේ කොහොමද දැනුනද උබට මට කෙසේ වෙතත් වැල්ලෙ රෙන උබටනම් එසෙ මෙසේ පුක් ගායක් නෙමේ තියෙන්නේ උබට,Harassment,0.7881,Harassment,0.9722
එන්න ෆ්‍රෙන් පුක හෝදගන්න,එන්න ෆ්‍රෙන් පුක හෝදගන්න,Harassment,0.6226,Harassment,0.9512
පුක ලෙලි යවන් වරෙන් අරකේ ලිස්සලා,පුක ලෙලි යවන් වරෙන් අරකේ ලිස්සලා,Harassment,0.7842,Harassment,0.9829
පොන්න වේසොයියෝ මටනම් පේන්න බෑ පාහර හැතිකරේ ඕකුන් මැරෙන්නේ පණුවො ගහලා son ඔෆ් බිත්චෙස්,පොන්න වේසොයියෝ මටනම් පේන්න බෑ පාහර හැතිකරේ ඕකුන් මැරෙන්නේ පණුවො ගහලා son ඔෆ් බිත්චෙස්,Harassment,0.7427,Harassment,0.9844
මඤ්ඤොක්කා හොන්ඩරයක් විතර කාල උබේ කටට රෙන්න ඕන උදේ පාන්දර 5ට විතර. ගෙරි රස්තියාදුවා,මඤ්ඤොක්කා හොන්ඩරයක් විතර කාල උබේ කටට රෙන්න ඕන උදේ පාන්දර 5ට විතර. ගෙරි රස්තියාදුවා,Harassment,0.5205,Harassment,0.7388
රෙන්න තියෙන පුක දෙන්න එපා යේ..රෙන්න තියෙන පුක දෙන්න එපා..ඔයෙ.. පුක් song,රෙන්න තියෙන පුක දෙන්න එපා යේ..රෙන්න තියෙන පුක දෙන්න එපා..ඔයෙ.. පුක් song,Harassment,0.543,Harassment,0.9805
Dimi3 - පුක ල්ය්රිච්ස් රෙන්න තියන පුක දෙන්න එපා රෙන්න තියන පුක දෙන්න එපා රෙන්න තියන පුක දෙන්න එපා රෙන්න තියන පුක... උර්ල්,Dimi3 - පුක ල්ය්රිච්ස් රෙන්න තියන පුක දෙන්න එපා රෙන්න තියන පුක දෙන්න එපා රෙන්න තියන පුක දෙන්න එපා රෙන්න තියන පුක... උර්ල්,Harassment,0.5205,Harassment,0.9761
ඒ උගෙ පුක තියෙන්නේ ඔලුවෙ නිසා රත්තා · 12 අප‍ 2017 කිඩ්ස් රෙන්නෙත් පුකෙන් මෙන්ස් රෙන්නෙත් පුකෙන් ලෙජන්ඩ්ස් රෙන්නෙත් පුකෙන් හැබැයි ඉස්සා රෙන්නේ ඔලුවෙන්!!!,ඒ උගෙ පුක තියෙන්නේ ඔලුවෙ නිසා රත්තා · 12 අප‍ 2017 කිඩ්ස් රෙන්නෙත් පුකෙන් මෙන්ස් රෙන්නෙත් පුකෙන් ලෙජන්ඩ්ස් රෙන්නෙත් පුකෙන් හැබැයි ඉස්සා රෙන්නේ ඔලුවෙන්!!!,Harassment,0.7915,Harassment,0.9771
වරෙන් බං උබේ කටට මසුරං දාන්න,වරෙන් බං උබේ කටට මසුරං දාන්න,Harassment,0.6504,Harassment,0.8237
දවසකට දාහ ගානේ තුන්දෙනෙක්ට පුක දෙන්න ගත්තනම් මාස තුනෙන් පොන් එක ගන්න තිබ්බා නන්ගි. නිකන් තියෙන පුක ඕක රෙන එකට වඩා වැදගත් දෙයක් කරන්නෙත් නැහැ වකුගඩු දෙන්න එපා ඔයා ෆොන් එක වෙනුවෙන් පුක දෙන්න. නො one · 13 සේප 2018 වකුගඩු දෙකක්ම තියෙන එකේ එකක් දුන්නම මොකෝ.....,දවසකට දාහ ගානේ තුන්දෙනෙක්ට පුක දෙන්න ගත්තනම් මාස තුනෙන් පොන් එක ගන්න තිබ්බා නන්ගි. නිකන් තියෙන පුක ඕක රෙන එකට වඩා වැදගත් දෙයක් කරන්නෙත් නැහැ වකුගඩු දෙන්න එපා ඔයා ෆොන් එක වෙනුවෙන් පුක දෙන්න. නො one · 13 සේප 2018 වකුගඩු දෙකක්ම තියෙන එකේ එකක් දුන්නම මොකෝ.....,Harassment,0.5293,Harassment,0.6763
මට වෙන්නෙ පුක දෙන සින් බං එපා වෙලා ජිවිතේ ලංකාවට අවම මරාගෙන මැරෙනවා එක හුත්තෙක් මගේ ෆොටෝ එකක් ෆෙක්බුක් දාලා... උර්ල්,මට වෙන්නෙ පුක දෙන සින් බං එපා වෙලා ජිවිතේ ලංකාවට අවම මරාගෙන මැරෙනවා එක හුත්තෙක් මගේ ෆොටෝ එකක් ෆෙක්බුක් දාලා... උර්ල්,Harassment,0.6953,Harassment,0.5879
ජූඩ් ඔය කොල්ලොත් එකක් රවුම් ගහන්න ගිහිං පුක පලං වරෙන්කො,ජූඩ් ඔය කොල්ලොත් එකක් රවුම් ගහන්න ගිහිං පුක පලං වරෙන්කො,Harassment,0.5605,Harassment,0.7476
", හිගන්නො ගහල එලවන්නෙ ඇත්තම හිගන්නන්ව. උගෙ මුදලාලිට කට් එක දෙන උන්ව උන් තියාගන්නව. ඉතින් පුතේ අතේ රෙන එක උබ කලාට මට වැඩක් නෑ.",", හිගන්නො ගහල එලවන්නෙ ඇත්තම හිගන්නන්ව. උගෙ මුදලාලිට කට් එක දෙන උන්ව උන් තියාගන්නව. ඉතින් පුතේ අතේ රෙන එක උබ කලාට මට වැඩක් නෑ.",Harassment,0.5474,Harassment,0.9053
ඒක නම් පුක හපාගෙන මැරෙන්නම දීල..,ඒක නම් පුක හපාගෙන මැරෙන්නම දීල..,Harassment,0.7417,Harassment,0.8198
"මොනා කියනවද , පොල් සීයට ගිහින් රෙන්න දෙයක් තරම්වත් කන්න දෙයක් නෑතත් මොකො තොපෙ හාමුවගෙ පුක ලෙවකන්න පුලුවන්නම් නෙද රටට කෙලාවුනත්, ඉද්කින් වහල් පිම්පිය කියන ලස්සන විතරක්","මොනා කියනවද , පොල් සීයට ගිහින් රෙන්න දෙයක් තරම්වත් කන්න දෙයක් නෑතත් මොකො තොපෙ හාමුවගෙ පුක ලෙවකන්න පුලුවන්නම් නෙද රටට කෙලාවුනත්, ඉද්කින් වහල් පිම්පිය කියන ලස්සන විතරක්",Harassment,0.708,Harassment,0.8745
*පසුබිමින්* රෙන්න තියෙන පුක දෙන්න එපා... රෙන්න තියෙන පුක දෙන්න එපා... ගින්නා · 2 ඖග් 2020 පුක වනපු එකේ දෙකයි quote කරේ මේ රෙදි උස්සන් ආවානේ පිරිමි සෙට් එකක්,*පසුබිමින්* රෙන්න තියෙන පුක දෙන්න එපා... රෙන්න තියෙන පුක දෙන්න එපා... ගින්නා · 2 ඖග් 2020 පුක වනපු එකේ දෙකයි quote කරේ මේ රෙදි උස්සන් ආවානේ පිරිමි සෙට් එකක්,Harassment,0.6025,Harassment,0.9731
රෙන පුකට අච හොයන්නේ නැතුව දෙන දෙයක් කාල ඉදපන් ඉතාලියේ රත්තරන් කක්කුස්සීවල රීපු එකෙක්ද මේ වැල්ලේ රීලා වැල්ලෙන්ම පුක හෝදපු එවුන් පොශ් වෙලා......බල්ලෝ බලල්ලූ වගේ ඉතාලියේ මැරෙන්න නොදී එන්න දුන්නු එකට පිං දීපල්ලා....රෙන පුකට නැති කැටයම්...,රෙන පුකට අච හොයන්නේ නැතුව දෙන දෙයක් කාල ඉදපන් ඉතාලියේ රත්තරන් කක්කුස්සීවල රීපු එකෙක්ද මේ වැල්ලේ රීලා වැල්ලෙන්ම පුක හෝදපු එවුන් පොශ් වෙලා......බල්ලෝ බලල්ලූ වගේ ඉතාලියේ මැරෙන්න නොදී එන්න දුන්නු එකට පිං දීපල්ලා....රෙන පුකට නැති කැටයම්...,Harassment,0.5908,Harassment,0.9805
රෙන පුකට මොන කැටයංද කිව්වට ලක්ස 6 ක විතර පුටුවක් ඔනෙ ඉදගන්න බහුකාපන් ! මෙහෙට Alienස්ලා එන්නැති එක සාදාරනයි හාන්දුන්නේ,රෙන පුකට මොන කැටයංද කිව්වට ලක්ස 6 ක විතර පුටුවක් ඔනෙ ඉදගන්න බහුකාපන් ! මෙහෙට Alienස්ලා එන්නැති එක සාදාරනයි හාන්දුන්නේ,Harassment,0.6089,Harassment,0.9443
පුක හපාගෙන මැරෙන්න ඕනේ,පුක හපාගෙන මැරෙන්න ඕනේ,Harassment,0.6357,Harassment,0.8052
හිත් වේදනාවෙන් බයෙන් සැකෙන් ඉද්දි හු#තට හා කිව්වා වගේ නෙමේ. පියවී සිහිය ආවම පුක පොලේ ගහගෙන මැරෙන්න වෙන්නෙ.,හිත් වේදනාවෙන් බයෙන් සැකෙන් ඉද්දි හු#තට හා කිව්වා වගේ නෙමේ. පියවී සිහිය ආවම පුක පොලේ ගහගෙන මැරෙන්න වෙන්නෙ.,Harassment,0.5093,Harassment,0.541
අංකල්ට පුක පොලේ ගහගෙන මැරෙන්න හිතෙනවා ඇති,අංකල්ට පුක පොලේ ගහගෙන මැරෙන්න හිතෙනවා ඇති,Harassment,0.5659,Harassment,0.916
"ගහන්ඩ තියෙන කිම්බට වැඳ වැඳ ගහන්ඩත් එපා,ගගහ වඳින්ඩත් එපා,බඩුවෙ බැයිනං පුකේ හිලත් අවුලක්ම නෑ මොක බැරිවුනත් කිම්බක් හින්ද දිවි නහගන්ඩනං එපා.පිරිමි කමටත් ලැජ්ජයි. තූ නොදකිං.කිම්බ දේවාලයක් නෙමේ.දේවාලයක් වගේ පේන්නෙ පොන්නයින්ටම තමයි.ඕනනං හිකුව නැත්තං නිකා හිටියා.. :14 විඑව්ස්","ගහන්ඩ තියෙන කිම්බට වැඳ වැඳ ගහන්ඩත් එපා,ගගහ වඳින්ඩත් එපා,බඩුවෙ බැයිනං පුකේ හිලත් අවුලක්ම නෑ මොක බැරිවුනත් කිම්බක් හින්ද දිවි නහගන්ඩනං එපා.පිරිමි කමටත් ලැජ්ජයි. තූ නොදකිං.කිම්බ දේවාලයක් නෙමේ.දේවාලයක් වගේ පේන්නෙ පොන්නයින්ටම තමයි.ඕනනං හිකුව නැත්තං නිකා හිටියා.. :14 විඑව්ස්",Harassment,0.5332,Harassment,0.96
පොඩි කෙල්ලගේ කිම්බෙ පයිය අතුල්ලනවා,පොඩි කෙල්ලගේ කිම්බෙ පයිය අතුල්ලනවා,Harassment,0.7056,Harassment,0.9644
වහලියකට වගේ වද දිදී කිම්බ කන්න අසයි වස්තු,වහලියකට වගේ වද දිදී කිම්බ කන්න අසයි වස්තු,Harassment,0.5571,Harassment,0.9546
",දුන්නොත් මේකිගේ කිම්බ හපලා දිව දාලා උරලා පුකේ හිලත් ලොකු කරලා කනෙන් කැරි විසි වෙන්න හුකන්න ඔනි.. යාලුවෝ තුන් හතර දෙනෙක් එක්ක පොඩි අඩියක් ගහාන ගමන් මේකිව බයිට් එකට ගන්න තිබුනනම් මරු ඈ",",දුන්නොත් මේකිගේ කිම්බ හපලා දිව දාලා උරලා පුකේ හිලත් ලොකු කරලා කනෙන් කැරි විසි වෙන්න හුකන්න ඔනි.. යාලුවෝ තුන් හතර දෙනෙක් එක්ක පොඩි අඩියක් ගහාන ගමන් මේකිව බයිට් එකට ගන්න තිබුනනම් මරු ඈ",Harassment,0.7827,Harassment,0.9814
ඔය කිම්බ පතුරු යන්න හුකන්න ඔනි ඈ,ඔය කිම්බ පතුරු යන්න හුකන්න ඔනි ඈ,Harassment,0.7744,Harassment,0.9844
ගිහින් ඇගිල්ල ගහ ගනින් පොන්න හුත්තී ඇයි මුං මෙහෙම,ගිහින් ඇගිල්ල ගහ ගනින් පොන්න හුත්තී ඇයි මුං මෙහෙම,Harassment,0.4846,Harassment,0.5205
"එම ""කැරි"" ප්‍රාණවාචී කිරීමෙ ""කැරියා"" යබ කුනුහරපය හටගනී... (4)ලිංගිකත්වය ආශ්‍රිත රැකියා මුල්කරගෙනද කුනුහරප හටගනී... ගණිකාව,වෛශ්‍යාව=වේසි,බඩුව (5)ඉහත දැක්වූ මූලික කුනුහරප දෙකක් එක්වීමෙන් නව කුනුහරප හටගනී... වේස හුත්තා වේස හුත්තී පොන්න පකයා පොන්න කැරියා කැරි පොන්නයා පොන්න පකයා","එම ""කැරි"" ප්‍රාණවාචී කිරීමෙ ""කැරියා"" යබ කුනුහරපය හටගනී... (4)ලිංගිකත්වය ආශ්‍රිත රැකියා මුල්කරගෙනද කුනුහරප හටගනී... ගණිකාව,වෛශ්‍යාව=වේසි,බඩුව (5)ඉහත දැක්වූ මූලික කුනුහරප දෙකක් එක්වීමෙන් නව කුනුහරප හටගනී... වේස හුත්තා වේස හුත්තී පොන්න පකයා පොන්න කැරියා කැරි පොන්නයා පොන්න පකයා",Harassment,0.5103,Harassment,0.6104
රොසා පොල්ල ගෙනෙන් බල්ලා මරන්න බිලස්ල් සාජ්ජේ,රොසා පොල්ල ගෙනෙන් බල්ලා මරන්න බිලස්ල් සාජ්ජේ,Harassment,0.5435,Harassment,0.8809
"අඩෝ ස්ත්‍රී දුසකය, හරක, බුරුව, නරිය, බලල, බල්ලා, පුසා .. . හැපී හෙලුකුට්ටන්ස් ඩේ .. පාටි දීපන් ..","අඩෝ ස්ත්‍රී දුසකය, හරක, බුරුව, නරිය, බලල, බල්ලා, පුසා .. . හැපී හෙලුකුට්ටන්ස් ඩේ .. පාටි දීපන් ..",Harassment,0.627,Harassment,0.5259
"කන පැලෙන්න ගහනව කකුලට, බල්ලා. ස්රිලංකංථ්රෙඅත්ස","කන පැලෙන්න ගහනව කකුලට, බල්ලා. ස්රිලංකංථ්රෙඅත්ස",Harassment,0.7515,Harassment,0.9688
බල්ලා ලබුත් එක්ක බත් කාලා බොක්කේ බුදි තොඞුඑත්විස්තෙර්ෂ්ල,බල්ලා ලබුත් එක්ක බත් කාලා බොක්කේ බුදි තොඞුඑත්විස්තෙර්ෂ්ල,Harassment,0.5796,Harassment,0.9688
", උබ බල්ලා තොයනවද හම් දිල්කේ පුකේ සබන් කියලා එකක්",", උබ බල්ලා තොයනවද හම් දිල්කේ පුකේ සබන් කියලා එකක්",Harassment,0.7334,Harassment,0.9619
අනේ රීෂාඩ් බදුර්දීන් උබ හුකාහන් වේසිගේ බල්ලා,අනේ රීෂාඩ් බදුර්දීන් උබ හුකාහන් වේසිගේ බල්ලා,Harassment,0.5298,Harassment,0.9375
මට එහෙම ගැහුවොත් ඔකගේ දත් ටික පුකෙන් එන්න දෙන්නේ බල්ලා.පුදුම තරහක් එන්නේ .ලමයෙක්ට ගහන්න තරම් මු.... වරදක් කරපු එකෙක්ට සමාව දෙන්න ඔන වරද පිලිගත්ත නම්.එකයි යුතුකම.,මට එහෙම ගැහුවොත් ඔකගේ දත් ටික පුකෙන් එන්න දෙන්නේ බල්ලා.පුදුම තරහක් එන්නේ .ලමයෙක්ට ගහන්න තරම් මු.... වරදක් කරපු එකෙක්ට සමාව දෙන්න ඔන වරද පිලිගත්ත නම්.එකයි යුතුකම.,Harassment,0.6748,Harassment,0.9458
ඔකා එල්ලලා මරන්න ඔනි..බල්ලා ජිවිත දෙකක් කැවා,ඔකා එල්ලලා මරන්න ඔනි..බල්ලා ජිවිත දෙකක් කැවා,Harassment,0.7256,Harassment,0.5176
දක්කනවා වාසිටියේ කරත්තේ ගොනා මැරෙනකං ඇදපන් කරත්තේ (ප්‍රධාන පොත්ගුල 02 මහල - පේරා වි.වි) #සරසවිකුරුටුගී,දක්කනවා වාසිටියේ කරත්තේ ගොනා මැරෙනකං ඇදපන් කරත්තේ (ප්‍රධාන පොත්ගුල 02 මහල - පේරා වි.වි) #සරසවිකුරුටුගී,Harassment,0.5752,Harassment,0.4907
හරකා තව හොදයි...තිරිසන් උනත් මෝලේ තියෙනවා. මේ කොන්ද පණ නැති බේබදු ජීත වලට දෙන්න ඔනී පුන්නක්කු...,හරකා තව හොදයි...තිරිසන් උනත් මෝලේ තියෙනවා. මේ කොන්ද පණ නැති බේබදු ජීත වලට දෙන්න ඔනී පුන්නක්කු...,Harassment,0.6079,Harassment,0.8237
ඈ ගොන් කොටෝ. චප්ප කරන්නේ බෙල්ලෙන්ද? එක අතක් ඇති තවුසෙව චප්ප කරන්න,ඈ ගොන් කොටෝ. චප්ප කරන්නේ බෙල්ලෙන්ද? එක අතක් ඇති තවුසෙව චප්ප කරන්න,Harassment,0.7339,Harassment,0.9487
ගොන් බඩු නටනව බලා ගෙන ඉන්නෙ සද්ද වහන් වලිනම් බඩ්ඩ එන්න මුනට මුන මගේ — feeling crazy,ගොන් බඩු නටනව බලා ගෙන ඉන්නෙ සද්ද වහන් වලිනම් බඩ්ඩ එන්න මුනට මුන මගේ — feeling crazy,Harassment,0.5835,Harassment,0.9492
මුගේ ජන්ගිය ඔලුවෙන් ගලවන්න ඕන සිංහරාජ වනාන්තරය මැදිනුත් පාරක් කපන්න හදපු ගොන් වස්ස !!!! උර්ල්,මුගේ ජන්ගිය ඔලුවෙන් ගලවන්න ඕන සිංහරාජ වනාන්තරය මැදිනුත් පාරක් කපන්න හදපු ගොන් වස්ස !!!! උර්ල්,Harassment,0.7451,Harassment,0.9106
බඩු උබලට පේන්න ඉන්නෙනෑ ගොන් කෙල්ලෙ ශේහෙලා · 11 ෆෙබ් 2021 මං දැකලා නෑනේ ඉන්නවා,බඩු උබලට පේන්න ඉන්නෙනෑ ගොන් කෙල්ලෙ ශේහෙලා · 11 ෆෙබ් 2021 මං දැකලා නෑනේ ඉන්නවා,Harassment,0.6509,Harassment,0.5698
ගොන් බඩුව මුශාෆ් · 9 සේප 2016 ගොනාගේ ගෑනු සතා ගොන්නිද බන්? #Doubt,ගොන් බඩුව මුශාෆ් · 9 සේප 2016 ගොනාගේ ගෑනු සතා ගොන්නිද බන්? #Doubt,Harassment,0.4924,Harassment,0.958
ඔය වගේ ගොන් හුචක්කු පෝම් කරන එවුන්ට මුලුන් මඩුවලිගෙකින් තලන්න ඕන,ඔය වගේ ගොන් හුචක්කු පෝම් කරන එවුන්ට මුලුන් මඩුවලිගෙකින් තලන්න ඕන,Harassment,0.6328,Harassment,0.9126
බයියෝ දැන් සජියලැ ගොන් වැඩ නිසා ඇර සෝලෝ හානවා.තව ටික දවසකින් ස' ගොන් වැඩක් කරලා හත් පොලේ රීලා රීපුවා නාගත්ත එකෙන් අනිත් උන් ආතල් එකක් ගන්නකොට.. 'හංඥ් රම්ට හම්දම්න චාම්ස් එම්ක දෙම්නෑ 'ස' එහෙම්ම නෑම් 'අම්නේ විම්හිලු කරම්න එම්පා 'මෙහෙම්ම හම්රි ඉම්නෙ ස' නිම්සා 'ස' පම්වු,බයියෝ දැන් සජියලැ ගොන් වැඩ නිසා ඇර සෝලෝ හානවා.තව ටික දවසකින් ස' ගොන් වැඩක් කරලා හත් පොලේ රීලා රීපුවා නාගත්ත එකෙන් අනිත් උන් ආතල් එකක් ගන්නකොට.. 'හංඥ් රම්ට හම්දම්න චාම්ස් එම්ක දෙම්නෑ 'ස' එහෙම්ම නෑම් 'අම්නේ විම්හිලු කරම්න එම්පා 'මෙහෙම්ම හම්රි ඉම්නෙ ස' නිම්සා 'ස' පම්වු,Harassment,0.6899,Harassment,0.687
අනෙ පුම්බල උඩ අැරල කට්ටකින් අනිනව ගොන් සීනි බෝලයා,අනෙ පුම්බල උඩ අැරල කට්ටකින් අනිනව ගොන් සීනි බෝලයා,Harassment,0.5791,Harassment,0.8379
කාන්නු ගොයියක් කන්දේ ලාලා පන්ද ලාලුයි කයිගොන් මීයක් කාලේ වේලා පාල වේලුයි කාරෝ උයියක් කානේ හේලා පාන හේලුයි කල්ලෝ බයියක් කටවරලා කීම ගේලුයි ගෝන්නු කයියක් ලන්දේ කාලා ලන්ද පාලුයි මී ගොන් කයියක් වේලේ කාලා වේල පාලුයි ඌරෝ කයියක් හේනේ කාලා හේන පාලුයි බල්ලෝ කයියක් වට කරලා ගේම කීලුයි...,කාන්නු ගොයියක් කන්දේ ලාලා පන්ද ලාලුයි කයිගොන් මීයක් කාලේ වේලා පාල වේලුයි කාරෝ උයියක් කානේ හේලා පාන හේලුයි කල්ලෝ බයියක් කටවරලා කීම ගේලුයි ගෝන්නු කයියක් ලන්දේ කාලා ලන්ද පාලුයි මී ගොන් කයියක් වේලේ කාලා වේල පාලුයි ඌරෝ කයියක් හේනේ කාලා හේන පාලුයි බල්ලෝ කයියක් වට කරලා ගේම කීලුයි...,Harassment,0.4868,Harassment,0.9673
"බඩු, හද්ද බඩු, ගොන් බඩු, ජානමය බඩු, උබ නොදන්න බඩු, බඩුව වී දැන් යසෝදරා වෙන්න දගලන බඩු, කැටගරි ගොඩයි නමුත් ඒ සේරම බඩු. ඇන්ටි බඩු සබේ විසිට් එක දානකොට, ඇන්ටියෙක් නිසා කෙලවුන තවත් මල්ලියෙක් වෙන්නෙපා. පින්තූරෙ හැඩයි. ඇන්ටිලා නැති තැනක දාපං. ව මීටින් දැන් ඉවර වුනේ.","බඩු, හද්ද බඩු, ගොන් බඩු, ජානමය බඩු, උබ නොදන්න බඩු, බඩුව වී දැන් යසෝදරා වෙන්න දගලන බඩු, කැටගරි ගොඩයි නමුත් ඒ සේරම බඩු. ඇන්ටි බඩු සබේ විසිට් එක දානකොට, ඇන්ටියෙක් නිසා කෙලවුන තවත් මල්ලියෙක් වෙන්නෙපා. පින්තූරෙ හැඩයි. ඇන්ටිලා නැති තැනක දාපං. ව මීටින් දැන් ඉවර වුනේ.",Harassment,0.5859,Harassment,0.9663
enjoන්ට ටිකක් කල් යද්දී ගොන් මොරාල් හැදෙනව,enjoන්ට ටිකක් කල් යද්දී ගොන් මොරාල් හැදෙනව,Harassment,0.6313,Harassment,0.9453
ගෝන්නු කයියක් ලන්දේ කාලා ලන්ද පාලුයි මී ගොන් කයියක් වේල කාලා වේල පාලුයි ඌරෝ කයියක් හේන කාලා හේන පාලුයි බල්ලෝ කයියක් වටකර ලා ගේම කීලුයි ථිසරංඉඑ (තිසරණී) · 15 අප‍ 2018 කාන්නු ගොයියක් කන්දේ ලාලා පන්ද ලාලුයි කයිගොන් මීයක් කාලේ වේලා පාල වේලුයි කාරෝ උයියක් කානේ හේලා පාන හේලුයි කල්ලෝ බයියක් කටවර ලාලා කීම ගේලුයි,ගෝන්නු කයියක් ලන්දේ කාලා ලන්ද පාලුයි මී ගොන් කයියක් වේල කාලා වේල පාලුයි ඌරෝ කයියක් හේන කාලා හේන පාලුයි බල්ලෝ කයියක් වටකර ලා ගේම කීලුයි ථිසරංඉඑ (තිසරණී) · 15 අප‍ 2018 කාන්නු ගොයියක් කන්දේ ලාලා පන්ද ලාලුයි කයිගොන් මීයක් කාලේ වේලා පාල වේලුයි කාරෝ උයියක් කානේ හේලා පාන හේලුයි කල්ලෝ බයියක් කටවර ලාලා කීම ගේලුයි,Harassment,0.5327,Harassment,0.9741
"කොහෙද මන් පොර ජාතකේ දාගෙන ඉන්න උන් ටික, කෙල්ලො ෆොම් කරලා තාම නිදිද, වරෙන්කො එකෙක් දෙන්නෙක් ගොන් කතාවක් කියගෙන, අදත් අවුස්සලා ගන්න","කොහෙද මන් පොර ජාතකේ දාගෙන ඉන්න උන් ටික, කෙල්ලො ෆොම් කරලා තාම නිදිද, වරෙන්කො එකෙක් දෙන්නෙක් ගොන් කතාවක් කියගෙන, අදත් අවුස්සලා ගන්න",Harassment,0.5601,Harassment,0.6011
හසිනි ගොන් බඩුව එක්ක පන්නිල ගන්න ආතල් එක බලපන්කෝ:,හසිනි ගොන් බඩුව එක්ක පන්නිල ගන්න ආතල් එක බලපන්කෝ:,Harassment,0.5986,Harassment,0.9219
"එපා එපා ලෙවකන්නට තම්ම්බි පුක, ,,,යපලුවො ජයටම තම්ම්බින්ගෙ දෙකම මිරිකනවලු නෙද බොලව්????","එපා එපා ලෙවකන්නට තම්ම්බි පුක, ,,,යපලුවො ජයටම තම්ම්බින්ගෙ දෙකම මිරිකනවලු නෙද බොලව්????",Harassment,0.5977,Harassment,0.9775
ජම්බොලෙ අක්කර පහ පුක  සෙප්‍රනෝ ඔකියෝපියර්ස්  · 8 සේප 2019 ටිල්සිගෙ මාස තුනේ බඩ,ජම්බොලෙ අක්කර පහ පුක  සෙප්‍රනෝ ඔකියෝපියර්ස්  · 8 සේප 2019 ටිල්සිගෙ මාස තුනේ බඩ,Harassment,0.5234,Harassment,0.9595
අනුන් හුකන එක හොරෙන් හොරෙන් බල බල ඉන්නවට වඩා... තමුන්ගෙ ගෑනිට දැනෙන්න හුකපන් බොල කැරි කෑ දැත්තා... ඕයේ..!!,අනුන් හුකන එක හොරෙන් හොරෙන් බල බල ඉන්නවට වඩා... තමුන්ගෙ ගෑනිට දැනෙන්න හුකපන් බොල කැරි කෑ දැත්තා... ඕයේ..!!,Harassment,0.7524,Harassment,0.9546
කෙල්ලේක් වටේ ගියාම අදරේ ඉස්සරහ බොලද වුනාම ඵ කෙල්ල බඩුව ඵතකොට කොල්ලෝ කේල්ලො දේතුන් දේනා ඇසුරැ කරලා අත අරින ඵක විර කමද — feeling angry,කෙල්ලේක් වටේ ගියාම අදරේ ඉස්සරහ බොලද වුනාම ඵ කෙල්ල බඩුව ඵතකොට කොල්ලෝ කේල්ලො දේතුන් දේනා ඇසුරැ කරලා අත අරින ඵක විර කමද — feeling angry,Harassment,0.5469,Harassment,0.9717
"තොගෙ දත කාපු එකේ, ලේනගෙ දත කන එක කජ්ජක්යැ බොල -පණුවා- මяමλදяඉද · 21 දෙක් 2018 ටොගේ පණුවෝ කාපි දත අරන් මගේ හොද දතක් දෙන්න මට පිස්සු නෑ - ලේනා twitter.com/Nethu___/statu…","තොගෙ දත කාපු එකේ, ලේනගෙ දත කන එක කජ්ජක්යැ බොල -පණුවා- මяමλදяඉද · 21 දෙක් 2018 ටොගේ පණුවෝ කාපි දත අරන් මගේ හොද දතක් දෙන්න මට පිස්සු නෑ - ලේනා twitter.com/Nethu___/statu…",Harassment,0.627,Harassment,0.7251
"දඩ ගහලා මදි, ලෙබ්බෙගෙ ලබ්බ කපලා එල්ලන්න එපැයි බොල!!! සිංහල එකෙක් වුණා නම් නම් එහෙම ඌ අවුරුදු ගාණකට ඇතුළේ!!! උර්ල්","දඩ ගහලා මදි, ලෙබ්බෙගෙ ලබ්බ කපලා එල්ලන්න එපැයි බොල!!! සිංහල එකෙක් වුණා නම් නම් එහෙම ඌ අවුරුදු ගාණකට ඇතුළේ!!! උර්ල්",Harassment,0.6499,Harassment,0.9658
ඔය ‌පොඩි එක පුක හපාගෙව මැරෙයි ‌‌බොල ඉස්කෝලෙ යන කාලෙක යාලුවො #චුල්බුලියා ගාන්න ගත්තාම,ඔය ‌පොඩි එක පුක හපාගෙව මැරෙයි ‌‌බොල ඉස්කෝලෙ යන කාලෙක යාලුවො #චුල්බුලියා ගාන්න ගත්තාම,Harassment,0.6035,Harassment,0.9653
එ බං අරු යනවා වරෙං කො යන්න උට ගහන්න ඔන බං අනේ අනේ අනේ යමන් කො එයි ඔබ මොකක්ද කියලා තියෙන්නෙ ඇ බොල කැරි€ හුක«» ගන්න හදන්නෙපා එපා පොන₹€¥ ඇයි යාළුවො එම ගහගන්න බැරිනම් මං වගේ පාඩුවෙ ඉන්න එපැයි හැමිනෙන්න යන්නෙ නැතිව #18+චණ්ඩි,එ බං අරු යනවා වරෙං කො යන්න උට ගහන්න ඔන බං අනේ අනේ අනේ යමන් කො එයි ඔබ මොකක්ද කියලා තියෙන්නෙ ඇ බොල කැරි€ හුක«» ගන්න හදන්නෙපා එපා පොන₹€¥ ඇයි යාළුවො එම ගහගන්න බැරිනම් මං වගේ පාඩුවෙ ඉන්න එපැයි හැමිනෙන්න යන්නෙ නැතිව #18+චණ්ඩි,Harassment,0.6509,Harassment,0.9751
12 ඔතෙර්ස් දුහුලට උනුහුමට ඇති ඔය හුඹස්වල නයි මද බලාපන් ගැරඩිත් ඇදේබල පන්දමෙ බැට්රියට සුවයක් ලැබුනු කල ඇඳ පොලු උවත් සරදමටම බලයි බොල,12 ඔතෙර්ස් දුහුලට උනුහුමට ඇති ඔය හුඹස්වල නයි මද බලාපන් ගැරඩිත් ඇදේබල පන්දමෙ බැට්රියට සුවයක් ලැබුනු කල ඇඳ පොලු උවත් සරදමටම බලයි බොල,Harassment,0.6113,Harassment,0.9688
අරිනෝ පඩයක බොල දෙන්නගෙ ඇට මුං ඇට වෙන්න,අරිනෝ පඩයක බොල දෙන්නගෙ ඇට මුං ඇට වෙන්න,Harassment,0.6196,Harassment,0.9116
"කුලා කියන්නෙ රන්කින්ග් වල මාස ගනනක් number One හිටපු player කෙනෙක් කියල දන්නෙනෑ මූ. මුගෙ පුක හරහට පලල, ලුණු දාලා, මහන්න ඕනි. මේ පොන්න හැත්තවයි, අර bookieපාලයවයි පන්නන්න, කොන්ද පනතියෙන එකෙක්වත් නෑ. මුන්ට පුලුවන් පුකක් නෑ. අපිට පිස්සු බන් මුන්ගෙ පකුන් බලන්නයි, අහන්නයි.","කුලා කියන්නෙ රන්කින්ග් වල මාස ගනනක් number One හිටපු player කෙනෙක් කියල දන්නෙනෑ මූ. මුගෙ පුක හරහට පලල, ලුණු දාලා, මහන්න ඕනි. මේ පොන්න හැත්තවයි, අර bookieපාලයවයි පන්නන්න, කොන්ද පනතියෙන එකෙක්වත් නෑ. මුන්ට පුලුවන් පුකක් නෑ. අපිට පිස්සු බන් මුන්ගෙ පකුන් බලන්නයි, අහන්නයි.",Harassment,0.5215,Harassment,0.9771
මස්තිෂ්කය නැතුව ඇටදෙකෙන් හිතන උදවියට කෙල්ලෙක්ගෙ පලවෙනි ඩිම්බෙ මෝරන පමාවම ඇති ළමයි හදන්න. වනචර හැත්ත,මස්තිෂ්කය නැතුව ඇටදෙකෙන් හිතන උදවියට කෙල්ලෙක්ගෙ පලවෙනි ඩිම්බෙ මෝරන පමාවම ඇති ළමයි හදන්න. වනචර හැත්ත,Harassment,0.5654,Harassment,0.71
සෑම Campus එකකම ඉන්න බල්ලන් ලවා ජාතක උනු පොන්න හැත්ත... මේවගේ උන් ගන්න නැතුව ඉන්න ඔනේ,සෑම Campus එකකම ඉන්න බල්ලන් ලවා ජාතක උනු පොන්න හැත්ත... මේවගේ උන් ගන්න නැතුව ඉන්න ඔනේ,Harassment,0.75,Harassment,0.98
මෙතැන ඉන්න දේශ පාලු හැත්ත බුරුත්ත ඔක්කොම 50 පැනපු ඇට දිරච්ච කඳ පණුවන්ට සැප පෙට්ටි අරං දුන්න නම් හරි. 50 පැනපු... උර්ල්,මෙතැන ඉන්න දේශ පාලු හැත්ත බුරුත්ත ඔක්කොම 50 පැනපු ඇට දිරච්ච කඳ පණුවන්ට සැප පෙට්ටි අරං දුන්න නම් හරි. 50 පැනපු... උර්ල්,Harassment,0.6455,Harassment,0.7637
මේ රටේ අහින්සක සත්තු මරණ පාහර කාලකන්නි හැත්ත හොයල වෙඩි තියලම දාන්න ඕනේ..,මේ රටේ අහින්සක සත්තු මරණ පාහර කාලකන්නි හැත්ත හොයල වෙඩි තියලම දාන්න ඕනේ..,Harassment,0.7695,Harassment,0.605
"මුට කියන්න තියෙන්නේ පල පොන්න ප,,,,, යන්න මකබවිල කියන්න විතරයි. එදා ඉදන් රට විනාශ කරන හැත්ත. මුන් උඩු බ්රුරලන බ......","මුට කියන්න තියෙන්නේ පල පොන්න ප,,,,, යන්න මකබවිල කියන්න විතරයි. එදා ඉදන් රට විනාශ කරන හැත්ත. මුන් උඩු බ්රුරලන බ......",Harassment,0.6035,Harassment,0.5093
"පකිස්තානෙ එවුං වටවෙලා ගල් ගහල ගිනිතියල මැරුවම, පර මුස්ලිම් ගෝත්‍රික හැත්ත+ මාධ්‍ය 24/7 ප්‍රමෝට් ලංකාවෙ තාත්තයි මාමයි පොඩි දුවෙක් ගහල ගහල හප කරල මැරුවම ගෝත්‍රික නෑ ලංකාව+ මීඩියා, ඕව අමතක කරල දහං","පකිස්තානෙ එවුං වටවෙලා ගල් ගහල ගිනිතියල මැරුවම, පර මුස්ලිම් ගෝත්‍රික හැත්ත+ මාධ්‍ය 24/7 ප්‍රමෝට් ලංකාවෙ තාත්තයි මාමයි පොඩි දුවෙක් ගහල ගහල හප කරල මැරුවම ගෝත්‍රික නෑ ලංකාව+ මීඩියා, ඕව අමතක කරල දහං",Harassment,0.5894,Harassment,0.7588
මාලු අල්ලන්න නම් ඇමට පනුවෙක් ගහන්න ඕනේ.දැන් පනුවව ගහල තියෙන්නෙ.මෝඩයො වගේ ගිහින් ආයෙත් ඇම කාපියව්.ගොන් හැත්ත.,මාලු අල්ලන්න නම් ඇමට පනුවෙක් ගහන්න ඕනේ.දැන් පනුවව ගහල තියෙන්නෙ.මෝඩයො වගේ ගිහින් ආයෙත් ඇම කාපියව්.ගොන් හැත්ත.,Harassment,0.6338,Harassment,0.9634
", ගෙරි තම්බි හැත්ත.. අරං ගිහින් තව ඔවුන්ව නිරෝදායනයත් කරා නේද හැත්ත.. කොටු කරල තියන්න තිබ්බෙ මැරිල යන්න",", ගෙරි තම්බි හැත්ත.. අරං ගිහින් තව ඔවුන්ව නිරෝදායනයත් කරා නේද හැත්ත.. කොටු කරල තියන්න තිබ්බෙ මැරිල යන්න",Harassment,0.5869,Harassment,0.9751
උන්ගේ පුතාලා නංගිලා ප්‍රයිවට් යවලා උන්ට සැප දෙනවා .ගමෙන් ආපු එකාගේ මොලේ හොදලා ඌව ගුටිකන්න යවන අඩුකුලේ පර හැත්ත...ඔවුන්ට වැලි ගහන්න ඔනි.,උන්ගේ පුතාලා නංගිලා ප්‍රයිවට් යවලා උන්ට සැප දෙනවා .ගමෙන් ආපු එකාගේ මොලේ හොදලා ඌව ගුටිකන්න යවන අඩුකුලේ පර හැත්ත...ඔවුන්ට වැලි ගහන්න ඔනි.,Harassment,0.7666,Harassment,0.5967
කව්ද දර්සනට ස්ච්රෝල්ලින්ග් ස්ච්රීන්ශෝට්ස් ගහන්න කියලා දුන්න පකයා. මරණවා අහුවුනොත් වේස හැත්ත,කව්ද දර්සනට ස්ච්රෝල්ලින්ග් ස්ච්රීන්ශෝට්ස් ගහන්න කියලා දුන්න පකයා. මරණවා අහුවුනොත් වේස හැත්ත,Harassment,0.6885,Harassment,0.9219
ආගම විකුණලා මාකටිං කරන වේස හැත්ත. අයිෆෝන් වලටත් හදලා ඔහොම එකක් දැම්මනම් හමන්නලා ගන්නේ,ආගම විකුණලා මාකටිං කරන වේස හැත්ත. අයිෆෝන් වලටත් හදලා ඔහොම එකක් දැම්මනම් හමන්නලා ගන්නේ,Harassment,0.4939,Harassment,0.5684
වෙල්යායක ගොන් බානක් කාකා වුනි ඉන් එක ගොනෙක් වල්ගය නැතිව වැනි වැනි වල්ගය ඇති ගොනා මැස්සන්ට බැට දුනි දුප්පත් කමත් වල්ගය නැති ගොනා වැනි,වෙල්යායක ගොන් බානක් කාකා වුනි ඉන් එක ගොනෙක් වල්ගය නැතිව වැනි වැනි වල්ගය ඇති ගොනා මැස්සන්ට බැට දුනි දුප්පත් කමත් වල්ගය නැති ගොනා වැනි,Harassment,0.5854,Harassment,0.5928
වල් කෙල්ලෙක් ලැබෙන්නත් පිං කරන්න ඕනේ උබ ඉද්දි එකි වටේ යනවා බලන් ඉන්න තව පිං කරන්න ඕනේ,වල් කෙල්ලෙක් ලැබෙන්නත් පිං කරන්න ඕනේ උබ ඉද්දි එකි වටේ යනවා බලන් ඉන්න තව පිං කරන්න ඕනේ,Harassment,0.5586,Harassment,0.7207
දැන් රෙන්න ගිය එවුන් හෙට දවල් වෙනකන් හිටු පුක හෝදගන්න... වටෙර්චුට්ල්ක්,දැන් රෙන්න ගිය එවුන් හෙට දවල් වෙනකන් හිටු පුක හෝදගන්න... වටෙර්චුට්ල්ක්,Harassment,0.4905,Harassment,0.7998
උබේ පුක තියෙන තැනවත් දන්නැතුව අනුන්ගේ පුකවල් හොයන්නැතුව ඉන්න,උබේ පුක තියෙන තැනවත් දන්නැතුව අනුන්ගේ පුකවල් හොයන්නැතුව ඉන්න,Harassment,0.5249,Harassment,0.9775
සුදු මාමේ දුව දෙනවද උඔ මහ වල් මිනිහෙක් ..උඔට දෙන්න දුවලා නෑ,සුදු මාමේ දුව දෙනවද උඔ මහ වල් මිනිහෙක් ..උඔට දෙන්න දුවලා නෑ,Harassment,0.5298,Harassment,0.5757
අනේද කියන්නේ. මුංගේ පකේ ජාති(ක)වාදේ. එක්තරා ලෙවල් එකකින් උඩට ඔය ආගම් ජාති බේද නෑ. ඒ සෙල්ලං ඔක්කොම අපිට තමා. ඕවට ඇන්දිලා පුක දීගෙන යන ගොං හැත්තගෙ පුක පලන්න ඕන මුලිං!,අනේද කියන්නේ. මුංගේ පකේ ජාති(ක)වාදේ. එක්තරා ලෙවල් එකකින් උඩට ඔය ආගම් ජාති බේද නෑ. ඒ සෙල්ලං ඔක්කොම අපිට තමා. ඕවට ඇන්දිලා පුක දීගෙන යන ගොං හැත්තගෙ පුක පලන්න ඕන මුලිං!,Harassment,0.7021,Harassment,0.9478
ගිහින් හුකවන්ඩ ඉන්නෙ බං ගොන් පකයල කෙල්ලොන්ගෙ පුකවල් ගෙඩි මරල අපේ එකක් අරන් නෑ.,ගිහින් හුකවන්ඩ ඉන්නෙ බං ගොන් පකයල කෙල්ලොන්ගෙ පුකවල් ගෙඩි මරල අපේ එකක් අරන් නෑ.,Harassment,0.6812,Harassment,0.9702
වල් බල්ල හරි හොඳ බල්ල හරි ඌ අපි හදනවනම් ඌ අපේ එකෙක්. එන්න එපා එක එක එව්වො වල් බල්ල වල් බල්ල ගාන්න කපනව පෙති පෙති.,වල් බල්ල හරි හොඳ බල්ල හරි ඌ අපි හදනවනම් ඌ අපේ එකෙක්. එන්න එපා එක එක එව්වො වල් බල්ල වල් බල්ල ගාන්න කපනව පෙති පෙති.,Harassment,0.4846,Harassment,0.9307
", උබ වගේ ගොන් හරකෙක් ,වැද්ද කියල දාල තියන නමට පකවල් කියනවනෙහ් අනෙහ් බන් හුත්තො මන් කියල තියෙන එව්ව ඉස්සෙල්ල බලහන් පුක නොදී ප්ද්ලයන් වද නොදී උබ මල වදයක් උනනේ .හැමිනෙන්න එනව උදේ පාන්දර",", උබ වගේ ගොන් හරකෙක් ,වැද්ද කියල දාල තියන නමට පකවල් කියනවනෙහ් අනෙහ් බන් හුත්තො මන් කියල තියෙන එව්ව ඉස්සෙල්ල බලහන් පුක නොදී ප්ද්ලයන් වද නොදී උබ මල වදයක් උනනේ .හැමිනෙන්න එනව උදේ පාන්දර",Harassment,0.6685,Harassment,0.8623
"වෙඩි තියන්න තිබ්බෙ ඇට දෙක කුඩුවෙන්න වල් බල්ලගෙ සුජිත් අයියා · 5 ඖග් 2020 පිස්සෝ දැකලා තියනවද පිස්සෝ.. :16 ,091 විඑව්ස්","වෙඩි තියන්න තිබ්බෙ ඇට දෙක කුඩුවෙන්න වල් බල්ලගෙ සුජිත් අයියා · 5 ඖග් 2020 පිස්සෝ දැකලා තියනවද පිස්සෝ.. :16 ,091 විඑව්ස්",Harassment,0.5303,Harassment,0.7305
මෙ මොන වල් පරයෙක්ද. අපායෙ ආපු දවසට ඔකගෙ ඵක කපනවා පහාන් කුඩුවෙ රැලි වගේ.,මෙ මොන වල් පරයෙක්ද. අපායෙ ආපු දවසට ඔකගෙ ඵක කපනවා පහාන් කුඩුවෙ රැලි වගේ.,Harassment,0.5044,Harassment,0.752
මට වර 3ක් හම්බුනොත්. ඕන පුකක් වෙයං. ( ඇග පුරාම පුකවල් සෑදේ) .මේ සේරම පුකවල් ටික නැති වේවා.. (තිබ්බ පුකත් නැතිවේ) .තිබ්බ පුක විතරක් ආයි එන්න. ඩම්බල්ඩෝර් · 21 ඔච්ට් 2018 මට වරයක් හම්බුනොත්... . හිමාගෙ ඉමෝජි කීබෝඩ් එක අයින් කරනවා . ලිලීගෙන් හොදක් කියල ට්වීට් එකක් දම්මගන්නව . ටීනිගෙ උස අඩු කරනවා . ටික්ටොක් අයින් කරනවා ම්ම් තව මොනවද?,මට වර 3ක් හම්බුනොත්. ඕන පුකක් වෙයං. ( ඇග පුරාම පුකවල් සෑදේ) .මේ සේරම පුකවල් ටික නැති වේවා.. (තිබ්බ පුකත් නැතිවේ) .තිබ්බ පුක විතරක් ආයි එන්න. ඩම්බල්ඩෝර් · 21 ඔච්ට් 2018 මට වරයක් හම්බුනොත්... . හිමාගෙ ඉමෝජි කීබෝඩ් එක අයින් කරනවා . ලිලීගෙන් හොදක් කියල ට්වීට් එකක් දම්මගන්නව . ටීනිගෙ උස අඩු කරනවා . ටික්ටොක් අයින් කරනවා ම්ම් තව මොනවද?,Harassment,0.4744,Harassment,0.96
සිරාවට බං උබ වගේ පොන්න ඩයලුත් එනවනෙ අනුන්ගෙ කොන්වො අස්සට.ආවත් කමක් නෑ ආතල් එකක් දීල පාඩුවේ කට පුක වහගෙන ඉන්නව නම්.එක එකාගෙ ලිංග ගැන කියවන්නෙ.උබ වගේ එවුන් තමයි කාලයක් අර ග්‍රීස් යක්කු කියල හිටියෙ.ගෙවල් වලට පැනල ගෑනුන්ගෙ යට ඇඳුම් උස්සනිඩ,සිරාවට බං උබ වගේ පොන්න ඩයලුත් එනවනෙ අනුන්ගෙ කොන්වො අස්සට.ආවත් කමක් නෑ ආතල් එකක් දීල පාඩුවේ කට පුක වහගෙන ඉන්නව නම්.එක එකාගෙ ලිංග ගැන කියවන්නෙ.උබ වගේ එවුන් තමයි කාලයක් අර ග්‍රීස් යක්කු කියල හිටියෙ.ගෙවල් වලට පැනල ගෑනුන්ගෙ යට ඇඳුම් උස්සනිඩ,Harassment,0.5234,Harassment,0.9019
Vulnerable =වල් නරින්ට අසුවන සුළු ඔද්ද්සින්හලත්රංස්ලතිඔන්ස,Vulnerable =වල් නරින්ට අසුවන සුළු ඔද්ද්සින්හලත්රංස්ලතිඔන්ස,Harassment,0.5107,Harassment,0.6899
"පලයන් පොන්න වේසිගෙ පුතා යන්න,උබ පුලුවන්නම් මේ මිනිහ හදාපු උදාගමක් ළගට ගෙහුං මේ ගොන් කතාව කියාපන්කෝ.!!! මේ මිනිහ අර විමලසිරිය වගේ පවුලේ හැත්ත බුරුත්ත්ට ගෙවල් බෙදල දුන්නේ නෑ..!!!!!","පලයන් පොන්න වේසිගෙ පුතා යන්න,උබ පුලුවන්නම් මේ මිනිහ හදාපු උදාගමක් ළගට ගෙහුං මේ ගොන් කතාව කියාපන්කෝ.!!! මේ මිනිහ අර විමලසිරිය වගේ පවුලේ හැත්ත බුරුත්ත්ට ගෙවල් බෙදල දුන්නේ නෑ..!!!!!",Harassment,0.4917,Harassment,0.9653
උබට අනුන්ගෙ පු* වල් නැතුවම බැ වාගේ රනුක · 1 සේප 2016 ගෙ පු* සුදුද ?? ක්ක කුඑස්තිඔන්සොන්ත්වෙඑප්ස,උබට අනුන්ගෙ පු* වල් නැතුවම බැ වාගේ රනුක · 1 සේප 2016 ගෙ පු* සුදුද ?? ක්ක කුඑස්තිඔන්සොන්ත්වෙඑප්ස,Harassment,0.6694,Harassment,0.8696
හොල්ලන් අ ඒව විතරයි හම්බුනේ . ඔක්කොම එක වගේ ඔක්කොම ඉස්සරහට ඇවිල්ල පුක හොල්ලව දැන්නම් පුක වල් ඇති වෙලා තියෙනෙ,හොල්ලන් අ ඒව විතරයි හම්බුනේ . ඔක්කොම එක වගේ ඔක්කොම ඉස්සරහට ඇවිල්ල පුක හොල්ලව දැන්නම් පුක වල් ඇති වෙලා තියෙනෙ,Harassment,0.7173,Harassment,0.9678
වල් උනාට පෙන්නන්නේ නැති කෙල්ලෙක් ලංකංරෙඅසොන්ස්තොලිකෙසොමෙඔනෙ,වල් උනාට පෙන්නන්නේ නැති කෙල්ලෙක් ලංකංරෙඅසොන්ස්තොලිකෙසොමෙඔනෙ,Harassment,0.6685,Harassment,0.6621
රෙද්ද උස්සලා සල්ලි හොයන වෙලේ රෙද්දක් මහලා සල්ලි හොයපං. වේසි. උර්ල්,රෙද්ද උස්සලා සල්ලි හොයන වෙලේ රෙද්දක් මහලා සල්ලි හොයපං. වේසි. උර්ල්,Harassment,0.5576,Harassment,0.6182
"ගැබුරියි කියා නොහිතෙයි දියමැද්ද , දියබුන් ගැසු තව කියක් ඇද්ද . නබර ගාන්ට එපා පියවුරැ මැද්ද , කැඩුවොත් රෙද්ද තලනවා මම උබෙ ලබ්**","ගැබුරියි කියා නොහිතෙයි දියමැද්ද , දියබුන් ගැසු තව කියක් ඇද්ද . නබර ගාන්ට එපා පියවුරැ මැද්ද , කැඩුවොත් රෙද්ද තලනවා මම උබෙ ලබ්**",Harassment,0.7593,Harassment,0.5938
17 ඔතෙර්ස් ඈ හත් ඉලව්වෙ උබේ පච්ච වඩමෙ කටහඬ ඇහෙද්දි නිදාගන්න විදියක් නෑ කිය්ල බොගෙ මිනිහමයි කිව්වෙ... රෙද්ද..,17 ඔතෙර්ස් ඈ හත් ඉලව්වෙ උබේ පච්ච වඩමෙ කටහඬ ඇහෙද්දි නිදාගන්න විදියක් නෑ කිය්ල බොගෙ මිනිහමයි කිව්වෙ... රෙද්ද..,Harassment,0.5996,Harassment,0.709
රෙද්ද පාත් කරලා පුක දුන්නා නම් වැඩේ ලේසිනේ මේ හුක්කට අමන තට්ටයාට...,රෙද්ද පාත් කරලා පුක දුන්නා නම් වැඩේ ලේසිනේ මේ හුක්කට අමන තට්ටයාට...,Harassment,0.687,Harassment,0.9648
මේ ළඟින්ම ඉන්න උන්. අවුලක් නෑ බං. මේ වගේ දිය රෙද්දෙන් බෙල්ල කපන වේස බල්ලෝ කී දෙනෙක් උනත් හැලුනට,මේ ළඟින්ම ඉන්න උන්. අවුලක් නෑ බං. මේ වගේ දිය රෙද්දෙන් බෙල්ල කපන වේස බල්ලෝ කී දෙනෙක් උනත් හැලුනට,Harassment,0.5337,Harassment,0.6919
අස්සිග්න්මෙන්ට්ස් හොයා ගත්ත එකාව දස වද දීලා මරන්න ඕනෙ රෙද්ද,අස්සිග්න්මෙන්ට්ස් හොයා ගත්ත එකාව දස වද දීලා මරන්න ඕනෙ රෙද්ද,Harassment,0.4817,Harassment,0.895
දැනුත් එහෙම තමා .. හිතාන් දැන් පුංචි බේබිගේ ටාටියානා එලියේ දාන් ගෝල්ෆේස් එකේ හිටොයොත් උබ යනවදා ආ නන්ගී සැපක් දෙනවද කියලා අහන්න නෑ නෙ බල්ලා වගේ නගුට පුකේ ගහන් ඉන්නවා ඇර ඔන්න ඉදියප්පන් කඩේ කෙල්ලගෙ දිය රෙද්ද කැඩුනොත් උබ පොටෝ ගහලා මේකෙ දායි,දැනුත් එහෙම තමා .. හිතාන් දැන් පුංචි බේබිගේ ටාටියානා එලියේ දාන් ගෝල්ෆේස් එකේ හිටොයොත් උබ යනවදා ආ නන්ගී සැපක් දෙනවද කියලා අහන්න නෑ නෙ බල්ලා වගේ නගුට පුකේ ගහන් ඉන්නවා ඇර ඔන්න ඉදියප්පන් කඩේ කෙල්ලගෙ දිය රෙද්ද කැඩුනොත් උබ පොටෝ ගහලා මේකෙ දායි,Harassment,0.6553,Harassment,0.7573
"රයිස් එකක් ග්‍රෙන්න යැව්වා, මේකා කෝකියා වෙලාද රෙද්ද ,බඩේ පනුවන්ගෙ පනුවොත් බොක්සිං ගහනවා","රයිස් එකක් ග්‍රෙන්න යැව්වා, මේකා කෝකියා වෙලාද රෙද්ද ,බඩේ පනුවන්ගෙ පනුවොත් බොක්සිං ගහනවා",Harassment,0.668,Harassment,0.936
නම්බහ් රේ වටේ දාන්නේ නංගිට දීපං කෝ රෙද්ද,නම්බහ් රේ වටේ දාන්නේ නංගිට දීපං කෝ රෙද්ද,Harassment,0.4897,Harassment,0.8457
හැමදාම තමුන්ගෙම රෙද්දස්ස හොය හොය උන්නොත් පයිය දෙකට නවල පුකේ ගහගන්නයි වෙන්නෙ..,හැමදාම තමුන්ගෙම රෙද්දස්ස හොය හොය උන්නොත් පයිය දෙකට නවල පුකේ ගහගන්නයි වෙන්නෙ..,Harassment,0.4985,Harassment,0.979
අර වේසා ගෑනු feminist කියාගෙන උන්නට අරින්නෙම ගෑනුන්ටනේ.නදකින් ඔයිට හොදයි රීටා අක්කා අඩුම තරමෙ උස්සපු රෙද්දට හරි ගරු කලා feminist ආච්ච්ගෙ රෙද්ද.ගූ හතයි උන් කරන්නෙත් නෑ කරන එකියෙට රැඳිලා ඉන්න දෙන්නෙත් නෑ අපරාදෙ ඕකුන්ව සරමෙ පිහදගන්න තිබ්බෙ උන්ගෙ දෙමාපියන්ට.ගනිකාවන්ටත් අවනම්බුවක්,අර වේසා ගෑනු feminist කියාගෙන උන්නට අරින්නෙම ගෑනුන්ටනේ.නදකින් ඔයිට හොදයි රීටා අක්කා අඩුම තරමෙ උස්සපු රෙද්දට හරි ගරු කලා feminist ආච්ච්ගෙ රෙද්ද.ගූ හතයි උන් කරන්නෙත් නෑ කරන එකියෙට රැඳිලා ඉන්න දෙන්නෙත් නෑ අපරාදෙ ඕකුන්ව සරමෙ පිහදගන්න තිබ්බෙ උන්ගෙ දෙමාපියන්ට.ගනිකාවන්ටත් අවනම්බුවක්,Harassment,0.771,Harassment,0.9639
උන් හොදයිබන් ලැජ්ජ බය ඇරල තියෙන්නේ.බොංචි කඩන්නත් පුලුවන්.කොකටත් කියල බලපන් ගලවපිය කලිසම කියල පුරැද්දට ගැලඋනොත් උඹ හොයා ගත්ත වැට මාර කොල්ල,උන් හොදයිබන් ලැජ්ජ බය ඇරල තියෙන්නේ.බොංචි කඩන්නත් පුලුවන්.කොකටත් කියල බලපන් ගලවපිය කලිසම කියල පුරැද්දට ගැලඋනොත් උඹ හොයා ගත්ත වැට මාර කොල්ල,Harassment,0.7617,Harassment,0.5518
මේවාගේ මිනිහ හරියට කතාකරල තියෙනවා මම පොන්නයද කියල උඹ කිවුවද ඌට නම් පුකේ අරින්න ගියේ නෑඔය කිවුව පයිය කටට අරන්ද දන්නෑ ගොන්ද නැද්ද බැලුවේ,මේවාගේ මිනිහ හරියට කතාකරල තියෙනවා මම පොන්නයද කියල උඹ කිවුවද ඌට නම් පුකේ අරින්න ගියේ නෑඔය කිවුව පයිය කටට අරන්ද දන්නෑ ගොන්ද නැද්ද බැලුවේ,Harassment,0.7144,Harassment,0.9712
පලයන් යන්න පොල් බූරුවා ගොහින් ලෙවකාපන් මහින්දගේ පු@. ඇත්තද උඹට කොරෝනා කියන්නේ? ලක ලක් ශ්‍රීලංකා,පලයන් යන්න පොල් බූරුවා ගොහින් ලෙවකාපන් මහින්දගේ පු@. ඇත්තද උඹට කොරෝනා කියන්නේ? ලක ලක් ශ්‍රීලංකා,Harassment,0.7114,Harassment,0.916
මැද්දෙන් පැනලා පුක පලාගන්න හදන්නේ උඹ ඔය....,මැද්දෙන් පැනලා පුක පලාගන්න හදන්නේ උඹ ඔය....,Harassment,0.6309,Harassment,0.5337
උඹලගේ අ#@&ට හැ#@# වේ## පුතා..... හු#$%නේ නැතිව පලයන් කෙල්ලන්ට කතා කරන පොලීසියේ වියත් බස් වහර උර්ල්,උඹලගේ අ#@&ට හැ#@# වේ## පුතා..... හු#$%නේ නැතිව පලයන් කෙල්ලන්ට කතා කරන පොලීසියේ වියත් බස් වහර උර්ල්,Harassment,0.5801,Harassment,0.9692
මූ මේ කියන දේ හොඳටම තේරිලත් නිල් කොල බෙට්ටෙම ඉන්න කාලකන්නි ඒක ඇත්ත කියලා පිලිගන්නේ නෑ. උන්ට කියන්න තියෙන්නෙ එකයි.. තොපේ දරුවොත් පෝලිමේ තියලා කියපියව් අපිත් කොල නිල් පුකවල් හොඳට දිව දාලා ලෙව කෑවා. උඹලත් ඒ හාමුලගේ පුක ලෙවකාපන්. උන්ගේ ගූත් හරි රසයි.. අපිට කන්න බොන්න නැතත්.. කියලා.,මූ මේ කියන දේ හොඳටම තේරිලත් නිල් කොල බෙට්ටෙම ඉන්න කාලකන්නි ඒක ඇත්ත කියලා පිලිගන්නේ නෑ. උන්ට කියන්න තියෙන්නෙ එකයි.. තොපේ දරුවොත් පෝලිමේ තියලා කියපියව් අපිත් කොල නිල් පුකවල් හොඳට දිව දාලා ලෙව කෑවා. උඹලත් ඒ හාමුලගේ පුක ලෙවකාපන්. උන්ගේ ගූත් හරි රසයි.. අපිට කන්න බොන්න නැතත්.. කියලා.,Harassment,0.5063,Harassment,0.835
", හැබැයි මට හිතාගන්න බැහැ උඹේ මහා ලොකු පයිය ගැන",", හැබැයි මට හිතාගන්න බැහැ උඹේ මහා ලොකු පයිය ගැන",Harassment,0.5117,Harassment,0.7935
මේ අහපන් පකයා.. මේකත් අහගෙන පලයන් වටේට කියලා හුකාගන්න කලින්.. උඹ වගේ පක්කු මම ඕන තරම් දැකලා තියනවා.. උඹලා වගේ කාඩ්බෝඩ් වීරයෝ තමා සම් ඇවිත් කොල්ලෙක්ව අරන් බයිට් කරන්නේ. අතගාලා බලහන් පක වෙනුවට හුත්ත සෙට් වෙලාද කියලා උඹට...,මේ අහපන් පකයා.. මේකත් අහගෙන පලයන් වටේට කියලා හුකාගන්න කලින්.. උඹ වගේ පක්කු මම ඕන තරම් දැකලා තියනවා.. උඹලා වගේ කාඩ්බෝඩ් වීරයෝ තමා සම් ඇවිත් කොල්ලෙක්ව අරන් බයිට් කරන්නේ. අතගාලා බලහන් පක වෙනුවට හුත්ත සෙට් වෙලාද කියලා උඹට...,Harassment,0.7593,Harassment,0.689
රෙන්න දිරවන්නෙපැයි? උඹේ කාපුගමන් බෙට්ට පුක අයිනට එනවද,රෙන්න දිරවන්නෙපැයි? උඹේ කාපුගමන් බෙට්ට පුක අයිනට එනවද,Harassment,0.646,Harassment,0.8892
හා. ගහලා හිරේ පලයන් එතකොට උඹේ වදෙත් ඉවරයි...,හා. ගහලා හිරේ පලයන් එතකොට උඹේ වදෙත් ඉවරයි...,Harassment,0.5703,Harassment,0.8765
හිරිගඩු පිපුනේ නැත්තම් උඹ තිරිසෙනෙක් කාමිල දිඅස් · 17 May 2021 යෙඅර්ස් ago ඕන this day,හිරිගඩු පිපුනේ නැත්තම් උඹ තිරිසෙනෙක් කාමිල දිඅස් · 17 May 2021 යෙඅර්ස් ago ඕන this day,Harassment,0.6807,Harassment,0.7334
මැණිකෙ උඹ ඇරපු නයි මමත් කෑවනම් මට අද කොරෝනා තුක්තුක්කුඔතෙස්,මැණිකෙ උඹ ඇරපු නයි මමත් කෑවනම් මට අද කොරෝනා තුක්තුක්කුඔතෙස්,Harassment,0.7837,Harassment,0.9692
මේ උඹේ මිනිහට කියපන් හරියට කතාකරන්න කියල පයිය ගැනයි පොන්නද නැද්ස කියල බලන එකද උගේ ගේම හුකන කතා නැතුව පාඩුවෙ හිටපන් හුත්ති,මේ උඹේ මිනිහට කියපන් හරියට කතාකරන්න කියල පයිය ගැනයි පොන්නද නැද්ස කියල බලන එකද උගේ ගේම හුකන කතා නැතුව පාඩුවෙ හිටපන් හුත්ති,Harassment,0.7734,Harassment,0.9868
"අඩෝ උඹ අලුත්ද, මම විස්වාස කරා. පලයන් බන් පොයි නොකියා. උඹ ගොඩාක් ආදරේ වගේ ඌට හේ really ලොවෙස් you bung","අඩෝ උඹ අලුත්ද, මම විස්වාස කරා. පලයන් බන් පොයි නොකියා. උඹ ගොඩාක් ආදරේ වගේ ඌට හේ really ලොවෙස් you bung",Harassment,0.5127,Harassment,0.9292
තව නැ පේන දවසට කියන්නම් උඹට .ුැවිත් වල කපලා දීලා පලයන්,තව නැ පේන දවසට කියන්නම් උඹට .ුැවිත් වල කපලා දීලා පලයන්,Harassment,0.6826,Harassment,0.5693
ඉස්කෝලේ යන කෙල්ලෝ බීලා නටද්දී අවුලක් නෑ උඹට? මට ආසයි උඹේ දරුවෙකුත් ඔහොම කරලා අහු උනොත් උඹ ඔහොමම කියයිද කියලා බලන්න.බීපන් දුවේ කියලා,ඉස්කෝලේ යන කෙල්ලෝ බීලා නටද්දී අවුලක් නෑ උඹට? මට ආසයි උඹේ දරුවෙකුත් ඔහොම කරලා අහු උනොත් උඹ ඔහොමම කියයිද කියලා බලන්න.බීපන් දුවේ කියලා,Harassment,0.6055,Harassment,0.668
උඹ හදාගත්තු වෙලාවේ බල්ලෙක් හදගත්තනම් නැට්ටවත් වනනවා ස්රිලන්කන්පරෙන්ට්සාද්විචේ,උඹ හදාගත්තු වෙලාවේ බල්ලෙක් හදගත්තනම් නැට්ටවත් වනනවා ස්රිලන්කන්පරෙන්ට්සාද්විචේ,Harassment,0.5859,Harassment,0.7642
", උඹේ කටට මසුරන් දාන්න වටිනවා",", උඹේ කටට මසුරන් දාන්න වටිනවා",Harassment,0.5278,Harassment,0.9443
මගේ රහසක නිම්හිම් නිම්නයක කලවල ඉහන් උඹත් ගිම් හිම් ඩිම්බයක ගිනි තියන් ඕම negative පටි ඔය හැසීරීම මට ගබ්සාවේ දොරටු අරී මිරැන්ඩා දැන් උඹ අර්ත්මාර්තකාමී #රේඩියෝශෝවිත්සැන්ඩි,මගේ රහසක නිම්හිම් නිම්නයක කලවල ඉහන් උඹත් ගිම් හිම් ඩිම්බයක ගිනි තියන් ඕම negative පටි ඔය හැසීරීම මට ගබ්සාවේ දොරටු අරී මිරැන්ඩා දැන් උඹ අර්ත්මාර්තකාමී #රේඩියෝශෝවිත්සැන්ඩි,Harassment,0.7373,Harassment,0.6733
හැම මගුලට පුක දෙන්න ඇවිත් පුකට මැහුම් දාන්න උඹ අරැ ගන්නව දවසක මල්ලේ,හැම මගුලට පුක දෙන්න ඇවිත් පුකට මැහුම් දාන්න උඹ අරැ ගන්නව දවසක මල්ලේ,Harassment,0.6611,Harassment,0.9819
දම්සාරී...පවන්...කෙලලා...වෙන එකියක්ට උඹ නැති හින්ද ප් උර්ල්,දම්සාරී...පවන්...කෙලලා...වෙන එකියක්ට උඹ නැති හින්ද ප් උර්ල්,Harassment,0.6318,Harassment,0.8774
ඉතින් උඹට පුකද? මම නෙ කිව්වෙ. සො උඹ කව්ද මගෙ අයිසේ වැඩක් බලාගනිම් පොන්න ආතල් දෙන්නෙ නැතුව. කෙල්ලො මැද්දෙ. මොකෙක්ද මූ,ඉතින් උඹට පුකද? මම නෙ කිව්වෙ. සො උඹ කව්ද මගෙ අයිසේ වැඩක් බලාගනිම් පොන්න ආතල් දෙන්නෙ නැතුව. කෙල්ලො මැද්දෙ. මොකෙක්ද මූ,Harassment,0.6528,Harassment,0.7231
කොරෝනා..ඔයිට වැඩිය හොඳයි උඹ මට හැදිලා..මට ඇරිය නම්...කල් බලාගෙන හිටියා කන්දක් නගින්න..රෙද්ද...,කොරෝනා..ඔයිට වැඩිය හොඳයි උඹ මට හැදිලා..මට ඇරිය නම්...කල් බලාගෙන හිටියා කන්දක් නගින්න..රෙද්ද...,Harassment,0.6011,Harassment,0.9497
"එහෙම එවුන්ගේ ගෑණු තමා ඉක්මනට පිට යන්නේ, තමන්ගේ මිනිහට කියලා හු........ගන්න බැරි වුනාම.. මෙහෙම එවුන්ගේ ළමයි තමා අල්ලපු ගෙදර මිනිහගේ, හොඳම යාළුවගේ මූහුණුවර ඇතිව ඉපදෙන්නේ... උඹ ආඩම්බර වෙයන් මගේ බොක්ක මෙහෙම එකෙක්ට පිහිටක් වුනා කියලා..","එහෙම එවුන්ගේ ගෑණු තමා ඉක්මනට පිට යන්නේ, තමන්ගේ මිනිහට කියලා හු........ගන්න බැරි වුනාම.. මෙහෙම එවුන්ගේ ළමයි තමා අල්ලපු ගෙදර මිනිහගේ, හොඳම යාළුවගේ මූහුණුවර ඇතිව ඉපදෙන්නේ... උඹ ආඩම්බර වෙයන් මගේ බොක්ක මෙහෙම එකෙක්ට පිහිටක් වුනා කියලා..",Harassment,0.5093,Harassment,0.665
"උඹ ශෘංගාරි නෙවෙයි සුන්‍යාගරයක්, උඹේ තොම්පලේ ලෙව කාපු උන්ට කියපන් පොන්නයා කියලා. කතා කරන්න දැනගනින් ලොන්තපෝල් ගොන් වේසි. උඹට ටිකක් සද්ද නැතිව ඉන්නකොට එනවද කටේ උලන්න පඳුරු ගොනා","උඹ ශෘංගාරි නෙවෙයි සුන්‍යාගරයක්, උඹේ තොම්පලේ ලෙව කාපු උන්ට කියපන් පොන්නයා කියලා. කතා කරන්න දැනගනින් ලොන්තපෝල් ගොන් වේසි. උඹට ටිකක් සද්ද නැතිව ඉන්නකොට එනවද කටේ උලන්න පඳුරු ගොනා",Harassment,0.7876,Harassment,0.9839
උඹ හැමදාම කලේ මගෙ හිතට මානබලපු එක උඹට ඕන උනේ මද්දකින් පටලලා හරි තලාපෙලා රිද්දලා හරි මාව කුදලගන්න.. ඉතින් උඹ ලේ රහට වහ වැටුන මස් වැද්දෙක් කියලා මට දැනෙන එක අසාදාරණ නෑ.,උඹ හැමදාම කලේ මගෙ හිතට මානබලපු එක උඹට ඕන උනේ මද්දකින් පටලලා හරි තලාපෙලා රිද්දලා හරි මාව කුදලගන්න.. ඉතින් උඹ ලේ රහට වහ වැටුන මස් වැද්දෙක් කියලා මට දැනෙන එක අසාදාරණ නෑ.,Harassment,0.5669,Harassment,0.8882
", රෙන්න බරට කැලේට යන උඹ වගේ එවුන්ට ටුවිටර් එක වගේ තැන් කොමඩ් එක වගේද.. හිතෙන හිතෙන තැන රෙන එක නවත්තපන්. පුරුදු කැලේටම පලයන් කෙල්ලන්නට වද නොදී.. උඹව හම්බවෙන්න අර දෙන්නා ඇද උඩ නෙමේ සෙල්ලම් දාලා තියෙන්නේ මූකලානේ ගලක් උඩ. ඒකයි උඹ වගේ මූකලන් හුකන්නෙක් ජාතක වෙලා ඉන්නේ..",", රෙන්න බරට කැලේට යන උඹ වගේ එවුන්ට ටුවිටර් එක වගේ තැන් කොමඩ් එක වගේද.. හිතෙන හිතෙන තැන රෙන එක නවත්තපන්. පුරුදු කැලේටම පලයන් කෙල්ලන්නට වද නොදී.. උඹව හම්බවෙන්න අර දෙන්නා ඇද උඩ නෙමේ සෙල්ලම් දාලා තියෙන්නේ මූකලානේ ගලක් උඩ. ඒකයි උඹ වගේ මූකලන් හුකන්නෙක් ජාතක වෙලා ඉන්නේ..",Harassment,0.7856,Harassment,0.6162
ප්‍රේමය උඹ ඩෙංගු මදුරුවෙක් වගේ පොඩි තෙතමනයක් ඇති පණ ගහලා ඇවිත් මාව කාල නිදි නැති කරල ලේ විෂ කරල මරා දාන්න. - 30.11.2021 #slashed,ප්‍රේමය උඹ ඩෙංගු මදුරුවෙක් වගේ පොඩි තෙතමනයක් ඇති පණ ගහලා ඇවිත් මාව කාල නිදි නැති කරල ලේ විෂ කරල මරා දාන්න. - 30.11.2021 #slashed,Harassment,0.6455,Harassment,0.79
උඹ ඉතින් ගෑණුන්ගේ හුත්තවල් පෙන්නලා ජනප්‍රිය උන පොන්නයා නේද?උඹේ sis ව නාමල්ට විකුණනලා කියක් හරි හොයා ගනින් තව,උඹ ඉතින් ගෑණුන්ගේ හුත්තවල් පෙන්නලා ජනප්‍රිය උන පොන්නයා නේද?උඹේ sis ව නාමල්ට විකුණනලා කියක් හරි හොයා ගනින් තව,Harassment,0.6992,Harassment,0.9785
විනාකීරි දාන්න ඕනෙ උඹෙ කටට,විනාකීරි දාන්න ඕනෙ උඹෙ කටට,Harassment,0.6172,Harassment,0.9507
බාල ලෑල්ලේ ගුල්ලා චණ්ඩියා උඹ ගුල්ලා මලියා කියත් තලේ උඹ සීතලේ අපි සුස්තියේ පස් පංගුවම ගැහුවේ බෝඩරේ නවත්තපන් උඹේ බේගලේ අපිට පඩි දෙන්නෙ පදනමේ සෙල්ලමක් රස්තියාදු අපි සෙල්ලං කරන්නේ මොළෙන් පිල්ලමක් අඩු උනොත් උඹට ලකුණු අඩු වෙන්නේ කොලෙන්,බාල ලෑල්ලේ ගුල්ලා චණ්ඩියා උඹ ගුල්ලා මලියා කියත් තලේ උඹ සීතලේ අපි සුස්තියේ පස් පංගුවම ගැහුවේ බෝඩරේ නවත්තපන් උඹේ බේගලේ අපිට පඩි දෙන්නෙ පදනමේ සෙල්ලමක් රස්තියාදු අපි සෙල්ලං කරන්නේ මොළෙන් පිල්ලමක් අඩු උනොත් උඹට ලකුණු අඩු වෙන්නේ කොලෙන්,Harassment,0.4895,Harassment,0.6704
"උඹ , -ගහලද බදින්නේ -බැදලද ගහන්නේ අවංකවම කියපං හුත්තික්කොලුකෙල්ලනේ ඉතින් — feeling thoughtful","උඹ , -ගහලද බදින්නේ -බැදලද ගහන්නේ අවංකවම කියපං හුත්තික්කොලුකෙල්ලනේ ඉතින් — feeling thoughtful",Harassment,0.7598,Harassment,0.8369
උඹටත් හිටියද එක්කෙනෙක් මදිවෙලා තව අය හොයාගෙන වටේගිය වේස කුලප්පුව හැදුන තාවකාලික හෝන්තුවක් !!!,උඹටත් හිටියද එක්කෙනෙක් මදිවෙලා තව අය හොයාගෙන වටේගිය වේස කුලප්පුව හැදුන තාවකාලික හෝන්තුවක් !!!,Harassment,0.5693,Harassment,0.8979
මගෙ දෛවය ලියපු එකාට කියන්නෙ...උඹ හුකපන් පොන්න කැරියා...,මගෙ දෛවය ලියපු එකාට කියන්නෙ...උඹ හුකපන් පොන්න කැරියා...,Harassment,0.6655,Harassment,0.6431
උඹ ඔය වාඩිවෙලා ඉන්නේ කරත්තෙකද? ඒකේ ඉන්න ගොනාගේ වල්ගේ උස්සලා පුපට ගහපං,උඹ ඔය වාඩිවෙලා ඉන්නේ කරත්තෙකද? ඒකේ ඉන්න ගොනාගේ වල්ගේ උස්සලා පුපට ගහපං,Harassment,0.667,Harassment,0.9482
හෙඩ්සෙට් එක කනේ ගහන් මයික් එක කටේ ගහන් ඉන්න එවුන් මට පෙන්නන්න බෑ. උඹ අත ෆ්‍රී තියන් ඉන්නෙ පුක කහන්නද?,හෙඩ්සෙට් එක කනේ ගහන් මයික් එක කටේ ගහන් ඉන්න එවුන් මට පෙන්නන්න බෑ. උඹ අත ෆ්‍රී තියන් ඉන්නෙ පුක කහන්නද?,Harassment,0.5073,Harassment,0.686
අනේ බොල කටුස්සියෙ. ටිං බෙලෙක්කෙකට ගල් දානව වගේ උඹේ ටකරං කට,අනේ බොල කටුස්සියෙ. ටිං බෙලෙක්කෙකට ගල් දානව වගේ උඹේ ටකරං කට,Harassment,0.793,Harassment,0.9448
කොන්ඩම් පාවිච්චි කරන්නෙ පුකේ අරින්න විතරක් වෙන්නත් පුලුවං. එහෙමත් නැත්තං උඹ අහල තියනවද එලුවගෙ බෙල්ල වෙන්වෙන්න කපල මුට්ටිය බින්ද ජොකියෙක් ගැන ??,කොන්ඩම් පාවිච්චි කරන්නෙ පුකේ අරින්න විතරක් වෙන්නත් පුලුවං. එහෙමත් නැත්තං උඹ අහල තියනවද එලුවගෙ බෙල්ල වෙන්වෙන්න කපල මුට්ටිය බින්ද ජොකියෙක් ගැන ??,Harassment,0.488,Harassment,0.9536
"විස්ව මේ, උඹ හලන පැනියක් නංකිලා බැයිනං ඕන එකෙක් එකෙක් එක්ක හලාගනිං","විස්ව මේ, උඹ හලන පැනියක් නංකිලා බැයිනං ඕන එකෙක් එකෙක් එක්ක හලාගනිං",Harassment,0.5742,Harassment,0.978
එඩිරස් එක දාපන් සනුහරයක්ම ගෙදරට එවන් උඹ මොනවද පකෝ මම ගැන දන්නේ කටවහන් හිටපන් නැත්නම් ඇට දෙකත් එක්ක කටේ ඔබන්නේ පයිය,එඩිරස් එක දාපන් සනුහරයක්ම ගෙදරට එවන් උඹ මොනවද පකෝ මම ගැන දන්නේ කටවහන් හිටපන් නැත්නම් ඇට දෙකත් එක්ක කටේ ඔබන්නේ පයිය,Harassment,0.689,Harassment,0.9663
"අන්තිමේට කරන්න දෙයක් මම කියන්නද? උඹලගේ නෝනලට දුවලට ළමයි නැත්තම් ඉන්දියාවේ පාරේ රෙන එකෙක්ට දීල ළමයෙක් හදාගනිල්ල. උඹලට ඉන්දියාව නැතුව බැහැ.#lka,#SriLanka,#Srilankacricket,#sl දෛල්ය්මිර්රෝර් · 23 ඔච්ට් 2018 සල් සීක්ස් ඉන්දිඅස් help ටො tackle fixing rut උර්ල්","අන්තිමේට කරන්න දෙයක් මම කියන්නද? උඹලගේ නෝනලට දුවලට ළමයි නැත්තම් ඉන්දියාවේ පාරේ රෙන එකෙක්ට දීල ළමයෙක් හදාගනිල්ල. උඹලට ඉන්දියාව නැතුව බැහැ.#lka,#SriLanka,#Srilankacricket,#sl දෛල්ය්මිර්රෝර් · 23 ඔච්ට් 2018 සල් සීක්ස් ඉන්දිඅස් help ටො tackle fixing rut උර්ල්",Harassment,0.5605,Harassment,0.7271
මල්ලි මට උඹේ එක කටට ගන්න ඕනේ - චමල් - — සීකේ රට්ටු මන් ගැන මොනා නොහිතයිද උර්ල්,මල්ලි මට උඹේ එක කටට ගන්න ඕනේ - චමල් - — සීකේ රට්ටු මන් ගැන මොනා නොහිතයිද උර්ල්,Harassment,0.5703,Harassment,0.7324
ගතේ හයිය අතට අරං - ගහපන් උඹ උම්බලකඩ වට්ටක්ක කැකිරි දොඬම් ළ්නක් · 19 නොව 2017 මම සහ මගේ අත. Better Love story than Twilight,ගතේ හයිය අතට අරං - ගහපන් උඹ උම්බලකඩ වට්ටක්ක කැකිරි දොඬම් ළ්නක් · 19 නොව 2017 මම සහ මගේ අත. Better Love story than Twilight,Harassment,0.5674,Harassment,0.6143
ජාතියේ වීරවංසය ලියන්ට කලිං උඹේ ගෑනිගේ උප්පැන්නෙ හරියට හදාගනිං ගොංවංස අනේ උඹ වගේ ගොං මී හරකෙක් මෝඩ මූසලයෙක් ලොල් ලක,ජාතියේ වීරවංසය ලියන්ට කලිං උඹේ ගෑනිගේ උප්පැන්නෙ හරියට හදාගනිං ගොංවංස අනේ උඹ වගේ ගොං මී හරකෙක් මෝඩ මූසලයෙක් ලොල් ලක,Harassment,0.5039,Harassment,0.9546
උඹම කටට දාගනින් මට එපා මසුරන්,උඹම කටට දාගනින් මට එපා මසුරන්,Harassment,0.5103,Harassment,0.5303
ස්කෝ‌ප්ප ආ‌සිය එක්කල රුවිත හේර එහෙම ළඟින්ම ඇ‌දල උඹ මට උඩ තියල කො‌ලේ වහල ඇ‌ද්දට කමක් නෑ තුරැම්පු ඉවර වුනාම පො‌ඩි... උර්ල්,ස්කෝ‌ප්ප ආ‌සිය එක්කල රුවිත හේර එහෙම ළඟින්ම ඇ‌දල උඹ මට උඩ තියල කො‌ලේ වහල ඇ‌ද්දට කමක් නෑ තුරැම්පු ඉවර වුනාම පො‌ඩි... උර්ල්,Harassment,0.6826,Harassment,0.8691
උඹ මොන සෙල්ලම දැම්මත් බගියව උබට සෙට් කරගන්න ඉඩ තියන්නේ නෑ විල්ලෛන්මොදෙඅක්තිවතෙද්,උඹ මොන සෙල්ලම දැම්මත් බගියව උබට සෙට් කරගන්න ඉඩ තියන්නේ නෑ විල්ලෛන්මොදෙඅක්තිවතෙද්,Harassment,0.4822,Harassment,0.8242
“කරඬුවක්‌ වගෙ උඹේ උඩු කය අනෙක්‌ උන් මැද දිලිසුණා මගේ හුස්‌මක්‌ ගැටී වෙන්නැති දුවේ කළු ගල හෙලවුණා” - මහින්ද ප්‍රසාද් මස්ඉඹුල ශ්‍රීලංකා,“කරඬුවක්‌ වගෙ උඹේ උඩු කය අනෙක්‌ උන් මැද දිලිසුණා මගේ හුස්‌මක්‌ ගැටී වෙන්නැති දුවේ කළු ගල හෙලවුණා” - මහින්ද ප්‍රසාද් මස්ඉඹුල ශ්‍රීලංකා,Harassment,0.5571,Harassment,0.644
උඹේ කටට කැවුමක් දාන්න වටිනවා.. අවුරුදුල්ක් ටෙඅම්කෙවුම්,උඹේ කටට කැවුමක් දාන්න වටිනවා.. අවුරුදුල්ක් ටෙඅම්කෙවුම්,Harassment,0.7861,Harassment,0.9189
කියන්නෙ ශුක්‍රාණු කාළකණ්ණියෙක්.! පාස්කු ප්‍රහාරයෙන් මිය ගිය මනුස්සයින්ගෙ මිනී උඩින් හෝ තම දේශපාලන වහල් කද අදින ගොන් නාම්බෙක්. උඹ වගේ උන් රටට පිළිලයක්. අසූචි අනුභව කරපං ගිහින්.රටේ ජාතික ව්‍යසනයක් දේශපාලන වාසි ගන්න යොදාගන්නවා කියන්නෙ උඹේ ජාතකේ ගැන හිතාගන්න පුලුවන් ලක,කියන්නෙ ශුක්‍රාණු කාළකණ්ණියෙක්.! පාස්කු ප්‍රහාරයෙන් මිය ගිය මනුස්සයින්ගෙ මිනී උඩින් හෝ තම දේශපාලන වහල් කද අදින ගොන් නාම්බෙක්. උඹ වගේ උන් රටට පිළිලයක්. අසූචි අනුභව කරපං ගිහින්.රටේ ජාතික ව්‍යසනයක් දේශපාලන වාසි ගන්න යොදාගන්නවා කියන්නෙ උඹේ ජාතකේ ගැන හිතාගන්න පුලුවන් ලක,Harassment,0.6382,Harassment,0.5903
"මම රොබින් උඹ කඩු දෙකේ නසියර්..., දැනගනින් උඹට අන්දනවා මම බ්‍රසියර්....!! -","මම රොබින් උඹ කඩු දෙකේ නසියර්..., දැනගනින් උඹට අන්දනවා මම බ්‍රසියර්....!! -",Harassment,0.4734,Harassment,0.7236
කැරි පොන්නය මාව බ්ලොක් කරල පාලු ගෙයි වලන් බින්ඳිනව හැබැයි පුතෙහ් උඹ කවුද කියල හොයාගත්ත දවසට උඹෙ අතක් කකුලක් කැඩුවෙ නැත්තං බලපං ඔන්න.,කැරි පොන්නය මාව බ්ලොක් කරල පාලු ගෙයි වලන් බින්ඳිනව හැබැයි පුතෙහ් උඹ කවුද කියල හොයාගත්ත දවසට උඹෙ අතක් කකුලක් කැඩුවෙ නැත්තං බලපං ඔන්න.,Harassment,0.6558,Harassment,0.5801
අපි කිරි බීල තමයි හැදුනෙ වැඩුනෙ. උඹ වගේ ගොන් කිරි බීල නෙමෙයි. අපි කිරි බොන්නං උඹ කරුණාවතී එක්ක හුකපං උර්ල්,අපි කිරි බීල තමයි හැදුනෙ වැඩුනෙ. උඹ වගේ ගොන් කිරි බීල නෙමෙයි. අපි කිරි බොන්නං උඹ කරුණාවතී එක්ක හුකපං උර්ල්,Harassment,0.6826,Harassment,0.9761
"විමලෝ විමලෝ බෝම්බ ලොරි ගණන් ගෙදරටම ගෙනල්ලා බස්සගෙන විනාශ වෙන්න කැමති නම් පිස්සු කෙලලා මේ රට විනාශයට ඇද ගෙන පලයන්- එහෙම නැත්තං ඔය ඉන්න පොන්න වේසිගේ පුතාලත් එක්ක එකතු වෙලා මේ රට ඇදගෙන පලයන්, අපි උඹලට තුනෙන් දෙකක් දුන්නෙ උඹලට කියලා අපේ ඇට මිරිකගන්න නොවේ","විමලෝ විමලෝ බෝම්බ ලොරි ගණන් ගෙදරටම ගෙනල්ලා බස්සගෙන විනාශ වෙන්න කැමති නම් පිස්සු කෙලලා මේ රට විනාශයට ඇද ගෙන පලයන්- එහෙම නැත්තං ඔය ඉන්න පොන්න වේසිගේ පුතාලත් එක්ක එකතු වෙලා මේ රට ඇදගෙන පලයන්, අපි උඹලට තුනෙන් දෙකක් දුන්නෙ උඹලට කියලා අපේ ඇට මිරිකගන්න නොවේ",Harassment,0.5171,Harassment,0.9492
මෙන්න උඹේ බඩුව පිට යනව,මෙන්න උඹේ බඩුව පිට යනව,Harassment,0.5957,Harassment,0.9702
උඹ තාම නාඹරයි විසේ ඇති පැලෙන්න මට වඩා ඇහැකි වෙයි හොඳට බොට ඉඹින්න මහ රෑට එපා හුරතල් වෙලා හැරෙන්න ඌ ආස ඔලුව අත ගාගෙනම නිදන්න... ටිකක් කල් ගෙවෙනකොට ගනී ඌ කියන්න මැණික මට ඕන පොඩි පැටියෙක්ව බලන්න බැරි උනත් මට කුසෙන් දරුවෙක්ව වදන්න හැකිවෙයන් උඹට ඌ තාත්තෙක් කරන්න... /6,උඹ තාම නාඹරයි විසේ ඇති පැලෙන්න මට වඩා ඇහැකි වෙයි හොඳට බොට ඉඹින්න මහ රෑට එපා හුරතල් වෙලා හැරෙන්න ඌ ආස ඔලුව අත ගාගෙනම නිදන්න... ටිකක් කල් ගෙවෙනකොට ගනී ඌ කියන්න මැණික මට ඕන පොඩි පැටියෙක්ව බලන්න බැරි උනත් මට කුසෙන් දරුවෙක්ව වදන්න හැකිවෙයන් උඹට ඌ තාත්තෙක් කරන්න... /6,Harassment,0.7988,Harassment,0.7676
දිවුල්ගනේ : හාදවෙලා යමන් පනේ සිරි සැප දෙන්නයි මය් Brain : උඹට රෙන්න නොදී පක තම්බා අඳින්න දෙන්නයි,දිවුල්ගනේ : හාදවෙලා යමන් පනේ සිරි සැප දෙන්නයි මය් Brain : උඹට රෙන්න නොදී පක තම්බා අඳින්න දෙන්නයි,Harassment,0.7031,Harassment,0.9819
කවුද කියහන් උඹට බඩුව කිව්ව එකා. සෙනිකව කපමු,කවුද කියහන් උඹට බඩුව කිව්ව එකා. සෙනිකව කපමු,Harassment,0.771,Harassment,0.9683
අක්කෙ ! අසම්මත පෙමක නැවතිලා ඌ කැපුවෙ ගෙල කැපුවොත් උඹේ ගෙල දාගන්න වෙන්නෙ මටත් බෙල්ලට වැල නෑ හානියක් කාටවත් කපන්නද මම ගල ?,අක්කෙ ! අසම්මත පෙමක නැවතිලා ඌ කැපුවෙ ගෙල කැපුවොත් උඹේ ගෙල දාගන්න වෙන්නෙ මටත් බෙල්ලට වැල නෑ හානියක් කාටවත් කපන්නද මම ගල ?,Harassment,0.6714,Harassment,0.7881
Over හිනාවෙන්න එපා පෙන්නලා තිස්දෙක දත පෙනෙයි වම් පැත්තෙ පණුවො කාපු කෘන්තක සුදු උඹ නේරංජනා ගානක් නෑ මම කන්තක කියවද්දි වරද්දපං කපුවන්ට අශ්ඨක වරදින්න ඕනෙ දවසක හරියන්න මිරිකෙන්න ඕනෙ දොඩමක යුශ එන්න ඉවසල ඇති පිරිමිනං ඇති වෙන්න ඒත් මේවා ගල් කියල හිතුවද නොරිදෙන්න.,Over හිනාවෙන්න එපා පෙන්නලා තිස්දෙක දත පෙනෙයි වම් පැත්තෙ පණුවො කාපු කෘන්තක සුදු උඹ නේරංජනා ගානක් නෑ මම කන්තක කියවද්දි වරද්දපං කපුවන්ට අශ්ඨක වරදින්න ඕනෙ දවසක හරියන්න මිරිකෙන්න ඕනෙ දොඩමක යුශ එන්න ඉවසල ඇති පිරිමිනං ඇති වෙන්න ඒත් මේවා ගල් කියල හිතුවද නොරිදෙන්න.,Harassment,0.6387,Harassment,0.9121
උඹ කරන එකක් කරන් පලයන් නංගී මූගේ ජාතකේ අවුලක් තියෙනවා,උඹ කරන එකක් කරන් පලයන් නංගී මූගේ ජාතකේ අවුලක් තියෙනවා,Harassment,0.75,Harassment,0.9409
"මගේ නං පුකේ අවුට්ගොයිං විතරයි මල්ලි, ඉන්කමිං නෑ. උඹේ පුක රෝමිං දාලා ඉන්කමින් විතරනේ. කටින් රෙන ගමන් පුක දිදී වටේ යන්න එපා. උඹේ මට්ටමෙන් මාව මනින්නත් එපා. හා, දැන් ඇඟිල්ල දාගන්න. යන්න. මතක් කරලා අත හෝදගන්න.","මගේ නං පුකේ අවුට්ගොයිං විතරයි මල්ලි, ඉන්කමිං නෑ. උඹේ පුක රෝමිං දාලා ඉන්කමින් විතරනේ. කටින් රෙන ගමන් පුක දිදී වටේ යන්න එපා. උඹේ මට්ටමෙන් මාව මනින්නත් එපා. හා, දැන් ඇඟිල්ල දාගන්න. යන්න. මතක් කරලා අත හෝදගන්න.",Harassment,0.5107,Harassment,0.9678
ඔව් අනේ ඕ වයසෙ උන්ගෙ හෙන කට. කතා කලාම ගහන්න හිතෙනෝ කට අනිත් පැත්තට යන්න,ඔව් අනේ ඕ වයසෙ උන්ගෙ හෙන කට. කතා කලාම ගහන්න හිතෙනෝ කට අනිත් පැත්තට යන්න,Harassment,0.5181,Harassment,0.5054
හෙන ගහපන් ඔය කටට,හෙන ගහපන් ඔය කටට,Harassment,0.5444,Harassment,0.8936
කවුද බම් මේ උට්ටිගේ පුතා?හැබැයි ඌ මනාව ඔප්පු කරනවා උගේ ජාතකේ හෙන ගැටළු සහගතයි කියලා.ඌට හපන් ඇන්කෝර් එක දෙන උට්ටීගේ පුතාලා,කවුද බම් මේ උට්ටිගේ පුතා?හැබැයි ඌ මනාව ඔප්පු කරනවා උගේ ජාතකේ හෙන ගැටළු සහගතයි කියලා.ඌට හපන් ඇන්කෝර් එක දෙන උට්ටීගේ පුතාලා,Harassment,0.7876,Harassment,0.9668
ගඟ බඬ හිටි හේව රාළ අන්න එන බොළ මේ පැත්තට ඌට හෙන ගැහිලා කැපිලා යන්ට කන්න දෙන්න ඕන කිරි හබරල සාජ්ජේ,ගඟ බඬ හිටි හේව රාළ අන්න එන බොළ මේ පැත්තට ඌට හෙන ගැහිලා කැපිලා යන්ට කන්න දෙන්න ඕන කිරි හබරල සාජ්ජේ,Harassment,0.6733,Harassment,0.4915
උබ හෙන හතම වැදිල මැරිලම පලයන් හිටන්.......,උබ හෙන හතම වැදිල මැරිලම පලයන් හිටන්.......,Harassment,0.5117,Harassment,0.9414
හෙනම ගහපං! හෙනම ගහල හකුලෝලම පලයන්!,හෙනම ගහපං! හෙනම ගහල හකුලෝලම පලයන්!,Harassment,0.5752,Harassment,0.9697
ගෙදරට මරගාතෙ ලෝකෙට පරකාසේ! පම්පෝරිම ගසන හෙන බක්කම දේසේ නියපොතු නොමැත කැහුමට පුක හෝ නාසේ බයටම රෙවෙන මුත් මරුවා ලඟ වාසේ ගෙදරට මරගාතෙ ලෝකෙට පරකාසේ සේසේ -10-2021 #සේසේගේකවිකොලය The following media ඉන්ච්ලුදෙස් potentially sensitive content. Change සෙට්ටින්ග්ස් View,ගෙදරට මරගාතෙ ලෝකෙට පරකාසේ! පම්පෝරිම ගසන හෙන බක්කම දේසේ නියපොතු නොමැත කැහුමට පුක හෝ නාසේ බයටම රෙවෙන මුත් මරුවා ලඟ වාසේ ගෙදරට මරගාතෙ ලෝකෙට පරකාසේ සේසේ -10-2021 #සේසේගේකවිකොලය The following media ඉන්ච්ලුදෙස් potentially sensitive content. Change සෙට්ටින්ග්ස් View,Harassment,0.6128,Harassment,0.6328
මගෙ පුකට කරපු ශේමින් වලට. එහෙනම් පුක නැති වෙලා ඉපදෙන්න ඕන,මගෙ පුකට කරපු ශේමින් වලට. එහෙනම් පුක නැති වෙලා ඉපදෙන්න ඕන,Harassment,0.6782,Harassment,0.8521
හුක හන්නේ හෙන හවුද හැස් හෙක හරම්,හුක හන්නේ හෙන හවුද හැස් හෙක හරම්,Harassment,0.7046,Harassment,0.896
ටහිකේ එහෙනන්ම් පරිස්සමින් පලයන් ආපහු,ටහිකේ එහෙනන්ම් පරිස්සමින් පලයන් ආපහු,Harassment,0.5781,Harassment,0.6841
මගේ හෙළුවැලි කය විකුණාගෙන කෑ තොපට හෙන හතම වැදියවු - උර්ල් උර්ල්,මගේ හෙළුවැලි කය විකුණාගෙන කෑ තොපට හෙන හතම වැදියවු - උර්ල් උර්ල්,Harassment,0.7627,Harassment,0.9512
මේක ඩුබ්ලිකේට් ගහන එකාට හෙන හතම වැදිලා කෙලවෙලා පලයන් ලබන මාසේ රස්සාවේන් එලියට වැටියන් පාරේ යද්දී බල්ලෙක් හපලා ඉස්පිරිතාලෙ ඉන්න වෙයන් මගේ සාපේ ඌට වැදියන් වැදියන් දෙයියනේ!!!! පස් - ඩුබ්ලිකේට් සඳහා රත්තා ආදේශ කරන්න :3,මේක ඩුබ්ලිකේට් ගහන එකාට හෙන හතම වැදිලා කෙලවෙලා පලයන් ලබන මාසේ රස්සාවේන් එලියට වැටියන් පාරේ යද්දී බල්ලෙක් හපලා ඉස්පිරිතාලෙ ඉන්න වෙයන් මගේ සාපේ ඌට වැදියන් වැදියන් දෙයියනේ!!!! පස් - ඩුබ්ලිකේට් සඳහා රත්තා ආදේශ කරන්න :3,Harassment,0.6372,Harassment,0.6733
", ම්ම්ම් මට කලින් කියන්නොනි.. අර වේස පකී නිරෝශා...ඕකු හෙනම ජෙල .මන් කිව්වා අමාට..",", ම්ම්ම් මට කලින් කියන්නොනි.. අර වේස පකී නිරෝශා...ඕකු හෙනම ජෙල .මන් කිව්වා අමාට..",Harassment,0.5117,Harassment,0.6465
"දැන් කාලෙ ඉන්නෙ පිස්සො, බල්ලාගෙ කට ඉඹලා කියනව ඌ පවුලෙ එකෙක් හින්දා පුක ලෙව කෑවට කමක් නෑ කියලා! එහෙනං බං! ළමයගෙ ගූ ටිකත් දිවෙන් අරන් දාපන්කො","දැන් කාලෙ ඉන්නෙ පිස්සො, බල්ලාගෙ කට ඉඹලා කියනව ඌ පවුලෙ එකෙක් හින්දා පුක ලෙව කෑවට කමක් නෑ කියලා! එහෙනං බං! ළමයගෙ ගූ ටිකත් දිවෙන් අරන් දාපන්කො",Harassment,0.4983,Harassment,0.9229
එහෙම නම් හෙන ගහල අකුලෝලම යන්න ඔනේ,එහෙම නම් හෙන ගහල අකුලෝලම යන්න ඔනේ,Harassment,0.5298,Harassment,0.6719
ගාල්ල ඉමදූව පැත්තෙද බන් උබත්. පුක හපාගෙන මැරියන් එහෙනම් උර්ල්,ගාල්ල ඉමදූව පැත්තෙද බන් උබත්. පුක හපාගෙන මැරියන් එහෙනම් උර්ල්,Harassment,0.7588,Harassment,0.8525
හෙට ඇන්ටිගුවා වට හෙන ගගහා වහින්ඩෝනේ හයියා හයියා හයීඊඊ හයියා හයියා හයියා හූඌඌ ඒස්වහ් පොහ් විව්ස්ල්,හෙට ඇන්ටිගුවා වට හෙන ගගහා වහින්ඩෝනේ හයියා හයියා හයීඊඊ හයියා හයියා හයියා හූඌඌ ඒස්වහ් පොහ් විව්ස්ල්,Harassment,0.6665,Harassment,0.5244
"ඕකි නිසා තමා මට කෙල උනේ, හෙන ගහලා අකුලෝලම පල! ව්හෙනල්රෙසුල්ත්සරෙඖත්","ඕකි නිසා තමා මට කෙල උනේ, හෙන ගහලා අකුලෝලම පල! ව්හෙනල්රෙසුල්ත්සරෙඖත්",Harassment,0.6016,Harassment,0.9497
පුසෙක් වගේ හිටියට කොටි දෙන... එපා ඔහෝම වදිනේ ලොකු හෙන... ඔයා ළපටි එත් හරි කපටි... <3 මාව රිද්දන්නට නම් හපනි...... උර්ල්,පුසෙක් වගේ හිටියට කොටි දෙන... එපා ඔහෝම වදිනේ ලොකු හෙන... ඔයා ළපටි එත් හරි කපටි... <3 මාව රිද්දන්නට නම් හපනි...... උර්ල්,Harassment,0.6562,Harassment,0.5
කෙල්ල හෙන පාන් බට්ටෙක් පාන් පෙන්නන බෑ ථෙදද්ද්ය්දිඅරිඑෂ්ල #පැණිවළලු,කෙල්ල හෙන පාන් බට්ටෙක් පාන් පෙන්නන බෑ ථෙදද්ද්ය්දිඅරිඑෂ්ල #පැණිවළලු,Harassment,0.5293,Harassment,0.8188
පාඩුවේ යනකොට ඇඟට කපන්‍ යන 3වීල් කාරයොන්ට හෙන ගහලා අකුලෝලම පල,පාඩුවේ යනකොට ඇඟට කපන්‍ යන 3වීල් කාරයොන්ට හෙන ගහලා අකුලෝලම පල,Harassment,0.6641,Harassment,0.9453
මැරුනත් යන්නෑ උඹ දාලා පුලුවන් තරම් පපුව තලපන් සැකයි වගේද සුදුනෝනා!!! එහෙනම් මරල බලපන්; Mel දිලන්ව්,මැරුනත් යන්නෑ උඹ දාලා පුලුවන් තරම් පපුව තලපන් සැකයි වගේද සුදුනෝනා!!! එහෙනම් මරල බලපන්; Mel දිලන්ව්,Harassment,0.6328,Harassment,0.6953
225 ටම කොරෝව හැදිලා මැරෙනවානම් වාව් පට්ට,225 ටම කොරෝව හැදිලා මැරෙනවානම් වාව් පට්ට,Harassment,0.5645,Harassment,0.9775
පකේ දෙකට කැපුවම පට්ට,පකේ දෙකට කැපුවම පට්ට,Harassment,0.5859,Harassment,0.9321
", මූව අල්ලන් තලන්න ඕන මම නං කියන්නෙ. අර හරක් පට්ටි වල ගොන් නාම්බො වැස්සියන්ට කරදර කරන්න ගත්තම පුෂි කරනවා වගේ තලන්න ඕන.",", මූව අල්ලන් තලන්න ඕන මම නං කියන්නෙ. අර හරක් පට්ටි වල ගොන් නාම්බො වැස්සියන්ට කරදර කරන්න ගත්තම පුෂි කරනවා වගේ තලන්න ඕන.",Harassment,0.5146,Harassment,0.6108
නුබ නැතුව මම කන කට්‍ට උනත් පට්ට... මෙට්ටේ උබ නැති නිසයී බදාගත්තේ කොට්ට.... ඇවිස්සුනා ප්‍රෙමය නම් දිමි ගොට්ට... දශඨ් කරපන් මගේ මැණික පොඩ්ඩ... කෛළෙර්කෛළ්,නුබ නැතුව මම කන කට්‍ට උනත් පට්ට... මෙට්ටේ උබ නැති නිසයී බදාගත්තේ කොට්ට.... ඇවිස්සුනා ප්‍රෙමය නම් දිමි ගොට්ට... දශඨ් කරපන් මගේ මැණික පොඩ්ඩ... කෛළෙර්කෛළ්,Harassment,0.5186,Harassment,0.9463
ලංකාවෙ මිනිහ දාලා ගිය ගැනී වෙන කිසි දෙයක් කර ගත නොහැකිව ගනිකාවක් වූ විට ඇය පට්ට ගොන් බඩුවක් වන අතර ලෝකයේ... උර්ල්,ලංකාවෙ මිනිහ දාලා ගිය ගැනී වෙන කිසි දෙයක් කර ගත නොහැකිව ගනිකාවක් වූ විට ඇය පට්ට ගොන් බඩුවක් වන අතර ලෝකයේ... උර්ල්,Harassment,0.5205,Harassment,0.9297
මචන් අලුතින් පට්ට වැලක් දැම්ම. පුක කරට යන්න අයිය හුකන හිකිල්ල…. මේ ලින්ක් එකෙන් ගිහින් බලන්න : උර්ල්,මචන් අලුතින් පට්ට වැලක් දැම්ම. පුක කරට යන්න අයිය හුකන හිකිල්ල…. මේ ලින්ක් එකෙන් ගිහින් බලන්න : උර්ල්,Harassment,0.6865,Harassment,0.877
"බැරි එලාවත් හම්බුනොත් ඉතිං, ලට්ට පට්ට ඔක්කොම එකට තියල ගහනව උස්සල පොලේ..","බැරි එලාවත් හම්බුනොත් ඉතිං, ලට්ට පට්ට ඔක්කොම එකට තියල ගහනව උස්සල පොලේ..",Harassment,0.6489,Harassment,0.7773
පට්ට වැස්සියකට නාඹර මෝල් ගොනෙකු #Papa සොයයි ස්රිලන්කන්වෙද්දීන්ග්ප්රෝපොසල්ස්,පට්ට වැස්සියකට නාඹර මෝල් ගොනෙකු #Papa සොයයි ස්රිලන්කන්වෙද්දීන්ග්ප්රෝපොසල්ස්,Harassment,0.5659,Harassment,0.8281
නිදැල්ලේ සැප සම්පත් විදින පට්ට කම්බා හොරු උන්ප්ජුන්ට හොල්දෙලෙක්තිඔන්ස ! එලෙක්තිඔන්ස්විථ්හෙල්ද ලක ශ්‍රීලංකා චොලොම්බෝ,නිදැල්ලේ සැප සම්පත් විදින පට්ට කම්බා හොරු උන්ප්ජුන්ට හොල්දෙලෙක්තිඔන්ස ! එලෙක්තිඔන්ස්විථ්හෙල්ද ලක ශ්‍රීලංකා චොලොම්බෝ,Harassment,0.6357,Harassment,0.978
", තවත් මැය වැනි ඉල්ලන් පුක දෙන ගැහැණු ඉන්නවනම් අටපට්ටමට කියන්න ඕනේ හොඳේ",", තවත් මැය වැනි ඉල්ලන් පුක දෙන ගැහැණු ඉන්නවනම් අටපට්ටමට කියන්න ඕනේ හොඳේ",Harassment,0.7139,Harassment,0.834
මීට වඩා තම්බිලාට පුක දෙන එකෙක් හිටියොත් අටපට්ටමට කියන්න හොදේ ගූ කාහන් මංගල් twitter.com/MangalaLK/status/1143474771532926976?s=19… මංගල සමරවීර · 25 ජුන් 2019 Apartheid ඉන් වෙන්නප්පුව මුස්ලිම් ට්‍රදෙර්ස් බන්නේඩ් ඉන් weekly market බ්ය් චොන්ට්‍රොල්ලෙඩ් local council. Shame ! ලක උනිටෙඩ්ස්රිලංකා,මීට වඩා තම්බිලාට පුක දෙන එකෙක් හිටියොත් අටපට්ටමට කියන්න හොදේ ගූ කාහන් මංගල් twitter.com/MangalaLK/status/1143474771532926976?s=19… මංගල සමරවීර · 25 ජුන් 2019 Apartheid ඉන් වෙන්නප්පුව මුස්ලිම් ට්‍රදෙර්ස් බන්නේඩ් ඉන් weekly market බ්ය් චොන්ට්‍රොල්ලෙඩ් local council. Shame ! ලක උනිටෙඩ්ස්රිලංකා,Harassment,0.5176,Harassment,0.6328
පට්ට නියගෙ ඔයි එලියට බහින්න බෑ තෙමෙනවා සෙද්ද,පට්ට නියගෙ ඔයි එලියට බහින්න බෑ තෙමෙනවා සෙද්ද,Harassment,0.7798,Harassment,0.6763
හුට්ටෝ වැලටම යනවා මුන්.පට්ට එන්ග්ව්වී #WT20Final,හුට්ටෝ වැලටම යනවා මුන්.පට්ට එන්ග්ව්වී #WT20Final,Harassment,0.5181,Harassment,0.5464
රොම්බ නල්ල නල්ල රික්ක ඔනෘ රෙන්ඩ මුනෘ නාල කෙල්ල පට්ට පෙට්ටි ඉල්ල නල්ලාරික්ක නල්ලාරික්ක ලක පෙට්ටිඉල්ල,රොම්බ නල්ල නල්ල රික්ක ඔනෘ රෙන්ඩ මුනෘ නාල කෙල්ල පට්ට පෙට්ටි ඉල්ල නල්ලාරික්ක නල්ලාරික්ක ලක පෙට්ටිඉල්ල,Harassment,0.6162,Harassment,0.8076
මේ වෙන කව්‍රුත් නෙවෙයි අර යුරේනි කියන පට්ට බඩුව.... කොරියවට ඇවිත් හිටපු විදිහ... ඔයිට වඩා හොදයි සුවෝන් වත්තේ මාන්... උර්ල්,මේ වෙන කව්‍රුත් නෙවෙයි අර යුරේනි කියන පට්ට බඩුව.... කොරියවට ඇවිත් හිටපු විදිහ... ඔයිට වඩා හොදයි සුවෝන් වත්තේ මාන්... උර්ල්,Harassment,0.4844,Harassment,0.9321
ඉරාජ්ට වඩා වද පොන්න කැරි පකයෙක් දැක්කොත් වහාම අටපට්ටමට කියන්න ඕනෙ හොදේ,ඉරාජ්ට වඩා වද පොන්න කැරි පකයෙක් දැක්කොත් වහාම අටපට්ටමට කියන්න ඕනෙ හොදේ,Harassment,0.792,Harassment,0.6494
අර පට්ට හුත්තියොංගේ වලවල් වලට වංගෙඩි බස්සලා යවන්නෝන,අර පට්ට හුත්තියොංගේ වලවල් වලට වංගෙඩි බස්සලා යවන්නෝන,Harassment,0.5923,Harassment,0.6709
සිරාවට මේ වගේ පට්ට යූස්ෆුල් ප්ලැට්ෆෝම් එකක හැමනෙන වේස කොල්ලන්ට ගහන්න ඕන ඇට දෙක පුක වටේ කැරකෙන්න,සිරාවට මේ වගේ පට්ට යූස්ෆුල් ප්ලැට්ෆෝම් එකක හැමනෙන වේස කොල්ලන්ට ගහන්න ඕන ඇට දෙක පුක වටේ කැරකෙන්න,Harassment,0.6455,Harassment,0.9697
ඔය වගෙ මුලු ඇගම පොරවන් පට්ට වේස කමේ යන ගෑනු ඉන්නවා බං මේ ඔන තරම් වරේන් පෙන්නන්න එතකොට තෙරුම් යයි බඩුව කියන එක ...මොන විදියටර එනවද කියලා හොයාගන්න බෑ කියලා.,ඔය වගෙ මුලු ඇගම පොරවන් පට්ට වේස කමේ යන ගෑනු ඉන්නවා බං මේ ඔන තරම් වරේන් පෙන්නන්න එතකොට තෙරුම් යයි බඩුව කියන එක ...මොන විදියටර එනවද කියලා හොයාගන්න බෑ කියලා.,Harassment,0.7803,Harassment,0.9624
හුම්.මේකි බදින එකාට නම් නඩත්තුව අමාරු වෙයි,හුම්.මේකි බදින එකාට නම් නඩත්තුව අමාරු වෙයි,Harassment,0.5942,Harassment,0.9814
හම්බ පිලලෙ දැම්ම විනාශ කලේ නැත්නම් පහුවෙද්දි අමාරු වෙනව දෙමලට හපන් හම්බය,හම්බ පිලලෙ දැම්ම විනාශ කලේ නැත්නම් පහුවෙද්දි අමාරු වෙනව දෙමලට හපන් හම්බය,Harassment,0.6206,Harassment,0.5068
හැමෝටම ලමයි වදන්න පුලුවන් ..ඒත් ළමේක් හදනෝ කියනෙක අමාරු,හැමෝටම ලමයි වදන්න පුලුවන් ..ඒත් ළමේක් හදනෝ කියනෙක අමාරු,Harassment,0.6348,Harassment,0.96
ඉස්සොකේ බේබි දැන් පල .. උයාට අපෙන් බේරෙන එක කරන්න අමාරු වැඩක් නෙවේ .. බැරි වැඩක් .. හු ඇ,ඉස්සොකේ බේබි දැන් පල .. උයාට අපෙන් බේරෙන එක කරන්න අමාරු වැඩක් නෙවේ .. බැරි වැඩක් .. හු ඇ,Harassment,0.498,Harassment,0.5308
ඉ don’t hate anyone based ඕන their sexuality. Sexuality ඉස්සරහට දාගෙන ටෞකන ටෝක ඉශූ කරන ගොන් පකයලානේ පේන්න බැරි. ල්ග්බ්ත්ක උන්ටත් නැති පුකේ අමාරු වටේ ඉන්න පකයලට නීඉ · 27 නොව 2019 Show ඉස over පීප්ස් ඉම off for අ family dinner Just don’t hate anyone based ඕන their sexuality!,ඉ don’t hate anyone based ඕන their sexuality. Sexuality ඉස්සරහට දාගෙන ටෞකන ටෝක ඉශූ කරන ගොන් පකයලානේ පේන්න බැරි. ල්ග්බ්ත්ක උන්ටත් නැති පුකේ අමාරු වටේ ඉන්න පකයලට නීඉ · 27 නොව 2019 Show ඉස over පීප්ස් ඉම off for අ family dinner Just don’t hate anyone based ඕන their sexuality!,Harassment,0.4966,Harassment,0.8047
ශවේන්ද්‍ර කියන පිස්සු හුකන්නට (Post 2009 ශවේන්ද්‍ර) මෝඩ මරිමෝල් ටාබය රාජපක්ෂගේ පුකේ අමාරුව හැදිලා.,ශවේන්ද්‍ර කියන පිස්සු හුකන්නට (Post 2009 ශවේන්ද්‍ර) මෝඩ මරිමෝල් ටාබය රාජපක්ෂගේ පුකේ අමාරුව හැදිලා.,Harassment,0.5762,Harassment,0.917
මුවෝ හේනකෑවම මුවහමට තැලීම... බයියන්ගෙ පුකේ අමාරු සනීප කරනවට රෙස්පෙක්‍ට්,මුවෝ හේනකෑවම මුවහමට තැලීම... බයියන්ගෙ පුකේ අමාරු සනීප කරනවට රෙස්පෙක්‍ට්,Harassment,0.7817,Harassment,0.7764
වේස කමටත් වැඩියෙන් ව්කිනෙන ඩියවන්නවේ.......සක්කිලි ගෙම්බෝ,වේස කමටත් වැඩියෙන් ව්කිනෙන ඩියවන්නවේ.......සක්කිලි ගෙම්බෝ,Harassment,0.7422,Harassment,0.939
මේ සක්කිලි පක්ශෙ මට පෙන්නන්න්න බැරි මේ පෙරේතය නිසා.බල්ලොන්ට ජාතක වෙච්ච උන්. උර්ල්,මේ සක්කිලි පක්ශෙ මට පෙන්නන්න්න බැරි මේ පෙරේතය නිසා.බල්ලොන්ට ජාතක වෙච්ච උන්. උර්ල්,Harassment,0.7915,Harassment,0.979
ඉස්සෙල්ලම වැරැද්ද උම්බලගේ අක්කේ.............. ඔය කැරි සක්කිලි ජාතියට වලන් හෝදනවට වඩා හොන්දයි යකොව් ලන්කාවෙ... උර්ල්,ඉස්සෙල්ලම වැරැද්ද උම්බලගේ අක්කේ.............. ඔය කැරි සක්කිලි ජාතියට වලන් හෝදනවට වඩා හොන්දයි යකොව් ලන්කාවෙ... උර්ල්,Harassment,0.5723,Harassment,0.7349
මෙවන් කාලකන්ණි සක්කිලියන්ගේ මුළු පව්ලටම හෙන ගහන එක වැඩි ඈතක නෙවෙයි ලේ වමනේ දාලතැනින් තැන මැරී වැටෙනවා මුන් The following media ඉන්ච්ලුදෙස් potentially sensitive content. Change සෙට්ටින්ග්ස් View,මෙවන් කාලකන්ණි සක්කිලියන්ගේ මුළු පව්ලටම හෙන ගහන එක වැඩි ඈතක නෙවෙයි ලේ වමනේ දාලතැනින් තැන මැරී වැටෙනවා මුන් The following media ඉන්ච්ලුදෙස් potentially sensitive content. Change සෙට්ටින්ග්ස් View,Harassment,0.7007,Harassment,0.7686
ලෙව කකා ඉන්නේ බං.ඉන්දියන් සක්කිලි ක්‍රිකට් කනවා.කනවා කියන්නේ විනාසම කරනවා. උන්ට අවුල් වගේනම් බෝලර් ඔන්න ඌ චක්. උන්ගේ උන් බබාලා,ලෙව කකා ඉන්නේ බං.ඉන්දියන් සක්කිලි ක්‍රිකට් කනවා.කනවා කියන්නේ විනාසම කරනවා. උන්ට අවුල් වගේනම් බෝලර් ඔන්න ඌ චක්. උන්ගේ උන් බබාලා,Harassment,0.6167,Harassment,0.937
අහිංසක වන සත්තු මරපු කාල යක්ශයා අල්ලලා දෙකට ඉරලා ලුනු දාලා සත්තු පුච්ච්න් කෑවා වගෙ පුච්චන්න ඔනෙ සක්කිලි කොහොම තියෙයිද රට ගියොත් ඔකුන්ට පරයා,අහිංසක වන සත්තු මරපු කාල යක්ශයා අල්ලලා දෙකට ඉරලා ලුනු දාලා සත්තු පුච්ච්න් කෑවා වගෙ පුච්චන්න ඔනෙ සක්කිලි කොහොම තියෙයිද රට ගියොත් ඔකුන්ට පරයා,Harassment,0.5366,Harassment,0.937
පපුවට දැනුන... මේව කරන උන්ගෙ පූට්වැල් එක කපල බෙල්ලෙ එල්ලන්න ඕනි..සක්කිලි..,පපුවට දැනුන... මේව කරන උන්ගෙ පූට්වැල් එක කපල බෙල්ලෙ එල්ලන්න ඕනි..සක්කිලි..,Harassment,0.4875,Harassment,0.9395
උබලා වගේ සක්කිලි අවජාතයො මැරෙන්න ඔනේ හුත්තො ..,උබලා වගේ සක්කිලි අවජාතයො මැරෙන්න ඔනේ හුත්තො ..,Harassment,0.5938,Harassment,0.7871
අනේ දැක්කා නේ සක්කිලි යෙක්...උන්ට කෙල වෙලා තියෙනවා කියලා තාමත් තෙරෙන්නෙ නැහැනෙ..කොරොනා හැදිලා මදි ඔකුන්ට,අනේ දැක්කා නේ සක්කිලි යෙක්...උන්ට කෙල වෙලා තියෙනවා කියලා තාමත් තෙරෙන්නෙ නැහැනෙ..කොරොනා හැදිලා මදි ඔකුන්ට,Harassment,0.4963,Harassment,0.5273
හෙණ ගහලා අකුලෝලා මී කතුරකට අහුවෙලා හැදිගෑවිලා දියපත්තම් වෙලාම පල සක්කිලි මීයා ඒස්වා පුහ් ක්‍රෑහ් තුහ්,හෙණ ගහලා අකුලෝලා මී කතුරකට අහුවෙලා හැදිගෑවිලා දියපත්තම් වෙලාම පල සක්කිලි මීයා ඒස්වා පුහ් ක්‍රෑහ් තුහ්,Harassment,0.6514,Harassment,0.6089
පල මල් පොන්නය යන්න.කොහේහරි කුනු හුත්තක් වෙනුවෙන් ඉතින්.පක තියෙනවාද කියල අතගාල බලපන්.ජංගි මිරිකල බොනකොට තොගේ කොන්ද කොහෙද තිබුනෙ.සක්කිලියා ගැනු වෙනුවෙන් පෙනි හිටපිය වේසියො වෙනුවට,පල මල් පොන්නය යන්න.කොහේහරි කුනු හුත්තක් වෙනුවෙන් ඉතින්.පක තියෙනවාද කියල අතගාල බලපන්.ජංගි මිරිකල බොනකොට තොගේ කොන්ද කොහෙද තිබුනෙ.සක්කිලියා ගැනු වෙනුවෙන් පෙනි හිටපිය වේසියො වෙනුවට,Harassment,0.75,Harassment,0.9639
බලපන් මී හරකා වගේ කෙළගෙන ආව හැටි. අනික මේ පකයා හප්පලා එහෙමම මාරු උනානේ. ඕකුන්ට නිල් වෙන්න දෙන්න ඕනා. සක්කිලි...,බලපන් මී හරකා වගේ කෙළගෙන ආව හැටි. අනික මේ පකයා හප්පලා එහෙමම මාරු උනානේ. ඕකුන්ට නිල් වෙන්න දෙන්න ඕනා. සක්කිලි...,Harassment,0.5156,Harassment,0.6597
වේස තම්බි ගෑනියෙක් ෆ්ලැට්ෆෝම් එකෙ නවත්තලා තියෙන කෝච්චිය ඉඳන් ෆ්ලැට්ෆෝම් එකට කෑම ඉතුරුවෙල විසික් කලා...සික් සක්කිලි හැත්ත ..මූනවහගත්තම ඇති,වේස තම්බි ගෑනියෙක් ෆ්ලැට්ෆෝම් එකෙ නවත්තලා තියෙන කෝච්චිය ඉඳන් ෆ්ලැට්ෆෝම් එකට කෑම ඉතුරුවෙල විසික් කලා...සික් සක්කිලි හැත්ත ..මූනවහගත්තම ඇති,Harassment,0.5303,Harassment,0.7915
"මේ සක්කිලි වේසාවගේ් ඇඟේ කොටි පුල්ලි, ප්‍රභාකරන්ගේ භූතාත්මේ වැහිලද කොහෙද සක්කිලි දෙමලා","මේ සක්කිලි වේසාවගේ් ඇඟේ කොටි පුල්ලි, ප්‍රභාකරන්ගේ භූතාත්මේ වැහිලද කොහෙද සක්කිලි දෙමලා",Harassment,0.7812,Harassment,0.9849
මේ ගෑනිට සින්හල ජාතියත් එක්ක පුදුම තරහක් තියෙන්නෙ? උබ අදින්නෙ උබගෙ තාත්ත ගෙදර මහන කලිසම්ද ? පර ගැති අවජාතක කාලකන්නි. අහින්සක බලාපොරොත්තුවට පවා ගරහන හැටි. ශ්‍රීලංකා,මේ ගෑනිට සින්හල ජාතියත් එක්ක පුදුම තරහක් තියෙන්නෙ? උබ අදින්නෙ උබගෙ තාත්ත ගෙදර මහන කලිසම්ද ? පර ගැති අවජාතක කාලකන්නි. අහින්සක බලාපොරොත්තුවට පවා ගරහන හැටි. ශ්‍රීලංකා,Harassment,0.6108,Harassment,0.9614
බල්ලෙක් බිරූවිට කන්දක් පාත්වේයයි සිතූ අවජාතක බල්ලෙකුගේ අවජාතක වැඩක්. පව් ඉතින්... පල gay පොන්න තම්බියා යන්න,බල්ලෙක් බිරූවිට කන්දක් පාත්වේයයි සිතූ අවජාතක බල්ලෙකුගේ අවජාතක වැඩක්. පව් ඉතින්... පල gay පොන්න තම්බියා යන්න,Harassment,0.7471,Harassment,0.9829
දැං හරිනේ .. හරිනේ.. අනුංඟෙ ගෑනුන්ට ගහනව කියල ඇඬුව.. ඕන් බලාන් එකිගෙ මිනිහ කියන දෙ.. සෝ වටෙව් ඉඳන් දඟලන්න එපා.. උඹ්ද්ලත් යනගමන් ටොක්කක් හරි ඇනන් පලයන්.. දුලිත් කසුන් දක් · 11 අප‍ 2019 කහින අවජාතකයිනි අසව් අසව් අසව්,දැං හරිනේ .. හරිනේ.. අනුංඟෙ ගෑනුන්ට ගහනව කියල ඇඬුව.. ඕන් බලාන් එකිගෙ මිනිහ කියන දෙ.. සෝ වටෙව් ඉඳන් දඟලන්න එපා.. උඹ්ද්ලත් යනගමන් ටොක්කක් හරි ඇනන් පලයන්.. දුලිත් කසුන් දක් · 11 අප‍ 2019 කහින අවජාතකයිනි අසව් අසව් අසව්,Harassment,0.7612,Harassment,0.9282
කැරි අවජාතක පොන්නයා..කොහෙද වෙසාවො හමුදුරුවො මැරයෙක් උනේ...යකො මෙච්චර කල් මහන්සි උනේ රට ජාති වෙනුවෙන්...වෙස කැරියා,කැරි අවජාතක පොන්නයා..කොහෙද වෙසාවො හමුදුරුවො මැරයෙක් උනේ...යකො මෙච්චර කල් මහන්සි උනේ රට ජාති වෙනුවෙන්...වෙස කැරියා,Harassment,0.606,Harassment,0.9819
විල්පත්තුව බදුර්දින්ටම දී ඇත පිහදා ගන්නා අවජාතක පාලක පරයෝ! උර්ල්,විල්පත්තුව බදුර්දින්ටම දී ඇත පිහදා ගන්නා අවජාතක පාලක පරයෝ! උර්ල්,Harassment,0.5239,Harassment,0.7739
"""ජාතකයේ අඩුව ""2 ජාථකයෙඅ අඩුව ""2 ඔය නිර්නාමික අවජාතක නගිල මල්ලිල තමන්ගෙ තරාතිරම ඈත්තටම කියල හෑබෑ මුහුනින්... උර්ල්","""ජාතකයේ අඩුව ""2 ජාථකයෙඅ අඩුව ""2 ඔය නිර්නාමික අවජාතක නගිල මල්ලිල තමන්ගෙ තරාතිරම ඈත්තටම කියල හෑබෑ මුහුනින්... උර්ල්",Harassment,0.7744,Harassment,0.7983
ශ්‍රීලංකා ලක වේ උන්ටනම් ගු දියකරලා පෙව්වත් උන්ගේ තියෙන අවජාතක කම අරින්න බැ,ශ්‍රීලංකා ලක වේ උන්ටනම් ගු දියකරලා පෙව්වත් උන්ගේ තියෙන අවජාතක කම අරින්න බැ,Harassment,0.7842,Harassment,0.9722
"අර මංගල වගේ හොඳ මනුස්සයෙක් අපරාදේ මැරුණේ...මෙන්න මේ දේශපාලන අවජාතකයා මැරෙන්න තිබේ..එස්,බී පොන්න හුත්තිගේ පුතා","අර මංගල වගේ හොඳ මනුස්සයෙක් අපරාදේ මැරුණේ...මෙන්න මේ දේශපාලන අවජාතකයා මැරෙන්න තිබේ..එස්,බී පොන්න හුත්තිගේ පුතා",Harassment,0.7246,Harassment,0.9858
අවජාතක ගොබ්බ රැලක් ජාතක⁣ වෙලා මේ ලක් දෙරණට,අවජාතක ගොබ්බ රැලක් ජාතක⁣ වෙලා මේ ලක් දෙරණට,Harassment,0.541,Harassment,0.98
මූ නම් මහ අමන පාදඩ තුප්පහි සක්කිලි අවජාතක තිරිසන් හොරෙන්.සේරම හොරකන් කරන්න ඇත්තෙ මේකා තමා.ඒකනෙ පැරදුන ගමන් රට... උර්ල්,මූ නම් මහ අමන පාදඩ තුප්පහි සක්කිලි අවජාතක තිරිසන් හොරෙන්.සේරම හොරකන් කරන්න ඇත්තෙ මේකා තමා.ඒකනෙ පැරදුන ගමන් රට... උර්ල්,Harassment,0.6523,Harassment,0.8691
තිරිසනුන් අතර අවජාතක තිරිසනෙක්... උර්ල්,තිරිසනුන් අතර අවජාතක තිරිසනෙක්... උර්ල්,Harassment,0.5933,Harassment,0.918
රට ජාතිය ආගමට අපහාස උපහාස කරන අවජාතක පොන්න පරපුරේ රනිල්ගේ චූ කොල්ලෙක්: දිල්හාන් මලිත්/ උර්ල්,රට ජාතිය ආගමට අපහාස උපහාස කරන අවජාතක පොන්න පරපුරේ රනිල්ගේ චූ කොල්ලෙක්: දිල්හාන් මලිත්/ උර්ල්,Harassment,0.5391,Harassment,0.5483
උතුම් මවුපදවියටත් නිග්‍රහ කරන උබ වගේ උන්ගේ බඩට අවජාතක ලෙස ලමයි ආවේ ශ්‍රීලංකා අවාසනාවට. ඇග විකුනන් නැතුව ජීවත් වෙන්න මවු කෙනෙක් ලෙස. උර්ල් This Tweet ඉස unavailable.,උතුම් මවුපදවියටත් නිග්‍රහ කරන උබ වගේ උන්ගේ බඩට අවජාතක ලෙස ලමයි ආවේ ශ්‍රීලංකා අවාසනාවට. ඇග විකුනන් නැතුව ජීවත් වෙන්න මවු කෙනෙක් ලෙස. උර්ල් This Tweet ඉස unavailable.,Harassment,0.7607,Harassment,0.9839
අර ප්‍රේමදාස කියන ගොන් කැරියාට කුඩු පැකට් එකට අරක්කු බෝතලයට කඩේ ගිය උන් ගේ අවජාතක ළමයි තමා මේ රටේ තාමත් ඉන්නේ බාගයක් උන් තමයි උගේ පුතාගේ ගු කකා රටම ගද ගස්සන්නේ,අර ප්‍රේමදාස කියන ගොන් කැරියාට කුඩු පැකට් එකට අරක්කු බෝතලයට කඩේ ගිය උන් ගේ අවජාතක ළමයි තමා මේ රටේ තාමත් ඉන්නේ බාගයක් උන් තමයි උගේ පුතාගේ ගු කකා රටම ගද ගස්සන්නේ,Harassment,0.6577,Harassment,0.9556
අර අහින්සක කොල්ලව මරපු ලන්කාවේ අවජාතක සක්කිලි පොලීසියට කෙලවිලාම යන්න ඕනේ..... 󾌽󾌠󾰟󾌣,අර අහින්සක කොල්ලව මරපු ලන්කාවේ අවජාතක සක්කිලි පොලීසියට කෙලවිලාම යන්න ඕනේ..... 󾌽󾌠󾰟󾌣,Harassment,0.7588,Harassment,0.7427
නිදහස් අධ්‍යපනයෙන් ඉගෙන ගෙන අහිංසක මිනිසුන් බිල්ලට ගන්න බලන් ඉන්න අතලොස්සක් වූ තිරිසන් අවජාතක පාදඩදෙනිය වැනි... උර්ල්,නිදහස් අධ්‍යපනයෙන් ඉගෙන ගෙන අහිංසක මිනිසුන් බිල්ලට ගන්න බලන් ඉන්න අතලොස්සක් වූ තිරිසන් අවජාතක පාදඩදෙනිය වැනි... උර්ල්,Harassment,0.6304,Harassment,0.522
ඇත්තද බං සමහරු කියන්නෙ උඹ පුටින්ගෙ අවජාතක සහෝදරයෙක් කියල?,ඇත්තද බං සමහරු කියන්නෙ උඹ පුටින්ගෙ අවජාතක සහෝදරයෙක් කියල?,Harassment,0.7451,Harassment,0.8481
අවජාතක කෛයිචාණ්ඩු පිම්පි හැතිකරේ බං,අවජාතක කෛයිචාණ්ඩු පිම්පි හැතිකරේ බං,Harassment,0.6538,Harassment,0.9663
"මේ අවජාතක පරයා දන්නේ නෑ ලූ ""වම්බටූ ගහල පලා ගත්තද"" කියන එක දෙපැත්ත කැපෙන වචන පෙලක් බව. වර පරයා උබව නලවලා ගන්න යෝඋටුබෙචොම් තිස්සකුට්ටි යළිත් ලැජ්ජ නැතිකම පෙන්නයි - ජනාධිපතිතුමා ඔබේ බිරිද... තිස්සකුට්ටි යළිත් ලැජ්ජ නැතිකම පෙන්නයි - ජනාධිපතිතුමා ඔබේ බිරිද ඉදිරියේ මේක අහන්න පුළුවන්ද ?පාර්ලිමේන්තුවේ උණුසුම් තත්ත්වයක්Subscribe today for Latest News, ...","මේ අවජාතක පරයා දන්නේ නෑ ලූ ""වම්බටූ ගහල පලා ගත්තද"" කියන එක දෙපැත්ත කැපෙන වචන පෙලක් බව. වර පරයා උබව නලවලා ගන්න යෝඋටුබෙචොම් තිස්සකුට්ටි යළිත් ලැජ්ජ නැතිකම පෙන්නයි - ජනාධිපතිතුමා ඔබේ බිරිද... තිස්සකුට්ටි යළිත් ලැජ්ජ නැතිකම පෙන්නයි - ජනාධිපතිතුමා ඔබේ බිරිද ඉදිරියේ මේක අහන්න පුළුවන්ද ?පාර්ලිමේන්තුවේ උණුසුම් තත්ත්වයක්Subscribe today for Latest News, ...",Harassment,0.73,Harassment,0.7783
"තිසරු ගුරුගේ නම් අවජාතක, අවලම් පර බල්ලා......... ඵචෙබූවීරයෝ කෙය්බොඅර්ද්කිඞ්ස ලක","තිසරු ගුරුගේ නම් අවජාතක, අවලම් පර බල්ලා......... ඵචෙබූවීරයෝ කෙය්බොඅර්ද්කිඞ්ස ලක",Harassment,0.769,Harassment,0.8789
සිරිසේනගේ අවජාතක සුනඛයන් ජාතිය ඇමතිම..... උර්ල්,සිරිසේනගේ අවජාතක සුනඛයන් ජාතිය ඇමතිම..... උර්ල්,Harassment,0.4922,Harassment,0.9355
"ඩොනල්ඩ් හාමුගේ අවජාතක පුතාට වෙඩික්කාර කරෝලිස් ගහකට හේත්තු කරගෙන සබ්බුව දෙනවා... ( ""අයිසිස්"" වත්මන් තත්වය කෙටියෙන් )","ඩොනල්ඩ් හාමුගේ අවජාතක පුතාට වෙඩික්කාර කරෝලිස් ගහකට හේත්තු කරගෙන සබ්බුව දෙනවා... ( ""අයිසිස්"" වත්මන් තත්වය කෙටියෙන් )",Harassment,0.7676,Harassment,0.4854
""" ඒ අවජාතක විජේගෙ ජාන තියෙන උන් "" හිටියා ඇති හෙට්ටි · 18 May 2021 ඇහේ කටු අයින සෙට් එකකුත් ඉන්නවා දෙමළ නොවන..",""" ඒ අවජාතක විජේගෙ ජාන තියෙන උන් "" හිටියා ඇති හෙට්ටි · 18 May 2021 ඇහේ කටු අයින සෙට් එකකුත් ඉන්නවා දෙමළ නොවන..",Harassment,0.5034,Harassment,0.9854
''මහින්දගේ අවජාතක දරුවා සුජාත කරන්නයි හදන්නේ'' ලක ශ්‍රීලංකා සිතම් උර්ල්,''මහින්දගේ අවජාතක දරුවා සුජාත කරන්නයි හදන්නේ'' ලක ශ්‍රීලංකා සිතම් උර්ල්,Harassment,0.7373,Harassment,0.9521
අලි – හක් – සීනු – ගිනිසිළු අවජාතක තොරණ | ලංකා News Web Today - උර්ල් via,අලි – හක් – සීනු – ගිනිසිළු අවජාතක තොරණ | ලංකා News Web Today - උර්ල් via,Harassment,0.7368,Harassment,0.9028
මේකෙ ඉන්න පරිනත වේසියන්ටයි උනගේ ගොම අදින පිම්පියන්ටයි ඕවා තේරෙන්නේ නැහැ මචං.උන් දන්නෙ උන්ට වැඩිය දෙයක් මේකෙ කිව්වොත් වටකරලා පච්චල් කරන්න විතරයි අවජාතක හැත්ත,මේකෙ ඉන්න පරිනත වේසියන්ටයි උනගේ ගොම අදින පිම්පියන්ටයි ඕවා තේරෙන්නේ නැහැ මචං.උන් දන්නෙ උන්ට වැඩිය දෙයක් මේකෙ කිව්වොත් වටකරලා පච්චල් කරන්න විතරයි අවජාතක හැත්ත,Harassment,0.7744,Harassment,0.7856
“සයිටම් අවජාතක දරුවෙක්.. සුජාත භාවය දෙන්නයි අපි හදන්නේ“ අධ්‍යාපන ඇමති උර්ල්,“සයිටම් අවජාතක දරුවෙක්.. සුජාත භාවය දෙන්නයි අපි හදන්නේ“ අධ්‍යාපන ඇමති උර්ල්,Harassment,0.6675,Harassment,0.6479
මේ වගේ කාලකන්නි හැත්තක් තමයි බන්ධනාගාර වල වැඩියෙන් ඉන්නේ. අපේම දරුවෝ විනාශ කරන අපේ උන්. අවජාතක දෙමාපියන්ට අවජාතක වෙච්චි වේ... බල්ලෝ ( අසාධාරණ ලෙස බන්ධනාගාර ගත වෙච්චි දරුවොත් නැතුවාම නොවෙයි ) මුන්ට බන්ධනාගාරවල තියාගෙන සැප දෙන්නද කියන්නේ ශ්‍රීලංකා,මේ වගේ කාලකන්නි හැත්තක් තමයි බන්ධනාගාර වල වැඩියෙන් ඉන්නේ. අපේම දරුවෝ විනාශ කරන අපේ උන්. අවජාතක දෙමාපියන්ට අවජාතක වෙච්චි වේ... බල්ලෝ ( අසාධාරණ ලෙස බන්ධනාගාර ගත වෙච්චි දරුවොත් නැතුවාම නොවෙයි ) මුන්ට බන්ධනාගාරවල තියාගෙන සැප දෙන්නද කියන්නේ ශ්‍රීලංකා,Harassment,0.5293,Harassment,0.7202
මෙතනසි කැම්පස් එකේ නම නැතවෙන්නැ.. මෙි පාජාති වැඩ වලට කැම්පස් එක පලි නැ.. අවුරුදු හතරනට කැම්පස් අපු අවජාතක සෙට් එකක් විසා තමයි මෙිහෙම වෙිලා තියෙන්නේ.. උන්ටම හරියන්න මෙිකිත් ඉන්නවා.කොන්ඩම් දලා බස්සපු පොල්ල රිදෙන්න බස්සලා තියනවා,මෙතනසි කැම්පස් එකේ නම නැතවෙන්නැ.. මෙි පාජාති වැඩ වලට කැම්පස් එක පලි නැ.. අවුරුදු හතරනට කැම්පස් අපු අවජාතක සෙට් එකක් විසා තමයි මෙිහෙම වෙිලා තියෙන්නේ.. උන්ටම හරියන්න මෙිකිත් ඉන්නවා.කොන්ඩම් දලා බස්සපු පොල්ල රිදෙන්න බස්සලා තියනවා,Harassment,0.6646,Harassment,0.501
එදා මෙහෙම වෙයි කියලා කියද්දී අවජාතක උන්ප් කාරයෝ අපිට හිනා වුණා අද පොලියට වෙඩි තියද්දි කපලා… උර්ල්,එදා මෙහෙම වෙයි කියලා කියද්දී අවජාතක උන්ප් කාරයෝ අපිට හිනා වුණා අද පොලියට වෙඩි තියද්දි කපලා… උර්ල්,Harassment,0.7778,Harassment,0.8989
"46 ඔතෙර්ස් K’at දෙයියෝ දාගෙන ඉන්න එකා අවජාතක වාදි, රාජපක්ෂ අශුචි බදින්නංවාදි. නමක් වාසගමක් නැතිව ලියන එකාලා තමයි පදුරු අස්සේ ජාතක වුණ එවුං වේසකමේ වටේ ගිහින් හදා ගත්ත එවුං සෙට් එකම පුදුමේ කියන්නේ කඩේ යන්නේ දූෂිත රාජපක්ෂලාට. ඇයි ඒ බං?","46 ඔතෙර්ස් K’at දෙයියෝ දාගෙන ඉන්න එකා අවජාතක වාදි, රාජපක්ෂ අශුචි බදින්නංවාදි. නමක් වාසගමක් නැතිව ලියන එකාලා තමයි පදුරු අස්සේ ජාතක වුණ එවුං වේසකමේ වටේ ගිහින් හදා ගත්ත එවුං සෙට් එකම පුදුමේ කියන්නේ කඩේ යන්නේ දූෂිත රාජපක්ෂලාට. ඇයි ඒ බං?",Harassment,0.5518,Harassment,0.9858
පියල් නිශාන්ත කියන අවජාතක බල්ලගේ පුතා ඉන්නවා මගේ අකවුන්ට් එකේ තාත්තට කනට දෙකක් ගහලා හදාගනින් මාලුලෑලලක් දාගෙනද ඉන්නේ,පියල් නිශාන්ත කියන අවජාතක බල්ලගේ පුතා ඉන්නවා මගේ අකවුන්ට් එකේ තාත්තට කනට දෙකක් ගහලා හදාගනින් මාලුලෑලලක් දාගෙනද ඉන්නේ,Harassment,0.6978,Harassment,0.8096
මු අවජාතක බන් එච්චරයි කියන්න තියෙන්නෙ පළාතේ වැරද්දක් වත් වෙන දෙයක් වත් නෙවෙයි මුගෙ ජාතකෙ අවුලක්. මුගෙ තාත්තා අනිවාර්යෙන්ම ඔටුවෙක් . ශ්‍රීලංකා ශ්‍රීලන්කන් ස්රිලන්කන්පොලිටිච්ස් මංගල සමරවීර · 3 ජුන් 2019 #Cardinal මල්චොල්ම් රන්ජිත් fanning the ෆ්ලමෙස් ඔෆ් හට්‍රෙද්චොම්මුනලිස්ම් බ්ය් visiting fasting රෝබෙඩ් ම්ප් රතන වටිචාන් TAKE NOTE! ලක,මු අවජාතක බන් එච්චරයි කියන්න තියෙන්නෙ පළාතේ වැරද්දක් වත් වෙන දෙයක් වත් නෙවෙයි මුගෙ ජාතකෙ අවුලක්. මුගෙ තාත්තා අනිවාර්යෙන්ම ඔටුවෙක් . ශ්‍රීලංකා ශ්‍රීලන්කන් ස්රිලන්කන්පොලිටිච්ස් මංගල සමරවීර · 3 ජුන් 2019 #Cardinal මල්චොල්ම් රන්ජිත් fanning the ෆ්ලමෙස් ඔෆ් හට්‍රෙද්චොම්මුනලිස්ම් බ්ය් visiting fasting රෝබෙඩ් ම්ප් රතන වටිචාන් TAKE NOTE! ලක,Harassment,0.5806,Harassment,0.8647
කියලා වැඩක් නෑ බන් මල්ලි.. අවජාතක හැතිකරේ.. නෙදකින් සිරාවට,කියලා වැඩක් නෑ බන් මල්ලි.. අවජාතක හැතිකරේ.. නෙදකින් සිරාවට,Harassment,0.5547,Harassment,0.936
කන බත් පතේ පහරලා මචන්ලත් එක්ක අනුභව කරලා අවජාතක උප්පත්තිය රටට පෙන්වන කඩප්පුලියන්ට බුදු දහමින් පෝෂණය වෙච්ච... උර්ල්,කන බත් පතේ පහරලා මචන්ලත් එක්ක අනුභව කරලා අවජාතක උප්පත්තිය රටට පෙන්වන කඩප්පුලියන්ට බුදු දහමින් පෝෂණය වෙච්ච... උර්ල්,Harassment,0.6509,Harassment,0.7202
අවජාතක බල්ලෝ රැල අලුත් ව්‍යාවස්ථාවක් හදන්න යන්නේ මිනිසුන්ගේ අත පය කඩලා උර්ල්,අවජාතක බල්ලෝ රැල අලුත් ව්‍යාවස්ථාවක් හදන්න යන්නේ මිනිසුන්ගේ අත පය කඩලා උර්ල්,Harassment,0.6592,Harassment,0.8145
සිංහලේ ගොටාගේලු සිංහලේ මංගලගේලු අලුත්ම එක සිංහලේ ඔල කරපු පොඩි උන්ගේලු අවජාතක හැත්තකගේ තරම,සිංහලේ ගොටාගේලු සිංහලේ මංගලගේලු අලුත්ම එක සිංහලේ ඔල කරපු පොඩි උන්ගේලු අවජාතක හැත්තකගේ තරම,Harassment,0.7329,Harassment,0.9785
"අවජාතක අසාද් සාලි බල්ලෝ....... ඇස් ඇර බලපන් .....ලෑස්තිවෙයන් ගෙදර යන්න.... මේකත් දැනගනින් ,අවශ්‍ය ඕනිම... උර්ල්","අවජාතක අසාද් සාලි බල්ලෝ....... ඇස් ඇර බලපන් .....ලෑස්තිවෙයන් ගෙදර යන්න.... මේකත් දැනගනින් ,අවශ්‍ය ඕනිම... උර්ල්",Harassment,0.647,Harassment,0.6489
අනික් උන්ගේ ෆොටෝ අරං විකෘති වැඩ වලට යොදාගන්න අවජාතක වේසිගේ පුත්තු නම් වැහි වැහැලා. උන්ට බයේ තමන්ගේ දරුවෙක්ගේ ෆොටෝ නොදා ඉන්නවා නම් දරුවොත් නොහදහම ඉන්න ඕනේ බය වෙලා. එහෙම බැලුවොත් තරුණ කෙල්ලෙක්ට සමාජ මාධ්‍යවල ෆොටෝ දාන්නම වෙන්නේ නෑ.,අනික් උන්ගේ ෆොටෝ අරං විකෘති වැඩ වලට යොදාගන්න අවජාතක වේසිගේ පුත්තු නම් වැහි වැහැලා. උන්ට බයේ තමන්ගේ දරුවෙක්ගේ ෆොටෝ නොදා ඉන්නවා නම් දරුවොත් නොහදහම ඉන්න ඕනේ බය වෙලා. එහෙම බැලුවොත් තරුණ කෙල්ලෙක්ට සමාජ මාධ්‍යවල ෆොටෝ දාන්නම වෙන්නේ නෑ.,Harassment,0.6763,Harassment,0.9551
සිරිසේන-රනිල් අවජාතක ගෙරි බල්ලන්ට හමුදාවෙන් අප්‍රසාදය උර්ල් ශ්‍රීලංකා ලක ගාල්ලේ රණවිරු,සිරිසේන-රනිල් අවජාතක ගෙරි බල්ලන්ට හමුදාවෙන් අප්‍රසාදය උර්ල් ශ්‍රීලංකා ලක ගාල්ලේ රණවිරු,Harassment,0.6553,Harassment,0.5137
බලු සිරිසේනගේ අවජාතක පුත්‍රයා ගේ සවාරි යෑම් උර්ල්,බලු සිරිසේනගේ අවජාතක පුත්‍රයා ගේ සවාරි යෑම් උර්ල්,Harassment,0.6147,Harassment,0.7568
අවජාතක වී ඉපදුනාට මං මහ පොලවට මම ජාතක කල මවු පියන්ට බනින්නේනැ මම නැති බැරි හින්දම කාහල ගොඩට මාව දැම්ම පව පිංවේවා... උර්ල්,අවජාතක වී ඉපදුනාට මං මහ පොලවට මම ජාතක කල මවු පියන්ට බනින්නේනැ මම නැති බැරි හින්දම කාහල ගොඩට මාව දැම්ම පව පිංවේවා... උර්ල්,Harassment,0.5317,Harassment,0.9121
වැඩි හිටියන්ව අවුස්සා මෙලස අතල් ගැනිමට හෙතුව අවජාතක,වැඩි හිටියන්ව අවුස්සා මෙලස අතල් ගැනිමට හෙතුව අවජාතක,Harassment,0.7993,Harassment,0.6304
පෙම්වතාට 6 වතාවක් හිසට විදුලිය අල්ලලා පිස්සෙකු කල අවජාතක චම්පික රණවක - උර්ල් via,පෙම්වතාට 6 වතාවක් හිසට විදුලිය අල්ලලා පිස්සෙකු කල අවජාතක චම්පික රණවක - උර්ල් via,Harassment,0.7407,Harassment,0.6641
උගත් දරුවන් අතරේ අවජාතක බල්ලෝ කීප දෙනෙකුත් ඉන්නවා.... උර්ල්,උගත් දරුවන් අතරේ අවජාතක බල්ලෝ කීප දෙනෙකුත් ඉන්නවා.... උර්ල්,Harassment,0.5117,Harassment,0.877
"දෙදෙනාම මිනීමරුවනතමයි්. එත් ‍ප්‍රබාකරන් නම් උගේ ජාතිය වෙනුවෙන් සිංහලය මැරුවේ.මුන් නම් අවජාතකකමටයි සිංහලය මැරුවේ.ඒ මදිවට දැන් දෙමල ඩයස්පොරවටයි,මුස්ලිම් තර්ස්තවදින්ටයි කඩේ යන්නේ.අවජාතක සුනකයෝ 6 දෙනා උර්ල්","දෙදෙනාම මිනීමරුවනතමයි්. එත් ‍ප්‍රබාකරන් නම් උගේ ජාතිය වෙනුවෙන් සිංහලය මැරුවේ.මුන් නම් අවජාතකකමටයි සිංහලය මැරුවේ.ඒ මදිවට දැන් දෙමල ඩයස්පොරවටයි,මුස්ලිම් තර්ස්තවදින්ටයි කඩේ යන්නේ.අවජාතක සුනකයෝ 6 දෙනා උර්ල්",Harassment,0.6172,Harassment,0.7148
අපි හදන්නේ මහින්දලාගේ සයිටම් අවජාතක දරුවා සුජාත කරන්නයි! | මහජනතාව උර්ල්,අපි හදන්නේ මහින්දලාගේ සයිටම් අවජාතක දරුවා සුජාත කරන්නයි! | මහජනතාව උර්ල්,Harassment,0.5376,Harassment,0.6372
වනජීවි මහත්තුරුනේ... මේ අවජාතක හැත්ත අල්ලා මුන්ට දඩුවම් දෙන්න බැරිනම් ඔය වනජීවි කම දීපන් ලමයෙක්ට උර්ල්,වනජීවි මහත්තුරුනේ... මේ අවජාතක හැත්ත අල්ලා මුන්ට දඩුවම් දෙන්න බැරිනම් ඔය වනජීවි කම දීපන් ලමයෙක්ට උර්ල්,Harassment,0.7256,Harassment,0.7773
ජාතියේ කරුමෙට වැරදීමකින් ජාතක වෙච්ච් අවජාතක බල්ලන් තිදෙනෙක්.,ජාතියේ කරුමෙට වැරදීමකින් ජාතක වෙච්ච් අවජාතක බල්ලන් තිදෙනෙක්.,Harassment,0.7305,Harassment,0.9849
ගාමිණි වියන්ගොඩලා ම්ලේචඡ කොටින්ටත් වඩා හොදට කොටින්ගේ $$$ වලට කඩේ යන අධම අමන අවජාතක පාදඩ සක්කිළියන් Video උර්ල්,ගාමිණි වියන්ගොඩලා ම්ලේචඡ කොටින්ටත් වඩා හොදට කොටින්ගේ $$$ වලට කඩේ යන අධම අමන අවජාතක පාදඩ සක්කිළියන් Video උර්ල්,Harassment,0.5425,Harassment,0.9556
අනේ මකබෑවියන් සුං-ගොනන්ද... අවජාතක P_K_දෙන්නා...!!,අනේ මකබෑවියන් සුං-ගොනන්ද... අවජාතක P_K_දෙන්නා...!!,Harassment,0.5859,Harassment,0.9863
මේ ඉන්නේ අනිත් අවජාතක ටියුෂන් ගුරා .ජාතියක් ජන්මයක් නැති කාලකන්ණි බල්ලෝ .මේ වගේ ජාතිද්‍රෝහීන් කරේ තියන් යන... උර්ල්,මේ ඉන්නේ අනිත් අවජාතක ටියුෂන් ගුරා .ජාතියක් ජන්මයක් නැති කාලකන්ණි බල්ලෝ .මේ වගේ ජාතිද්‍රෝහීන් කරේ තියන් යන... උර්ල්,Harassment,0.5625,Harassment,0.9097
තව එකකින් ඇවිත් දීපල්ලා දුවන්න.. අවජාතක පරයි..,තව එකකින් ඇවිත් දීපල්ලා දුවන්න.. අවජාතක පරයි..,Harassment,0.7598,Harassment,0.9521
ජාතික පාසල් ක්‍රීඩා අවජාතක වෙලාලු උර්ල්,ජාතික පාසල් ක්‍රීඩා අවජාතක වෙලාලු උර්ල්,Harassment,0.623,Harassment,0.4966
උබනම් අවජාතක නෑ මගේ බඩු කාල හැදුනු එකානෙ,උබනම් අවජාතක නෑ මගේ බඩු කාල හැදුනු එකානෙ,Harassment,0.6709,Harassment,0.978
ගෙරි තම්බියා තම්බියාමයි...ඒ උන්ට උදව් කරන අවජාතක කලුසුද්දො ඉන්නවා ජීවත සල්ලි කියල හිතන....උන්ට පුලුවන් උන්ගෙ ගෑණු ලමයිත් මුදල් කරන්න....මේ රටට උන් මහ පිලිලයක්...ඔවුන් වදවෙලා යන්න ඕන,ගෙරි තම්බියා තම්බියාමයි...ඒ උන්ට උදව් කරන අවජාතක කලුසුද්දො ඉන්නවා ජීවත සල්ලි කියල හිතන....උන්ට පුලුවන් උන්ගෙ ගෑණු ලමයිත් මුදල් කරන්න....මේ රටට උන් මහ පිලිලයක්...ඔවුන් වදවෙලා යන්න ඕන,Harassment,0.7563,Harassment,0.8979
කොහේවත් තියේන ඇප් එකක් දාගේන... වෙන සවුන්ඩ් එකකට ඇක් කරන.. මොඩ #;#/#= අවජාතක ගොන් හිගන්නුලා හැප්පීලා පල ගෙට... ෆ ශ්හොප් මෙර්ෆොග් das,කොහේවත් තියේන ඇප් එකක් දාගේන... වෙන සවුන්ඩ් එකකට ඇක් කරන.. මොඩ #;#/#= අවජාතක ගොන් හිගන්නුලා හැප්පීලා පල ගෙට... ෆ ශ්හොප් මෙර්ෆොග් das,Harassment,0.6206,Harassment,0.9702
නැතිබැරිකම හොරකම් නොකර.මත් ද්‍රව්‍ය විකුණන්නැතිව ඉගෙන ගෙන ආවා සෙඩ් එහෙක වහන වලට තෙල් ගහලා මුදලක් උපයා ගන්න.... ඒ අහිංසකයට වෙඩිතියලා මරලා මුදල් අරන් පැනලා ගියේ අවජාතක විදිහට වදාපු නිසයි...අහිංසකයව මරලා ඒ ගත් මුදල් වලින් තත්පර කියක් ප්‍රයෝජනයට ගනිද..,නැතිබැරිකම හොරකම් නොකර.මත් ද්‍රව්‍ය විකුණන්නැතිව ඉගෙන ගෙන ආවා සෙඩ් එහෙක වහන වලට තෙල් ගහලා මුදලක් උපයා ගන්න.... ඒ අහිංසකයට වෙඩිතියලා මරලා මුදල් අරන් පැනලා ගියේ අවජාතක විදිහට වදාපු නිසයි...අහිංසකයව මරලා ඒ ගත් මුදල් වලින් තත්පර කියක් ප්‍රයෝජනයට ගනිද..,Harassment,0.4824,Harassment,0.4482
ජෙප්පෝ නමැති අවජාතක දෙපත් නයි ජ්ව්ප් අනුරකුමරදිස්සනයක ලේට්මෙවොටේ ! ලක ශ්‍රීලංකා ස්රිලන්කන්පොලිටිච්ස් චොලොම්බෝ,ජෙප්පෝ නමැති අවජාතක දෙපත් නයි ජ්ව්ප් අනුරකුමරදිස්සනයක ලේට්මෙවොටේ ! ලක ශ්‍රීලංකා ස්රිලන්කන්පොලිටිච්ස් චොලොම්බෝ,Harassment,0.6904,Harassment,0.873
අව ජාතක දෙමාපියනගේ අවජාතක ලමයි,අව ජාතක දෙමාපියනගේ අවජාතක ලමයි,Harassment,0.7935,Harassment,0.9761
"""අවජාතක සුනකයෙකුට ඇඳිවත උස්සා ගම්මැද්දේ ලඳුකැලයක සුනක සංසර්ගයේ යෙදුණු වැරදි සුක්‍රාරනුවකින් අකලට මෙලොවට ආ.. ලිංගේන්ඳ්‍රිය හිස් වූ තිරිසනෙකුගේ හිවල් වැඩකි......… "" - Copied - . . අන්න එහෙම බනින්න ඉගෙන ගන්න ඕන","""අවජාතක සුනකයෙකුට ඇඳිවත උස්සා ගම්මැද්දේ ලඳුකැලයක සුනක සංසර්ගයේ යෙදුණු වැරදි සුක්‍රාරනුවකින් අකලට මෙලොවට ආ.. ලිංගේන්ඳ්‍රිය හිස් වූ තිරිසනෙකුගේ හිවල් වැඩකි......… "" - Copied - . . අන්න එහෙම බනින්න ඉගෙන ගන්න ඕන",Harassment,0.7744,Harassment,0.8823
බලෙන් කවුරුත් අරගෙන ගිය නෑ .අවජාතක බල්ලෙක් උඹ ඒකයි බොරු කියනිනේ පරයා,බලෙන් කවුරුත් අරගෙන ගිය නෑ .අවජාතක බල්ලෙක් උඹ ඒකයි බොරු කියනිනේ පරයා,Harassment,0.6377,Harassment,0.9551
හැමදාම උදව් ඉල්ලනෙ නෑ ඒත් අද උදවුවක් ඔනී පුලුවන් ඔන් කො....සක්කිලි අවජාතක මල් පොන්නයෙක් රිපොට් කරන්ට තියෙන්නේ ..,හැමදාම උදව් ඉල්ලනෙ නෑ ඒත් අද උදවුවක් ඔනී පුලුවන් ඔන් කො....සක්කිලි අවජාතක මල් පොන්නයෙක් රිපොට් කරන්ට තියෙන්නේ ..,Harassment,0.5674,Harassment,0.7891
පප්පේ මෙවන් තුප්පහි දරුවෙක් මේ ලෝකයට ජාතක කරවීම ගැන දුක් වෙන්න එහෙම නැතිව දැනුත් උ කරපු අවජාතක වැඩේ සාධාරණිය නොකර. ඔහෙට වඩා වේදනා විදින්නේ මේ රටේ අහිංසක ජනතාව උ කොරපු තුප්පහි වැඩෙන්. කාලකන්නියා කවදා හරි මරුනාමත් අර උඩුගම්පලයාට සමාජයෙන් එල්ලවුණු විරෝධයම එල්ල වේවි ශ්‍රීලංකා,පප්පේ මෙවන් තුප්පහි දරුවෙක් මේ ලෝකයට ජාතක කරවීම ගැන දුක් වෙන්න එහෙම නැතිව දැනුත් උ කරපු අවජාතක වැඩේ සාධාරණිය නොකර. ඔහෙට වඩා වේදනා විදින්නේ මේ රටේ අහිංසක ජනතාව උ කොරපු තුප්පහි වැඩෙන්. කාලකන්නියා කවදා හරි මරුනාමත් අර උඩුගම්පලයාට සමාජයෙන් එල්ලවුණු විරෝධයම එල්ල වේවි ශ්‍රීලංකා,Harassment,0.6807,Harassment,0.9497
"ඇයි බං 250 ට ඔච්චරම හැංගෙන්නේ නමත්‍ එක්ක වරෙං කෙලකන්නියා එලියට, රක්ෂාවද රටටද කියලා පෙන්නන්න අවජාතක බල්ලා.","ඇයි බං 250 ට ඔච්චරම හැංගෙන්නේ නමත්‍ එක්ක වරෙං කෙලකන්නියා එලියට, රක්ෂාවද රටටද කියලා පෙන්නන්න අවජාතක බල්ලා.",Harassment,0.687,Harassment,0.9102
අපේ හාමුදුරුවන්ට අපහාස කරන අවජාතක බල්ලන්ගේ පව්ල් පිටින් හැදිගෑවිල අකුලොලම පල උර්ල්,අපේ හාමුදුරුවන්ට අපහාස කරන අවජාතක බල්ලන්ගේ පව්ල් පිටින් හැදිගෑවිල අකුලොලම පල උර්ල්,Harassment,0.772,Harassment,0.9399
මැරුණ සිංහල එකා වෙනුවෙන් එක වචනයක් නොකියන සහජීවන පිම්පියෝ.. ශ්‍රී දේවිට R.I.P කියලා තිබුනා දැක්කා.. බලන්න තිබුනා මේ වෙනුවට මරක්කලයෙක් අපේ උන්ගෙන් මැරුම් කෑවනම් අවජාතක හැත්ත රෙදි උස්සගෙන එන හැටි... ලක්ෂනෝ,මැරුණ සිංහල එකා වෙනුවෙන් එක වචනයක් නොකියන සහජීවන පිම්පියෝ.. ශ්‍රී දේවිට R.I.P කියලා තිබුනා දැක්කා.. බලන්න තිබුනා මේ වෙනුවට මරක්කලයෙක් අපේ උන්ගෙන් මැරුම් කෑවනම් අවජාතක හැත්ත රෙදි උස්සගෙන එන හැටි... ලක්ෂනෝ,Harassment,0.5586,Harassment,0.7285
", ටයිප් කොරොනවා මුං ව හෙට අනිද්දට නනදසෙන චිනෙට යැව්වම..අවජාතක සක්කිලි යො..කොහෙන් හරි බොරුඅක් ගොතාගෙන නනදසෙන ව සුද්ද කර් කර පව්ල රකින ගොතයෙක් නෙ මෙ..අවජාතක හැත්තක්.ටිව් එකෙ අඩන්නෙ නම් අප්පා ගැනකියොකියො",", ටයිප් කොරොනවා මුං ව හෙට අනිද්දට නනදසෙන චිනෙට යැව්වම..අවජාතක සක්කිලි යො..කොහෙන් හරි බොරුඅක් ගොතාගෙන නනදසෙන ව සුද්ද කර් කර පව්ල රකින ගොතයෙක් නෙ මෙ..අවජාතක හැත්තක්.ටිව් එකෙ අඩන්නෙ නම් අප්පා ගැනකියොකියො",Harassment,0.6797,Harassment,0.9854
පකිස්තානයෙන් සමාව ඉල්ලනකොට ලංකාවේ ඉන්න පුක දෙන පොන්න හැත්ත මරපු එක සාදාරණීකරණය කරන්ඩ යනවා පොඩි කාලේ මව් කිරි වෙනුවට කොනකපා ශුකාණු උන්ට බොන්ඩ දීලා තියෙන්නෙ ඒකයි එහෙම අවජාතක හැත්ත #දැකලාහිතුනා ජුස්ටිචෙෆොර්ප්රියන්ත ශංඑඔන්පකිස්තං,පකිස්තානයෙන් සමාව ඉල්ලනකොට ලංකාවේ ඉන්න පුක දෙන පොන්න හැත්ත මරපු එක සාදාරණීකරණය කරන්ඩ යනවා පොඩි කාලේ මව් කිරි වෙනුවට කොනකපා ශුකාණු උන්ට බොන්ඩ දීලා තියෙන්නෙ ඒකයි එහෙම අවජාතක හැත්ත #දැකලාහිතුනා ජුස්ටිචෙෆොර්ප්රියන්ත ශංඑඔන්පකිස්තං,Harassment,0.7427,Harassment,0.9429
''මහින්දගේ අවජාතක දරුවා සුජාත කරන්නයි හදන්නේ'' උර්ල්,''මහින්දගේ අවජාතක දරුවා සුජාත කරන්නයි හදන්නේ'' උර්ල්,Harassment,0.7803,Harassment,0.9644
ජාතියක් ජම්මයක් නැති අවජාතක ⁣කැරියෙක් හුකඳෝ උඹ,ජාතියක් ජම්මයක් නැති අවජාතක ⁣කැරියෙක් හුකඳෝ උඹ,Harassment,0.4917,Harassment,0.9863
කාල් මාක්ස් ගේ අවජාතක පුත්‍රයා උර්ල්,කාල් මාක්ස් ගේ අවජාතක පුත්‍රයා උර්ල්,Harassment,0.5889,Harassment,0.6118
පොහොට්ටුව අවජාතක දරුවෙක්. හරියට උප්පැන්නයක් නෑ.. පොහොට්ටුව නෙළුමක් උනාට කරුමෙට හරි පිපුනොත් මැද තියෙන්නේ කිඩාරම්... උර්ල්,පොහොට්ටුව අවජාතක දරුවෙක්. හරියට උප්පැන්නයක් නෑ.. පොහොට්ටුව නෙළුමක් උනාට කරුමෙට හරි පිපුනොත් මැද තියෙන්නේ කිඩාරම්... උර්ල්,Harassment,0.4888,Harassment,0.9438
හොඳා ෆේක් එකක් නිසා..එක ආදරණීය පියෙක්ට නැතුව 3 4 දෙනෙක් ට හරි බල්ලෙක් වගේ සතෙක්ට හරි දාව ජාතක උනාම මෙහෙම අවජාතක කතා කියන උදවිය බිහි වෙනව..සාධාරණයි..,හොඳා ෆේක් එකක් නිසා..එක ආදරණීය පියෙක්ට නැතුව 3 4 දෙනෙක් ට හරි බල්ලෙක් වගේ සතෙක්ට හරි දාව ජාතක උනාම මෙහෙම අවජාතක කතා කියන උදවිය බිහි වෙනව..සාධාරණයි..,Harassment,0.5327,Harassment,0.9194
ඔව් ඉතින් නැත්නම් ළමුන් අවජාතක වෙනවානේ,ඔව් ඉතින් නැත්නම් ළමුන් අවජාතක වෙනවානේ,Harassment,0.5347,Harassment,0.562
ඔය මහලොකුවට නලලෙ තියන් ගියාට කැම්පස් කියල අපිනම් පුකකට ගනන් ගන්නෙ නෑ.. හොද උනුත් ඉන්නව ඒත් වැඩි හරියක් ඉන්නෙ අවජාතක හුත්තල. ලොකු නෑ එක පකෙක්,ඔය මහලොකුවට නලලෙ තියන් ගියාට කැම්පස් කියල අපිනම් පුකකට ගනන් ගන්නෙ නෑ.. හොද උනුත් ඉන්නව ඒත් වැඩි හරියක් ඉන්නෙ අවජාතක හුත්තල. ලොකු නෑ එක පකෙක්,Harassment,0.7002,Harassment,0.9766
මූත් පොන්නසේකාගේ ජාතියෙම අවජාතක එකෙක් තමා... කෝ කඩේ ගිය එවුන්? ලක கரகலன ගරිකාලන් · 15 ඔච්ට් 2017 ඉග්ප් පුජිත ජයසුන්දර got one ඔෆ් his bodyguard ටො clean mud ඕන his ශෝඑස් ඉන් අ public event හෙල්ඩ් ඉන් ජෆ්ෆ්න yesterday pix-,මූත් පොන්නසේකාගේ ජාතියෙම අවජාතක එකෙක් තමා... කෝ කඩේ ගිය එවුන්? ලක கரகலன ගරිකාලන් · 15 ඔච්ට් 2017 ඉග්ප් පුජිත ජයසුන්දර got one ඔෆ් his bodyguard ටො clean mud ඕන his ශෝඑස් ඉන් අ public event හෙල්ඩ් ඉන් ජෆ්ෆ්න yesterday pix-,Harassment,0.7568,Harassment,0.937
මේවා හදන අවජාතක බල්ලන්ට පේන්න ශෙයාර් කරපල්ලා උර්ල්,මේවා හදන අවජාතක බල්ලන්ට පේන්න ශෙයාර් කරපල්ලා උර්ල්,Harassment,0.5278,Harassment,0.8237
වියන්ගොඩ යනු $ ඩොලර්කාමී උමතුවෙන් පෙළෙන අවජාතක තක්කඩියෙකි.. උර්ල් ලක ශ්‍රීලංකා චොලොම්බෝ ගාල්ලේ කන්ද්ය් වියන්ගොඩ,වියන්ගොඩ යනු $ ඩොලර්කාමී උමතුවෙන් පෙළෙන අවජාතක තක්කඩියෙකි.. උර්ල් ලක ශ්‍රීලංකා චොලොම්බෝ ගාල්ලේ කන්ද්ය් වියන්ගොඩ,Harassment,0.625,Harassment,0.6274
ඉ ලිකෙඩ් අ උර්ල් අවජාතක දරුවෙක් යයි නැගු චෝදනාවට,ඉ ලිකෙඩ් අ උර්ල් අවජාතක දරුවෙක් යයි නැගු චෝදනාවට,Harassment,0.751,Harassment,0.6387
උපන් බිමේ චන්ද අයිතිය ඉල්ලු සිංහලයන් ට පහර දී මහපාරේ නිරුවත් කරන අවජාතක පාදඩ යා!!!! තු හ් ...තුහ්.. තුප්පහි අශ්චර්ර උර්ල්,උපන් බිමේ චන්ද අයිතිය ඉල්ලු සිංහලයන් ට පහර දී මහපාරේ නිරුවත් කරන අවජාතක පාදඩ යා!!!! තු හ් ...තුහ්.. තුප්පහි අශ්චර්ර උර්ල්,Harassment,0.7339,Harassment,0.5503
"මෙ රටෙ මට අදුර ගන්න ලෑබුනු මිනිසුන් අතර හිටපු - අවජාතක,පාඩඩ.එවගෙම කොටින්ම කියනවනන් තිරිසන් බල්ලන් දෙදෙනෙක්... උර්ල්","මෙ රටෙ මට අදුර ගන්න ලෑබුනු මිනිසුන් අතර හිටපු - අවජාතක,පාඩඩ.එවගෙම කොටින්ම කියනවනන් තිරිසන් බල්ලන් දෙදෙනෙක්... උර්ල්",Harassment,0.6963,Harassment,0.4944
"උබ වගේ අවජාතක නපුංසකයෙක්ට විතරයි ජාතිවාදී තම්බියන් අනුමත කරන්න පුලුවන්. උබේ තාත්තාගේ සමරවීර නම වෙනස් කරගනින්. අපරාදේ, අර මහානාම කියන වැදගත් දෙශපාලකයා සරමේ පිහදා ගත්තානම් මෙහෙම කතාකරන්න වෙන්නේ නැහැ. ලැජ්ජාවක් කියලා තියෙනවානම් ආයේ මාතර පැත්තේ එහෙම එනවා නෙවෙයි. අවමoගලම් මොහොමඩ්","උබ වගේ අවජාතක නපුංසකයෙක්ට විතරයි ජාතිවාදී තම්බියන් අනුමත කරන්න පුලුවන්. උබේ තාත්තාගේ සමරවීර නම වෙනස් කරගනින්. අපරාදේ, අර මහානාම කියන වැදගත් දෙශපාලකයා සරමේ පිහදා ගත්තානම් මෙහෙම කතාකරන්න වෙන්නේ නැහැ. ලැජ්ජාවක් කියලා තියෙනවානම් ආයේ මාතර පැත්තේ එහෙම එනවා නෙවෙයි. අවමoගලම් මොහොමඩ්",Harassment,0.4924,Harassment,0.9399
ගංජ ගහන කාලකණ්ණි කොලු හැතිකරේ..හෙ** ගහල අකුලෝලම පල... -වදින උන්ට වැදියන්-,ගංජ ගහන කාලකණ්ණි කොලු හැතිකරේ..හෙ** ගහල අකුලෝලම පල... -වදින උන්ට වැදියන්-,Harassment,0.73,Harassment,0.9702
මූණ වහං ගහපු ගැහිල්ලෙන් ඉපදිච්ච අවජාතක නපුංසක හැත්ත. මුං වගෙ මූසල කාලකණ්ණි නිලධාරින් හින්දා තමයි ජාත්‍යන්තරය ඉදිරියේ ලංකාව සවුත්තු වෙන්නේ. ලක,මූණ වහං ගහපු ගැහිල්ලෙන් ඉපදිච්ච අවජාතක නපුංසක හැත්ත. මුං වගෙ මූසල කාලකණ්ණි නිලධාරින් හින්දා තමයි ජාත්‍යන්තරය ඉදිරියේ ලංකාව සවුත්තු වෙන්නේ. ලක,Harassment,0.6074,Harassment,0.7617
ඕකුන්ව ලංකාවට ගෙන්නලා ගල් ගහන්න ඕනි කාලකණ්ණි සක්කිලි රට ඉදල මව්බිම ගගා හැමිනෙනව,ඕකුන්ව ලංකාවට ගෙන්නලා ගල් ගහන්න ඕනි කාලකණ්ණි සක්කිලි රට ඉදල මව්බිම ගගා හැමිනෙනව,Harassment,0.49,Harassment,0.6411
අනෙ හුකාං ලැවරිය පුතානො උබල පට්ට කාලකණ්ණි අවජතක පකයි මෙ රටට හෙනයක් වගෙම අකුල් හෙලල පරහැත්ත එක්කරටට වින කටින්න අව සක්කිලි උන්ප් එකම පොන්න පකයි ටිකක් ඉන්නෙ වගෙම මෙලො හසරක් නැතුව හිටපු උබට දැන් මාද්‍ය නිවෙදන නිකුත් කරන්න තරම් ඇම්ම කොහෙන්ද ආවෙ උබලයි යකො වල පල්ලට යන්න ඔන උන් රටට කෙලවන,අනෙ හුකාං ලැවරිය පුතානො උබල පට්ට කාලකණ්ණි අවජතක පකයි මෙ රටට හෙනයක් වගෙම අකුල් හෙලල පරහැත්ත එක්කරටට වින කටින්න අව සක්කිලි උන්ප් එකම පොන්න පකයි ටිකක් ඉන්නෙ වගෙම මෙලො හසරක් නැතුව හිටපු උබට දැන් මාද්‍ය නිවෙදන නිකුත් කරන්න තරම් ඇම්ම කොහෙන්ද ආවෙ උබලයි යකො වල පල්ලට යන්න ඔන උන් රටට කෙලවන,Harassment,0.7178,Harassment,0.9468
ඊයෙ එක සක්කිලියෙක් කියනව කරූට ඕන එකෙක් හරි මරාගන්නලු ඌට එකෙක් වෙන්න ඇති හැබැයි අපිට ඕන උන් ඔක්කොම මරල දාන්න කියල උන් දන්නෙ නෑ කඩප්පුලි වේස හැත්ත මුන්ට ගේමක් දෙන්න එකෙක් නැද්ද මේ රටේ කාලකණ්ණි ඔක්කොම මරල දාල අලුත් සෙට් එකක් දාන්න පෙලගැහියල්ල යකුනේ,ඊයෙ එක සක්කිලියෙක් කියනව කරූට ඕන එකෙක් හරි මරාගන්නලු ඌට එකෙක් වෙන්න ඇති හැබැයි අපිට ඕන උන් ඔක්කොම මරල දාන්න කියල උන් දන්නෙ නෑ කඩප්පුලි වේස හැත්ත මුන්ට ගේමක් දෙන්න එකෙක් නැද්ද මේ රටේ කාලකණ්ණි ඔක්කොම මරල දාල අලුත් සෙට් එකක් දාන්න පෙලගැහියල්ල යකුනේ,Harassment,0.623,Harassment,0.8857
මේ වේස බල්ලො බැල්ලියෙක් දැක්ක ගමන් පාර හරහා පනිනවා ඇහිල්ලක් බැලිල්ලක් නැතුව. තව පොඩ්ඩෙන් එක බැල්ලිගේ පුතෙක් පරලොව යනවා වාහනේ වැදිලා,මේ වේස බල්ලො බැල්ලියෙක් දැක්ක ගමන් පාර හරහා පනිනවා ඇහිල්ලක් බැලිල්ලක් නැතුව. තව පොඩ්ඩෙන් එක බැල්ලිගේ පුතෙක් පරලොව යනවා වාහනේ වැදිලා,Harassment,0.5073,Harassment,0.9272
ඉහල උන්ගෙ කල්ලි වල්ලි අපි ලග නෑ සල්ලි මල්ලි පුංචි රෝමෙ වැල්ලෙ බැල්ලි අල්ලයි බං උන්ගෙ ජල්ලි,ඉහල උන්ගෙ කල්ලි වල්ලි අපි ලග නෑ සල්ලි මල්ලි පුංචි රෝමෙ වැල්ලෙ බැල්ලි අල්ලයි බං උන්ගෙ ජල්ලි,Harassment,0.5728,Harassment,0.5508
චිත්‍රයක් ඇඳල දෙන්ඩ බැරි අඩු කුලේ පර හැත්ත. පට්ට බැල්ලි. ගහනව වැලි... ආ කෙල්ලෙ උඹත් බැනපන්,චිත්‍රයක් ඇඳල දෙන්ඩ බැරි අඩු කුලේ පර හැත්ත. පට්ට බැල්ලි. ගහනව වැලි... ආ කෙල්ලෙ උඹත් බැනපන්,Harassment,0.5566,Harassment,0.9341
ගෙදර බැල්ලි පාරේ යන බල්ලෙක්ට හයියෙන් බුරනවා.. පාරේ යන බල්ලා: මරයක · 10 සේප 2020 සද්දෙ වැඩී හුකනවා ගෙදරට අවිත් .,ගෙදර බැල්ලි පාරේ යන බල්ලෙක්ට හයියෙන් බුරනවා.. පාරේ යන බල්ලා: මරයක · 10 සේප 2020 සද්දෙ වැඩී හුකනවා ගෙදරට අවිත් .,Harassment,0.6475,Harassment,0.5488
ඉහල උන්ගෙ කල්ලි වල්ලි අපිලග නෑ සල්ලි මල්ලි පුංචි රෝමෙ වැල්ලෙ බැල්ලි අල්ලයි බං උංගෙ ජල්ලි හ්රුස්𝖍අ · 1 ජුල 2019 උඹලා වඩදියේ දඟලලා වෙලා දෝදු පෙනෙයි වාරකන් හුත්තො වරෙන් යන්න මුහුදු.. සජ්ජ ත්විත්තෙර්කොම්දෙෆ්යිෂ්වීඉථර්,ඉහල උන්ගෙ කල්ලි වල්ලි අපිලග නෑ සල්ලි මල්ලි පුංචි රෝමෙ වැල්ලෙ බැල්ලි අල්ලයි බං උංගෙ ජල්ලි හ්රුස්𝖍අ · 1 ජුල 2019 උඹලා වඩදියේ දඟලලා වෙලා දෝදු පෙනෙයි වාරකන් හුත්තො වරෙන් යන්න මුහුදු.. සජ්ජ ත්විත්තෙර්කොම්දෙෆ්යිෂ්වීඉථර්,Harassment,0.7271,Harassment,0.875
වැල්ලෙ බැල්ලිව පිස්සු බල්ලෙක් හපන්න හදන්නේ.. — feeling silly,වැල්ලෙ බැල්ලිව පිස්සු බල්ලෙක් හපන්න හදන්නේ.. — feeling silly,Harassment,0.6348,Harassment,0.7896
"ප්‍රභාකරන්ට රෙද්ද උස්සලා, කකුල් පළල් කරපු වඳ බැල්ලියෝ. අර වෙලේ විධානෙට මේකිව කසාද බන්දල දෙන්න ඕනා. උර්ල්","ප්‍රභාකරන්ට රෙද්ද උස්සලා, කකුල් පළල් කරපු වඳ බැල්ලියෝ. අර වෙලේ විධානෙට මේකිව කසාද බන්දල දෙන්න ඕනා. උර්ල්",Harassment,0.5278,Harassment,0.9287
තෙරෙ බිනා කැරියා අල්ලපු ගෙදර හුත්ති ඉස්සරා ගෙදර බැල්ලි අපේ ගෙදර බල්ලා⁣ තුම්හියෝ කැරියා සඟල වරහන් පකයා සබන් බෝල පකයා බීට් හුත්ති ගොටුකොල පකයා පොල් කෝම්බ කැරියා බ්ලොක් ගල් හුත්තා රට උළු පොන්නයා ගොක් කොල පකයා ඇම්පියර් හුත්තා ගිටාර් පකයා බිත්ති ඔරලෝසු පොන්නයා මදර්බෝඩ් හුකන්නා,තෙරෙ බිනා කැරියා අල්ලපු ගෙදර හුත්ති ඉස්සරා ගෙදර බැල්ලි අපේ ගෙදර බල්ලා⁣ තුම්හියෝ කැරියා සඟල වරහන් පකයා සබන් බෝල පකයා බීට් හුත්ති ගොටුකොල පකයා පොල් කෝම්බ කැරියා බ්ලොක් ගල් හුත්තා රට උළු පොන්නයා ගොක් කොල පකයා ඇම්පියර් හුත්තා ගිටාර් පකයා බිත්ති ඔරලෝසු පොන්නයා මදර්බෝඩ් හුකන්නා,Harassment,0.752,Harassment,0.9634
"ඕව සාධාරණීකරණය කරල, පොල්ස් ලබ්බන්ට සුදු හුණු ගාන අවජාතක බැල්ලියොත් මේ බුකියේ නැතුවාම නෙවෙයි.... උර්ල්","ඕව සාධාරණීකරණය කරල, පොල්ස් ලබ්බන්ට සුදු හුණු ගාන අවජාතක බැල්ලියොත් මේ බුකියේ නැතුවාම නෙවෙයි.... උර්ල්",Harassment,0.6592,Harassment,0.9629
ආං අරකි බැල්ලි එක්ක නිදියල ඇග පුරාම ලොම්ලු බැල්ලිගෙ ල්ප්ම් එකිගෙ ඇගෙ,ආං අරකි බැල්ලි එක්ක නිදියල ඇග පුරාම ලොම්ලු බැල්ලිගෙ ල්ප්ම් එකිගෙ ඇගෙ,Harassment,0.7915,Harassment,0.9624
මේ තවත් බැල්ලියෙක්....තමන්ව ජාතක කල පියාව මාලඹේ බස් නැවතුම්පලේ අතරමං කරදමා ගිය බැල්ලි...(මේආත්මේම විදවන්න ඕනා මේවා) උර්ල්,මේ තවත් බැල්ලියෙක්....තමන්ව ජාතක කල පියාව මාලඹේ බස් නැවතුම්පලේ අතරමං කරදමා ගිය බැල්ලි...(මේආත්මේම විදවන්න ඕනා මේවා) උර්ල්,Harassment,0.6592,Harassment,0.9702
පුක කකුලුවොම කන්න ඕන! тнαяιηυ ツ · 13 සේප 2017 මුහුදු වෙරළවල් වල රෙන උන්ට නම් අම්මපා ගහන්න ඕන පුකට හෙන 7ක්.,පුක කකුලුවොම කන්න ඕන! тнαяιηυ ツ · 13 සේප 2017 මුහුදු වෙරළවල් වල රෙන උන්ට නම් අම්මපා ගහන්න ඕන පුකට හෙන 7ක්.,Harassment,0.4971,Harassment,0.8027
සමහර අවජාතක සිංහල උන්ට මුල මතක නෑ. ඉන්නේ නිකම් උගේ අම්ම අප්පා ගිහින් කොටි ඉවර කරලා ආවා කියලා හිතාගෙන.,සමහර අවජාතක සිංහල උන්ට මුල මතක නෑ. ඉන්නේ නිකම් උගේ අම්ම අප්පා ගිහින් කොටි ඉවර කරලා ආවා කියලා හිතාගෙන.,Harassment,0.7681,Harassment,0.7461
"කෙල්ලෙක් උඹට එකීගේ phone number එකක් දෙනවා කියන්නේ, ඒ ඒකී උඹව විශ්වාස කරන නිසා.. එහෙව් එකීගේ number එකක් වටේ යවනවා නම්, අසහනකාරී විදියට හැසිරෙනවා නම්, උඹ මනුස්ස දුවක් දාව ජාතක වෙච්ච තිරිසන් ආත්මයක්.. ඒම තිරිසනුන්ට, ජාතක කරපු අම්මාව දැක්කත් අසහනේ උත්සන්න වෙන්න පුලුවන්.. ඇත්ත ඒකයි.","කෙල්ලෙක් උඹට එකීගේ phone number එකක් දෙනවා කියන්නේ, ඒ ඒකී උඹව විශ්වාස කරන නිසා.. එහෙව් එකීගේ number එකක් වටේ යවනවා නම්, අසහනකාරී විදියට හැසිරෙනවා නම්, උඹ මනුස්ස දුවක් දාව ජාතක වෙච්ච තිරිසන් ආත්මයක්.. ඒම තිරිසනුන්ට, ජාතක කරපු අම්මාව දැක්කත් අසහනේ උත්සන්න වෙන්න පුලුවන්.. ඇත්ත ඒකයි.",Harassment,0.6025,Harassment,0.9819
අහම්බෙන් Bra එකෙ පටිය ඇදුමෙන් එලියට පැනලා තිබ්බා දැක්කොත් ! අම්මො ඕකි බඩුව බං මන් ඕකිට ගැහුවා....,අහම්බෙන් Bra එකෙ පටිය ඇදුමෙන් එලියට පැනලා තිබ්බා දැක්කොත් ! අම්මො ඕකි බඩුව බං මන් ඕකිට ගැහුවා....,Harassment,0.6836,Harassment,0.9326
බඩුවට බඩුව නොකිය ඉතින් ආයෙ පත්තිනි අම්ම කියන්නද,බඩුවට බඩුව නොකිය ඉතින් ආයෙ පත්තිනි අම්ම කියන්නද,Harassment,0.5991,Harassment,0.8633
"/2 ටොගේ අම්මගේ රෙද්ද. ගොන් ඒසිගේ පුතා. චන්දෙයි පුපයි දෙකම දීලා ගෙරි ආණ්ඩුව ගෙනාපු මාධ්‍ය ගණිකාවක් උඹ කියන්නේ, දැන් ස්වයං සීමා පනවගන්නලු. ගිහි සඳුදට බලපන් ඔතන ස්වයං සංචරන සීමා එදාටත් තියෙයිද කියලා මරි මොංගලා.","/2 ටොගේ අම්මගේ රෙද්ද. ගොන් ඒසිගේ පුතා. චන්දෙයි පුපයි දෙකම දීලා ගෙරි ආණ්ඩුව ගෙනාපු මාධ්‍ය ගණිකාවක් උඹ කියන්නේ, දැන් ස්වයං සීමා පනවගන්නලු. ගිහි සඳුදට බලපන් ඔතන ස්වයං සංචරන සීමා එදාටත් තියෙයිද කියලා මරි මොංගලා.",Harassment,0.5752,Harassment,0.7559
ඔයතරන් තෙල් කාල ලෙඩක් හදාගනිංකො කොහොමහරි. අම්මපා බොට කියන කට හොඳයි ගලක උලා ගන්නව. අපෙ අම්ම එහෙම කියනව මට ඉස්සර,ඔයතරන් තෙල් කාල ලෙඩක් හදාගනිංකො කොහොමහරි. අම්මපා බොට කියන කට හොඳයි ගලක උලා ගන්නව. අපෙ අම්ම එහෙම කියනව මට ඉස්සර,Harassment,0.6533,Harassment,0.6748
අව ජාතකයට සැබෑ සිංහලය පේන්නේ වැරදියට.එක උගේ වරද නෙමෙයි.අත්ත මුත්ත අම්ම අම්ම කරපු වැරදි කියලා අහක දාන්නත් බෑ.සොලී... උර්ල්,අව ජාතකයට සැබෑ සිංහලය පේන්නේ වැරදියට.එක උගේ වරද නෙමෙයි.අත්ත මුත්ත අම්ම අම්ම කරපු වැරදි කියලා අහක දාන්නත් බෑ.සොලී... උර්ල්,Harassment,0.5181,Harassment,0.9702
ඔය වේසිගේ පුතාලා දන්න මාධ්‍ය. මුන්ට සල්ලි දෙනවා කිවුවොත් අම්මලා උනත් වේස කමේ යවනවා.. හරිය ඉගෙන ගෙන වත් නැති ගොං කලා උපාධි ධාරියෝ ටිකක් රට විකුණං කන්න අටවපු එකක් ඕක.,ඔය වේසිගේ පුතාලා දන්න මාධ්‍ය. මුන්ට සල්ලි දෙනවා කිවුවොත් අම්මලා උනත් වේස කමේ යවනවා.. හරිය ඉගෙන ගෙන වත් නැති ගොං කලා උපාධි ධාරියෝ ටිකක් රට විකුණං කන්න අටවපු එකක් ඕක.,Harassment,0.6758,Harassment,0.9775
ඔකාගෙ අම්ම මොලෙ වැඩෙන්න දෙන්නෙ ඔවලු,ඔකාගෙ අම්ම මොලෙ වැඩෙන්න දෙන්නෙ ඔවලු,Harassment,0.5508,Harassment,0.5576
කැරි මීයෙක් පාන්දර 3 නට කාමරේට රින්ගල හුක# වදයක් දුන්නෙ ...... උදේ බලද්දි මයිලෝ පැකට් එක කාලා....... අම්මපා මීයව අහු උනොත් බොල දෙක කපල දානව,කැරි මීයෙක් පාන්දර 3 නට කාමරේට රින්ගල හුක# වදයක් දුන්නෙ ...... උදේ බලද්දි මයිලෝ පැකට් එක කාලා....... අම්මපා මීයව අහු උනොත් බොල දෙක කපල දානව,Harassment,0.6938,Harassment,0.5537
", ඕකි ලේලී කරගන්නවනම් අම්ම කෙනෙක් නෑ කියල හිතාගනින් පුතේ",", ඕකි ලේලී කරගන්නවනම් අම්ම කෙනෙක් නෑ කියල හිතාගනින් පුතේ",Harassment,0.7271,Harassment,0.9126
"~..දවසේ ඔවදන..~44~ ග ම ෆ කෙල්ලෙක්ගේ ගෞරවය එක්ක සෙල්ලම් කරන්න කලින් දෙපාරක් හිතපන්, උඹේ අම්මාට උඹේ තාත්තා එදා එහෙම කලා නම්, උඹ අද ඒ අම්මා දාව ජාතක වුන අවජාතක දරුවෙක් කියලා. මලක් ඉම්බාට කමක් නෑ, ඒ මල තලන්න එපා බොලව්.. / 07 / 11 #ජීවිතයටඅරුතක්","~..දවසේ ඔවදන..~44~ ග ම ෆ කෙල්ලෙක්ගේ ගෞරවය එක්ක සෙල්ලම් කරන්න කලින් දෙපාරක් හිතපන්, උඹේ අම්මාට උඹේ තාත්තා එදා එහෙම කලා නම්, උඹ අද ඒ අම්මා දාව ජාතක වුන අවජාතක දරුවෙක් කියලා. මලක් ඉම්බාට කමක් නෑ, ඒ මල තලන්න එපා බොලව්.. / 07 / 11 #ජීවිතයටඅරුතක්",Harassment,0.5957,Harassment,0.9424
ඕවා එම්යලම්ට මුම්කුත් කියම්න එම්පා. එයාලම්ට එයාලම්ගේ අම්ම තාත්තට වමඩා වැම්දගත් මුන් 7 දෙම්නා. GIF,ඕවා එම්යලම්ට මුම්කුත් කියම්න එම්පා. එයාලම්ට එයාලම්ගේ අම්ම තාත්තට වමඩා වැම්දගත් මුන් 7 දෙම්නා. GIF,Harassment,0.6392,Harassment,0.7632
පල සක්කිලි පර බල්ලා. උබට දාපු ඇට කටුවට ගිහින් උබේ අම්මව විකුණපන්.,පල සක්කිලි පර බල්ලා. උබට දාපු ඇට කටුවට ගිහින් උබේ අම්මව විකුණපන්.,Harassment,0.6191,Harassment,0.9849
අම්ම්බානට හෙන ගගහා වහිනවා මට හොදටම දාඩිය දානවා,අම්ම්බානට හෙන ගගහා වහිනවා මට හොදටම දාඩිය දානවා,Harassment,0.6387,Harassment,0.468
මූට ගෙවල් නෑ මල්ලිහ්.. මුගේ අම්මා අයාලේ ගිහින් මූව දොට්ට දාලා අවජාතක නිසා.. ජාතකේ හොයාගන්න බැරි වුන මූ තාම පාරක් පාරක් ගානේ ඇවිදිනවා,මූට ගෙවල් නෑ මල්ලිහ්.. මුගේ අම්මා අයාලේ ගිහින් මූව දොට්ට දාලා අවජාතක නිසා.. ජාතකේ හොයාගන්න බැරි වුන මූ තාම පාරක් පාරක් ගානේ ඇවිදිනවා,Harassment,0.5239,Harassment,0.9028
ඔයාගෙ 'වර්ගෙ' අය කියන්නෙ එකම දේනෙ. 1. එන්න නම්කි මගෙ චූව පෙන්නන්න. . එන්න නම්කි මම උයාට කරල පෙන්නන්න . උයාගෙ අම්ම වේසියක්ද නම්කි? . උයාගෙ තාත්තා හම්බයෙක්ද නම්කි? . ගිහින් හම්බයන්ට පුක දෙන්න නම්කි ඔය ටිකෙන් පිට දෙයක් ඔයාගෙ වර්ගෙ අයට කියන්න නෑනෙ. ඕවට බය වෙන්න මට විකාරැයි.,ඔයාගෙ 'වර්ගෙ' අය කියන්නෙ එකම දේනෙ. 1. එන්න නම්කි මගෙ චූව පෙන්නන්න. . එන්න නම්කි මම උයාට කරල පෙන්නන්න . උයාගෙ අම්ම වේසියක්ද නම්කි? . උයාගෙ තාත්තා හම්බයෙක්ද නම්කි? . ගිහින් හම්බයන්ට පුක දෙන්න නම්කි ඔය ටිකෙන් පිට දෙයක් ඔයාගෙ වර්ගෙ අයට කියන්න නෑනෙ. ඕවට බය වෙන්න මට විකාරැයි.,Harassment,0.5884,Harassment,0.9756
අම්ම ගහයි. ඉමස්ක් ගන්නම වෙනව ඉතින්. ආයෙ කොරෝන ලොවෙත් හැදෙන්නෙ නෑ ච්නෙට් · 6 අප‍ 2020 ඉමස්ක් උර්ල්,අම්ම ගහයි. ඉමස්ක් ගන්නම වෙනව ඉතින්. ආයෙ කොරෝන ලොවෙත් හැදෙන්නෙ නෑ ච්නෙට් · 6 අප‍ 2020 ඉමස්ක් උර්ල්,Harassment,0.5576,Harassment,0.8496
අම්මපා දැන් උඹ වලන්ද හෝදන්නේ පින්ගන්ද? මටනම් පෙන්නේ උඹේ ජාතකේ පොඩ්ඩක් අප්සට් වගේ. පොඩ්ඩක් හොයලා බලපන්.,අම්මපා දැන් උඹ වලන්ද හෝදන්නේ පින්ගන්ද? මටනම් පෙන්නේ උඹේ ජාතකේ පොඩ්ඩක් අප්සට් වගේ. පොඩ්ඩක් හොයලා බලපන්.,Harassment,0.7925,Harassment,0.9688
අම්මගේ රෙද්ද තමයි..... රටම පාවා දුන්න අවජාතකයාගේ මඩ හාේදන පාලම් කොක්කු ඉන්නවනේ.... උර්ල්,අම්මගේ රෙද්ද තමයි..... රටම පාවා දුන්න අවජාතකයාගේ මඩ හාේදන පාලම් කොක්කු ඉන්නවනේ.... උර්ල්,Harassment,0.7876,Harassment,0.8604
හැසිරෙන ආකාරයෙනුත් මිනිහෙක්ගෙ අධ්‍යාපන මට්ටම තේරුම් ගන්න එච්චර අමාරු නෑ අම්මෙක් අප්පෙක්ට ජාතක උනා නම් ඌ අනිත් උන්ගෙ අම්ම අප්ප මතක් කරන්නෙ නෑ රනිල් කොල්ලො ගහනව කියන ඔයාගෙන් මම අහන්නෙ ඇත්තටම කොහොමද ඔයා දන්නෙ ඔයා රනිල් එක්ක හිටියද ඇත්‍තටම,හැසිරෙන ආකාරයෙනුත් මිනිහෙක්ගෙ අධ්‍යාපන මට්ටම තේරුම් ගන්න එච්චර අමාරු නෑ අම්මෙක් අප්පෙක්ට ජාතක උනා නම් ඌ අනිත් උන්ගෙ අම්ම අප්ප මතක් කරන්නෙ නෑ රනිල් කොල්ලො ගහනව කියන ඔයාගෙන් මම අහන්නෙ ඇත්තටම කොහොමද ඔයා දන්නෙ ඔයා රනිල් එක්ක හිටියද ඇත්‍තටම,Harassment,0.6279,Harassment,0.8306
"එහෙම කියන උබලා, වැල්ලෙ රීලා අමාරුවෙන් රැල්ලෙන් ඉස්සි ඉස්සි පුප හෝදගනිපු එක්කාගේ අම්ම මුත්ත මතක් කරනවා. දැක්කම.","එහෙම කියන උබලා, වැල්ලෙ රීලා අමාරුවෙන් රැල්ලෙන් ඉස්සි ඉස්සි පුප හෝදගනිපු එක්කාගේ අම්ම මුත්ත මතක් කරනවා. දැක්කම.",Harassment,0.7402,Harassment,0.9487
උබේ අම්මාගේ රස්‍තියාදුව කියල ගහලා පොතක් ලියපන් අවජාතක පො.$&@ යෝ උර්ල්,උබේ අම්මාගේ රස්‍තියාදුව කියල ගහලා පොතක් ලියපන් අවජාතක පො.$&@ යෝ උර්ල්,Harassment,0.7773,Harassment,0.9175
මෝඩ බයියෙක්: - උඹේ අම්මට නම් අනිවා තම්බියෙක් කෙලළ තියෙන්නෙ..ඒකනෙ ඕයි කැක්කුම.. මම:- දැන් උබට ෂුවර්ද උබේ අම්ම ලිංගික සන්තර්පනය ලැබුවෙ පෙරාපු සිංහලයො එක්කො විතරයි කියල? ගොන් කතානෙ බම්. ඒක උබ දන්නෙත් නෑ. අම්ම... උර්ල්,මෝඩ බයියෙක්: - උඹේ අම්මට නම් අනිවා තම්බියෙක් කෙලළ තියෙන්නෙ..ඒකනෙ ඕයි කැක්කුම.. මම:- දැන් උබට ෂුවර්ද උබේ අම්ම ලිංගික සන්තර්පනය ලැබුවෙ පෙරාපු සිංහලයො එක්කො විතරයි කියල? ගොන් කතානෙ බම්. ඒක උබ දන්නෙත් නෑ. අම්ම... උර්ල්,Harassment,0.6973,Harassment,0.9668
"කොටට ඇඳපු පලියට, පච්චයක් ගහපු පලියට කෙල්ලෙක් බඩුවක් වෙනවා නම්, 70/80 ගනන් වල මිනි ගවුම ඇඳපු ආච්චිලා දාව ජාතක වුන අපේ අම්මලා අප්පලා අවජාතක වෙන්න ඕනා..","කොටට ඇඳපු පලියට, පච්චයක් ගහපු පලියට කෙල්ලෙක් බඩුවක් වෙනවා නම්, 70/80 ගනන් වල මිනි ගවුම ඇඳපු ආච්චිලා දාව ජාතක වුන අපේ අම්මලා අප්පලා අවජාතක වෙන්න ඕනා..",Harassment,0.7129,Harassment,0.9395
උගේ අම්ම රංජන්ගේ බබා කෙනෙක් වෙන්නැති ෂුවර් එකටම... මුං වගේ අන්තවාදී අවජාතක බල්ලෝ තමයි දැන් රටේ තත්වයට හේතුව,උගේ අම්ම රංජන්ගේ බබා කෙනෙක් වෙන්නැති ෂුවර් එකටම... මුං වගේ අන්තවාදී අවජාතක බල්ලෝ තමයි දැන් රටේ තත්වයට හේතුව,Harassment,0.543,Harassment,0.8936
පොන්න අවජාතක ''සම්පත්'' කොටියො...උඕෙ අම්ම අල්ලන්නද යුදහමුදාකුමන්ත්‍රණ????,පොන්න අවජාතක ''සම්පත්'' කොටියො...උඕෙ අම්ම අල්ලන්නද යුදහමුදාකුමන්ත්‍රණ????,Harassment,0.7827,Harassment,0.9868
ඒක යද්දි උඹලැයි අම්ම උඹට අඩ ගහල උඹව දීල බේසමක් ගත්තනං මෙහෙම වෙන් නෑ,ඒක යද්දි උඹලැයි අම්ම උඹට අඩ ගහල උඹව දීල බේසමක් ගත්තනං මෙහෙම වෙන් නෑ,Harassment,0.7329,Harassment,0.8999
"අක්කේ ඔයා ඔහොම දාපු එකේ අපිට දාන ඒවා ඔහොම දාන්න බෑ ප්‍රසිද්ධියේ, සමලිංගික මානසිකත්වයෙන් ඉන්න අංගවිකල පකේ line දෙන කොන්ඩම් දාන්නැතිව ගහලා හරහට ඉපදිච්ච වේස පොන්නයො තමා ඔහොම කරන්නේ.උගේ අම්මගේ එක බලාගන්න කියාං අක්කෙ උස්සලා අසහනෙ නං එච්චරටම","අක්කේ ඔයා ඔහොම දාපු එකේ අපිට දාන ඒවා ඔහොම දාන්න බෑ ප්‍රසිද්ධියේ, සමලිංගික මානසිකත්වයෙන් ඉන්න අංගවිකල පකේ line දෙන කොන්ඩම් දාන්නැතිව ගහලා හරහට ඉපදිච්ච වේස පොන්නයො තමා ඔහොම කරන්නේ.උගේ අම්මගේ එක බලාගන්න කියාං අක්කෙ උස්සලා අසහනෙ නං එච්චරටම",Harassment,0.5083,Harassment,0.979
පොඩ්ඩියෙ අම්ම අම්මාමයි තාම වැරදුනෙ අපි නිසයි ඈ වැරදිද කෝම බක්මහෙ කොවුල් බිජු පුපුරන දාක පොඩ්ඩියෙ අම්මගෙං උඹ ඉල්ලනවද ගේම තනේ කඩා විසිකර පත්තිනි වේනම් අනේ හාමතේ අපි මැරිලා එහෙනම් (අම්ම වේසියක් යැයි කියා අලුත් අවුරුදු දින අම්මට වැදීමට බෑ කී නංගිට අයියාගෙ තරවටුව) උපුටාගැනීම,පොඩ්ඩියෙ අම්ම අම්මාමයි තාම වැරදුනෙ අපි නිසයි ඈ වැරදිද කෝම බක්මහෙ කොවුල් බිජු පුපුරන දාක පොඩ්ඩියෙ අම්මගෙං උඹ ඉල්ලනවද ගේම තනේ කඩා විසිකර පත්තිනි වේනම් අනේ හාමතේ අපි මැරිලා එහෙනම් (අම්ම වේසියක් යැයි කියා අලුත් අවුරුදු දින අම්මට වැදීමට බෑ කී නංගිට අයියාගෙ තරවටුව) උපුටාගැනීම,Harassment,0.6694,Harassment,0.9448
තැනක ඉන්න ඔිනේ විදිය තොපේ අම්මලා තාත්තලා තොපිට උගන්වලා නැද්ද අවජාතක බල්ලෝ.. ක් සිරි sir) ස්රිලංකංථ්රෙඅත්ස,තැනක ඉන්න ඔිනේ විදිය තොපේ අම්මලා තාත්තලා තොපිට උගන්වලා නැද්ද අවජාතක බල්ලෝ.. ක් සිරි sir) ස්රිලංකංථ්රෙඅත්ස,Harassment,0.7314,Harassment,0.9839
මූට එන්න බෑ. අම්ම ground කරල තියන්නෙ,මූට එන්න බෑ. අම්ම ground කරල තියන්නෙ,Harassment,0.4851,Harassment,0.7168
23 ඔතෙර්ස් අම්මගෙ රෙද්ද මුගේ කටට රෙන්න ඕන බර බර ගාලා පැඩ පැඩ,23 ඔතෙර්ස් අම්මගෙ රෙද්ද මුගේ කටට රෙන්න ඕන බර බර ගාලා පැඩ පැඩ,Harassment,0.7495,Harassment,0.8184
"කුණුහරප සහිතයි: . . . . . . . . . . . . . . . . . . . . . . . . . . . . මේ හුත්තිගේ පුතාගේ අම්මට හැමිණෙන්න ඌ හිතං ඉන්නේ මට වෙන වැඩ නෑ, මං කරන්න ඕනේ අනික් උන්ගේ පක්කාලි වැඩ විතරයි කියලා, පොන්න වේසිගේ පුතා !!!","කුණුහරප සහිතයි: . . . . . . . . . . . . . . . . . . . . . . . . . . . . මේ හුත්තිගේ පුතාගේ අම්මට හැමිණෙන්න ඌ හිතං ඉන්නේ මට වෙන වැඩ නෑ, මං කරන්න ඕනේ අනික් උන්ගේ පක්කාලි වැඩ විතරයි කියලා, පොන්න වේසිගේ පුතා !!!",Harassment,0.7676,Harassment,0.9756
අම්මෝ සීයෙ රයිස් කඩේ ඇන්ටිගේ පුක.. දුවලට එච්චර නෑනේ..දූල නල බබාලද දන් නෑ..,අම්මෝ සීයෙ රයිස් කඩේ ඇන්ටිගේ පුක.. දුවලට එච්චර නෑනේ..දූල නල බබාලද දන් නෑ..,Harassment,0.5137,Harassment,0.9604
මේ වගේ ඒවා හදන උන් අම්මලගෙන් නෙවේ ඉපදිලා තියෙන්නේ වේස හැත්ත උර්ල්,මේ වගේ ඒවා හදන උන් අම්මලගෙන් නෙවේ ඉපදිලා තියෙන්නේ වේස හැත්ත උර්ල්,Harassment,0.6089,Harassment,0.9761
ඔය කඩේ යන අවජාතක බල්ලොන්ට සල්ලි ටිකක් දෙනවා නම් උන්ගේ අම්මා උනත් වේසකමේ යවයි. උන්ට රට බේරගත්ත මිනිස්සු ගැන හැගීමක් තියා මතකයක්වත් නෑ. උර්ල් This Tweet ඉස unavailable.,ඔය කඩේ යන අවජාතක බල්ලොන්ට සල්ලි ටිකක් දෙනවා නම් උන්ගේ අම්මා උනත් වේසකමේ යවයි. උන්ට රට බේරගත්ත මිනිස්සු ගැන හැගීමක් තියා මතකයක්වත් නෑ. උර්ල් This Tweet ඉස unavailable.,Harassment,0.5488,Harassment,0.9521
අනේ අම්මේ තියා ගන්න ඔයාගේ මහ ලොකු බ්‍රසීල බඩුව......,අනේ අම්මේ තියා ගන්න ඔයාගේ මහ ලොකු බ්‍රසීල බඩුව......,Harassment,0.6533,Harassment,0.9844
අනේ පලයන් හරකො‌ නිකන්..පරයා අම්මට නො‌සලකන වසලයා. සිංහලයිනි මුන්ව පිලිකුල් කරපල්ලා. ගෙනෙලේච්ස්ල්,අනේ පලයන් හරකො‌ නිකන්..පරයා අම්මට නො‌සලකන වසලයා. සිංහලයිනි මුන්ව පිලිකුල් කරපල්ලා. ගෙනෙලේච්ස්ල්,Harassment,0.4983,Harassment,0.9102
උඹට මරා ගැන ඔයතරම් අමාරු ඌ උඹේ අම්මට වත් ඇරියද කැරි බල්ලෝ,උඹට මරා ගැන ඔයතරම් අමාරු ඌ උඹේ අම්මට වත් ඇරියද කැරි බල්ලෝ,Harassment,0.7886,Harassment,0.9658
පච්ච කෙල්ල කච්චි නැතත් පොලේ ගිහින් පිටේ ගහල පච්ච නිච්චි නැතිව අම්ම දැකල හොදට ගුටි වැදිච්ච කොච්චි කරල වගෙ ඉදගෙන ලොවට බය නොවිච්ච හිච්චි කෙල්ල මං මත්බිගු තුඩෙන් කිලිටි වෙච්ච,පච්ච කෙල්ල කච්චි නැතත් පොලේ ගිහින් පිටේ ගහල පච්ච නිච්චි නැතිව අම්ම දැකල හොදට ගුටි වැදිච්ච කොච්චි කරල වගෙ ඉදගෙන ලොවට බය නොවිච්ච හිච්චි කෙල්ල මං මත්බිගු තුඩෙන් කිලිටි වෙච්ච,Harassment,0.7979,Harassment,0.8926
අද උදෙත් අම්ම බැන්නා ඔහොම්මම Ⓛⓐⓘⓨⓨⓐ · 8 May 2020 බලපන් තොගේ හැටි..වැද්දෙක් වගේ..කපා ගනින්කෝ ඔය කොන්ඩේ..!,අද උදෙත් අම්ම බැන්නා ඔහොම්මම Ⓛⓐⓘⓨⓨⓐ · 8 May 2020 බලපන් තොගේ හැටි..වැද්දෙක් වගේ..කපා ගනින්කෝ ඔය කොන්ඩේ..!,Harassment,0.5063,Harassment,0.5884
උර්ල් අම්මෙක්‌ තාත්තෙක්‌ නැති අවජාතක පක්‌ෂයක්‌,උර්ල් අම්මෙක්‌ තාත්තෙක්‌ නැති අවජාතක පක්‌ෂයක්‌,Harassment,0.5381,Harassment,0.9546
අම්ම බලාගෙන ඉන්නව මන් ගිහින් එන්නම් තාත්තේ සුදුඅදගෙනකලුඅවිදින්,අම්ම බලාගෙන ඉන්නව මන් ගිහින් එන්නම් තාත්තේ සුදුඅදගෙනකලුඅවිදින්,Harassment,0.707,Harassment,0.5459
"පොන්න පකෝ, තොගෙ තාත්තව ලබන ආත්මෙදි හරි හම්බුනොත් අහපං ""ඇයි තාත්තෙ එදා සරමෙ පිහදා ගන්නෙ නැතුව අම්මට මාව දුන්නෙ"" කැරි තම්බියෙක්වත් කියපු නැති කතා කියන්න තොගෙ බූදලයක්ද පකො මේක","පොන්න පකෝ, තොගෙ තාත්තව ලබන ආත්මෙදි හරි හම්බුනොත් අහපං ""ඇයි තාත්තෙ එදා සරමෙ පිහදා ගන්නෙ නැතුව අම්මට මාව දුන්නෙ"" කැරි තම්බියෙක්වත් කියපු නැති කතා කියන්න තොගෙ බූදලයක්ද පකො මේක",Harassment,0.502,Harassment,0.9868
තමන්ටම rap king කියාගන්න. වටේ ඉන්න පඩත්තරයො නිසා ඉදිමිලා ඉන්න. කයිසර් වගේ එකෙක් දෙන්නෙක් හිරේ ගිහින් පුක පලාගත්තම අම්මව මතක් වෙයි.,තමන්ටම rap king කියාගන්න. වටේ ඉන්න පඩත්තරයො නිසා ඉදිමිලා ඉන්න. කයිසර් වගේ එකෙක් දෙන්නෙක් හිරේ ගිහින් පුක පලාගත්තම අම්මව මතක් වෙයි.,Harassment,0.7651,Harassment,0.9722
පොන්න සම්පත්...උඹෙ අම්මට කරන්නද දොරකඩට එන්නෙ යක්‍ෂයො...??? විකල්ප · 12 ජුල 2016 දුෂ්ට යක්ෂයා අපේ දොරකඩටම ඇවිත් උර්ල් ශ්‍රීලංකා ලක,පොන්න සම්පත්...උඹෙ අම්මට කරන්නද දොරකඩට එන්නෙ යක්‍ෂයො...??? විකල්ප · 12 ජුල 2016 දුෂ්ට යක්ෂයා අපේ දොරකඩටම ඇවිත් උර්ල් ශ්‍රීලංකා ලක,Harassment,0.6738,Harassment,0.8237
උබල ඉතිං අපේ ගස් වලට නගින්ඩ ආවොත් කකුල්කෙටියෙන් අල්ලලා පොලවේ ගහන්නේ අපේ අම්ම.,උබල ඉතිං අපේ ගස් වලට නගින්ඩ ආවොත් කකුල්කෙටියෙන් අල්ලලා පොලවේ ගහන්නේ අපේ අම්ම.,Harassment,0.5039,Harassment,0.707
තොපේ අම්මගෙ තාත්තගෙ වැරැද්ද ජොලියට කරාට හරියට හදලා නෑ... අවලං වේස හැත්ත,තොපේ අම්මගෙ තාත්තගෙ වැරැද්ද ජොලියට කරාට හරියට හදලා නෑ... අවලං වේස හැත්ත,Harassment,0.7842,Harassment,0.9863
මේ වගේ අපතයොත් ඉන්නවනේ... මුන්ව කෝවක දාල මකවන්න ඕන. මුගේ අම්ම ගැන හිතාගත්ත හැකි මේක කියෙව්වාම.,මේ වගේ අපතයොත් ඉන්නවනේ... මුන්ව කෝවක දාල මකවන්න ඕන. මුගේ අම්ම ගැන හිතාගත්ත හැකි මේක කියෙව්වාම.,Harassment,0.7275,Harassment,0.7651
"මෙකෙ ඉන්න එව්න් හරි පව්, සින්හල අම්මගෙන් ජාතක වෙලා, සින්හලකමටත් ගරහනවා,,,මොඩ කාලකණ්ණි...","මෙකෙ ඉන්න එව්න් හරි පව්, සින්හල අම්මගෙන් ජාතක වෙලා, සින්හලකමටත් ගරහනවා,,,මොඩ කාලකණ්ණි...",Harassment,0.5576,Harassment,0.8042
අහක ඉන්න අම්ම අප්පව මතක් කරගන්නෙ නැතුව ඉඳින් වේසිගෙ පුතා.. අඩුමාසෙන් වදපු එකෙක් කියල පෙන්නන්න එපා!,අහක ඉන්න අම්ම අප්පව මතක් කරගන්නෙ නැතුව ඉඳින් වේසිගෙ පුතා.. අඩුමාසෙන් වදපු එකෙක් කියල පෙන්නන්න එපා!,Harassment,0.79,Harassment,0.9253
"ධම්මික පෙරේරා අවජාතක බිස්නස් පප්පා බණ්ඩාරේ හමර් · 21 ජුල 2019 ඩොලර් , යුවාන් වෙනුවෙන් අම්ම අප්පත් විකුණන් කන අවජාතක බල්ලන්ගේ බිස්නස්...!!!! මුන්ට වැහි නැති හෙන පතිත නොවන්නේ ඇයි..?????","ධම්මික පෙරේරා අවජාතක බිස්නස් පප්පා බණ්ඩාරේ හමර් · 21 ජුල 2019 ඩොලර් , යුවාන් වෙනුවෙන් අම්ම අප්පත් විකුණන් කන අවජාතක බල්ලන්ගේ බිස්නස්...!!!! මුන්ට වැහි නැති හෙන පතිත නොවන්නේ ඇයි..?????",Harassment,0.6064,Harassment,0.856
කොටියෙක් නෙවේ අලියෙක් පිඹුරෙක් මකරෙක් හිකනලෙක් ඕනා එකෙක් ගහන පලයන්. Zaman · 7 ජන 2016 අම්මපා ගහන් යනව කොටියෙක්ව වාහනේ.,කොටියෙක් නෙවේ අලියෙක් පිඹුරෙක් මකරෙක් හිකනලෙක් ඕනා එකෙක් ගහන පලයන්. Zaman · 7 ජන 2016 අම්මපා ගහන් යනව කොටියෙක්ව වාහනේ.,Harassment,0.709,Harassment,0.9722
අම්ම දන්නවනං මේකේ කරන දේවල් උඹට මඩු වලිගෙං තලන්නේ,අම්ම දන්නවනං මේකේ කරන දේවල් උඹට මඩු වලිගෙං තලන්නේ,Harassment,0.7896,Harassment,0.8403
මගේ ජීවිතේ මම දැකපු පට්ටම වේස බඩුව ඔය කියන නුවර වංශවත් අම්මණ්ඩියෙක් තමයි...,මගේ ජීවිතේ මම දැකපු පට්ටම වේස බඩුව ඔය කියන නුවර වංශවත් අම්මණ්ඩියෙක් තමයි...,Harassment,0.7656,Harassment,0.9458
"ට්විටර් එකේ සමහර උන් පියුමි හංසමාලි කකුලක් පෙන්නුවම . . පට්ට වේසි. ගොන් බඩුව. අම්මා කෙනෙක් නේද ×ත්තියේ....Blah blah blah උන්ම තව කවුරු හරි මේකේ බිස්නස් කරන්න ආපු එකක් කකුල පෙන්නුවම . . වාව් අක්කි. නයිස්. ගෝජස්. කාන්ට් සේ යු ආ මැරීඩ්, සෝ සෙක්සි නෙදකින් ජංගිවාටි පොන්නයෝ","ට්විටර් එකේ සමහර උන් පියුමි හංසමාලි කකුලක් පෙන්නුවම . . පට්ට වේසි. ගොන් බඩුව. අම්මා කෙනෙක් නේද ×ත්තියේ....Blah blah blah උන්ම තව කවුරු හරි මේකේ බිස්නස් කරන්න ආපු එකක් කකුල පෙන්නුවම . . වාව් අක්කි. නයිස්. ගෝජස්. කාන්ට් සේ යු ආ මැරීඩ්, සෝ සෙක්සි නෙදකින් ජංගිවාටි පොන්නයෝ",Harassment,0.5649,Harassment,0.9731
මම මගෙ වැදගත්කම බලාගන්නම්. මට උබ වගෙ පොන්න හුත්තිගෙ පුතාලව කොහොමත් දිරවන්නෙ නෑ. මේවා උබගෙ අම්මගෙයි තාත්තගෙයි වැරදි වගේම හරි හමන් යාළුවො නැතිකම. දැන් මෙතන පුක නොදී ආ ආතක් බලාගෙන චුත වෙයන්.,මම මගෙ වැදගත්කම බලාගන්නම්. මට උබ වගෙ පොන්න හුත්තිගෙ පුතාලව කොහොමත් දිරවන්නෙ නෑ. මේවා උබගෙ අම්මගෙයි තාත්තගෙයි වැරදි වගේම හරි හමන් යාළුවො නැතිකම. දැන් මෙතන පුක නොදී ආ ආතක් බලාගෙන චුත වෙයන්.,Harassment,0.6948,Harassment,0.98
අර ලසා කියන පොන්න වේසිගේ පුතා ඇයි බන් මං ඌ ව අන්ෆලෝ කරලා තියෙද්දුත් උගේ ෆේක් වලින් මට මඩ ගහන්නේ ? රනිල්ගේ අහවල් එක කාලයක් කටේ දාන් හිටියා ඌ. දැන් මේ වෙන ගොට්ටක් සෙට් වෙලා වගේ. හොඳ අම්මෙක් අප්පෙක් ට ජාතක වුනා නම් කියන එකක් මුහුණටම කියපංකෝ පිරිමි අපිටත් ලැජ්ජයි,අර ලසා කියන පොන්න වේසිගේ පුතා ඇයි බන් මං ඌ ව අන්ෆලෝ කරලා තියෙද්දුත් උගේ ෆේක් වලින් මට මඩ ගහන්නේ ? රනිල්ගේ අහවල් එක කාලයක් කටේ දාන් හිටියා ඌ. දැන් මේ වෙන ගොට්ටක් සෙට් වෙලා වගේ. හොඳ අම්මෙක් අප්පෙක් ට ජාතක වුනා නම් කියන එකක් මුහුණටම කියපංකෝ පිරිමි අපිටත් ලැජ්ජයි,Harassment,0.7622,Harassment,0.9702
ඒක අම්මට යසට මගේ අප්පා කලා. උඹ ඒකට වද වෙන්න එපා පක චලකයෝ,ඒක අම්මට යසට මගේ අප්පා කලා. උඹ ඒකට වද වෙන්න එපා පක චලකයෝ,Harassment,0.7671,Harassment,0.5327
"හරි අපුරුවට ලමයි හදපු අම්ම කෙනෙක්, ලමයි 3නම ඇතුලෙ.. පව් අප්පා..","හරි අපුරුවට ලමයි හදපු අම්ම කෙනෙක්, ලමයි 3නම ඇතුලෙ.. පව් අප්පා..",Harassment,0.562,Harassment,0.9512
ඈ බොල පටං හිකෝ.. යන තැනකට පලකො අහිංසක මිනිස්සුන්ගෙ කාලෙ නොකා... මේ වෙසිගෙ පුතාලව උත්සවවලට ගෙන්නන උන්ට හොයාගෙන ගිහින් ගහන්න ඕනි..අද නුවර ඔෆිස් ගිහින් ලේට් වෙලා නෝපේ දාගන්න අය ගෙ අම්මටට පිං අනුමෝදන් කරගෙනම පලයල්ලා..,ඈ බොල පටං හිකෝ.. යන තැනකට පලකො අහිංසක මිනිස්සුන්ගෙ කාලෙ නොකා... මේ වෙසිගෙ පුතාලව උත්සවවලට ගෙන්නන උන්ට හොයාගෙන ගිහින් ගහන්න ඕනි..අද නුවර ඔෆිස් ගිහින් ලේට් වෙලා නෝපේ දාගන්න අය ගෙ අම්මටට පිං අනුමෝදන් කරගෙනම පලයල්ලා..,Harassment,0.561,Harassment,0.9668
තමගෙ අම්මට දන ගහලා වදින්නෙ නැති ගොන් හරක් කොහෙවත් යන බස් පුකවල් වලට වදිනවා.බස් පිස්සො ලැට් බාල්දියෙන් ගහලා එලවන්න ඔනී....දම් රැජින කියන්නෙ ආගමක් අත්තමගෙ ඇහ.. - සිතාගැනීමට අසීරුකමක් දැනෙමින්,තමගෙ අම්මට දන ගහලා වදින්නෙ නැති ගොන් හරක් කොහෙවත් යන බස් පුකවල් වලට වදිනවා.බස් පිස්සො ලැට් බාල්දියෙන් ගහලා එලවන්න ඔනී....දම් රැජින කියන්නෙ ආගමක් අත්තමගෙ ඇහ.. - සිතාගැනීමට අසීරුකමක් දැනෙමින්,Harassment,0.5322,Harassment,0.5264
"සිංහල Rap ඉන් Now බේ like මම රඟන්නෙ තොපෙ කට පුක කොහොල්ල ගෑවිල... කැවිල, පෙවිල, රෙවිල, අම්මට ඉකිල.. තියාගන්න එපා උත්තො ලොකු ලොකු සෙල්ලම්.","සිංහල Rap ඉන් Now බේ like මම රඟන්නෙ තොපෙ කට පුක කොහොල්ල ගෑවිල... කැවිල, පෙවිල, රෙවිල, අම්මට ඉකිල.. තියාගන්න එපා උත්තො ලොකු ලොකු සෙල්ලම්.",Harassment,0.7969,Harassment,0.9878
"රංජො, පුක හපාගෙන මැරියන් තො. බන්ස් | බλන්ළ · 31 ඔච්ට් 2018 අම්මෝ මට බෑ...","රංජො, පුක හපාගෙන මැරියන් තො. බන්ස් | බλන්ළ · 31 ඔච්ට් 2018 අම්මෝ මට බෑ...",Harassment,0.6729,Harassment,0.9004
ආදරනීය ජනාධිපති තාත්තා වෙත. තොගෙ අම්මට හැමිනෙනවද අර සක්කිලි මුස්ලිම් හැත්ත මෙහෙ ගෙනත් දාගෙන ඉන්නෙ?,ආදරනීය ජනාධිපති තාත්තා වෙත. තොගෙ අම්මට හැමිනෙනවද අර සක්කිලි මුස්ලිම් හැත්ත මෙහෙ ගෙනත් දාගෙන ඉන්නෙ?,Harassment,0.6353,Harassment,0.9492
මුන්ගේ අම්මගේ රෙද්දේ ආගම හදපු එකාට හෙන ගහන්න ඕනේ හැදී ගෑවිලා යන්න..... පර ආගම..... අදහන උන්ටත් තෙක්කම හැදී... උර්ල්,මුන්ගේ අම්මගේ රෙද්දේ ආගම හදපු එකාට හෙන ගහන්න ඕනේ හැදී ගෑවිලා යන්න..... පර ආගම..... අදහන උන්ටත් තෙක්කම හැදී... උර්ල්,Harassment,0.7163,Harassment,0.6934
අවජාතක ප*යෙක් බන් අයියේ ඕකා. අම්මෙක්ට දාව උපන් එකෙක් නෙමේ.,අවජාතක ප*යෙක් බන් අයියේ ඕකා. අම්මෙක්ට දාව උපන් එකෙක් නෙමේ.,Harassment,0.7515,Harassment,0.9771
අම්මගේ කණකර උකස්කරන් කුඩු ගහන ජාතකයක් නැති වේස බල්ලො ඉන්න රටක්වෙලා මේක. මුන් වැඩියෙන් ඉන්නෙ පාර්ලිමේන්තුවෙ කියන මඩමෙ...,අම්මගේ කණකර උකස්කරන් කුඩු ගහන ජාතකයක් නැති වේස බල්ලො ඉන්න රටක්වෙලා මේක. මුන් වැඩියෙන් ඉන්නෙ පාර්ලිමේන්තුවෙ කියන මඩමෙ...,Harassment,0.7539,Harassment,0.8516
අම්මලට බොරු කියල රූම් ගිහිං පත්තිනි අම්ම කස්සාදෙ දවසට අම්මව බදං අඩන ජාතියේ වෙන්නෙ නෑ ඉෆිඅමගිර්ල්,අම්මලට බොරු කියල රූම් ගිහිං පත්තිනි අම්ම කස්සාදෙ දවසට අම්මව බදං අඩන ජාතියේ වෙන්නෙ නෑ ඉෆිඅමගිර්ල්,Harassment,0.6548,Harassment,0.9424
මොන හුත්තක්ද නංගි කියන්නෙ ? ඔයාල හැමනෙන්න යද්දිත් කොල්ල එක්ක තාත්තා මතක් කරන්ද ඒ වැඩ කරන්නේ.. අපි මේ අද ඊයෙ මේවට ආපු සූටි බබාල නෙමෙ..ඕ වගෙ අම්ම අප්ප මතක් කරං ආවම නැට්ට පුකේ ගහං ..කෝක උනත් කිම්බක් නිසාම දෙකට නැවීගෙන අනේ නංගියො කියන මූකලන් බස්සොත් ඇති..අපි ඒම සූටි නෑ.. ඕකේ,මොන හුත්තක්ද නංගි කියන්නෙ ? ඔයාල හැමනෙන්න යද්දිත් කොල්ල එක්ක තාත්තා මතක් කරන්ද ඒ වැඩ කරන්නේ.. අපි මේ අද ඊයෙ මේවට ආපු සූටි බබාල නෙමෙ..ඕ වගෙ අම්ම අප්ප මතක් කරං ආවම නැට්ට පුකේ ගහං ..කෝක උනත් කිම්බක් නිසාම දෙකට නැවීගෙන අනේ නංගියො කියන මූකලන් බස්සොත් ඇති..අපි ඒම සූටි නෑ.. ඕකේ,Harassment,0.6289,Harassment,0.8125
අර පොඩි කෙල්ල මරපු එකාගේ අම්මට..... එවන් වේසිගෙ පුතෙක් වැදු අම්මාට.....එක්කෝ වැඩක් නෑ නොදකින් ඕකගේ පරම්පරාවම හැදී ගෑවිලා යන්න ඕනි ශ්‍රීලංකා,අර පොඩි කෙල්ල මරපු එකාගේ අම්මට..... එවන් වේසිගෙ පුතෙක් වැදු අම්මාට.....එක්කෝ වැඩක් නෑ නොදකින් ඕකගේ පරම්පරාවම හැදී ගෑවිලා යන්න ඕනි ශ්‍රීලංකා,Harassment,0.7773,Harassment,0.9829
නොදකින් මූනම් වැල්ලෙම රීපු එකෙක් තමා(කරිජ්ජ පාගපු එකා) උර්ල්,නොදකින් මූනම් වැල්ලෙම රීපු එකෙක් තමා(කරිජ්ජ පාගපු එකා) උර්ල්,Harassment,0.5605,Harassment,0.5259
තුක් නොදකින් මුගේ කට Mr6feet · 10 සේප 2021 හෙන්ද්‍රික්කව අව්ට් කරානම් හරි දැන් ස්ල්ව්ස,තුක් නොදකින් මුගේ කට Mr6feet · 10 සේප 2021 හෙන්ද්‍රික්කව අව්ට් කරානම් හරි දැන් ස්ල්ව්ස,Harassment,0.7881,Harassment,0.9478
තුහ් නොදකින් වසල හැත්ත.! අර අහින්සක රණවිරුවන්ට ගහපු ඒවුන් ගෙනත් පොලිමක තියල පෙති පෙති කපන්න් ඕන. වුන් පොර වුනා... උර්ල්,තුහ් නොදකින් වසල හැත්ත.! අර අහින්සක රණවිරුවන්ට ගහපු ඒවුන් ගෙනත් පොලිමක තියල පෙති පෙති කපන්න් ඕන. වුන් පොර වුනා... උර්ල්,Harassment,0.6074,Harassment,0.9565
අන්න අරුන් ල්ප්ල් එකටත් දේශපාලනේ ගාවගන්නව.ඔයි වේසිගෙ පුතාල කැමතියි මොනවහරි වෙල ඒකත් කැන්සල් වෙනවනම්.නොදකින් ඕකුන්නම්...,අන්න අරුන් ල්ප්ල් එකටත් දේශපාලනේ ගාවගන්නව.ඔයි වේසිගෙ පුතාල කැමතියි මොනවහරි වෙල ඒකත් කැන්සල් වෙනවනම්.නොදකින් ඕකුන්නම්...,Harassment,0.6182,Harassment,0.9131
විස දුම් ගහලා මරන්න නම්කි මරන්න කඩියව... නොදකින් වල් කඩියා...,විස දුම් ගහලා මරන්න නම්කි මරන්න කඩියව... නොදකින් වල් කඩියා...,Harassment,0.7847,Harassment,0.7681
ඇස් වහ කට වහ වැදුනා .. අර ගෑනිට... නොදකින් තොපේ කටවල්.. හොරට ගහල කාට දින්නන බැරිද? අපේ හෙට උදේ නැගිට්ටත් ක්‍රෝඒෂීයා තමයි.,ඇස් වහ කට වහ වැදුනා .. අර ගෑනිට... නොදකින් තොපේ කටවල්.. හොරට ගහල කාට දින්නන බැරිද? අපේ හෙට උදේ නැගිට්ටත් ක්‍රෝඒෂීයා තමයි.,Harassment,0.6143,Harassment,0.8027
නොදකින් හුත්ත එකක් ගිහින් පැයක් යන්න ඕන අනික යන්න. හුකාන මැරෙන්න හිතෙනවා. නිදාගන්නත් නෑ රෙද්ද.,නොදකින් හුත්ත එකක් ගිහින් පැයක් යන්න ඕන අනික යන්න. හුකාන මැරෙන්න හිතෙනවා. නිදාගන්නත් නෑ රෙද්ද.,Harassment,0.7192,Harassment,0.896
දන්න එකේක්ගේ ගැනි පැනලා ගිහින් ලමයේකුත් දාලා නොදකින් මුන් වගේ ගැනු මරලා මදි,දන්න එකේක්ගේ ගැනි පැනලා ගිහින් ලමයේකුත් දාලා නොදකින් මුන් වගේ ගැනු මරලා මදි,Harassment,0.7798,Harassment,0.77
මෙකික්ගේ කටට කටු සහිත කොහිල අලයක් බස්සන්ඩ තිබ්බනම් කියලා හිතුනා තූ නොදකින් උර්ල්,මෙකික්ගේ කටට කටු සහිත කොහිල අලයක් බස්සන්ඩ තිබ්බනම් කියලා හිතුනා තූ නොදකින් උර්ල්,Harassment,0.4788,Harassment,0.9619
නොදකින් මේ වාගේ අවජාතක කාලකන්නි මේ රටේ තාම innawane.........මී හරක් මීට වඩා හොඳයි ..... උර්ල්,නොදකින් මේ වාගේ අවජාතක කාලකන්නි මේ රටේ තාම innawane.........මී හරක් මීට වඩා හොඳයි ..... උර්ල්,Harassment,0.7148,Harassment,0.7085
කොටියගෙ සින් එකෙන් දැනගත්තා සිංහල නමින් ඉන්න දෙමළට ජාතක උන් ඉන්නවා කියලා .නොදකින් සිංහල ජාතියනම්,කොටියගෙ සින් එකෙන් දැනගත්තා සිංහල නමින් ඉන්න දෙමළට ජාතක උන් ඉන්නවා කියලා .නොදකින් සිංහල ජාතියනම්,Harassment,0.49,Harassment,0.9478
අර අහින්සක උකුස්සා මරා දාපු හු**ගෙ පුතාලා ගාල්ලේ.. නොදකින් උන් ගාල්ලෙ නමත් කෑවා ඔකුන්ගෙ අම්මලට... ශ්‍රීලංකා,අර අහින්සක උකුස්සා මරා දාපු හු**ගෙ පුතාලා ගාල්ලේ.. නොදකින් උන් ගාල්ලෙ නමත් කෑවා ඔකුන්ගෙ අම්මලට... ශ්‍රීලංකා,Harassment,0.6924,Harassment,0.8477
නොදකින් මේක හදපු අවජාතකයා මුව ජාතක කරපු එකා මෙයිට වැඩිය හොඳයි අතේ ගහලා කොමඩ් එකට දැම්මනන්,නොදකින් මේක හදපු අවජාතකයා මුව ජාතක කරපු එකා මෙයිට වැඩිය හොඳයි අතේ ගහලා කොමඩ් එකට දැම්මනන්,Harassment,0.729,Harassment,0.9707
පුකේ අරින්න දන්සැලක් දාන්න බැරිද? ඔව් පුකේ අරින්න ? එක කැරි රැවුලෙක්ට නම්කිගේ තන් එක්ක සෙල්ලම් දාන්න දෙම්නෙ නෑ මුළු දන්සැලම මං කනෝ,පුකේ අරින්න දන්සැලක් දාන්න බැරිද? ඔව් පුකේ අරින්න ? එක කැරි රැවුලෙක්ට නම්කිගේ තන් එක්ක සෙල්ලම් දාන්න දෙම්නෙ නෑ මුළු දන්සැලම මං කනෝ,Harassment,0.5269,Harassment,0.978
"අනේ සිංහල කොටියෝ, උඹ මේ රටට මහා බරක්. හෙනයක් වත් ගහල පලයන්. නැත්තන් පය ලිස්සා වැටිල මැරියන්. රට වනසන වේසිගේ පුතා","අනේ සිංහල කොටියෝ, උඹ මේ රටට මහා බරක්. හෙනයක් වත් ගහල පලයන්. නැත්තන් පය ලිස්සා වැටිල මැරියන්. රට වනසන වේසිගේ පුතා",Harassment,0.7876,Harassment,0.9878
පක පොල්ල රත්තරං ඩිංග රන් කුරුල්ලා Dick පිරිමි ඇග (මුතුන් මිත්තන්ගෙ කාලෙ),පක පොල්ල රත්තරං ඩිංග රන් කුරුල්ලා Dick පිරිමි ඇග (මුතුන් මිත්තන්ගෙ කාලෙ),Harassment,0.5845,Harassment,0.9478
"ඉස්සර සිල් ගන්න ගියාම ""නමෝතස්ස රෑට කැස්ස, ආප්ප කන්න ඕන සල්ලි හුක හුත්ති"" වගේ ටෝක් දැම්ම උන්ගේ තමා කෙල්ලෙක් එරමිණිය ගොතන් වාඩි වෙලා විතර්ක මුද්‍රාව පෙන්නන් ඉද්දි වැඩියෙන්ම පුකේ ඉත්⁣තෑවෝ දුවන්නේ","ඉස්සර සිල් ගන්න ගියාම ""නමෝතස්ස රෑට කැස්ස, ආප්ප කන්න ඕන සල්ලි හුක හුත්ති"" වගේ ටෝක් දැම්ම උන්ගේ තමා කෙල්ලෙක් එරමිණිය ගොතන් වාඩි වෙලා විතර්ක මුද්‍රාව පෙන්නන් ඉද්දි වැඩියෙන්ම පුකේ ඉත්⁣තෑවෝ දුවන්නේ",Harassment,0.6929,Harassment,0.8765
සුබ පතනෙමි උඹට කෙල්ලේ මනමාළී ගොළුවෙක් සොයන උඹ වෙනවාදැයි ගෝළී කිම උඹ පතන්නේ ඔයහැටි ගොළුගෙ ජොලී උගෙ කණ පිරෙන තරමට වෙද අඩපාලී?,සුබ පතනෙමි උඹට කෙල්ලේ මනමාළී ගොළුවෙක් සොයන උඹ වෙනවාදැයි ගෝළී කිම උඹ පතන්නේ ඔයහැටි ගොළුගෙ ජොලී උගෙ කණ පිරෙන තරමට වෙද අඩපාලී?,Harassment,0.489,Harassment,0.8804
"ඌට ඕනි ලෙසටම කටට ගන්න දත් නොවද්දන තොලහෙම හොඳට දාන පුරෝල අල්ලන්න දෙන හරෝල ගහන්න හැකි ..පට්ට බැල්ලියෙක්.. ඈට ඕනි.. කුචුකවන්න කොනිත්තන්න, ඇස්වහන්න හිනාවෙන්න. දුවන්න.. උම්ම දෙන්න සෙල්ලං බල්ලෙක්..","ඌට ඕනි ලෙසටම කටට ගන්න දත් නොවද්දන තොලහෙම හොඳට දාන පුරෝල අල්ලන්න දෙන හරෝල ගහන්න හැකි ..පට්ට බැල්ලියෙක්.. ඈට ඕනි.. කුචුකවන්න කොනිත්තන්න, ඇස්වහන්න හිනාවෙන්න. දුවන්න.. උම්ම දෙන්න සෙල්ලං බල්ලෙක්..",Harassment,0.5781,Harassment,0.9795
මුගේ අම්මට පිස්සු වේසාවෙක්නෙ... මූ හිතන් ඉන්නෙ මිනිස්සු ඔක්කොම පට්ට ගොං කියලාද... මාව බ්ලොක් කරත් කමක් නෑ ගොන් පකීර් වැඩ නොකර ඉදපන්.. වැඩක් නැත්තන් කට වහන් ඉදපන් ගෝතය..,මුගේ අම්මට පිස්සු වේසාවෙක්නෙ... මූ හිතන් ඉන්නෙ මිනිස්සු ඔක්කොම පට්ට ගොං කියලාද... මාව බ්ලොක් කරත් කමක් නෑ ගොන් පකීර් වැඩ නොකර ඉදපන්.. වැඩක් නැත්තන් කට වහන් ඉදපන් ගෝතය..,Harassment,0.5532,Harassment,0.5815
මොර්දෙන් අම්මා=baby ටේක් උර breakfast අනේ...... අපේ අම්මා=පුතේ උදේට කාලා පලයන් නැත්තන් උබට ගෑස් වැඩිවෙයි.... ස්ල්පොෂ්ටල්ක්ස්,මොර්දෙන් අම්මා=baby ටේක් උර breakfast අනේ...... අපේ අම්මා=පුතේ උදේට කාලා පලයන් නැත්තන් උබට ගෑස් වැඩිවෙයි.... ස්ල්පොෂ්ටල්ක්ස්,Harassment,0.4812,Harassment,0.9141
වැඩියෙන්ම පොස් කියල හිතන් ඉන්න පොලොස් කෙල්ලො ටිකක් තමා ඔය පඩ ශෝ දෙන්නෙ. පුක කහගන්ඩවත් නියපොත්ත නැතුව ඇති ඔය නඩේට උර්ල් This Tweet ඉස unavailable.,වැඩියෙන්ම පොස් කියල හිතන් ඉන්න පොලොස් කෙල්ලො ටිකක් තමා ඔය පඩ ශෝ දෙන්නෙ. පුක කහගන්ඩවත් නියපොත්ත නැතුව ඇති ඔය නඩේට උර්ල් This Tweet ඉස unavailable.,Harassment,0.5303,Harassment,0.9639
"අපිට මොකෝ ඕන පකෙක් ඕන හුත්තක් ගත්තදෙන් සක්කිලි හැත්ත ඔක්කොම එකයි තියෙන් දේවල් කනවා ඇරෙන්න එකෙක්වත් රට ගැන හිතන්නෙ නෑනෙ ඕකුන් ඔක්කොම මරල දාන්න ඕන හොර මහින්ද , පොන්න රනිල ඇතුළු සියලු සක්කිලි ටික එකට තියල ගිනිතියන්න ඕන පනපිටින්ම","අපිට මොකෝ ඕන පකෙක් ඕන හුත්තක් ගත්තදෙන් සක්කිලි හැත්ත ඔක්කොම එකයි තියෙන් දේවල් කනවා ඇරෙන්න එකෙක්වත් රට ගැන හිතන්නෙ නෑනෙ ඕකුන් ඔක්කොම මරල දාන්න ඕන හොර මහින්ද , පොන්න රනිල ඇතුළු සියලු සක්කිලි ටික එකට තියල ගිනිතියන්න ඕන පනපිටින්ම",Harassment,0.752,Harassment,0.6812
හොඳ නෑ දෝෂ කාපන් සමපෝෂ නැත්තං උඹට වෙන්නේ හදාගන්න බෝවෙන රෝග අඳින්නේ උඹ රෝස අපි ඕවද ඩෝස ඔතන්නේ විසබීජ කොළඹ ක්ලෝරීන් උඹ බීලා කියපන් සොරි අපි ගන්න කලින් බිල්ල,හොඳ නෑ දෝෂ කාපන් සමපෝෂ නැත්තං උඹට වෙන්නේ හදාගන්න බෝවෙන රෝග අඳින්නේ උඹ රෝස අපි ඕවද ඩෝස ඔතන්නේ විසබීජ කොළඹ ක්ලෝරීන් උඹ බීලා කියපන් සොරි අපි ගන්න කලින් බිල්ල,Harassment,0.4944,Harassment,0.9531
ෆිල්ල්ටි පුතේ මේ බලහං සිංදුවනං මල් මසුරං ඒත් ඒකෙ ගොන් බඩුනං ඊට හොදයි දිය ලබු බං උඩ ඇන්දේ ඇජෙස් කරං එල්ලෙන ලොද මට්ටු කොරන් පැද්දෙන වැල කූඩු කරං කෞෂිගෙ තන් අර බලපං අනේ උබෙ මලයාලං ගුරුකං බල්ලට දාහං එක සැරයක්... උර්ල්,ෆිල්ල්ටි පුතේ මේ බලහං සිංදුවනං මල් මසුරං ඒත් ඒකෙ ගොන් බඩුනං ඊට හොදයි දිය ලබු බං උඩ ඇන්දේ ඇජෙස් කරං එල්ලෙන ලොද මට්ටු කොරන් පැද්දෙන වැල කූඩු කරං කෞෂිගෙ තන් අර බලපං අනේ උබෙ මලයාලං ගුරුකං බල්ලට දාහං එක සැරයක්... උර්ල්,Harassment,0.6128,Harassment,0.979
ඔය වෙසිගේ තන් දෙක නටවපන්කො,ඔය වෙසිගේ තන් දෙක නටවපන්කො,Harassment,0.769,Harassment,0.9746
අනියම් සබඳතා සාධාරනීකරනය කරන්නෙ දාර බඩුයි බඩුකාරයොයි අනියම් කියන්නෙ අනියම් හුත්ත ගැලපෙන් නැත්තන් අයින් වෙලා වෙන එකෙක් එක්ක හැමිනෙන එක වෙනම කතාවක් නැතුව මේ එකෙක් ඉද්දි තව එකෙක් එක්ක යනවා කියන්නෙ තනිකරම වේසා කම,අනියම් සබඳතා සාධාරනීකරනය කරන්නෙ දාර බඩුයි බඩුකාරයොයි අනියම් කියන්නෙ අනියම් හුත්ත ගැලපෙන් නැත්තන් අයින් වෙලා වෙන එකෙක් එක්ක හැමිනෙන එක වෙනම කතාවක් නැතුව මේ එකෙක් ඉද්දි තව එකෙක් එක්ක යනවා කියන්නෙ තනිකරම වේසා කම,Harassment,0.5811,Harassment,0.52
වැඩිය හිතන්න එපා .අත්වැර දීමක්නේ ඒ පුක මත්ක්කරකර ගෙදර⁣ ⁣ගිහින් අතේ හිරි ඇර ගනින් මගෙ පුත.,වැඩිය හිතන්න එපා .අත්වැර දීමක්නේ ඒ පුක මත්ක්කරකර ගෙදර⁣ ⁣ගිහින් අතේ හිරි ඇර ගනින් මගෙ පුත.,Harassment,0.7158,Harassment,0.4944
ශිරෝමිගෙ තන් රහ තන්. උඹට දිගටම ඔක අතගහන්ඩ දුන්නා නං උඹ රහතන් වහන්සෙ කෙනෙක් වෙලා ඇති. එහෙත් නැනාගේ තන් කිවුල් තන්. නැන්දගෙ ලේලිගෙ එ කිවුල් ගතිය නැති කරන්ඩ තමයි එක අත ගාද්දි උඹට පුකේ හම යන්ඩ ගැහැව්වෙ නැත්තෙ.,ශිරෝමිගෙ තන් රහ තන්. උඹට දිගටම ඔක අතගහන්ඩ දුන්නා නං උඹ රහතන් වහන්සෙ කෙනෙක් වෙලා ඇති. එහෙත් නැනාගේ තන් කිවුල් තන්. නැන්දගෙ ලේලිගෙ එ කිවුල් ගතිය නැති කරන්ඩ තමයි එක අත ගාද්දි උඹට පුකේ හම යන්ඩ ගැහැව්වෙ නැත්තෙ.,Harassment,0.5747,Harassment,0.9746
", බොරු කියන්න එපා මේ උබ තන් දෙක පේන්න දාල තියෙන්නෙ. මේවත් අල්ලන්න එපයො",", බොරු කියන්න එපා මේ උබ තන් දෙක පේන්න දාල තියෙන්නෙ. මේවත් අල්ලන්න එපයො",Harassment,0.6636,Harassment,0.6885
"ලොල් මේ මොන බිජ්ජ කොල්ලෙක්ද!ඇයි උම්බෙ අම්ම තාම permission දීල නැද්ද කුනුහරප කියන්න?Sorry උක්කුන්! උම්බ උම්බෙ තාත්තගෙ ඇටේ ඉන්න කාලෙ ඉන්දන් හුත්තො අපි match බලන්නෙ! මේ ඊයෙ පෙරේද ජන්ගි අන්දින්න ගත්ත කියල හිතන් ඉන්නෙ පොර කියල. අහ් හොන්දයි,දැන් අම්මගෙන් කිරි බීල චූ කරල බුදියන්!","ලොල් මේ මොන බිජ්ජ කොල්ලෙක්ද!ඇයි උම්බෙ අම්ම තාම permission දීල නැද්ද කුනුහරප කියන්න?Sorry උක්කුන්! උම්බ උම්බෙ තාත්තගෙ ඇටේ ඉන්න කාලෙ ඉන්දන් හුත්තො අපි match බලන්නෙ! මේ ඊයෙ පෙරේද ජන්ගි අන්දින්න ගත්ත කියල හිතන් ඉන්නෙ පොර කියල. අහ් හොන්දයි,දැන් අම්මගෙන් කිරි බීල චූ කරල බුදියන්!",Harassment,0.6787,Harassment,0.9785
"අපි, කුණුහබ්බ නොදන්නා කාලේ . තෝ දැනගනි , උඹේ හොම්බට හැටක් ඇනලා පුම්බලා උඩ අරිනවා ගෙම්බා ඒකාලේ ලස්සනයි නේද යාලුවනේ","අපි, කුණුහබ්බ නොදන්නා කාලේ . තෝ දැනගනි , උඹේ හොම්බට හැටක් ඇනලා පුම්බලා උඩ අරිනවා ගෙම්බා ඒකාලේ ලස්සනයි නේද යාලුවනේ",Harassment,0.6514,Harassment,0.8247
සුජි Phone එක දීපන් ලමයෙකුට ප් තෝ බීලද කසිප්පු ගහලද? ද,සුජි Phone එක දීපන් ලමයෙකුට ප් තෝ බීලද කසිප්පු ගහලද? ද,Harassment,0.6904,Harassment,0.9731
", ඇයි හුත්තෝ හැම හුත්තටම මාලු පාන් ඇදලා ගන්නේ (ලබ්බ.පක.පුක..හුත්ත.ලබ්බ)..ආයේ එන්නෑ මන් තරහයි",", ඇයි හුත්තෝ හැම හුත්තටම මාලු පාන් ඇදලා ගන්නේ (ලබ්බ.පක.පුක..හුත්ත.ලබ්බ)..ආයේ එන්නෑ මන් තරහයි",Harassment,0.7725,Harassment,0.9824
බොරැවෙන්ම රජවී බොරැවෙන්ම රට කාලා විනාශ කරන සිරිසේන... තොගේ...අම්මට තෝ...වාගේ තව එකෙක් හිටියනම් මේ ලෝකේම කාල විනාස කරනවා !!!,බොරැවෙන්ම රජවී බොරැවෙන්ම රට කාලා විනාශ කරන සිරිසේන... තොගේ...අම්මට තෝ...වාගේ තව එකෙක් හිටියනම් මේ ලෝකේම කාල විනාස කරනවා !!!,Harassment,0.7822,Harassment,0.9165
තෝ බල්ලා පප්පලාට තහනම් උත්තේජක දීලා තරඟවලට එවුවද හිටපං පරයා තෝව බාවනවා අද...,තෝ බල්ලා පප්පලාට තහනම් උත්තේජක දීලා තරඟවලට එවුවද හිටපං පරයා තෝව බාවනවා අද...,Harassment,0.7583,Harassment,0.9849
උබ බය වෙලා ඇයි ඉතින් හරිය එක්ක face ටො face හැප්පියන්කො තිස්සය එක්ක මිශ්‍ර ජාන හොයන්න කලින්. පෞ උබ. උබ පොර බයියන්ට විතරයි අපිට නම් තෝ ගෝ ගොඩේ වසන නිළ මැස්සෙක් පමණයි,උබ බය වෙලා ඇයි ඉතින් හරිය එක්ක face ටො face හැප්පියන්කො තිස්සය එක්ක මිශ්‍ර ජාන හොයන්න කලින්. පෞ උබ. උබ පොර බයියන්ට විතරයි අපිට නම් තෝ ගෝ ගොඩේ වසන නිළ මැස්සෙක් පමණයි,Harassment,0.5679,Harassment,0.8623
තෝ ගිහින් පාත් කලොත් 3310ක් ගහලා එවයි පුකේ,තෝ ගිහින් පාත් කලොත් 3310ක් ගහලා එවයි පුකේ,Harassment,0.7026,Harassment,0.9731
උබ අපේ රටට මොකක්ද කලේ කලාවත් කෑව සමාජෙත් කෑව පොන්න හිගන්න.අන්තිමට තොගෙ ගෑනිත් ගියා තෝ මානසික අසහන කාරයෙක් කියල. අනුන්ගෙ පුකේ ගද හොයන්න කලින් තමන්ගෙ පුකේ ඇගිල්ල ගහල බලපන් සාඩිං බයිය.,උබ අපේ රටට මොකක්ද කලේ කලාවත් කෑව සමාජෙත් කෑව පොන්න හිගන්න.අන්තිමට තොගෙ ගෑනිත් ගියා තෝ මානසික අසහන කාරයෙක් කියල. අනුන්ගෙ පුකේ ගද හොයන්න කලින් තමන්ගෙ පුකේ ඇගිල්ල ගහල බලපන් සාඩිං බයිය.,Harassment,0.6909,Harassment,0.981
පිත්තල බොත්තම් ගැලෙව්වා නේද කනියා සීයගෙ ඇදුමෙන් ජොකාගෙ වටේට සිත්තම වෙන්ට හිතාගෙන බෝඩරෙ කොලයෙන් කනියෝ තෝ ඔක්කොම මෙලුවෙන්,පිත්තල බොත්තම් ගැලෙව්වා නේද කනියා සීයගෙ ඇදුමෙන් ජොකාගෙ වටේට සිත්තම වෙන්ට හිතාගෙන බෝඩරෙ කොලයෙන් කනියෝ තෝ ඔක්කොම මෙලුවෙන්,Harassment,0.6597,Harassment,0.7563
අනේ තොගෙ කට. තෝව මං ඉතුරු කරන්නැ වේසි. ඩිපෙන්ඩර් දාලා උස්සන්නෙ,අනේ තොගෙ කට. තෝව මං ඉතුරු කරන්නැ වේසි. ඩිපෙන්ඩර් දාලා උස්සන්නෙ,Harassment,0.7134,Harassment,0.9829
උකුලේ තියන් නලවා පෙව්වා කිරි බෝතල් ගණන් දන්නෑ තෝ පෙව්වේ හැපින්නක බවක්... රිංගා සරම අස්සට ඒ හැපින්නියත් කෑවා කෑවා කියයි තෝ මූනට කෙල ගහන්.. සස්,උකුලේ තියන් නලවා පෙව්වා කිරි බෝතල් ගණන් දන්නෑ තෝ පෙව්වේ හැපින්නක බවක්... රිංගා සරම අස්සට ඒ හැපින්නියත් කෑවා කෑවා කියයි තෝ මූනට කෙල ගහන්.. සස්,Harassment,0.7817,Harassment,0.8975
රට් තෝ දැනගනින් මම බැහැල එන්නෙ නෑ. මට වෙලා නෑ උගන්නන්න තියනවා. අවජාතක බල්ලා ප් ස්රිලංකංථ්රෙඅත්ස ක්සිරි sir,රට් තෝ දැනගනින් මම බැහැල එන්නෙ නෑ. මට වෙලා නෑ උගන්නන්න තියනවා. අවජාතක බල්ලා ප් ස්රිලංකංථ්රෙඅත්ස ක්සිරි sir,Harassment,0.79,Harassment,0.9844
පල පොන්න වේසිගේ පුතා. සල්ලි දෙනවා කිව්වොත් ඕනම තුප්පැහි වැඩක් කරන තෝ සක්කිලි බල්ලා ගැන අපි දන්නවා පකෝ. තෝ පහුගිය දවසේ ගොන්ජා බිජ්ජ උරන්න යනකොට අපි දන්නවා පකෝ වෙන්න යන්නේ මොකක්ද කියලා. කරලා බලපංකො සක්කිලියා.,පල පොන්න වේසිගේ පුතා. සල්ලි දෙනවා කිව්වොත් ඕනම තුප්පැහි වැඩක් කරන තෝ සක්කිලි බල්ලා ගැන අපි දන්නවා පකෝ. තෝ පහුගිය දවසේ ගොන්ජා බිජ්ජ උරන්න යනකොට අපි දන්නවා පකෝ වෙන්න යන්නේ මොකක්ද කියලා. කරලා බලපංකො සක්කිලියා.,Harassment,0.6499,Harassment,0.9404
ඇන්ටි පුක හෙම සනීපෙන්ද? ඇයි පුකට අසනීපනම් තෝ ලැට් එකක් අරං එන්නඩ? අනෙහ් නිකං පව් නොදී පලෑන් යන්න.. ආ හා..ඒනම් අන්ටි වක පුන පුනා ගිහින් ගමම මෝල් කරල සතුටින් ඉන්නකෝ ඔයා..,ඇන්ටි පුක හෙම සනීපෙන්ද? ඇයි පුකට අසනීපනම් තෝ ලැට් එකක් අරං එන්නඩ? අනෙහ් නිකං පව් නොදී පලෑන් යන්න.. ආ හා..ඒනම් අන්ටි වක පුන පුනා ගිහින් ගමම මෝල් කරල සතුටින් ඉන්නකෝ ඔයා..,Harassment,0.5435,Harassment,0.8643
තෝ කරතගම ගියානම් දොදොල් අැරන් වරෙන්,තෝ කරතගම ගියානම් දොදොල් අැරන් වරෙන්,Harassment,0.5967,Harassment,0.9258
තෝ හැරෙද්දිත් මම දන්නවා බෙට්ට හිර කරගන්න හදන්නෙ කියලා,තෝ හැරෙද්දිත් මම දන්නවා බෙට්ට හිර කරගන්න හදන්නෙ කියලා,Harassment,0.5879,Harassment,0.5889
කුච් තෝ ලෝග කහෙන්ගේ ලොගොන් කා කාම් හේ කැහැනා..,කුච් තෝ ලෝග කහෙන්ගේ ලොගොන් කා කාම් හේ කැහැනා..,Harassment,0.7236,Harassment,0.6768
තෝ පණුවො ගහලා මැරෙන්න‌ෙ පරයා...,තෝ පණුවො ගහලා මැරෙන්න‌ෙ පරයා...,Harassment,0.6431,Harassment,0.7505
මේ පාර තමා මම සිස්සත්තේ කරන්නේ. හිකි හුක හිකි මේ චන්දු ඵපයා මට කුනුඅලප උගන්නනවා ධාතූසේන ලැජ්ජ නැද්ද මම වගේ පොඩි එකෙක්ට කුනුඅලප කියන්නේ.හිකි හුක හිකි මහත්තයා මේ ඇට දෙක මිරි කරන්න එපා මේ එහෙම එන්න මහත්තයා හිකි හිකි හිකි පොන්න වැඩ හිකි හිකි හිකි 🅒🅗🅐🅝🅓🅤 · 1 ඖග් 2020 තෝ පලප්ඵකයා,මේ පාර තමා මම සිස්සත්තේ කරන්නේ. හිකි හුක හිකි මේ චන්දු ඵපයා මට කුනුඅලප උගන්නනවා ධාතූසේන ලැජ්ජ නැද්ද මම වගේ පොඩි එකෙක්ට කුනුඅලප කියන්නේ.හිකි හුක හිකි මහත්තයා මේ ඇට දෙක මිරි කරන්න එපා මේ එහෙම එන්න මහත්තයා හිකි හිකි හිකි පොන්න වැඩ හිකි හිකි හිකි 🅒🅗🅐🅝🅓🅤 · 1 ඖග් 2020 තෝ පලප්ඵකයා,Harassment,0.7852,Harassment,0.8423
තෝ නිසි කලට බැන්දා නන් මේ වයසේ ලමෙක් හදා ගන්න තිබ්බ.. අක්කේ ලු..,තෝ නිසි කලට බැන්දා නන් මේ වයසේ ලමෙක් හදා ගන්න තිබ්බ.. අක්කේ ලු..,Harassment,0.5098,Harassment,0.6753
තෝ මට.... හිටපන් curfew අස්සේ ඇවිල්ලා උස්සන්නේ දැන ගනින්,තෝ මට.... හිටපන් curfew අස්සේ ඇවිල්ලා උස්සන්නේ දැන ගනින්,Harassment,0.7896,Harassment,0.7998
දුවපිය යන්න..එකි වෙි* ගැනි..මං එහෙම නැ..ආයි තෝ මට කියලා තිබ්බොත් ගහන්නේ පයින්,දුවපිය යන්න..එකි වෙි* ගැනි..මං එහෙම නැ..ආයි තෝ මට කියලා තිබ්බොත් ගහන්නේ පයින්,Harassment,0.7432,Harassment,0.8232
තෝ මරණවා මම..කුණු හබිබ comment දැමිමොත් මටඔක දාගන්න ගැලපෙන කෙනෙකුට,තෝ මරණවා මම..කුණු හබිබ comment දැමිමොත් මටඔක දාගන්න ගැලපෙන කෙනෙකුට,Harassment,0.7275,Harassment,0.9414
හු***තෝ කියක දම් කරල නෑ කොල්ලෙක්ට වත්,හු***තෝ කියක දම් කරල නෑ කොල්ලෙක්ට වත්,Harassment,0.6123,Harassment,0.978
මට ලෙස්බි ලෙස්බි ගගා ඉන්නෙ මම තොගෙන් කී පාරක් ඇහුවද??? තෝ කැමතිද නෑනේ,මට ලෙස්බි ලෙස්බි ගගා ඉන්නෙ මම තොගෙන් කී පාරක් ඇහුවද??? තෝ කැමතිද නෑනේ,Harassment,0.563,Harassment,0.8535
ඔය මලදානෙම ඔබ ඔබ ඉඳල තෝ පොට්ටවෙයන්..තාත්තට කියල කණ මිනිහෙක් හොයල දෙන්න පුළුවන්නෙ..,ඔය මලදානෙම ඔබ ඔබ ඉඳල තෝ පොට්ටවෙයන්..තාත්තට කියල කණ මිනිහෙක් හොයල දෙන්න පුළුවන්නෙ..,Harassment,0.7876,Harassment,0.918
මම බඩුව තෝ වේස බඩුව,මම බඩුව තෝ වේස බඩුව,Harassment,0.5845,Harassment,0.6221
ආන්කොකේ රාස්තේ දිල් මේ සමානා දිල් මේ සමා කේ නින්දේ උඩානා බඩා සබාලා තා මේනේ ඉසේ දිල් තෝ කෝනා හිතා ප්‍යාර තෝ හෝනා හි තා,ආන්කොකේ රාස්තේ දිල් මේ සමානා දිල් මේ සමා කේ නින්දේ උඩානා බඩා සබාලා තා මේනේ ඉසේ දිල් තෝ කෝනා හිතා ප්‍යාර තෝ හෝනා හි තා,Harassment,0.5249,Harassment,0.7241
මගෙ නම ගැන තෝ පුප නොදී තොගෙ ඔළුව හොයාගනිම්කො ගිහින්.. අහුවෙච්ච එක ඔලුව කියල හයිකරගෙන එනව මෙතන කියෝන්ඩ.. වලස් මාමා..,මගෙ නම ගැන තෝ පුප නොදී තොගෙ ඔළුව හොයාගනිම්කො ගිහින්.. අහුවෙච්ච එක ඔලුව කියල හයිකරගෙන එනව මෙතන කියෝන්ඩ.. වලස් මාමා..,Harassment,0.5352,Harassment,0.9092
තෝ මැරියන්. තම්බන් කාපන් ඔය ටික ඔක්කොම. තෝ මැරෙද්දී අවසාන කැමත්තෙන්වත් මට ඒ ටික ලැබෙන විදියට අත්සන් කරලා මැරියන්,තෝ මැරියන්. තම්බන් කාපන් ඔය ටික ඔක්කොම. තෝ මැරෙද්දී අවසාන කැමත්තෙන්වත් මට ඒ ටික ලැබෙන විදියට අත්සන් කරලා මැරියන්,Harassment,0.5,Harassment,0.8501
තෝ වගේ අවජාතකයෙක්ට පුත්තු නැති එක ගැන සතුටුයි.. ලොල්ලා,තෝ වගේ අවජාතකයෙක්ට පුත්තු නැති එක ගැන සතුටුයි.. ලොල්ලා,Harassment,0.6401,Harassment,0.9565
දුම්මල වරම අරගත් සැර කට්ටඩී යක්කුත් මෙල්ල කරනව තබමින් අඩී තටුවට තිවුව පුලුටුත් කා තෝ අඩී කුකුලගෙ බෙල්ල මිරිකූවෙක් වෙඩී,දුම්මල වරම අරගත් සැර කට්ටඩී යක්කුත් මෙල්ල කරනව තබමින් අඩී තටුවට තිවුව පුලුටුත් කා තෝ අඩී කුකුලගෙ බෙල්ල මිරිකූවෙක් වෙඩී,Harassment,0.7798,Harassment,0.9814
තෝ වගේ මෝඩ මූසල වේසිගෙ පුතෙක්...කාපු පතේ රෙන පරයා.,තෝ වගේ මෝඩ මූසල වේසිගෙ පුතෙක්...කාපු පතේ රෙන පරයා.,Harassment,0.6865,Harassment,0.9751
එතනත් වල්කම මයි මේකට.. මැරියන් තෝ නයා කාලම,එතනත් වල්කම මයි මේකට.. මැරියන් තෝ නයා කාලම,Harassment,0.5093,Harassment,0.6265
බලමු තෝ අහුවෙයිනේ පකයා....පයිය කපල කටේ ගහන්න‌ෙ හරිද දුලාජ් මෙන්ඩිස් · 25 දෙක් 2020 වරෙන්කො ඉතින් උඹ කෙරුමද කියලා බලන්න.,බලමු තෝ අහුවෙයිනේ පකයා....පයිය කපල කටේ ගහන්න‌ෙ හරිද දුලාජ් මෙන්ඩිස් · 25 දෙක් 2020 වරෙන්කො ඉතින් උඹ කෙරුමද කියලා බලන්න.,Harassment,0.5894,Harassment,0.8799
ඇපල් මහ ලොකු පලතුර මට නම් තෝ පේන්න බෑ ආදම් ඒවා තෝම කාලා අපිව ඉපැද්දුවා ඉමක් නැති දුක් සසරෙ ගිල්ලුවා නිවුටනයගේ ඔලුවට තෝ පතබෑවිලා මට ඉගනීම එපා කළා අනේ මම හිතුවේ ඉවරයි කියලා ඒත් උබ ස්ටීවන් ජොබාගේ ඔලුවට වැහිලා ඇපල් ෆෝන් උපද්දවලා මාව කාලම දැම්මා හිඟන්නෙක් කළා අනේ පනුවොම කාපිය තෝව,ඇපල් මහ ලොකු පලතුර මට නම් තෝ පේන්න බෑ ආදම් ඒවා තෝම කාලා අපිව ඉපැද්දුවා ඉමක් නැති දුක් සසරෙ ගිල්ලුවා නිවුටනයගේ ඔලුවට තෝ පතබෑවිලා මට ඉගනීම එපා කළා අනේ මම හිතුවේ ඉවරයි කියලා ඒත් උබ ස්ටීවන් ජොබාගේ ඔලුවට වැහිලා ඇපල් ෆෝන් උපද්දවලා මාව කාලම දැම්මා හිඟන්නෙක් කළා අනේ පනුවොම කාපිය තෝව,Harassment,0.5854,Harassment,0.8008
⁣පුකේ තමා කරන්නෙ. තෝ නැමිල හිටකො. තෝ වගේ දෙක තුන උස කජුගස් දෙබල්වල කෙලපු කොල්ලො අපි,⁣පුකේ තමා කරන්නෙ. තෝ නැමිල හිටකො. තෝ වගේ දෙක තුන උස කජුගස් දෙබල්වල කෙලපු කොල්ලො අපි,Harassment,0.5332,Harassment,0.8262
උබේ මේ ගොබ්බ ආතල් හොදයි ඕලෙවල් පොඩි එවුන්ට.ගෝටට දෙන්න හිතන් ඉන්න vote එක දෙන්නෙත් නෑ තෝ හින්ද.sean කිඞ්ස්තොන්කුරුප්ත්සෞල්ජ boy දන්නවනම් මූ මෙච්චර පීචන් එකෙක් කියල පුකට පයින් ගහන්නෙ.,උබේ මේ ගොබ්බ ආතල් හොදයි ඕලෙවල් පොඩි එවුන්ට.ගෝටට දෙන්න හිතන් ඉන්න vote එක දෙන්නෙත් නෑ තෝ හින්ද.sean කිඞ්ස්තොන්කුරුප්ත්සෞල්ජ boy දන්නවනම් මූ මෙච්චර පීචන් එකෙක් කියල පුකට පයින් ගහන්නෙ.,Harassment,0.6826,Harassment,0.9429
තෝ කලු බල්ලෙක් මන් ගොලු බෙල්ලක් කපල දානවා අල්ලල බෙල්ලෙන් ිගිති පාතාලේ #rowdy #කොල්ලා #kavishkak2 #K2 #2k19 #black ශ්‍රීලංකා @ චොලොම්බෝ Sri ලංකා ඉන්ස්ටග්‍රම්චොම් කවිෂ්කා දොඹවෙල (K2) () • ඉන්ස්ටග්රම් photo,තෝ කලු බල්ලෙක් මන් ගොලු බෙල්ලක් කපල දානවා අල්ලල බෙල්ලෙන් ිගිති පාතාලේ #rowdy #කොල්ලා #kavishkak2 #K2 #2k19 #black ශ්‍රීලංකා @ චොලොම්බෝ Sri ලංකා ඉන්ස්ටග්‍රම්චොම් කවිෂ්කා දොඹවෙල (K2) () • ඉන්ස්ටග්රම් photo,Harassment,0.7573,Harassment,0.5498
කැරි පොන්න හුත්තෝ උඹලා.. එනවා එනවා කියලා අන්තිම මොහොතේ එක හුත්තෙක් නෑ. එක්කෝ එන්න බැරි නම් කලින් කියන්න ඕනේ. ඒනම්... උර්ල්,කැරි පොන්න හුත්තෝ උඹලා.. එනවා එනවා කියලා අන්තිම මොහොතේ එක හුත්තෙක් නෑ. එක්කෝ එන්න බැරි නම් කලින් කියන්න ඕනේ. ඒනම්... උර්ල්,Harassment,0.7075,Harassment,0.8799
සිරාවට ? තෝ ව හෙට pool එකේ deep එකට විසිකරනවා චින්තා... ගල් මූසලයා,සිරාවට ? තෝ ව හෙට pool එකේ deep එකට විසිකරනවා චින්තා... ගල් මූසලයා,Harassment,0.5674,Harassment,0.8345
තෝ ව නම් ගහලා පන්නයි ගෙදරින්,තෝ ව නම් ගහලා පන්නයි ගෙදරින්,Harassment,0.6709,Harassment,0.5908
ටහිකෙන Score එකක්නෙහ් හු***තෝ මෙක... ඉන්ද්ව්ස්ල්,ටහිකෙන Score එකක්නෙහ් හු***තෝ මෙක... ඉන්ද්ව්ස්ල්,Harassment,0.5249,Harassment,0.5571
අඩෝ වසන්ත ගොං වස්සෝ තෝ ඔය කොල්ලාව මරං කලා ආතල් ගන්නද හුත්තෝ බලං ඉන්නේ ? කැරියා තොගේ බයි කැහිල්ලටද fake news පතුරුවන්නේ ? අවජාතක හැත්ත,අඩෝ වසන්ත ගොං වස්සෝ තෝ ඔය කොල්ලාව මරං කලා ආතල් ගන්නද හුත්තෝ බලං ඉන්නේ ? කැරියා තොගේ බයි කැහිල්ලටද fake news පතුරුවන්නේ ? අවජාතක හැත්ත,Harassment,0.668,Harassment,0.9839
සුප්පා මගෙ රිදිල්ල මං බලාගන්නං තෝ මගෙන් මැරැම් නොකා හිටින්.අහුවෙන්න එපා ගස්ගෙම්බා,සුප්පා මගෙ රිදිල්ල මං බලාගන්නං තෝ මගෙන් මැරැම් නොකා හිටින්.අහුවෙන්න එපා ගස්ගෙම්බා,Harassment,0.7388,Harassment,0.5874
යේනෝ... ඉරවෝඩු ඔලියායි කූඩුම්.. උරවොන්ඩෘ කේට්කිරේන්.. වරෙයිනේරුම් ඉවලින් ආසෙයි.. නිරවේර පාකිරෙන්.. නදි සේරුම් කඩලින් මීදු.. මලෙයි නීරෙයි සෙරුවෙන් අමුදේ.. පේර් අමුදේ.. පෙන් මනදින් කනවින් ‍යේකම් තීකුමා.. යේකුමා.. මදියේ.. තන් මදියේ.. ඉවන් අලගින් බිම්බම් කන්ගල් පාකුමා.. තෝකුමා..,යේනෝ... ඉරවෝඩු ඔලියායි කූඩුම්.. උරවොන්ඩෘ කේට්කිරේන්.. වරෙයිනේරුම් ඉවලින් ආසෙයි.. නිරවේර පාකිරෙන්.. නදි සේරුම් කඩලින් මීදු.. මලෙයි නීරෙයි සෙරුවෙන් අමුදේ.. පේර් අමුදේ.. පෙන් මනදින් කනවින් ‍යේකම් තීකුමා.. යේකුමා.. මදියේ.. තන් මදියේ.. ඉවන් අලගින් බිම්බම් කන්ගල් පාකුමා.. තෝකුමා..,Harassment,0.7524,Harassment,0.8032
හාන්සි වෙන එක එකක්. හැබැයි පුක උඩට හරවන් හාන්සි වෙලා ඉන්න පුරුද්ද තමයි අවුල පොල්බුරුව · 16 අප‍ 2019 තොගේ ආච්චිට කීරී සම්බා ගරන්න දැන් තෝ කියන්නේ ඇදේ දිගා වෙලා ඉන්නැතිව හිටගෙන ඉන්න කියලද twitter.com/dead_mans_cree…,හාන්සි වෙන එක එකක්. හැබැයි පුක උඩට හරවන් හාන්සි වෙලා ඉන්න පුරුද්ද තමයි අවුල පොල්බුරුව · 16 අප‍ 2019 තොගේ ආච්චිට කීරී සම්බා ගරන්න දැන් තෝ කියන්නේ ඇදේ දිගා වෙලා ඉන්නැතිව හිටගෙන ඉන්න කියලද twitter.com/dead_mans_cree…,Harassment,0.6353,Harassment,0.9756
ඩේයි පන්නි උස්සල ගහනව තෝ පොලේ ආව මෙතන මේකිව උස්සන්න,ඩේයි පන්නි උස්සල ගහනව තෝ පොලේ ආව මෙතන මේකිව උස්සන්න,Harassment,0.7871,Harassment,0.7905
මේ වේස කැරියන්ව ස්ලැබ් එකක හරහට දාලා කොන්ක්‍රීට් වක්කරන්න ඕනා. පෝස්ට්ස් per month unlimited. මේ හුත්තෝ කරන්නෙ මොනවද කියලවත් දන්නවද දන්නෙ නෑ.,මේ වේස කැරියන්ව ස්ලැබ් එකක හරහට දාලා කොන්ක්‍රීට් වක්කරන්න ඕනා. පෝස්ට්ස් per month unlimited. මේ හුත්තෝ කරන්නෙ මොනවද කියලවත් දන්නවද දන්නෙ නෑ.,Harassment,0.7139,Harassment,0.8306
හා උඹ දැන් චන්ඩියෙකුත් වෙලාදා. අනේ රිලවෝ ගෑනුන්ගේ හෙලුවෙන් ජනප්‍රිය වෙලා සල්ලි වලට වේස කමේ යන තෝත් ගණිකාවක් තමයි!,හා උඹ දැන් චන්ඩියෙකුත් වෙලාදා. අනේ රිලවෝ ගෑනුන්ගේ හෙලුවෙන් ජනප්‍රිය වෙලා සල්ලි වලට වේස කමේ යන තෝත් ගණිකාවක් තමයි!,Harassment,0.7363,Harassment,0.8994
චන්දෙ හිගා කාල කාල අන්තිම නැට්ටෙන් තෝ එල්ලුනෙත් අපේ තිබුන මනුස්සකමට තොගේ මල්ලි හිගන්නෙක් වගේ ඇවිත් වැද වැටිලා... උර්ල්,චන්දෙ හිගා කාල කාල අන්තිම නැට්ටෙන් තෝ එල්ලුනෙත් අපේ තිබුන මනුස්සකමට තොගේ මල්ලි හිගන්නෙක් වගේ ඇවිත් වැද වැටිලා... උර්ල්,Harassment,0.7183,Harassment,0.584
ඔෆ් එකේ හය දෙනෙක් දාලා ලේග් එකට ඛොල් කරලා තෝ ###########,ඔෆ් එකේ හය දෙනෙක් දාලා ලේග් එකට ඛොල් කරලා තෝ ###########,Harassment,0.6318,Harassment,0.6401
තූ තෝ නහී හේ ලේකින්... තේරී මුස්කුරාහටෙහේ... චෙහෙරා කහී නහී හේ පර් තේරී ආහටේ.. හේ.. තූහේ කහා කහා හේ.. තේරා නිශා කහා හේ මේරා කහා ජහා හේ මේ අධූරා තූ අධූරී ජී රහී හේ... Magical voice ඔෆ් උඩිට් නරයන් ℣αɱριя౯™ · 2 ජුල 2020 This song can make mood අන්‍ය්ටිමේ,තූ තෝ නහී හේ ලේකින්... තේරී මුස්කුරාහටෙහේ... චෙහෙරා කහී නහී හේ පර් තේරී ආහටේ.. හේ.. තූහේ කහා කහා හේ.. තේරා නිශා කහා හේ මේරා කහා ජහා හේ මේ අධූරා තූ අධූරී ජී රහී හේ... Magical voice ඔෆ් උඩිට් නරයන් ℣αɱριя౯™ · 2 ජුල 2020 This song can make mood අන්‍ය්ටිමේ,Harassment,0.4861,Harassment,0.4858
තෝ මාව block කරලා තිබිබොත් හොයන් ඇවිත් ගහලා යන්නේ ගමිපහට,තෝ මාව block කරලා තිබිබොත් හොයන් ඇවිත් ගහලා යන්නේ ගමිපහට,Harassment,0.6577,Harassment,0.8896
threesome? හුකහන් මට බෑ තොගෙ බිජ්ජ බලන්ඩ.මං ප්ලේස් එක කියන්නන් තෝ පල,threesome? හුකහන් මට බෑ තොගෙ බිජ්ජ බලන්ඩ.මං ප්ලේස් එක කියන්නන් තෝ පල,Harassment,0.7188,Harassment,0.7207
අනේ තෝ කොටුවක් පැනපු වෙලාවක වන් ශොට් බඩ වෙයන් නිවුන්නුම සෙට් වෙයන්...අරුගේ වෙන ගෑනියෙක්ගේ ලමයෙකුත් කරගහගන්න වෙයන් අනේ වෙයන්,අනේ තෝ කොටුවක් පැනපු වෙලාවක වන් ශොට් බඩ වෙයන් නිවුන්නුම සෙට් වෙයන්...අරුගේ වෙන ගෑනියෙක්ගේ ලමයෙකුත් කරගහගන්න වෙයන් අනේ වෙයන්,Harassment,0.7998,Harassment,0.8799
උබලට කියන්න දේවල් නැති උනාම පුක දෙනවා තමා කියන්න තියෙන්නෙ. තෝත් දැන් මේ මැද්දෙන් පීදිලා පුක දීගෙන තමා ඉන්නෙ.,උබලට කියන්න දේවල් නැති උනාම පුක දෙනවා තමා කියන්න තියෙන්නෙ. තෝත් දැන් මේ මැද්දෙන් පීදිලා පුක දීගෙන තමා ඉන්නෙ.,Harassment,0.5181,Harassment,0.7578
"අඩෝ ඔමික්රෝන්, තෝ ලංකාවට ආවොත්, තෝව මරනවා..","අඩෝ ඔමික්රෝන්, තෝ ලංකාවට ආවොත්, තෝව මරනවා..",Harassment,0.6147,Harassment,0.9858
"පෙන්න වේසි පුතෝ තො ඔයා සොදා සලු පිලි අන්දන්න හදන පෙන්න රනිල් රටටම කෑවා. තෝ ඌට දාව ඉපදුනාට, රනිල් කියන්නේ රටත් ජාතියක් අගමත් තම පක්ෂයත් විනාශ කල පෙන්නයෙක්. The following media ඉන්ච්ලුදෙස් potentially sensitive content. Change සෙට්ටින්ග්ස් View","පෙන්න වේසි පුතෝ තො ඔයා සොදා සලු පිලි අන්දන්න හදන පෙන්න රනිල් රටටම කෑවා. තෝ ඌට දාව ඉපදුනාට, රනිල් කියන්නේ රටත් ජාතියක් අගමත් තම පක්ෂයත් විනාශ කල පෙන්නයෙක්. The following media ඉන්ච්ලුදෙස් potentially sensitive content. Change සෙට්ටින්ග්ස් View",Harassment,0.6113,Harassment,0.8975
හුත්තක් කියනව තෝත් පකෝ වෙන එකෙක් සල්ලි ටික සැපේ වියදං කරලනං පුක හපාගෙන මැරෙන්ඩ වෙන්නෙ,හුත්තක් කියනව තෝත් පකෝ වෙන එකෙක් සල්ලි ටික සැපේ වියදං කරලනං පුක හපාගෙන මැරෙන්ඩ වෙන්නෙ,Harassment,0.7241,Harassment,0.9771
තුජ්හෙ දේකා තෝ..යේ ජා..නා සනම් ප්‍යාර් හෝතාහේ.. දිවා..නා සනම් අබ් යහා සේ කහා.. ජා..යෙ හම්.. තෙරි බා...හෝමෙ මර් ජා..යෙ හම්.. සාජ්ජේ,තුජ්හෙ දේකා තෝ..යේ ජා..නා සනම් ප්‍යාර් හෝතාහේ.. දිවා..නා සනම් අබ් යහා සේ කහා.. ජා..යෙ හම්.. තෙරි බා...හෝමෙ මර් ජා..යෙ හම්.. සාජ්ජේ,Harassment,0.6289,Harassment,0.5972
අනේ කන්යා වෙස්ට් තෝ මොකක්ද කලේ අපේ ටේලර් අක්කට? කඩේෂානි මදිවෙලාද බොට ථෙබ්ලළෙ · 12 ෆෙබ් 2016 ස brother හස bold response ටො after rapper උන්වෙඉල්ස shock ල්ය්රිච්ස් about singer ඉන් new song උර්ල්,අනේ කන්යා වෙස්ට් තෝ මොකක්ද කලේ අපේ ටේලර් අක්කට? කඩේෂානි මදිවෙලාද බොට ථෙබ්ලළෙ · 12 ෆෙබ් 2016 ස brother හස bold response ටො after rapper උන්වෙඉල්ස shock ල්ය්රිච්ස් about singer ඉන් new song උර්ල්,Harassment,0.491,Harassment,0.6191
11 ඔතෙර්ස් අඩු ගානේ ඌට කොන්දක් තිබ්බා ඌ ඔල Fail කියන්න. ඒකට තෝ... තූ නොදකින් ගෙරි ගොන් බයි සාඩිමා,11 ඔතෙර්ස් අඩු ගානේ ඌට කොන්දක් තිබ්බා ඌ ඔල Fail කියන්න. ඒකට තෝ... තූ නොදකින් ගෙරි ගොන් බයි සාඩිමා,Harassment,0.5552,Harassment,0.9326
තෝ නම් නිකමෙක් පීසා එකක් කන්න සල්ලි නැති අවුරුදු 40 එකෙක් මන් දැක්කමයි. ගිහින් ලිදේ පැනපන් හරකෝ,තෝ නම් නිකමෙක් පීසා එකක් කන්න සල්ලි නැති අවුරුදු 40 එකෙක් මන් දැක්කමයි. ගිහින් ලිදේ පැනපන් හරකෝ,Harassment,0.6631,Harassment,0.7207
එහෙම හුකන්න බෑනේ මේකේ. ලඟින් ගියොත් අපි දාගන්නවා. අපි එහෙමයි. තෝ පුක නොදී පලයං,එහෙම හුකන්න බෑනේ මේකේ. ලඟින් ගියොත් අපි දාගන්නවා. අපි එහෙමයි. තෝ පුක නොදී පලයං,Harassment,0.6318,Harassment,0.98
තෝ කොහෙ හිටියත් මම තෝව මරන එක මරනව #####,තෝ කොහෙ හිටියත් මම තෝව මරන එක මරනව #####,Harassment,0.7002,Harassment,0.9883
මෙන්න මේ පොන්න කැරියට දඩුවම් නැද්ද ලංකාවේ මිනිහෙක් කරොත් විතරද දඩුවම් හුකන රටක් හුත්තෝ මෙක දෙවියොත් අතල් ගන්නෙ... උර්ල්,මෙන්න මේ පොන්න කැරියට දඩුවම් නැද්ද ලංකාවේ මිනිහෙක් කරොත් විතරද දඩුවම් හුකන රටක් හුත්තෝ මෙක දෙවියොත් අතල් ගන්නෙ... උර්ල්,Harassment,0.5278,Harassment,0.9258
තෝ කුඩු ගහලද ගංජා ගහලද අයියෝ හැමිනෙනවා එන්රිකේ ඕය මයික් එක දීපන් ළමයෙකුට එන්රිකුඑඉන්ස්ල,තෝ කුඩු ගහලද ගංජා ගහලද අයියෝ හැමිනෙනවා එන්රිකේ ඕය මයික් එක දීපන් ළමයෙකුට එන්රිකුඑඉන්ස්ල,Harassment,0.7002,Harassment,0.9492
කෝයි බාත් නහි තොඩි තොඩි තෝ ටිකේ ලේකින්ග් ජාදා නහි ලේනා කිවුකි අගර් කම් හොගයා තෝ?? මුෂ්කිල් හෝයගා ටිකේ,කෝයි බාත් නහි තොඩි තොඩි තෝ ටිකේ ලේකින්ග් ජාදා නහි ලේනා කිවුකි අගර් කම් හොගයා තෝ?? මුෂ්කිල් හෝයගා ටිකේ,Harassment,0.7935,Harassment,0.5952
තෝ මැරියන්. මැරිලා වැලලිලා පලයන්. බොරුකාර හපුට්ටා. ගොං ඌරු නරියා,තෝ මැරියන්. මැරිලා වැලලිලා පලයන්. බොරුකාර හපුට්ටා. ගොං ඌරු නරියා,Harassment,0.5859,Harassment,0.749
ඉන්ඳකින් විතරක්. තෝ පොට්ටද හුත්තො? කැරපොත්තෙක් අඳුරගන්න බැයිද උර්ල් This Tweet ඉස unavailable.,ඉන්ඳකින් විතරක්. තෝ පොට්ටද හුත්තො? කැරපොත්තෙක් අඳුරගන්න බැයිද උර්ල් This Tweet ඉස unavailable.,Harassment,0.6123,Harassment,0.9731
තෝ හදන්නෙ මට අතේ අමාරුව හදවන්නද..ඩිලේ දාල අතකැඩෙනකල් සොල්ලපල්ල කො,තෝ හදන්නෙ මට අතේ අමාරුව හදවන්නද..ඩිලේ දාල අතකැඩෙනකල් සොල්ලපල්ල කො,Harassment,0.624,Harassment,0.5342
තෝ හින්ද තමා බලපන් පුකෙන් හරි ගහන්ව කටෙන් නැතත්,තෝ හින්ද තමා බලපන් පුකෙන් හරි ගහන්ව කටෙන් නැතත්,Harassment,0.7456,Harassment,0.9224
ශිහ් . . . මේ වගේ දෙමාපියන්ට ජාතක වුනානෙ තෝ වගේ පොල් කාවයියෙක් අම්මප,ශිහ් . . . මේ වගේ දෙමාපියන්ට ජාතක වුනානෙ තෝ වගේ පොල් කාවයියෙක් අම්මප,Harassment,0.7915,Harassment,0.981
+ හරි හුත්තෝ ඕක මට කියලා හරි යනවද? පයිය! - කට! කට!! බාබා බාබා!,+ හරි හුත්තෝ ඕක මට කියලා හරි යනවද? පයිය! - කට! කට!! බාබා බාබා!,Harassment,0.6709,Harassment,0.9834
බඩුව තෝ උදේ නිදාගෙන ඉද්දි ඇයි මට මෙහෙම කරේ..,බඩුව තෝ උදේ නිදාගෙන ඉද්දි ඇයි මට මෙහෙම කරේ..,Harassment,0.5156,Harassment,0.9297
ඊලග කෝල් එක මට එනවා. කොහෙද තෝ ඉන්නේ . ඉක්මනට ගෙදර වරෙන්. තෝව හමගහනවා අද . මීට අම්මා,ඊලග කෝල් එක මට එනවා. කොහෙද තෝ ඉන්නේ . ඉක්මනට ගෙදර වරෙන්. තෝව හමගහනවා අද . මීට අම්මා,Harassment,0.7563,Harassment,0.7817
අනේ හුකාම් තෝ මල් පොම්නයා බඩු ගෙන්න බෑ බෝඩිමට,අනේ හුකාම් තෝ මල් පොම්නයා බඩු ගෙන්න බෑ බෝඩිමට,Harassment,0.4985,Harassment,0.6758
චිචී හූර ටට්‍යානා කැකුලිට පයිය පොජ්ජ මංදු කොරාපු සංතෝසේ සමරාපු වැදි උස්සවේ කවාදාද දන් නෑ..,චිචී හූර ටට්‍යානා කැකුලිට පයිය පොජ්ජ මංදු කොරාපු සංතෝසේ සමරාපු වැදි උස්සවේ කවාදාද දන් නෑ..,Harassment,0.7393,Harassment,0.9526
තෝ වගේ බතල කොටෙක්ව දෙන්නෙ වෙන්නෙ හිපපොටේමස් කෙනෙකුට තමා.,තෝ වගේ බතල කොටෙක්ව දෙන්නෙ වෙන්නෙ හිපපොටේමස් කෙනෙකුට තමා.,Harassment,0.5249,Harassment,0.9854
ඇපල් මහලොකු පළතුර මට නම් තෝ පේන්න බෑ ආදම් ඒව තෝව කාලා අපිව ඉපැද්දුවා ඉමක් නැති දුක් සසරෙ ගිල්ලුවා නිවුටනයගේ ඔලුවට පතබෑවෙලා ඉගෙනීමත් එපා කරා අනේ මං හිතුවේ ඉවරයි කියලා ස්ටීව් ජොබාගේ ඔලුවට වැහිලා ඇපල් ෆෝන් හදලා මාව කාලම දැම්මා මාව හිඟන්නෙක් කරා පණුවොම කාපිය තෝව! Source ෆ්බ්,ඇපල් මහලොකු පළතුර මට නම් තෝ පේන්න බෑ ආදම් ඒව තෝව කාලා අපිව ඉපැද්දුවා ඉමක් නැති දුක් සසරෙ ගිල්ලුවා නිවුටනයගේ ඔලුවට පතබෑවෙලා ඉගෙනීමත් එපා කරා අනේ මං හිතුවේ ඉවරයි කියලා ස්ටීව් ජොබාගේ ඔලුවට වැහිලා ඇපල් ෆෝන් හදලා මාව කාලම දැම්මා මාව හිඟන්නෙක් කරා පණුවොම කාපිය තෝව! Source ෆ්බ්,Harassment,0.5615,Harassment,0.8989
"කැ* වේ* පොන්* ප්‍රභාකරන් හුත්*, තෝ ඉපදෙන ජාතියක් ජාතියක් පාසා හෙන කෝටියක් ගහපං. තෝ කුණුවෙලා මැරියං වල් බල්ලෝ.","කැ* වේ* පොන්* ප්‍රභාකරන් හුත්*, තෝ ඉපදෙන ජාතියක් ජාතියක් පාසා හෙන කෝටියක් ගහපං. තෝ කුණුවෙලා මැරියං වල් බල්ලෝ.",Harassment,0.7095,Harassment,0.981
මහන වෙනවා තමයි තෝ වගේ අසහන කාරයෙගේ උකුලේ ඉදගත්තම,මහන වෙනවා තමයි තෝ වගේ අසහන කාරයෙගේ උකුලේ ඉදගත්තම,Harassment,0.4971,Harassment,0.936
දුෂ්ථයා තෝ මම නැති වෙලාවේ ඉඹල මරන්නේ තෝව,දුෂ්ථයා තෝ මම නැති වෙලාවේ ඉඹල මරන්නේ තෝව,Harassment,0.6978,Harassment,0.9873
තෝ දැනගනින් මම බැහැල එන්නෙ නෑ. මට වෙලා නෑ උගන්නන්න තියනවා. අවජාතක බල්ලා ප්,තෝ දැනගනින් මම බැහැල එන්නෙ නෑ. මට වෙලා නෑ උගන්නන්න තියනවා. අවජාතක බල්ලා ප්,Harassment,0.6689,Harassment,0.9692
කෝලිගේ බාබර් ගේ රෙකොඩ් පොඩිය කඩනවා කුසල් දවසක අතගෙන කොඩිය බලපන් එතකොට දානව තෝ පහලට පඩිය පලයං කුස්සියට උඹදන්නවා ඉටි ගෙඩිය,කෝලිගේ බාබර් ගේ රෙකොඩ් පොඩිය කඩනවා කුසල් දවසක අතගෙන කොඩිය බලපන් එතකොට දානව තෝ පහලට පඩිය පලයං කුස්සියට උඹදන්නවා ඉටි ගෙඩිය,Harassment,0.5996,Harassment,0.8687
බීපන් බීපන් අල්ලපු ගෙදට ඇන්ටි කිව්වා උබව ඉක්ම්නට මරන්න ඔනී කියලා තෝත් මෝඩය වගේ බොනවා ඉටිම් පෙරේත කමට අනේ හරකා,බීපන් බීපන් අල්ලපු ගෙදට ඇන්ටි කිව්වා උබව ඉක්ම්නට මරන්න ඔනී කියලා තෝත් මෝඩය වගේ බොනවා ඉටිම් පෙරේත කමට අනේ හරකා,Harassment,0.5435,Harassment,0.9771
", ආ ඒම කියලා සේප් වෙන්නද හදන්නෙ තෝ ආහ්හම ගහනවා පුක උඹෙ. වනචරයා",", ආ ඒම කියලා සේප් වෙන්නද හදන්නෙ තෝ ආහ්හම ගහනවා පුක උඹෙ. වනචරයා",Harassment,0.7554,Harassment,0.9834
අඩෝ අම්මට හුුකන කැරි පොන්න දෙමලා..තෝ දැනගනින්..දැං තියෙන්නේ තනි සිංහල ආණ්ඩුවක් හොඳේ,අඩෝ අම්මට හුුකන කැරි පොන්න දෙමලා..තෝ දැනගනින්..දැං තියෙන්නේ තනි සිංහල ආණ්ඩුවක් හොඳේ,Harassment,0.7773,Harassment,0.9805
ටෞකන්න උත්තීකොල්ලා තෝ කනවද මං කන්නද,ටෞකන්න උත්තීකොල්ලා තෝ කනවද මං කන්නද,Harassment,0.6572,Harassment,0.8638
දවසක් කොට කොට යන කොට්ටෝරුවෙක්ට වවුලෙක් හම්බුනා. මොකෝ හුත්තො නිකමටවත් කොටන් නැත්තේ? කොටන එක තමයි ලෝකේ ලොවෙත් ආතල් එක.. කොට්ටෝරුව වවුලට කිව්වා. පල කැරිය යන්න.. ජීවිතේට එල්ලෙන්න බැරි තෝ හුකන්න කොහොමද දන්නේ එල්ලෙන එකේ ආතල්එක.. එල්ලෙන එක තමයි ලොවෙත් සිරාම ආතල් එක..වවුලා උත්තර දුන්නා,දවසක් කොට කොට යන කොට්ටෝරුවෙක්ට වවුලෙක් හම්බුනා. මොකෝ හුත්තො නිකමටවත් කොටන් නැත්තේ? කොටන එක තමයි ලෝකේ ලොවෙත් ආතල් එක.. කොට්ටෝරුව වවුලට කිව්වා. පල කැරිය යන්න.. ජීවිතේට එල්ලෙන්න බැරි තෝ හුකන්න කොහොමද දන්නේ එල්ලෙන එකේ ආතල්එක.. එල්ලෙන එක තමයි ලොවෙත් සිරාම ආතල් එක..වවුලා උත්තර දුන්නා,Harassment,0.4927,Harassment,0.7065
'අැහැ වහ ගනින්...කන්‍යාවිය' තෝ රෙදි නැතිව යහපාලනේට කඩේ යනවා කියලා තොගේ අම්මා අප්පත් මතක් කර කර මිනිස්සු අම්මා මු.... බනින්නේ,'අැහැ වහ ගනින්...කන්‍යාවිය' තෝ රෙදි නැතිව යහපාලනේට කඩේ යනවා කියලා තොගේ අම්මා අප්පත් මතක් කර කර මිනිස්සු අම්මා මු.... බනින්නේ,Harassment,0.5352,Harassment,0.853
තෝ මේකිව දන්නෙ නැත්තම් වලක් කපන් වැලලියන්. මැෂි,තෝ මේකිව දන්නෙ නැත්තම් වලක් කපන් වැලලියන්. මැෂි,Harassment,0.7158,Harassment,0.5225
ඇත්ත කියද්දී තරහ යනවා නේ බං හෝ ගාලා.. තොපීලගේ ජාතකේ අපි දන්නවානේ.. සල්ලී වලට සම් වල කඩේ යන බල්ලෝ. තෝ වගේ උං මං වැඩටත් තියං ඉන්නවා බං. හැබෑ උං ඔච්චර ගොං නෑ..,ඇත්ත කියද්දී තරහ යනවා නේ බං හෝ ගාලා.. තොපීලගේ ජාතකේ අපි දන්නවානේ.. සල්ලී වලට සම් වල කඩේ යන බල්ලෝ. තෝ වගේ උං මං වැඩටත් තියං ඉන්නවා බං. හැබෑ උං ඔච්චර ගොං නෑ..,Harassment,0.5742,Harassment,0.8281
හුත්තෝ මගෙත්. නෙදකින් පොන්න පකව් රෙදි නෑ හුත්තෝ. අම්මා සයිඩ් එකෙ.ෆක් ඕෆ්. කැරියෝ....,හුත්තෝ මගෙත්. නෙදකින් පොන්න පකව් රෙදි නෑ හුත්තෝ. අම්මා සයිඩ් එකෙ.ෆක් ඕෆ්. කැරියෝ....,Harassment,0.7969,Harassment,0.9746
උබ දන්නවාද මගේ ඉපදුන ගම .. එකවත් දන්නැතුවද තෝ කන්නේ මගේ නම .. දවසක අහුඋනොතින් තෝව අතර මග ... උඩ ඉදං යටටම මම ගහනවා තෝව හම ...,උබ දන්නවාද මගේ ඉපදුන ගම .. එකවත් දන්නැතුවද තෝ කන්නේ මගේ නම .. දවසක අහුඋනොතින් තෝව අතර මග ... උඩ ඉදං යටටම මම ගහනවා තෝව හම ...,Harassment,0.7158,Harassment,0.9668
තෝ රවුන් ගහල කොරොනා හදාගෙන වටේ පිටේ එවුන්ටත් බෝ කරහන් මොට්ටයා,තෝ රවුන් ගහල කොරොනා හදාගෙන වටේ පිටේ එවුන්ටත් බෝ කරහන් මොට්ටයා,Harassment,0.5908,Harassment,0.9775
ඉ ලිකෙඩ් අ උර්ල් ඇම්ඩෝ තෝ..මගේ නංගි නානකොට හිලෙන්,ඉ ලිකෙඩ් අ උර්ල් ඇම්ඩෝ තෝ..මගේ නංගි නානකොට හිලෙන්,Harassment,0.5278,Harassment,0.9316
පලයන් කැරි පොන්නයා යන්න. ඕව තොපේ හිත්වල තියෙන ඒවා තමා. උඹ හිතුවද වහගත්තු පලොයට ඔක්කොමහොද උන් කියලා. හොයලා බලපන් උඹලගෙම උන් කීයක් වටේ යන්වද කියලා. තෝ හිතුවද ඔක්කොම වහන් ගෝනි බිල්ලො වගේ නැති ගෑනු ඔක්කොම ගණිකාවො කියලා වේස පකා,පලයන් කැරි පොන්නයා යන්න. ඕව තොපේ හිත්වල තියෙන ඒවා තමා. උඹ හිතුවද වහගත්තු පලොයට ඔක්කොමහොද උන් කියලා. හොයලා බලපන් උඹලගෙම උන් කීයක් වටේ යන්වද කියලා. තෝ හිතුවද ඔක්කොම වහන් ගෝනි බිල්ලො වගේ නැති ගෑනු ඔක්කොම ගණිකාවො කියලා වේස පකා,Harassment,0.7207,Harassment,0.8374
හොඳම වැඩේ උඹට.. කාලකන්නියා.. මැරියන් තෝ... අහිංසක සතෙක්ට ඉන්න දෙන්නේ නෑ.. පවු කාරයා.. උඹත් ඔය විදියටම විඳවල මැරෙන්න ඕන.. උර්ල්,හොඳම වැඩේ උඹට.. කාලකන්නියා.. මැරියන් තෝ... අහිංසක සතෙක්ට ඉන්න දෙන්නේ නෑ.. පවු කාරයා.. උඹත් ඔය විදියටම විඳවල මැරෙන්න ඕන.. උර්ල්,Harassment,0.6118,Harassment,0.7715
දැං ගෙදර පලයං තෝ..පොන්න හුත්තිගේ පුතා..රට කෑවා තෝ..තොගේ වලටත් මිනිස්සු ශාප කරයි කවදාහරි,දැං ගෙදර පලයං තෝ..පොන්න හුත්තිගේ පුතා..රට කෑවා තෝ..තොගේ වලටත් මිනිස්සු ශාප කරයි කවදාහරි,Harassment,0.646,Harassment,0.9658
තෝ මොකෝ හිනාවෙන්නෙ ? ගහනව පයං දැනගනිං ඇට දෙක පුක වටේ කැරකෙන්න,තෝ මොකෝ හිනාවෙන්නෙ ? ගහනව පයං දැනගනිං ඇට දෙක පුක වටේ කැරකෙන්න,Harassment,0.7217,Harassment,0.9844
යකාම කාපිය තෝ ඇදල හම්පඩ ගහපු එක 1100ක්,යකාම කාපිය තෝ ඇදල හම්පඩ ගහපු එක 1100ක්,Harassment,0.6338,Harassment,0.9814
""" තොගේ වකුගඩුවක් දියන්.. නැත්නම් තෝ මැරියන්.."" - සෞදී මුසල්මානු හාම්පුතුන් ගේ කුරිරු සැළකිලි හෙළි කල අපේ රටේ... උර්ල්",""" තොගේ වකුගඩුවක් දියන්.. නැත්නම් තෝ මැරියන්.."" - සෞදී මුසල්මානු හාම්පුතුන් ගේ කුරිරු සැළකිලි හෙළි කල අපේ රටේ... උර්ල්",Harassment,0.5059,Harassment,0.8887
"හුත්තිගෙ බල්ලො. මම ඒ වේසාවට මේන් බෞද්ධයෙක් කියල දාපු කන්ටෙක්ස්ට් එකයි, ජනේලෙන් පුක දෙන්න ආපු හොටු පොන්නයට පොන්නයා සහ සුත්ත දික්කරගෙන ආපු එකීට වේසි කිව්ව කන්ටෙක්ස් එකයි. දෙකක් මිසක්. තෝ ගොටුකොළ පොන්නයත් දෙවනි එකේ","හුත්තිගෙ බල්ලො. මම ඒ වේසාවට මේන් බෞද්ධයෙක් කියල දාපු කන්ටෙක්ස්ට් එකයි, ජනේලෙන් පුක දෙන්න ආපු හොටු පොන්නයට පොන්නයා සහ සුත්ත දික්කරගෙන ආපු එකීට වේසි කිව්ව කන්ටෙක්ස් එකයි. දෙකක් මිසක්. තෝ ගොටුකොළ පොන්නයත් දෙවනි එකේ",Harassment,0.7856,Harassment,0.9849
අසන්ත ද මෙල් උඹ හුකහන් හුත්තෝ.ඩික්වැල්ලව හලලා උපුලා දාන්න බැරි ඇයි. Sri ලංකා Cricket · 19 ෆෙබ් 2020 Sri ලංකා ඔඩි Squad for the West ඉන්දිඑස් Series ස්ල්ව්වී,අසන්ත ද මෙල් උඹ හුකහන් හුත්තෝ.ඩික්වැල්ලව හලලා උපුලා දාන්න බැරි ඇයි. Sri ලංකා Cricket · 19 ෆෙබ් 2020 Sri ලංකා ඔඩි Squad for the West ඉන්දිඑස් Series ස්ල්ව්වී,Harassment,0.7803,Harassment,0.5352
තෝ ගොබිල කනේරු ඇට කාලා බෙල්ලෙ වැල දාගෙන කෝච්චියට පැනපං වෙඩි තියාගන්න ගමන් - සුරං පුරෝහිත,තෝ ගොබිල කනේරු ඇට කාලා බෙල්ලෙ වැල දාගෙන කෝච්චියට පැනපං වෙඩි තියාගන්න ගමන් - සුරං පුරෝහිත,Harassment,0.6035,Harassment,0.8481
ඔයා පුක නෙමේ පක පෙන්නුවත් මට අදාල නෑ හුත්තෝ පයි කොටො කොටො හුකන කතා නොකියා ඉදහන් .. පුකක් බැයිනන් ඕනා හුත්තන් ප්‍ර්න්න ගන්කෝ පිරිමියෙක් විදිහට නැත්තන් තමුන්ගේ ලිංගිකත්වය රහසක් විදිහට තියා ගන්න ඕනේ මේක මේ රටේම උන්ට මම කොල්ලොකාරයෙක් කියන්නෙ නැතුව,ඔයා පුක නෙමේ පක පෙන්නුවත් මට අදාල නෑ හුත්තෝ පයි කොටො කොටො හුකන කතා නොකියා ඉදහන් .. පුකක් බැයිනන් ඕනා හුත්තන් ප්‍ර්න්න ගන්කෝ පිරිමියෙක් විදිහට නැත්තන් තමුන්ගේ ලිංගිකත්වය රහසක් විදිහට තියා ගන්න ඕනේ මේක මේ රටේම උන්ට මම කොල්ලොකාරයෙක් කියන්නෙ නැතුව,Harassment,0.771,Harassment,0.9756
ශිට් ගස් බැල්ලි..තෝ මොකට ඉපදුනාද මංදා අපිවම කන්න ..හෙනයක්ගහලවත් මැරිලා යන්නෙ නෑනෙ ..මටම කෙලවන්න බලන් ඉන්නව,ශිට් ගස් බැල්ලි..තෝ මොකට ඉපදුනාද මංදා අපිවම කන්න ..හෙනයක්ගහලවත් මැරිලා යන්නෙ නෑනෙ ..මටම කෙලවන්න බලන් ඉන්නව,Harassment,0.6904,Harassment,0.8662
අද දවසෙම අහගන්න උන කතා ඉත්තෑවෙක් පට්ට ගහල වගේ හුත්තෝ හිනස්සලා මරන්නද හදන්නේ මැට්ටෝ අඩෝ මලා.. මට උඹව අඳුරගන්න බැරිඋනා ඇයි බං හුත්තෝ ඔය අපි වැවෙනකන් බලං ඉන්නවා..උඹ පොන්සියා වගේ මලා උඹ නම් අද සමනල් පාටයි උඹ රනිල් ගේ දරුවෙක් ද බං #රැවුලනෑSL,අද දවසෙම අහගන්න උන කතා ඉත්තෑවෙක් පට්ට ගහල වගේ හුත්තෝ හිනස්සලා මරන්නද හදන්නේ මැට්ටෝ අඩෝ මලා.. මට උඹව අඳුරගන්න බැරිඋනා ඇයි බං හුත්තෝ ඔය අපි වැවෙනකන් බලං ඉන්නවා..උඹ පොන්සියා වගේ මලා උඹ නම් අද සමනල් පාටයි උඹ රනිල් ගේ දරුවෙක් ද බං #රැවුලනෑSL,Harassment,0.6919,Harassment,0.5889
මට හුලංබෑව කියන්න තෝ මොකාද හුලං බොකන්නා..,මට හුලංබෑව කියන්න තෝ මොකාද හුලං බොකන්නා..,Harassment,0.5513,Harassment,0.9673
හම්බයෝ ඔක්කොම වෙල් සෙඩ්ලු පුකෙන් හින ඕයි අනේ පොනගලයෝ මයිත්‍රී කරන්නත් අපිට රටක් ඉතුරු වෙලා තියෙන්නෙ එපැයි.බෙල්ල කපලා වද කරනකම් බලන් ඉන්න තෝ වගෙර් හැමෝම පොන්නයෝ නෙමෙයි,හම්බයෝ ඔක්කොම වෙල් සෙඩ්ලු පුකෙන් හින ඕයි අනේ පොනගලයෝ මයිත්‍රී කරන්නත් අපිට රටක් ඉතුරු වෙලා තියෙන්නෙ එපැයි.බෙල්ල කපලා වද කරනකම් බලන් ඉන්න තෝ වගෙර් හැමෝම පොන්නයෝ නෙමෙයි,Harassment,0.7495,Harassment,0.9526
", අනේ පල මෝඩ වෙසිගෙ පුතෝ. තෝ මෙච්චර කල් ගූ කෑවේ රට කාපු පොන්න රනිලගෙ පකෝ",", අනේ පල මෝඩ වෙසිගෙ පුතෝ. තෝ මෙච්චර කල් ගූ කෑවේ රට කාපු පොන්න රනිලගෙ පකෝ",Harassment,0.5938,Harassment,0.9609
අනේ පලයන් වසන්ත. ගිහින් ලෙවකාපන් රාජපක්ෂලාගේ ගදගහන පුකවල්. පුළුවන්නම් උනෙගේ පුකවල්වලට දිවත් දාන්න කැමති පොන්නයෙක් තෝ. ඉතාලියටම වෙලා සුද්දන්ගේ කකුස්සිය හෝදගෙන ඉදපියව්. ගස් නැගපු වැද්දන් ඉතාලියට ගියාම මෙහෙම වෙනවා.,අනේ පලයන් වසන්ත. ගිහින් ලෙවකාපන් රාජපක්ෂලාගේ ගදගහන පුකවල්. පුළුවන්නම් උනෙගේ පුකවල්වලට දිවත් දාන්න කැමති පොන්නයෙක් තෝ. ඉතාලියටම වෙලා සුද්දන්ගේ කකුස්සිය හෝදගෙන ඉදපියව්. ගස් නැගපු වැද්දන් ඉතාලියට ගියාම මෙහෙම වෙනවා.,Harassment,0.7793,Harassment,0.9692
තෝ මාව කන්ඩ එපා ශාපයක් කාපිය මාව ඉදා part වලට ගලෝලා දෙන්න්ම මාව උයන් කාපන්,තෝ මාව කන්ඩ එපා ශාපයක් කාපිය මාව ඉදා part වලට ගලෝලා දෙන්න්ම මාව උයන් කාපන්,Harassment,0.5947,Harassment,0.8628
මට හුකන්න තෝ කවුද පකයෝ උර්ල්,මට හුකන්න තෝ කවුද පකයෝ උර්ල්,Harassment,0.7275,Harassment,0.981
"ලැජ්ජයි හුත්තෝ තෝ ගැන ,සක්කිලි බල්ලා!...ජාතකයක් නැති කාලකණ්ණි අවජාතක කැරි බල්ලා. සතුට අඩුවෙයි, හෙට ඇප දෙනකොට","ලැජ්ජයි හුත්තෝ තෝ ගැන ,සක්කිලි බල්ලා!...ජාතකයක් නැති කාලකණ්ණි අවජාතක කැරි බල්ලා. සතුට අඩුවෙයි, හෙට ඇප දෙනකොට",Harassment,0.5669,Harassment,0.9663
ඇත්ත සිදුවීම දූව :- අම්මේ මේ සැක්කිලියට ගහනවා මැරිලා වැටෙන්න අම්මා :- මීවා තෝ ගාවට එන්නද මං නැත්නම් ඔය කෙල්ලට ඉන්න දෙන්නැද්ද සමාජ මාධ්‍යවලට දමන විදිහ මේ මල්ලිත් එක්ක හරිම කරදරයක් අනේ කොණ්ඩේ හයියෙන් ඇදගෙන ඉදලා පිටට හයියෙන් ගහලා දුවනවා මගෙ හුරුබුහුට් මල්ලි කරන වැඩ තමයි ඔය,ඇත්ත සිදුවීම දූව :- අම්මේ මේ සැක්කිලියට ගහනවා මැරිලා වැටෙන්න අම්මා :- මීවා තෝ ගාවට එන්නද මං නැත්නම් ඔය කෙල්ලට ඉන්න දෙන්නැද්ද සමාජ මාධ්‍යවලට දමන විදිහ මේ මල්ලිත් එක්ක හරිම කරදරයක් අනේ කොණ්ඩේ හයියෙන් ඇදගෙන ඉදලා පිටට හයියෙන් ගහලා දුවනවා මගෙ හුරුබුහුට් මල්ලි කරන වැඩ තමයි ඔය,Harassment,0.6113,Harassment,0.854
අඩේ බලු ගෑනියේ󾆜󾆜 තොගෙ ඔය හැකර කට󾌨󾌨 මම අද..... හිටපං තෝ හිතං ඉන්නෙ මම හැම දාම ඉවසයි කියලද...󾌨󾌨󾌨 󾬥󾬥... උර්ල්,අඩේ බලු ගෑනියේ󾆜󾆜 තොගෙ ඔය හැකර කට󾌨󾌨 මම අද..... හිටපං තෝ හිතං ඉන්නෙ මම හැම දාම ඉවසයි කියලද...󾌨󾌨󾌨 󾬥󾬥... උර්ල්,Harassment,0.6172,Harassment,0.8794
පලයන් පොන්නයා යන්න ! තොගෙන් ඇහුවාම කිව්වේ තෝ සැප එක දෙන්නේ එංග්ලන්ඩ් කියලා,පලයන් පොන්නයා යන්න ! තොගෙන් ඇහුවාම කිව්වේ තෝ සැප එක දෙන්නේ එංග්ලන්ඩ් කියලා,Harassment,0.4878,Harassment,0.7876
Grass eating කවුද පකයෝ තනකොල කන්නේ තෝ හිතුවද තෝ වගේ තම්බි පකයෙක් කියල මාත් වෙසිගේ පුතා,Grass eating කවුද පකයෝ තනකොල කන්නේ තෝ හිතුවද තෝ වගේ තම්බි පකයෙක් කියල මාත් වෙසිගේ පුතා,Harassment,0.6641,Harassment,0.9897
හයවෙනිදට තෝ බිවුවෙ නැත්තං ගෑස් කරපු බියර් බෝතලයක් ගහනව තොගෙ පුකේ,හයවෙනිදට තෝ බිවුවෙ නැත්තං ගෑස් කරපු බියර් බෝතලයක් ගහනව තොගෙ පුකේ,Harassment,0.7783,Harassment,0.9048
මෙවා බලලා හැදියන් නැත්තම් තෝ ලිදේ පැනලා මැරියන් තෝ මැරෙද්දි මගෙ ඇදෙ මම සැපට නිදියන්,මෙවා බලලා හැදියන් නැත්තම් තෝ ලිදේ පැනලා මැරියන් තෝ මැරෙද්දි මගෙ ඇදෙ මම සැපට නිදියන්,Harassment,0.6592,Harassment,0.9814
දන්න දේ තමයි කිව්වෙ වෙසිගෙ පුතෝ. ගෙට රින්ගන් ජුන්ඩා හොලව හොලව බයේ වෙව්ලන ගොබ්බෙයා. තෝ ටුවිටරේ හිටියට රටේ අනික් උන්ට පාංද. බ්ලොක් කරපු සම් පාවිච්චි කරන උන් තොගෙන්ද දැනුවත් වෙන්න ඕන රටේ වෙන දේවල් . තෝ කාගෙද,දන්න දේ තමයි කිව්වෙ වෙසිගෙ පුතෝ. ගෙට රින්ගන් ජුන්ඩා හොලව හොලව බයේ වෙව්ලන ගොබ්බෙයා. තෝ ටුවිටරේ හිටියට රටේ අනික් උන්ට පාංද. බ්ලොක් කරපු සම් පාවිච්චි කරන උන් තොගෙන්ද දැනුවත් වෙන්න ඕන රටේ වෙන දේවල් . තෝ කාගෙද,Harassment,0.5542,Harassment,0.9717
උබ නේද බන් චීත්තෙ වගෙ හුත්තවල් කියන් එන්නෙ .තේරෙන්නෙ නැද්ද .තොපේ අම්මව ගාවගන්න එපානම් තෝ පැත්තකට වෙලා පාඩුවේ ඉදින් විශ්ව .ගෑනියෙක් වෙන්න එපා,උබ නේද බන් චීත්තෙ වගෙ හුත්තවල් කියන් එන්නෙ .තේරෙන්නෙ නැද්ද .තොපේ අම්මව ගාවගන්න එපානම් තෝ පැත්තකට වෙලා පාඩුවේ ඉදින් විශ්ව .ගෑනියෙක් වෙන්න එපා,Harassment,0.6108,Harassment,0.8481
"තෝ වගේ කොල්ලෝ ගහන, එකෙක්ට පුකේ අමාරුවක් තිබ්බේ නැත්තම් තමා පුදුමේ...තො මුලින් ගිහින් තොගේ ජංගියේ මල් ටික ගනන් කරලා වරේන්","තෝ වගේ කොල්ලෝ ගහන, එකෙක්ට පුකේ අමාරුවක් තිබ්බේ නැත්තම් තමා පුදුමේ...තො මුලින් ගිහින් තොගේ ජංගියේ මල් ටික ගනන් කරලා වරේන්",Harassment,0.4897,Harassment,0.9634
"""අහුවෙයන්කො තෝ රැවුල, තොගෙ මයිල මයිල ගලෝල ගෙදර යවන්නෙ"" ෆෝම් කරන්නත් එපා බං.. ඔව්වා වාත කේස්.. මාසෙකට සැරයක් ඔහොම එකෙක් එනවනේ ආතල් දෙන්න","""අහුවෙයන්කො තෝ රැවුල, තොගෙ මයිල මයිල ගලෝල ගෙදර යවන්නෙ"" ෆෝම් කරන්නත් එපා බං.. ඔව්වා වාත කේස්.. මාසෙකට සැරයක් ඔහොම එකෙක් එනවනේ ආතල් දෙන්න",Harassment,0.606,Harassment,0.7036
"අනේ හුත්තිගේ පුතෝ, තෝ වගේ ගොං හුකන්නලා එක්ක මට ගනුදෙනුවක් නෑ. දන්න දේ කිව්වේ. තෝ දැකලා තියෙනවද රුස්සෙල්ල්ස් viper bite තියෙන පටිඑන්ට්ස් ලා ?","අනේ හුත්තිගේ පුතෝ, තෝ වගේ ගොං හුකන්නලා එක්ක මට ගනුදෙනුවක් නෑ. දන්න දේ කිව්වේ. තෝ දැකලා තියෙනවද රුස්සෙල්ල්ස් viper bite තියෙන පටිඑන්ට්ස් ලා ?",Harassment,0.6084,Harassment,0.9463
තෝ ලබන ආත්මෙත් බඩුවක් වෙලා ඉපදෙන්න මේ පව ඇති,තෝ ලබන ආත්මෙත් බඩුවක් වෙලා ඉපදෙන්න මේ පව ඇති,Harassment,0.728,Harassment,0.6987
"පිලි ගත්තෙ ඩෝ.. එද්දි මල් මාල දාල... අරින්න හදන්න එපා හු*තෝ, අපෙන්ම කාල බීල... කිරි සප්පයන්ටත් කිරි පෙව්වෙ ඔලුව... උර්ල්","පිලි ගත්තෙ ඩෝ.. එද්දි මල් මාල දාල... අරින්න හදන්න එපා හු*තෝ, අපෙන්ම කාල බීල... කිරි සප්පයන්ටත් කිරි පෙව්වෙ ඔලුව... උර්ල්",Harassment,0.5444,Harassment,0.7485
අනිවා හුත්තෝ උබේ පක බලන්න මම මේකට එන්නේ නැ. මම අදම අන්ෆලෝ කරනවා,අනිවා හුත්තෝ උබේ පක බලන්න මම මේකට එන්නේ නැ. මම අදම අන්ෆලෝ කරනවා,Harassment,0.6099,Harassment,0.7568
තෝව හම ගහනව දැනගං :@ මහලොකුවට my3ට පුක දීල දීල මෙතන ද,තෝව හම ගහනව දැනගං :@ මහලොකුවට my3ට පුක දීල දීල මෙතන ද,Harassment,0.729,Harassment,0.9844
අවජාතකයකු විසින් කල අමන ප්‍රකාශය. මම බලාපොරොත්තු වෙනවා තෝ ලබා අවුරුද්දේ මැරිලා යනකන්.,අවජාතකයකු විසින් කල අමන ප්‍රකාශය. මම බලාපොරොත්තු වෙනවා තෝ ලබා අවුරුද්දේ මැරිලා යනකන්.,Harassment,0.7524,Harassment,0.9028
තෝ තෝ තෝ තූ තූ තූයී. ගහපිය තුන් පාරක් කෙල. සික්. තොගේ උකුනොයි මකුනොයි නයි ගැරඩි පොලොගු හිටයට මගේ කොනෙඩේ ඒම නෑ බොල....,තෝ තෝ තෝ තූ තූ තූයී. ගහපිය තුන් පාරක් කෙල. සික්. තොගේ උකුනොයි මකුනොයි නයි ගැරඩි පොලොගු හිටයට මගේ කොනෙඩේ ඒම නෑ බොල....,Harassment,0.6323,Harassment,0.7163
තෝ ආයෙ මට හම්බෙයංකෝ ඇට රිලවා මම බලාගන්න තෝ ගැන කීලා නේද ටිබ්බෙ,තෝ ආයෙ මට හම්බෙයංකෝ ඇට රිලවා මම බලාගන්න තෝ ගැන කීලා නේද ටිබ්බෙ,Harassment,0.792,Harassment,0.8193
ලරවෙල් රෙදිස් සොක්කෙතිඔ ලරවෙලේචෝ මැරියන් තෝ ....,ලරවෙල් රෙදිස් සොක්කෙතිඔ ලරවෙලේචෝ මැරියන් තෝ ....,Harassment,0.7578,Harassment,0.7759
", මගේ ඇට ටික කන්නන් තෝ එනවා, හම්බවෙන්න එන්න කිව්වාම පොලු GIF",", මගේ ඇට ටික කන්නන් තෝ එනවා, හම්බවෙන්න එන්න කිව්වාම පොලු GIF",Harassment,0.6758,Harassment,0.9673
"""අල්ලා කියලා පකෙක් නෑ,තෝ මංදමානසිකයෙක්ද , අල්ලට කියල ඇරගනින්"" කියල කියන උන් කදමලු බැදගෙන, ලමයි වඩාගෙන යනෝ කතරගම දෙයියො බැහැදකින්න","""අල්ලා කියලා පකෙක් නෑ,තෝ මංදමානසිකයෙක්ද , අල්ලට කියල ඇරගනින්"" කියල කියන උන් කදමලු බැදගෙන, ලමයි වඩාගෙන යනෝ කතරගම දෙයියො බැහැදකින්න",Harassment,0.5859,Harassment,0.9775
අම්මපා තෝ පැණි මුරක්කු කන්වාද තෝගේ අච්ච්ට .......... ඒ්කෝ එපා.,අම්මපා තෝ පැණි මුරක්කු කන්වාද තෝගේ අච්ච්ට .......... ඒ්කෝ එපා.,Harassment,0.7461,Harassment,0.7896
මැරිය තෝ. මීට සැපයි. යස්සනී · 4 නොව 2020 අන්තිමට එහෙම දාර බඩුතමා කර ගහන්න වෙන්නේ,මැරිය තෝ. මීට සැපයි. යස්සනී · 4 නොව 2020 අන්තිමට එහෙම දාර බඩුතමා කර ගහන්න වෙන්නේ,Harassment,0.5181,Harassment,0.729
හිහී කෙජුම්මල් හජිමසේයෝ.... හංගුගේ ඉන්නන් සරමි තා තෝ කත්තේ. හ්‍යූගාත්තේ පම් සිගානේ තා සුල් මොක්ජියෝ,හිහී කෙජුම්මල් හජිමසේයෝ.... හංගුගේ ඉන්නන් සරමි තා තෝ කත්තේ. හ්‍යූගාත්තේ පම් සිගානේ තා සුල් මොක්ජියෝ,Harassment,0.6226,Harassment,0.8091
තෝ මාව ගල් කරා යෝඋරෝච්ක්මේ ලංකංඑන්රිකුඑ,තෝ මාව ගල් කරා යෝඋරෝච්ක්මේ ලංකංඑන්රිකුඑ,Harassment,0.5728,Harassment,0.8965
තෝ මොකද මාව එලවන්නේ..පාඩුවේ pedigree ටිකක් කාලා බුදියගන්න බලු නකුටා,තෝ මොකද මාව එලවන්නේ..පාඩුවේ pedigree ටිකක් කාලා බුදියගන්න බලු නකුටා,Harassment,0.6475,Harassment,0.522
නෙදකින් තෝ වගේ පොන්නයෙක්..උබ අතේ ගහපුවාම මොනවද එන්නෙ චූද ?,නෙදකින් තෝ වගේ පොන්නයෙක්..උබ අතේ ගහපුවාම මොනවද එන්නෙ චූද ?,Harassment,0.6523,Harassment,0.9146
", තෝව අක්කවනම් කොහේ වැටුනත් ඉන්න පුලුවන් නේ ගේමක් ගහහෙන තෝ වැටුනම තමයි බලන්න ඕන. අම්මේ මාව එක්කගෙන යන්නෝඕඕඕඕඕඔ!!!! කියල අඬයි.",", තෝව අක්කවනම් කොහේ වැටුනත් ඉන්න පුලුවන් නේ ගේමක් ගහහෙන තෝ වැටුනම තමයි බලන්න ඕන. අම්මේ මාව එක්කගෙන යන්නෝඕඕඕඕඕඔ!!!! කියල අඬයි.",Harassment,0.7651,Harassment,0.9736
අන්න මුරලිගේ කථාවට. අර (සු)නක දේශ අප්‍රිය. කට ඇරලා. ගෙරි ගොන් ප*යා මෙච්චර දවස් මැරිලද හිටියේ. තෝ මැරුනම වලටත් එක්ක හෙන හදලා හරි ගහන්න ඔනේ.,අන්න මුරලිගේ කථාවට. අර (සු)නක දේශ අප්‍රිය. කට ඇරලා. ගෙරි ගොන් ප*යා මෙච්චර දවස් මැරිලද හිටියේ. තෝ මැරුනම වලටත් එක්ක හෙන හදලා හරි ගහන්න ඔනේ.,Harassment,0.7095,Harassment,0.9531
"පණ දෙන්නම් කියා ආදරේ කරලා යම් හෙයකින් කුසට දරුවෙක් ආවාම ගබ්සා කරපං නැත්තම් තෝවයි බඩේ ඉන්න එකාවයි මරලා දානවා කීවාම අවිවාහක පෙම්වතියක් කුමක් නම් කරන්නද, සමහර අය කියන්නේ තෝ අවලමියක් වේසාවියක් වටේ ගිය වනචරියක් කියාය. ඔබට තෝරාගැනීම් තිබෙනවා විය හැකිය.","පණ දෙන්නම් කියා ආදරේ කරලා යම් හෙයකින් කුසට දරුවෙක් ආවාම ගබ්සා කරපං නැත්තම් තෝවයි බඩේ ඉන්න එකාවයි මරලා දානවා කීවාම අවිවාහක පෙම්වතියක් කුමක් නම් කරන්නද, සමහර අය කියන්නේ තෝ අවලමියක් වේසාවියක් වටේ ගිය වනචරියක් කියාය. ඔබට තෝරාගැනීම් තිබෙනවා විය හැකිය.",Harassment,0.7056,Harassment,0.7119
එක් ලඩ්කි කෝ දේඛා තෝ ඒසා ලගා ලේට්ලොවෙබේ,එක් ලඩ්කි කෝ දේඛා තෝ ඒසා ලගා ලේට්ලොවෙබේ,Harassment,0.5542,Harassment,0.5884
තෝ මට ගන්නත් එපා... කොළඹ ඉදන් ගාල්ලට තෝව එක්කන් ගිය මාවත් හැලුවා.. තවම ඇස් මානයෙන් හැබැහැට හම්බවෙලා නැති පිටරටට වෙලා ඉන්න එයාලාව උඹට ලොකු උනා.. ඕම යං.. උඹ හැන්දෙන් නං මං තාච්චියෙන් ඕකේ.. දැන් පලයං... කියලා මගෙන් අහගන්න එපා හුදේ..,තෝ මට ගන්නත් එපා... කොළඹ ඉදන් ගාල්ලට තෝව එක්කන් ගිය මාවත් හැලුවා.. තවම ඇස් මානයෙන් හැබැහැට හම්බවෙලා නැති පිටරටට වෙලා ඉන්න එයාලාව උඹට ලොකු උනා.. ඕම යං.. උඹ හැන්දෙන් නං මං තාච්චියෙන් ඕකේ.. දැන් පලයං... කියලා මගෙන් අහගන්න එපා හුදේ..,Harassment,0.5596,Harassment,0.918
අනේ හුත්තො ...තෝ වගේ කැරි පොන්නයො පර ජාතීන්ගේ පුක ලෙව කෑවට තාමත් කොන්ද පණ ඇති මිනිස්සු මේ රටේ ජීවත් වෙනව කැරියො..,අනේ හුත්තො ...තෝ වගේ කැරි පොන්නයො පර ජාතීන්ගේ පුක ලෙව කෑවට තාමත් කොන්ද පණ ඇති මිනිස්සු මේ රටේ ජීවත් වෙනව කැරියො..,Harassment,0.5093,Harassment,0.9502
"ඒයි උනහපුලු බැල්ලි, ගූ කන හරකි what ඉස this මලමගුල?? පලයන්න තෝ දන්න ඇටිකෙහෙලක් නෑ","ඒයි උනහපුලු බැල්ලි, ගූ කන හරකි what ඉස this මලමගුල?? පලයන්න තෝ දන්න ඇටිකෙහෙලක් නෑ",Harassment,0.5557,Harassment,0.9834
හරහට උස්සලා තෝ වෙඩි තියන්නේ කකුලටද අපේ ගොනෝ උඩට තියන්න ඕනේ ගොං වදුර,හරහට උස්සලා තෝ වෙඩි තියන්නේ කකුලටද අපේ ගොනෝ උඩට තියන්න ඕනේ ගොං වදුර,Harassment,0.6055,Harassment,0.978
තෝ අහුවෙයන්කෝ මට හම ගහල යවන්න...,තෝ අහුවෙයන්කෝ මට හම ගහල යවන්න...,Harassment,0.5015,Harassment,0.6064
මරනව තෝ.අපි පුප ඉරාගෙන රට් ගහනවා මේහ්.,මරනව තෝ.අපි පුප ඉරාගෙන රට් ගහනවා මේහ්.,Harassment,0.6895,Harassment,0.6265
හරීන් ~ තෝ මගේ කොල්ලාගේ පුකට ටච් කලා නේද? මං තෝව මරනවා ( පෙම් පලහිලව්වක් ඈ ),හරීන් ~ තෝ මගේ කොල්ලාගේ පුකට ටච් කලා නේද? මං තෝව මරනවා ( පෙම් පලහිලව්වක් ඈ ),Harassment,0.7637,Harassment,0.9707
පාහර බල්ලා අරැන්ගෙ සල්ලි අරගෙන අහිංසක මිනිස්සු මැරෙන්න ඇරියා. තෝ මැරෙන්නෙ පනුවො ගහලා,පාහර බල්ලා අරැන්ගෙ සල්ලි අරගෙන අහිංසක මිනිස්සු මැරෙන්න ඇරියා. තෝ මැරෙන්නෙ පනුවො ගහලා,Harassment,0.6147,Harassment,0.687
තෝ දගලන්න එපා වැඩක් නෑ අරුන් තම්බින්ගේ පුක හෝදලා. අපිට‍ ඇදුමක් ඇදන් ආය මොනාවත් මේක ගැන කියන්න බෑ,තෝ දගලන්න එපා වැඩක් නෑ අරුන් තම්බින්ගේ පුක හෝදලා. අපිට‍ ඇදුමක් ඇදන් ආය මොනාවත් මේක ගැන කියන්න බෑ,Harassment,0.5493,Harassment,0.9502
අර මුස්ලිම් හුත්තිගෙ පුතා එක්ක reply කරගෙන දෙයක් තේරුම් ගත්තා. මුගෙ මොලේ තියෙන්නෙ පුකේ නෙවෙයි ඊටත් යටින්. ඒ වගේ උන් එක්ක වාද කරල වැඩක් නෑ. ඉක්මනට මැරිලා පලයන් කියල ප්‍රාර්ථනා කලා. මැරිලම පලයන් තෝ වගේ උන්. තොගෙ blood line එකම නැතිවෙලා පල!,අර මුස්ලිම් හුත්තිගෙ පුතා එක්ක reply කරගෙන දෙයක් තේරුම් ගත්තා. මුගෙ මොලේ තියෙන්නෙ පුකේ නෙවෙයි ඊටත් යටින්. ඒ වගේ උන් එක්ක වාද කරල වැඩක් නෑ. ඉක්මනට මැරිලා පලයන් කියල ප්‍රාර්ථනා කලා. මැරිලම පලයන් තෝ වගේ උන්. තොගෙ blood line එකම නැතිවෙලා පල!,Harassment,0.6636,Harassment,0.9287
පලකො හුත්තො එක පරක් කිව්වම . තෝ gay හුකන්නො පල එක පරක් කිව්වම වද නොදි .සිරවටම කියන්නෙ.සිරාවටම අහ්. කිම්බක් හින්ද ගෙම්බෙක් වෙන්නෙ නැතුව පල.,පලකො හුත්තො එක පරක් කිව්වම . තෝ gay හුකන්නො පල එක පරක් කිව්වම වද නොදි .සිරවටම කියන්නෙ.සිරාවටම අහ්. කිම්බක් හින්ද ගෙම්බෙක් වෙන්නෙ නැතුව පල.,Harassment,0.7114,Harassment,0.9819
තනිකඩ වෙලා..වේලිලා..මැරිය තෝ.. ග · 29 ඖග් 2020 මූ වගේ අලුගුත්තේරුවෙකුට දෙයියෝ අක්කලා මවයිද... දෙයියන්ට පයිතියං නෑ පොක්ක එච්චරම ත්විත්තෙර්කොම්ෆ්රිඑස්ගංමද්ද,තනිකඩ වෙලා..වේලිලා..මැරිය තෝ.. ග · 29 ඖග් 2020 මූ වගේ අලුගුත්තේරුවෙකුට දෙයියෝ අක්කලා මවයිද... දෙයියන්ට පයිතියං නෑ පොක්ක එච්චරම ත්විත්තෙර්කොම්ෆ්රිඑස්ගංමද්ද,Harassment,0.7573,Harassment,0.9536
#TweepsInතේරවිලි මූණේ කළු කූඹී ඩෝසර් ආදරේ සිඹී බොක දානා ගෙඹී තේරුවොත් තෝ කිඹී,#TweepsInතේරවිලි මූණේ කළු කූඹී ඩෝසර් ආදරේ සිඹී බොක දානා ගෙඹී තේරුවොත් තෝ කිඹී,Harassment,0.605,Harassment,0.7139
"දිලීපන් මැරැණද..මැරැවාද ??? තෝ කන්නේ නැතිව..ඔහොමම මැරියන් නැත්නම් තොගේ අම්මා අප්පා පවුලේ එවුන් ඔක්කෝම මරණවා ඉතින් දිලීපන් මලා උෟ අද වීරයෙක් ලංකා ච news · 26 සේප 2017 හිටපු කොටි නායකයෙකු සමරා යාපනේ උත්සවයක්.. ඇමතිවරියක, මන්ත‍්‍රීවරුන්ද එක්වෙයි… උර්ල්","දිලීපන් මැරැණද..මැරැවාද ??? තෝ කන්නේ නැතිව..ඔහොමම මැරියන් නැත්නම් තොගේ අම්මා අප්පා පවුලේ එවුන් ඔක්කෝම මරණවා ඉතින් දිලීපන් මලා උෟ අද වීරයෙක් ලංකා ච news · 26 සේප 2017 හිටපු කොටි නායකයෙකු සමරා යාපනේ උත්සවයක්.. ඇමතිවරියක, මන්ත‍්‍රීවරුන්ද එක්වෙයි… උර්ල්",Harassment,0.6289,Harassment,0.9243
හිටපිය මං එනකං හොදේ.. මරනවා තෝ දාලා ගියොත් මාව..,හිටපිය මං එනකං හොදේ.. මරනවා තෝ දාලා ගියොත් මාව..,Harassment,0.7188,Harassment,0.9385
අම්මෝ හුත්තෝ මයිලෝ අයිස් ක්‍රීම් එක නමලා කවරෙ පිටින්ම ගහගනින් #පුකේ ඇතුලෙ දියවෙලා පුක කූල් වෙන්ඩ සාගතේ... උර්ල්,අම්මෝ හුත්තෝ මයිලෝ අයිස් ක්‍රීම් එක නමලා කවරෙ පිටින්ම ගහගනින් #පුකේ ඇතුලෙ දියවෙලා පුක කූල් වෙන්ඩ සාගතේ... උර්ල්,Harassment,0.6099,Harassment,0.7876
තෝ පලයංකෝ කොටා.. අන්න ඇස්ට උබව කොත්තු ගහලා තල් එකේ බෙදනව,තෝ පලයංකෝ කොටා.. අන්න ඇස්ට උබව කොත්තු ගහලා තල් එකේ බෙදනව,Harassment,0.7578,Harassment,0.9404
මම මෙහෙම ඉදලා තනිකඩව මැරිච්ච දෙන්කො. මම තෝ මැරෙනකම්ම තොගෙ වටේ හොල්මන් කරනවා,මම මෙහෙම ඉදලා තනිකඩව මැරිච්ච දෙන්කො. මම තෝ මැරෙනකම්ම තොගෙ වටේ හොල්මන් කරනවා,Harassment,0.606,Harassment,0.9653
"මහරාජාගේ අම්ම⁣ට හැමනෙන්න, කැරි කොටි වේසිඟේ පුතා.. හොඳමම දක්ෂයෝ තරඟයෙන් අයින් කරනවා. මොන පකේ නාලිකාවක්ද හුත්තෝ සිරස කියන්නේ?","මහරාජාගේ අම්ම⁣ට හැමනෙන්න, කැරි කොටි වේසිඟේ පුතා.. හොඳමම දක්ෂයෝ තරඟයෙන් අයින් කරනවා. මොන පකේ නාලිකාවක්ද හුත්තෝ සිරස කියන්නේ?",Harassment,0.7876,Harassment,0.9775
තෝ ව නම් මට අද මරං කන්න හිතුනා ගොං ඉබ්බි,තෝ ව නම් මට අද මරං කන්න හිතුනා ගොං ඉබ්බි,Harassment,0.7671,Harassment,0.7236
"කසිප්පු සිරිසේන සහ පොන්න රනිල්ගේ ඒකාධිපති වහසිබස් උර්ල් via යෝඋටුබෙචොම් කසිප්පු සිරිසේන සහ පොන්න රනිල්ගේ ඒකාධිපති වහසිබස් තෝ වගේ බල්ලෙක් ජනපති කරල රට්ටු කරගත්තෙ මෝඩ කමක්, උබත් මහින්ද මහත්තයාගෙ ක‍ටු කෑව බල්ලෙක්","කසිප්පු සිරිසේන සහ පොන්න රනිල්ගේ ඒකාධිපති වහසිබස් උර්ල් via යෝඋටුබෙචොම් කසිප්පු සිරිසේන සහ පොන්න රනිල්ගේ ඒකාධිපති වහසිබස් තෝ වගේ බල්ලෙක් ජනපති කරල රට්ටු කරගත්තෙ මෝඩ කමක්, උබත් මහින්ද මහත්තයාගෙ ක‍ටු කෑව බල්ලෙක්",Harassment,0.6758,Harassment,0.7529
"අම්නේ හුම්කාපන් ලසා,ගොන් ආතල් දෙන්න ගිහින් තෝ තමා ගම කෑවෙ දැන් ඉතින් ඕක තම්බන් කාපම්","අම්නේ හුම්කාපන් ලසා,ගොන් ආතල් දෙන්න ගිහින් තෝ තමා ගම කෑවෙ දැන් ඉතින් ඕක තම්බන් කාපම්",Harassment,0.7563,Harassment,0.6924
තෝ ආයේ අද ආව වෙලාවට ආවොත් මරනවා,තෝ ආයේ අද ආව වෙලාවට ආවොත් මරනවා,Harassment,0.4998,Harassment,0.6118
", තෝ නේ කක්කා දැම්මාම පුක හොදන්නෙ",", තෝ නේ කක්කා දැම්මාම පුක හොදන්නෙ",Harassment,0.6074,Harassment,0.5718
තෝ බීලද හුත්තියෙ හිස් කරා හිස් කරා,තෝ බීලද හුත්තියෙ හිස් කරා හිස් කරා,Harassment,0.709,Harassment,0.6646
තෝ කියන්නෙ මගෙ පයිය මෙන්නෙ මෙච්චරයි කිය කිය හතර වටේ යන්ඩද.,තෝ කියන්නෙ මගෙ පයිය මෙන්නෙ මෙච්චරයි කිය කිය හතර වටේ යන්ඩද.,Harassment,0.5215,Harassment,0.8174
ඊලග පාර නම් අහූනොත් බාවනවා හුත්ත එදා තෝ දත් තියන් ගියෙ කෙල්ලෙක් ලග හිටිය හින්දා,ඊලග පාර නම් අහූනොත් බාවනවා හුත්ත එදා තෝ දත් තියන් ගියෙ කෙල්ලෙක් ලග හිටිය හින්දා,Harassment,0.6514,Harassment,0.813
"යකාගෙ බුරුංග රාජයෙක් ඒකා. අදාළ රටේ ළමා ආරක්ෂණේකට, පොලීසියකට කෙල්ල එක්කං ගිහිං හොයලා බලලා ඒකි පරිස්සං කරනවා වෙනුවට අත පය හැදෙන්නත් කලින් දුන්නා බඩ ගෙඩිය. නෙදකු නොට්ටිගේ පුතාලා. ඒවට සේසත් අල්ලන අඤී ගාන හැත්ත ඊට දෙවෙනි නෑ","යකාගෙ බුරුංග රාජයෙක් ඒකා. අදාළ රටේ ළමා ආරක්ෂණේකට, පොලීසියකට කෙල්ල එක්කං ගිහිං හොයලා බලලා ඒකි පරිස්සං කරනවා වෙනුවට අත පය හැදෙන්නත් කලින් දුන්නා බඩ ගෙඩිය. නෙදකු නොට්ටිගේ පුතාලා. ඒවට සේසත් අල්ලන අඤී ගාන හැත්ත ඊට දෙවෙනි නෑ",Harassment,0.667,Harassment,0.8813
බඩුවක් නෙවෙයි ඒකි බඩුවකත් හොදම එකක්නෙහ්. ඉතිං මෙහෙ ඇට්ටි බැට්ටි බඩු වලට ගේමක්ම නෑ,බඩුවක් නෙවෙයි ඒකි බඩුවකත් හොදම එකක්නෙහ්. ඉතිං මෙහෙ ඇට්ටි බැට්ටි බඩු වලට ගේමක්ම නෑ,Harassment,0.6074,Harassment,0.957
ඒකි උබවත් ඇදගෙන කානුවෙ වැටෙන්න තිව්නෙ,ඒකි උබවත් ඇදගෙන කානුවෙ වැටෙන්න තිව්නෙ,Harassment,0.7227,Harassment,0.5093
කොල්ලක් කෙල්ලො හතර පහක් එක්ක relationship තිබ්බොත් ඌ Player කෙල්ලෙක් කොල්ලො හතරක් පහක් එක්ක relationship දැම්මොත් ඒකි බඩුව Sri ලන්කන් #කේ_logic ශ්‍රීලංකා රෙලතිඔන්ශිප්ත්විත්තෙර්,කොල්ලක් කෙල්ලො හතර පහක් එක්ක relationship තිබ්බොත් ඌ Player කෙල්ලෙක් කොල්ලො හතරක් පහක් එක්ක relationship දැම්මොත් ඒකි බඩුව Sri ලන්කන් #කේ_logic ශ්‍රීලංකා රෙලතිඔන්ශිප්ත්විත්තෙර්,Harassment,0.583,Harassment,0.9634
ඒකි මගෙ රීරි මාංසෙම හූරගෙන කෑවා උර්ල්,ඒකි මගෙ රීරි මාංසෙම හූරගෙන කෑවා උර්ල්,Harassment,0.626,Harassment,0.6377
"""සිංහල දේශප්‍රේමය"". පුක තමයි. බදුර්දීන්ට විරුද්ධව දෝෂාභියෝගය අත්සන් කරන්න බය සියලු පක්ෂ වල සක්කිලි අවජාතකයෝ. තොපේ අම්මගෙන් තාත්තා කවුද කියල හරියටම අහගනිං ඒකිට මතක නම්. මේ වෙලාවෙත් ජාතියට වඩා ඡන්ද ලොකු උන පර හැත්ත.","""සිංහල දේශප්‍රේමය"". පුක තමයි. බදුර්දීන්ට විරුද්ධව දෝෂාභියෝගය අත්සන් කරන්න බය සියලු පක්ෂ වල සක්කිලි අවජාතකයෝ. තොපේ අම්මගෙන් තාත්තා කවුද කියල හරියටම අහගනිං ඒකිට මතක නම්. මේ වෙලාවෙත් ජාතියට වඩා ඡන්ද ලොකු උන පර හැත්ත.",Harassment,0.5542,Harassment,0.9556
ඒකි මට ලයික්ස් එක දීලා තියෙන්නේ උබට හොරෙන් ගප්පියක්යොතෙස්,ඒකි මට ලයික්ස් එක දීලා තියෙන්නේ උබට හොරෙන් ගප්පියක්යොතෙස්,Harassment,0.7666,Harassment,0.9009
"පියුමි හොදින් හරි නරකින් හරි තැනකට අැවිත් ඒකි සැපේ ඉන්නව...ඒක බලන් ඉන්න බැරි උබල ඒකිට හූල්ලල බඩුව, වේසි කියල හිත හදාගන්නව","පියුමි හොදින් හරි නරකින් හරි තැනකට අැවිත් ඒකි සැපේ ඉන්නව...ඒක බලන් ඉන්න බැරි උබල ඒකිට හූල්ලල බඩුව, වේසි කියල හිත හදාගන්නව",Harassment,0.5742,Harassment,0.978
අපේ නංගි ඒම කොන්ඩෙ කපන්ඩ ගියොත් එක කතුරු පාරයි ඒකි තට්ටියක් වෙනවා සත්තයි උර්ල්,අපේ නංගි ඒම කොන්ඩෙ කපන්ඩ ගියොත් එක කතුරු පාරයි ඒකි තට්ටියක් වෙනවා සත්තයි උර්ල්,Harassment,0.6616,Harassment,0.5054
ඒම තමා අපි හලිද .......ආදලෙයි ආස තලං....මගෙ බොක්ක උනේ ඒකනෙ ඒකි,ඒම තමා අපි හලිද .......ආදලෙයි ආස තලං....මගෙ බොක්ක උනේ ඒකනෙ ඒකි,Harassment,0.7114,Harassment,0.8931
****මායාවී**** ඔව් බන් ඒකි බඩුවක්..හැබැයි ඒකිව බඩුවක් කලේ උබ..මේ සමාජය..ඒකයි ඇත්ත..පව්ලකට දුවෙක් කියන්නෙ ගෙදරටම එලියක්..රෝසමලක් වගේ කෙලි පොඩ්ඩක් ගෙදර දුව පනිනකොට ගෙදරම කොයි තරම් සිරියාවයිද බන්..ඒත් නිකන් හිතහන්... උර්ල්,****මායාවී**** ඔව් බන් ඒකි බඩුවක්..හැබැයි ඒකිව බඩුවක් කලේ උබ..මේ සමාජය..ඒකයි ඇත්ත..පව්ලකට දුවෙක් කියන්නෙ ගෙදරටම එලියක්..රෝසමලක් වගේ කෙලි පොඩ්ඩක් ගෙදර දුව පනිනකොට ගෙදරම කොයි තරම් සිරියාවයිද බන්..ඒත් නිකන් හිතහන්... උර්ල්,Harassment,0.6133,Harassment,0.9795
ඉදලා ඉදලා හිත ගියේ එක කෙල්ලටයි.. ඒකි තරම් බඩුවක් මුළු පිටකොටුවෙවත් නෑ..Friends...,ඉදලා ඉදලා හිත ගියේ එක කෙල්ලටයි.. ඒකි තරම් බඩුවක් මුළු පිටකොටුවෙවත් නෑ..Friends...,Harassment,0.6279,Harassment,0.937
ඒකි එබුවොත් එබිලා තියෙයි. බතල කොටේ,ඒකි එබුවොත් එබිලා තියෙයි. බතල කොටේ,Harassment,0.7891,Harassment,0.8662
මෙන්න බොරු නැති ඇත්තම පුක....අද ගොඩක් කෙල්ලො බොරු පුක දාගෙන කලිසම් ඇදන් යනවා...දකින කොල්ලො හිතන්නෙ ඇත්ත එක කියල...මතක් කරල අතෙත් ගහනවා ගෙදර ඇවිත්...ඒත් ඇත්තම ඇත්ත ලස්සන පුකක්...මම සමරිසි....ඒත් මේ පුක දිහා බලන් මම අතේ ගැහුව..මට හැගීම් ආපු නිසා....#lovethisass අමිල චතුරංග · 10 ඔච්ට් 2018 අපේ ගෑනිට නැති උනු නටාසාට පිම්බිලා පිහිටපු සෝ එකේ සුදුවට පෙන්නපු ලොකු පුක වේ ඉතා ගරු සංස්කෘතියට ඕනිනම් බුර්ක අන්දගෙන බලපන් ඒකි පෙන්වනවානම් අපි ඉතුරුවත් නරබන්නම් #තූ #කවි,මෙන්න බොරු නැති ඇත්තම පුක....අද ගොඩක් කෙල්ලො බොරු පුක දාගෙන කලිසම් ඇදන් යනවා...දකින කොල්ලො හිතන්නෙ ඇත්ත එක කියල...මතක් කරල අතෙත් ගහනවා ගෙදර ඇවිත්...ඒත් ඇත්තම ඇත්ත ලස්සන පුකක්...මම සමරිසි....ඒත් මේ පුක දිහා බලන් මම අතේ ගැහුව..මට හැගීම් ආපු නිසා....#lovethisass අමිල චතුරංග · 10 ඔච්ට් 2018 අපේ ගෑනිට නැති උනු නටාසාට පිම්බිලා පිහිටපු සෝ එකේ සුදුවට පෙන්නපු ලොකු පුක වේ ඉතා ගරු සංස්කෘතියට ඕනිනම් බුර්ක අන්දගෙන බලපන් ඒකි පෙන්වනවානම් අපි ඉතුරුවත් නරබන්නම් #තූ #කවි,Harassment,0.4736,Harassment,0.9556
ඌගේ මෝල කර වෙලා නිසා ඒකි ඉවරයි එතනම,ඌගේ මෝල කර වෙලා නිසා ඒකි ඉවරයි එතනම,Harassment,0.4888,Harassment,0.7749
එහෙනම් හරි ඕකි තමා මේකෙ ඉන්න ගෑනු බාගෙට බාගයක්ම ඒකිගෙ ඔලුවෙ තියෙන වේස කුණු පුරවලා විනාස කලේ විසබීජයක් ඒකි නම්,එහෙනම් හරි ඕකි තමා මේකෙ ඉන්න ගෑනු බාගෙට බාගයක්ම ඒකිගෙ ඔලුවෙ තියෙන වේස කුණු පුරවලා විනාස කලේ විසබීජයක් ඒකි නම්,Harassment,0.623,Harassment,0.9565
ඒකි නාන්නේ නැති නිසා ඉරිසියාවට කියන්නේ. පැලියාව ඕකිගේ,ඒකි නාන්නේ නැති නිසා ඉරිසියාවට කියන්නේ. පැලියාව ඕකිගේ,Harassment,0.7466,Harassment,0.8501
+ ඕකි හෙන බඩුව මට නන් නතිං අල්ලන්න තිබ්බා අපේ එකෙකුත් ගැහුවා ඕකට ! - ඒකි මට කිවිවා + අරූ ගැහුවා කියල ද ? - නෑ...තෝ හායි හූයි ගාගෙන ඉන්බොක්ස් ආවා ඒවා සීන් කරලා නිකන් හිටියා කියලා !,+ ඕකි හෙන බඩුව මට නන් නතිං අල්ලන්න තිබ්බා අපේ එකෙකුත් ගැහුවා ඕකට ! - ඒකි මට කිවිවා + අරූ ගැහුවා කියල ද ? - නෑ...තෝ හායි හූයි ගාගෙන ඉන්බොක්ස් ආවා ඒවා සීන් කරලා නිකන් හිටියා කියලා !,Harassment,0.5605,Harassment,0.7407
"ඒකි ජිම් ගිය එකියක්, අතක් ඇති උබේ කකුලක් වගේ","ඒකි ජිම් ගිය එකියක්, අතක් ඇති උබේ කකුලක් වගේ",Harassment,0.5659,Harassment,0.71
මමනං ඉන්නෙ ඒකි බැදලා අතින් කටින් එල්ලන් එනකන් කියන්න මංනම් දැන් බෝම නිදහසෙ තනියම ඉන්නවා කියන්න.. පපුව දනිස්සට පාත්වෙයි එදට ඒකිගෙ,මමනං ඉන්නෙ ඒකි බැදලා අතින් කටින් එල්ලන් එනකන් කියන්න මංනම් දැන් බෝම නිදහසෙ තනියම ඉන්නවා කියන්න.. පපුව දනිස්සට පාත්වෙයි එදට ඒකිගෙ,Harassment,0.5063,Harassment,0.8174
ටුයිටරේ එක කෙල්ලෙක් ඉන්නවා හරිද. ඒකිගේ පුක පෙන්නන්න මාර ගේමක් දෙන්නේ ටිප් එකක් දෙන්නම් - වැටමාර පොලු සීන් කියපු කාලේ ඒක සාධාරණීකරණය කරපු ඒකෙක්,ටුයිටරේ එක කෙල්ලෙක් ඉන්නවා හරිද. ඒකිගේ පුක පෙන්නන්න මාර ගේමක් දෙන්නේ ටිප් එකක් දෙන්නම් - වැටමාර පොලු සීන් කියපු කාලේ ඒක සාධාරණීකරණය කරපු ඒකෙක්,Harassment,0.5669,Harassment,0.8911
හෙන ලොකු ලයින්..! අදාල ඒකිටම වෙදියන්..!,හෙන ලොකු ලයින්..! අදාල ඒකිටම වෙදියන්..!,Harassment,0.4814,Harassment,0.9341
ඒකි දැන් වෙන එකෙක්ගේ වයිප් වෙලා.සල්ලි සබං පෙණ ගෑනු අයිස් කැට කියලා වැවලඟ අයියා කිව්වේ නිකන් නෙවේ තිමිරයෝ,ඒකි දැන් වෙන එකෙක්ගේ වයිප් වෙලා.සල්ලි සබං පෙණ ගෑනු අයිස් කැට කියලා වැවලඟ අයියා කිව්වේ නිකන් නෙවේ තිමිරයෝ,Harassment,0.6938,Harassment,0.5122
ආයේ එක සැරයක් හරී ඒකි මගෙ හිතරිද්දුවොත් අම්මපා ඕකව බිම දාලා හොම්බට හැට හුට හමාරක් නෙලාගෙන නෙලාගෙන යනවා,ආයේ එක සැරයක් හරී ඒකි මගෙ හිතරිද්දුවොත් අම්මපා ඕකව බිම දාලා හොම්බට හැට හුට හමාරක් නෙලාගෙන නෙලාගෙන යනවා,Harassment,0.6812,Harassment,0.8872
අසහනකාර හැත්ත! මූ මෙහෙම හිතයි කියල ඒකි දන්නවනම් ගන්නවා මුගෙන් ලේ බැරල් එකක්ම Chamal කනිෂ්ක · 30 ජුන් 2017 ලේ ගත්තු කෙල්ලගේ කකුලේ අත වැදුනා,අසහනකාර හැත්ත! මූ මෙහෙම හිතයි කියල ඒකි දන්නවනම් ගන්නවා මුගෙන් ලේ බැරල් එකක්ම Chamal කනිෂ්ක · 30 ජුන් 2017 ලේ ගත්තු කෙල්ලගේ කකුලේ අත වැදුනා,Harassment,0.5059,Harassment,0.4985
අපිට හිරිකිත උනාට ගොංජා එක්ක කතාකරන කේප්ප වැස්සීට මාර චූන්. ඒකිත් මූටම ගැලපෙන අවජාතක වේ..... ක්.,අපිට හිරිකිත උනාට ගොංජා එක්ක කතාකරන කේප්ප වැස්සීට මාර චූන්. ඒකිත් මූටම ගැලපෙන අවජාතක වේ..... ක්.,Harassment,0.6167,Harassment,0.9653
ඒකි එහේ පට්ට සැපක් ගන්නේ ඉන්ස්ටා බලපන් ඒකිගේ,ඒකි එහේ පට්ට සැපක් ගන්නේ ඉන්ස්ටා බලපන් ඒකිගේ,Harassment,0.7529,Harassment,0.7241
ඒව පත සයිස් බං. පුක ලොකූයි ඒකිගෙ,ඒව පත සයිස් බං. පුක ලොකූයි ඒකිගෙ,Harassment,0.6646,Harassment,0.8174
හම් අන්න අර ලමයාව අරන් පලයම් ඒකි ඒකාව අපිට දික්කරනවා,හම් අන්න අර ලමයාව අරන් පලයම් ඒකි ඒකාව අපිට දික්කරනවා,Harassment,0.5439,Harassment,0.959
ඒකි දන්නෑ නොවැ අල්ලලා වෙල්ලා ගලේ හොඳ හැටි අපුල්ලලා ගන්ඩ,ඒකි දන්නෑ නොවැ අල්ලලා වෙල්ලා ගලේ හොඳ හැටි අපුල්ලලා ගන්ඩ,Harassment,0.5986,Harassment,0.9761
ගබ්සාව ඝාතනයක් කියන කටින්ම තමයි ඒකි බඩුවක් කියන්නෙත්... එහෙම නේද මහත්තයො??,ගබ්සාව ඝාතනයක් කියන කටින්ම තමයි ඒකි බඩුවක් කියන්නෙත්... එහෙම නේද මහත්තයො??,Harassment,0.501,Harassment,0.9292
කෙල්ල ඒකි නැත්නම් අතේපාරක් ගහල සැපේ ඉන්නවනෙ,කෙල්ල ඒකි නැත්නම් අතේපාරක් ගහල සැපේ ඉන්නවනෙ,Harassment,0.6611,Harassment,0.8296
මේකි දෙව් නේද ඒකි සාරියක් ඇදල ඊ,මේකි දෙව් නේද ඒකි සාරියක් ඇදල ඊ,Harassment,0.5366,Harassment,0.9644
පෙමිනිස්ට් කෙනෙක් කැලඹිලා රට අවුලුවනවා දැක්කද යාළුවනේ? දැක්කා නම් ඒකිට ඇඟිල්ල පුකේ ගහං ඉන්න කියලා උඹලා නොදැක්කා වගේ පලයල්ලා.. ඒකි වගේ ඩොලර් කාක්කන්ට ඕනි අපි තව ඇවිලෙනවා දකින්න,පෙමිනිස්ට් කෙනෙක් කැලඹිලා රට අවුලුවනවා දැක්කද යාළුවනේ? දැක්කා නම් ඒකිට ඇඟිල්ල පුකේ ගහං ඉන්න කියලා උඹලා නොදැක්කා වගේ පලයල්ලා.. ඒකි වගේ ඩොලර් කාක්කන්ට ඕනි අපි තව ඇවිලෙනවා දකින්න,Harassment,0.5659,Harassment,0.7529
", ලොකූ ගෙ බොටුව කඩල ලේ බීල තමා ඒකි පටන් ගන්නෙ මුලින්ම..sure & shot",", ලොකූ ගෙ බොටුව කඩල ලේ බීල තමා ඒකි පටන් ගන්නෙ මුලින්ම..sure & shot",Harassment,0.4763,Harassment,0.9688
"ඔහේ දන්නැති උනාට ඒකි වටේ ගිය එකක්,ඔය ලමය ඔහේගෙමයි කියල විස්සාසද? •බුලත් කෙල පාරක් ගහමින්• ඔය ලමයට තිවුනනේ තව ටිකක් හොයල බලන්ට","ඔහේ දන්නැති උනාට ඒකි වටේ ගිය එකක්,ඔය ලමය ඔහේගෙමයි කියල විස්සාසද? •බුලත් කෙල පාරක් ගහමින්• ඔය ලමයට තිවුනනේ තව ටිකක් හොයල බලන්ට",Harassment,0.5508,Harassment,0.9019
"how send මේ this ඒකි ටෝක් කලොත් ""කස්සප එන්න,මගේ ගුලට රස,ඔබන්න ඔබේ ඔය දණ්ඩ"" කියයි ඕයි උ*ද්දි උන්ෆොල්ලොව්නැඟී","how send මේ this ඒකි ටෝක් කලොත් ""කස්සප එන්න,මගේ ගුලට රස,ඔබන්න ඔබේ ඔය දණ්ඩ"" කියයි ඕයි උ*ද්දි උන්ෆොල්ලොව්නැඟී",Harassment,0.6899,Harassment,0.98
ගෑනිව මුලින් හදාගනින් ඒකි මේකේ ගොන් පානවා උබට අහවල් එකක් තීද බලපන් මුලින් කලිසම ගලවලා,ගෑනිව මුලින් හදාගනින් ඒකි මේකේ ගොන් පානවා උබට අහවල් එකක් තීද බලපන් මුලින් කලිසම ගලවලා,Harassment,0.7637,Harassment,0.9312
ජංගි කැල්ලකට වැදු අම්මව මැරු බුරුවා එක අතකට ඒ කෙල්ල වාසනාවන්තයි අරූ වගේ බූරුවෙක් බැඳලා ඒකි මැරුම් නොකෑව එකට ලක බිට්ටේර්ට්‍රුත්,ජංගි කැල්ලකට වැදු අම්මව මැරු බුරුවා එක අතකට ඒ කෙල්ල වාසනාවන්තයි අරූ වගේ බූරුවෙක් බැඳලා ඒකි මැරුම් නොකෑව එකට ලක බිට්ටේර්ට්‍රුත්,Harassment,0.7695,Harassment,0.9053
"""මචං ඒකිනම් ටැටූ එකක් ගහලා.. ඒකිනම් අනිවා පට්ට බඩුවක්..."" #දැනුම_අඩු_අයගේ_ලොජික් #සිරිලංකාව #සිතුවිලි","""මචං ඒකිනම් ටැටූ එකක් ගහලා.. ඒකිනම් අනිවා පට්ට බඩුවක්..."" #දැනුම_අඩු_අයගේ_ලොජික් #සිරිලංකාව #සිතුවිලි",Harassment,0.5977,Harassment,0.6763
"කෙල්ල බැ කිව්වම ""ඒකි බඩුව"" කියන ජාතියෙ උන් දැන් ""නීතියේ ගෑනි නෙවිල්ගෙ බඩුවලු.","කෙල්ල බැ කිව්වම ""ඒකි බඩුව"" කියන ජාතියෙ උන් දැන් ""නීතියේ ගෑනි නෙවිල්ගෙ බඩුවලු.",Harassment,0.668,Harassment,0.9731
", මම නොදන්න පඩ ෂෝ ඒකිගේ අනෙක ඒකි බෞද්ධත් නෙවෙයි කවලම් බැල්ලියෙක්",", මම නොදන්න පඩ ෂෝ ඒකිගේ අනෙක ඒකි බෞද්ධත් නෙවෙයි කවලම් බැල්ලියෙක්",Harassment,0.709,Harassment,0.8389
Translator කෙනෙකුත් ගන්න ඕන. ඒ යකා ඒකි එක්ක පැනලා යයි මට හුලං,Translator කෙනෙකුත් ගන්න ඕන. ඒ යකා ඒකි එක්ක පැනලා යයි මට හුලං,Harassment,0.5498,Harassment,0.9731
ඔව් ඒකි බඩුව.මාත් ගහලා තියෙනවා,ඔව් ඒකි බඩුව.මාත් ගහලා තියෙනවා,Harassment,0.6963,Harassment,0.9624
උඹ හොඳයි...කෙල්ලෙක් ඉන්නවා..ඒකි මට හැමදාම කියන්නේ චප්ප කරලා පොඩි කරලා කනවා කියලා..ඉතින් උස්සලා පොළොවේ ගහන එක හොඳයි...,උඹ හොඳයි...කෙල්ලෙක් ඉන්නවා..ඒකි මට හැමදාම කියන්නේ චප්ප කරලා පොඩි කරලා කනවා කියලා..ඉතින් උස්සලා පොළොවේ ගහන එක හොඳයි...,Harassment,0.4895,Harassment,0.5479
ඒකිගේ කටට පලස්තරය ගහපිය උබට විසුමක් වෙන්නේ නෑ,ඒකිගේ කටට පලස්තරය ගහපිය උබට විසුමක් වෙන්නේ නෑ,Harassment,0.7607,Harassment,0.9146
"සිරාවටම දැන් තමා ලගට දැක්කෙ .ඒකි යෝදියෙක් වගේනෙහ් බැරි වෙලාවත් ඇගට පැන්නොත් ,මාව මැරෙයි","සිරාවටම දැන් තමා ලගට දැක්කෙ .ඒකි යෝදියෙක් වගේනෙහ් බැරි වෙලාවත් ඇගට පැන්නොත් ,මාව මැරෙයි",Harassment,0.5913,Harassment,0.9087
උඹලා පුකට අපහාස කරනවා.. ඒ උනාට වෙන එකෙක් චූ කරාට පස්සේ කොමඩ් එකේ වටේ ටිශූ එකකින් පිහිදලා තමා එතන්න්ට පුක තියන්නෙත්.. පුකට ආදරෙයි නේ පැලෙන්න.. නේ...නේ,උඹලා පුකට අපහාස කරනවා.. ඒ උනාට වෙන එකෙක් චූ කරාට පස්සේ කොමඩ් එකේ වටේ ටිශූ එකකින් පිහිදලා තමා එතන්න්ට පුක තියන්නෙත්.. පුකට ආදරෙයි නේ පැලෙන්න.. නේ...නේ,Harassment,0.562,Harassment,0.9805
පඩේ ගියාට පස්සේ පුක අත ගාලා වැඩක් නෑ හැබැයි මේවා හෙලා දකින්ඩෝනේ chaterනේ ඕයී දරුවෙක් මල්ලෙක් හදන්න යද්දි අනේ එපා ඊයා කියයි,පඩේ ගියාට පස්සේ පුක අත ගාලා වැඩක් නෑ හැබැයි මේවා හෙලා දකින්ඩෝනේ chaterනේ ඕයී දරුවෙක් මල්ලෙක් හදන්න යද්දි අනේ එපා ඊයා කියයි,Harassment,0.7466,Harassment,0.8062
කොල්ලා කෙල්ලට කතා කරන පිලිවෙල බදින්න කලින්.. .*සුදු අම්මී *මගෙ පන.. .*මගෙ මැට්ටි . *ඒයි. *මේයි.. *උම්ම කොටේ *බබා බැදල ටික කාලයක් ගියාට පස්සෙ *ඒයි/මේයි *හුත්තී. *පට්ට වෙසී. *මල්ට්ප්ල්ග් වෙසී *සැමන්ටින් බැල්ලි *මල් පෝච්චි හුත්තී කාලය මැව් වෙනසක අරුමේ,කොල්ලා කෙල්ලට කතා කරන පිලිවෙල බදින්න කලින්.. .*සුදු අම්මී *මගෙ පන.. .*මගෙ මැට්ටි . *ඒයි. *මේයි.. *උම්ම කොටේ *බබා බැදල ටික කාලයක් ගියාට පස්සෙ *ඒයි/මේයි *හුත්තී. *පට්ට වෙසී. *මල්ට්ප්ල්ග් වෙසී *සැමන්ටින් බැල්ලි *මල් පෝච්චි හුත්තී කාලය මැව් වෙනසක අරුමේ,Harassment,0.5518,Harassment,0.7881
ඒකි හෝ ඒකා මම Follow back කරාට පස්සේ මාව උන්ෆොල්ලොව් කරලා මෙහෙමත් එවුන් අම්ම්පා හිටවලා වෙඩි තියන්ඩ ඕනි,ඒකි හෝ ඒකා මම Follow back කරාට පස්සේ මාව උන්ෆොල්ලොව් කරලා මෙහෙමත් එවුන් අම්ම්පා හිටවලා වෙඩි තියන්ඩ ඕනි,Harassment,0.7256,Harassment,0.7964
පව් කාලකණ්ණි හැතිකරේ. ඔය වගේ ලමයි තමයි වැදුවට පස්සේ කානු අස්සේ දාල යන්න වටින්නේ,පව් කාලකණ්ණි හැතිකරේ. ඔය වගේ ලමයි තමයි වැදුවට පස්සේ කානු අස්සේ දාල යන්න වටින්නේ,Harassment,0.54,Harassment,0.877
අනා ලැජ්ජා නැතුව දෙරණට නයින්ටීන් සික්ස්ටි ෆෝ ඇවිත් සලල ලලා.හම්මට පස්ස පෙන්නන් නටනවා කොටට ඇදල නොදකින් විතරක් ප්,අනා ලැජ්ජා නැතුව දෙරණට නයින්ටීන් සික්ස්ටි ෆෝ ඇවිත් සලල ලලා.හම්මට පස්ස පෙන්නන් නටනවා කොටට ඇදල නොදකින් විතරක් ප්,Harassment,0.6353,Harassment,0.5757
ලෑල්ල වගේ පස්සක් තිබ්බ එකා - පුක පුන්චා චිල්ධූද්නිච්ක්නමෙස්ල්ක්,ලෑල්ල වගේ පස්සක් තිබ්බ එකා - පුක පුන්චා චිල්ධූද්නිච්ක්නමෙස්ල්ක්,Harassment,0.5352,Harassment,0.9131
මූට මැන්ටල් එහෙම නැත්නම් චොච්චෛන් ගහලා ඉන්නේ මුගේ පපුව විතරක් නෙමේ හෙට අනිද්දා වෙනකොට පස්ස පැත්තත් palay ඒක වෙනවමයි බලා බලාගෙන හිටපන්,මූට මැන්ටල් එහෙම නැත්නම් චොච්චෛන් ගහලා ඉන්නේ මුගේ පපුව විතරක් නෙමේ හෙට අනිද්දා වෙනකොට පස්ස පැත්තත් palay ඒක වෙනවමයි බලා බලාගෙන හිටපන්,Harassment,0.6108,Harassment,0.502
ආ පස්ස පැත්ත ලොකුවට තියෙන නංගිලා වනන්න වනන්න වනන්න ස්ල්චෙඑර්බොඅර්ද්ස,ආ පස්ස පැත්ත ලොකුවට තියෙන නංගිලා වනන්න වනන්න වනන්න ස්ල්චෙඑර්බොඅර්ද්ස,Harassment,0.501,Harassment,0.8037
කොලුකාර පොන්සියෙක් හිතන් ඉන්නේ ඌ කොන්ද කෙලින් තියෙන පිරිමියෙක් කියල බන් එහෙ මෙහෙ ගිහින් කොල්ලොන්ට කියල පස්ස පැත්තට කෙලගත්තුව උගේ අම්ම දන්නවනම් බෙල්ලේ වැල දාගනී. හැබැයි රගන්නේ නම් පිරිමියෙක් වගේ කියල හිතාගෙන පව්... උර්ල්,කොලුකාර පොන්සියෙක් හිතන් ඉන්නේ ඌ කොන්ද කෙලින් තියෙන පිරිමියෙක් කියල බන් එහෙ මෙහෙ ගිහින් කොල්ලොන්ට කියල පස්ස පැත්තට කෙලගත්තුව උගේ අම්ම දන්නවනම් බෙල්ලේ වැල දාගනී. හැබැයි රගන්නේ නම් පිරිමියෙක් වගේ කියල හිතාගෙන පව්... උර්ල්,Harassment,0.687,Harassment,0.7456
සේලෙ පලන් උබෙ කලවා පෙනෙන්නට සුළිය වගේ නාභිය පෙන්නනන්ට ගස්සලා පස්ස ටිකාක් හදපන් ඉඟ සේලෙ තදින් බැඳපන්,සේලෙ පලන් උබෙ කලවා පෙනෙන්නට සුළිය වගේ නාභිය පෙන්නනන්ට ගස්සලා පස්ස ටිකාක් හදපන් ඉඟ සේලෙ තදින් බැඳපන්,Harassment,0.6982,Harassment,0.9316
සේලෙ පලන් උඹේ කලව පෙන්නෙන්ට සුලිය වගේ නාභිය පෙන්වන්නට උස්සලා පස්ස ටිකාක් හදපන් ඉඟ සේලෙ තදින් ඇදපන් සාජ්ජේ,සේලෙ පලන් උඹේ කලව පෙන්නෙන්ට සුලිය වගේ නාභිය පෙන්වන්නට උස්සලා පස්ස ටිකාක් හදපන් ඉඟ සේලෙ තදින් ඇදපන් සාජ්ජේ,Harassment,0.7324,Harassment,0.9492
", තෝ නම් වැද්දෙක් කියන්නත් ලැජ්ජයි ඕයි. දුනු හී ඉබේ මෑනිලා හීය ඔටෝ මුවාගේ වැදිලා, මුවා කකුල් දෙක ගාවට ඇවිල්ල මැරිලා වැටිලා, ඊට පස්සෙ පිහිය ඉබේ ඇවිල්ල ඌව මස් කරල, ගිනි මැලේ ඔටෝ හැදිල පත්තු වෙලා, මං ඉබේ පිච්චිලා, කවුරු හරි කවන්නත් ඕනද.... තූඃ.... තෝ නම්.",", තෝ නම් වැද්දෙක් කියන්නත් ලැජ්ජයි ඕයි. දුනු හී ඉබේ මෑනිලා හීය ඔටෝ මුවාගේ වැදිලා, මුවා කකුල් දෙක ගාවට ඇවිල්ල මැරිලා වැටිලා, ඊට පස්සෙ පිහිය ඉබේ ඇවිල්ල ඌව මස් කරල, ගිනි මැලේ ඔටෝ හැදිල පත්තු වෙලා, මං ඉබේ පිච්චිලා, කවුරු හරි කවන්නත් ඕනද.... තූඃ.... තෝ නම්.",Harassment,0.6069,Harassment,0.8643
උබ නරියෙක් වගේ නෙවේ..ගස් ගෙම්බෙක් වගෙ..නරි නාවන්න එපා..ගස් ගෙම්බො නාවගනින්. අහුවෙයන්කො තෝ රැවුල.. තොගෙ මයිල මයිල ගලෝල ගෙදර යවන්නෙ.. ව ඉ ස හ ව අ · 12 සේප 2017 ඒක තමයි කිව්වෙ නරි නාවන්න බෑ. වරෙන් මීටප් එකකට. කියල දෙන්නම් උඹට. පිටිපස්සෙ ඉඳන් කෑගහපු අය මීට කලිනුත් හිටිය.මූණට හම්බුනාම කට අරින්නෙත් නෑ,උබ නරියෙක් වගේ නෙවේ..ගස් ගෙම්බෙක් වගෙ..නරි නාවන්න එපා..ගස් ගෙම්බො නාවගනින්. අහුවෙයන්කො තෝ රැවුල.. තොගෙ මයිල මයිල ගලෝල ගෙදර යවන්නෙ.. ව ඉ ස හ ව අ · 12 සේප 2017 ඒක තමයි කිව්වෙ නරි නාවන්න බෑ. වරෙන් මීටප් එකකට. කියල දෙන්නම් උඹට. පිටිපස්සෙ ඉඳන් කෑගහපු අය මීට කලිනුත් හිටිය.මූණට හම්බුනාම කට අරින්නෙත් නෑ,Harassment,0.5635,Harassment,0.6245
"වැඩක් නැත්නම් චු කරලා නිදාගන්න ,බබාට ඕවා තේරෙන්නේ නෑ බබාට බබෙක් හම්බ උනාට පස්සේ තේරෙයි . එකා අවජාතක තුප්පහියෙක් කියලා.","වැඩක් නැත්නම් චු කරලා නිදාගන්න ,බබාට ඕවා තේරෙන්නේ නෑ බබාට බබෙක් හම්බ උනාට පස්සේ තේරෙයි . එකා අවජාතක තුප්පහියෙක් කියලා.",Harassment,0.6123,Harassment,0.9531
"හුටා,සිහානි ලමයව අල්ලගන්න කිව්වොත් දුවපං පස්ස නොබලා","හුටා,සිහානි ලමයව අල්ලගන්න කිව්වොත් දුවපං පස්ස නොබලා",Harassment,0.6323,Harassment,0.8755
පස්ස මහල බඩ යන්න බෙහෙත් දෙනව දැන ගනින් ස්රිලංකංථ්රෙඅත්ස,පස්ස මහල බඩ යන්න බෙහෙත් දෙනව දැන ගනින් ස්රිලංකංථ්රෙඅත්ස,Harassment,0.624,Harassment,0.9688
......ටජ්මහලේ ආදරේ ..... ඒකිව ගන්න ඒකිගෙ මිනිහව මරලා... දාහතරවතාවක් අරකිට ඇනලා බඩ කරලා .. ඒකි මැරුනට පස්සේ වෙන එකියක්ව බැඳගෙන .. පස්සෙ පානිය දාන්න හැදුවා බිල්ඩිමක්.. සහජාන් වගේ හුත්තලාට තමා ගෑනු ආදරේ කරන්නෙ .. .. #නෙදකින්,......ටජ්මහලේ ආදරේ ..... ඒකිව ගන්න ඒකිගෙ මිනිහව මරලා... දාහතරවතාවක් අරකිට ඇනලා බඩ කරලා .. ඒකි මැරුනට පස්සේ වෙන එකියක්ව බැඳගෙන .. පස්සෙ පානිය දාන්න හැදුවා බිල්ඩිමක්.. සහජාන් වගේ හුත්තලාට තමා ගෑනු ආදරේ කරන්නෙ .. .. #නෙදකින්,Harassment,0.7236,Harassment,0.9844
උඹ කිව්වටපස්සේ අන්ෆලෝ කොරන්න දෙපාරක් හිතුවේ නෑ පකිස් බූරුවව... නෙදකින් මේ වගේ අවජාතක පොන්න පක්කු,උඹ කිව්වටපස්සේ අන්ෆලෝ කොරන්න දෙපාරක් හිතුවේ නෑ පකිස් බූරුවව... නෙදකින් මේ වගේ අවජාතක පොන්න පක්කු,Harassment,0.7075,Harassment,0.9761
අනිවාර්‍යෙන්.. චොලොම්බෝ Campus එකේ ඕනි තරම් ඉන්නව එහෙම උන්. එක එකත් එක්ක නිදියල බඩ උනාට පස්සෙ පස්ස පැත්තෙන් ඇදල අරන් එහෝම කාණුවට දාල යන උන්. පස්සෙ උපාධි අරගෙන උන්ම ඉස්කෝල වල මව් සෙනෙහස ගැන ලමයිට කියල දෙනව. අනේ *කේ..මක බෑවිලම යන්න ඕනි ඔයි වේස හැත්ත.,අනිවාර්‍යෙන්.. චොලොම්බෝ Campus එකේ ඕනි තරම් ඉන්නව එහෙම උන්. එක එකත් එක්ක නිදියල බඩ උනාට පස්සෙ පස්ස පැත්තෙන් ඇදල අරන් එහෝම කාණුවට දාල යන උන්. පස්සෙ උපාධි අරගෙන උන්ම ඉස්කෝල වල මව් සෙනෙහස ගැන ලමයිට කියල දෙනව. අනේ *කේ..මක බෑවිලම යන්න ඕනි ඔයි වේස හැත්ත.,Harassment,0.6938,Harassment,0.6821
"#කඩවුණුපොරොන්දු ""චංචල පල්ලව රොසන ලීලො පහරති ගරහති සතත සමීරො ගතමිගපාසේ රූරුව භද්දේ පච්චාගමනං රුණ්ණවදන මෙ න පස්ස පෙක්ඛී"" -කල්‍යාණී- තරින්දුදම්සර","#කඩවුණුපොරොන්දු ""චංචල පල්ලව රොසන ලීලො පහරති ගරහති සතත සමීරො ගතමිගපාසේ රූරුව භද්දේ පච්චාගමනං රුණ්ණවදන මෙ න පස්ස පෙක්ඛී"" -කල්‍යාණී- තරින්දුදම්සර",Harassment,0.5283,Harassment,0.8325
ඒකිගෙ පස්ස පපුව දැකල හරි රූපෙ දැකල හරි උඹ ඒකි මත්තෙ නැහි නැහි සිරා කරන්න හදනවනම් ඒක උඹේ ජෙන්ඩර් එකේ අවුලක්.උඹ පුරුෂ වෙන්න නම් බෑ ලසා Copied,ඒකිගෙ පස්ස පපුව දැකල හරි රූපෙ දැකල හරි උඹ ඒකි මත්තෙ නැහි නැහි සිරා කරන්න හදනවනම් ඒක උඹේ ජෙන්ඩර් එකේ අවුලක්.උඹ පුරුෂ වෙන්න නම් බෑ ලසා Copied,Harassment,0.5586,Harassment,0.79
ඔයවගේ දෙකයිපනහේ පොන්න යක්කූ උඩ යවන්න එපා ආපහූ කාගේ හරි පස්සේ වැටිලා ලෙවකකා යාවි,ඔයවගේ දෙකයිපනහේ පොන්න යක්කූ උඩ යවන්න එපා ආපහූ කාගේ හරි පස්සේ වැටිලා ලෙවකකා යාවි,Harassment,0.6733,Harassment,0.9414
පට්ට ඈන්ගල් එක ඔහොම තියලා හිල් දෙකටම දිවදාන්න ඕන ඊට පස්සේ පුක ඇරලා කිම්බ පලන්න ඕන,පට්ට ඈන්ගල් එක ඔහොම තියලා හිල් දෙකටම දිවදාන්න ඕන ඊට පස්සේ පුක ඇරලා කිම්බ පලන්න ඕන,Harassment,0.7427,Harassment,0.9697
වචනවලට හුරු කරන්න කියන කියන වචනේ ගානේ හෙන්ඩුවෙන් අනිනවා ගොඩක්ම අනින්නේ ලිංගයට එතන සංවේදි නිසා සමහර උන් නැට්ට දෙකට නමනවා පස්ස ඇතුලට හෙන්ඩුව දලා අනිනවා එහෙම වදි දිලා දිලා තම හීලෑ ඇතෙක් හදා ගන්නේ,වචනවලට හුරු කරන්න කියන කියන වචනේ ගානේ හෙන්ඩුවෙන් අනිනවා ගොඩක්ම අනින්නේ ලිංගයට එතන සංවේදි නිසා සමහර උන් නැට්ට දෙකට නමනවා පස්ස ඇතුලට හෙන්ඩුව දලා අනිනවා එහෙම වදි දිලා දිලා තම හීලෑ ඇතෙක් හදා ගන්නේ,Harassment,0.4695,Harassment,0.6519
"ඉස්සරනම් මෙහෙම news ගියාම හැමෝටම මතක් උනේ ව. පොරගෙ අම්ම මුත්තා නැති කරා ජාතකේම හෙව්ව මඩ ගැහැව්ව. බ්බ්ක එක උගෙ වගේ කිව්වෙ. දැන් තාමත් මිනිහ අයින් උනාටත් පස්සෙ ""ස ""ගෙ කට්ටිය අකමැති news බ්බ්ක එකේ යනව. මීක් නැ දැන්. උන්ට තිබ්බ එකම අවුල ඊරිසියාව. ඔව් යාලුව නිසා තමා කිව්වෙ","ඉස්සරනම් මෙහෙම news ගියාම හැමෝටම මතක් උනේ ව. පොරගෙ අම්ම මුත්තා නැති කරා ජාතකේම හෙව්ව මඩ ගැහැව්ව. බ්බ්ක එක උගෙ වගේ කිව්වෙ. දැන් තාමත් මිනිහ අයින් උනාටත් පස්සෙ ""ස ""ගෙ කට්ටිය අකමැති news බ්බ්ක එකේ යනව. මීක් නැ දැන්. උන්ට තිබ්බ එකම අවුල ඊරිසියාව. ඔව් යාලුව නිසා තමා කිව්වෙ",Harassment,0.5239,Harassment,0.9478
රතු හැට්ටෙ පළල් මදි දෙතන පෙනෙන්නට තිසරුන් ආසයි මුහුන බලන්නට උස්සලා තන පට තද කරපන් රණ තිසරු පනී බැදපන් සේලෙ පලන් උඹේ කලව පෙන්නෙන්ට සුලිය වගේ නාභිය පෙන්වන්නට උස්සලා පස්ස ටිකාක් හදපන් ඉඟ සේලෙ තදින් ඇදපන්,රතු හැට්ටෙ පළල් මදි දෙතන පෙනෙන්නට තිසරුන් ආසයි මුහුන බලන්නට උස්සලා තන පට තද කරපන් රණ තිසරු පනී බැදපන් සේලෙ පලන් උඹේ කලව පෙන්නෙන්ට සුලිය වගේ නාභිය පෙන්වන්නට උස්සලා පස්ස ටිකාක් හදපන් ඉඟ සේලෙ තදින් ඇදපන්,Harassment,0.4856,Harassment,0.8599
කට්ට දෙනවා බල බල දුවනවා නේ.. මුගෙත් හෙන සෝබන තියෙන්නේ.. මං බැලුවා බෝඩිමේ ඇන්ටි කාටට කටට දෙන්නේ කියලා.පස්සේ බැලින්නම් බැල්ලිට මස් කට්ටක් දීලා ..,කට්ට දෙනවා බල බල දුවනවා නේ.. මුගෙත් හෙන සෝබන තියෙන්නේ.. මං බැලුවා බෝඩිමේ ඇන්ටි කාටට කටට දෙන්නේ කියලා.පස්සේ බැලින්නම් බැල්ලිට මස් කට්ටක් දීලා ..,Harassment,0.6201,Harassment,0.9746
තෝ ගහද්දි හරියට ගහපිය මීට පස්සෙ. තෝ ගැහුවෙ පක්යූටද දේසිකාටද කියල හිතාගන්න බැරුව හිටියෙ. වෙලාවකට මටද කියලත් ශුවර් නැතුවගියා,තෝ ගහද්දි හරියට ගහපිය මීට පස්සෙ. තෝ ගැහුවෙ පක්යූටද දේසිකාටද කියල හිතාගන්න බැරුව හිටියෙ. වෙලාවකට මටද කියලත් ශුවර් නැතුවගියා,Harassment,0.6094,Harassment,0.9263
ගහපං පයිං ඕකිගෙ පස්ස හත්කඩ වෙන්ඩ,ගහපං පයිං ඕකිගෙ පස්ස හත්කඩ වෙන්ඩ,Harassment,0.7456,Harassment,0.9429
තමන්ගෙ ගෑනිගෙ පස්ස මිරිකන එක ලෝකෙට පෙන්නන්න ඔනද නිදකිං බූරුව මී හරක් photography කුපාඩියා,තමන්ගෙ ගෑනිගෙ පස්ස මිරිකන එක ලෝකෙට පෙන්නන්න ඔනද නිදකිං බූරුව මී හරක් photography කුපාඩියා,Harassment,0.5269,Harassment,0.6787
අකමැති ගෑණි එකිගෙ අම්මි View full image : උර්ල් උර්ල්,අකමැති ගෑණි එකිගෙ අම්මි View full image : උර්ල් උර්ල්,Harassment,0.6475,Harassment,0.9448
ෆිල්ල්ට් රටේම ගෑනුන්ට අරින්න ⁣වගේ ටෝක දෙන්නේ උගේ ගෑණි(married) වෙන උන් එක්ක වටේ ගිහින් leak කරන් ෆිලා දැන් සැපද??,ෆිල්ල්ට් රටේම ගෑනුන්ට අරින්න ⁣වගේ ටෝක දෙන්නේ උගේ ගෑණි(married) වෙන උන් එක්ක වටේ ගිහින් leak කරන් ෆිලා දැන් සැපද??,Harassment,0.6499,Harassment,0.9072
තෝ වගේ කිසිම දවසක ගෑණියෙක්ට හුකල නැති පොන්නයෙක්ට නන් චීත්තයක් දැක්කත් රාගය ඇවිස්සෙනව ඇති. ඒත් හැම පිරිමියම උඹ වගේ කියල හිතන්න එපා. ගෑණියෙක්ගෙ අතක් කකුලක් පේන්න බැරි තෝ වගේ අසහනකාරයෝ තමයි පොඩි දරුවන්වත් දූශනය කරන්නෙ. අනුන්ගෙ ගෑණු ගැන බලන්න කලින් උඹ උඹේ හිත පාලනය කරගෙන හිටපන්,තෝ වගේ කිසිම දවසක ගෑණියෙක්ට හුකල නැති පොන්නයෙක්ට නන් චීත්තයක් දැක්කත් රාගය ඇවිස්සෙනව ඇති. ඒත් හැම පිරිමියම උඹ වගේ කියල හිතන්න එපා. ගෑණියෙක්ගෙ අතක් කකුලක් පේන්න බැරි තෝ වගේ අසහනකාරයෝ තමයි පොඩි දරුවන්වත් දූශනය කරන්නෙ. අනුන්ගෙ ගෑණු ගැන බලන්න කලින් උඹ උඹේ හිත පාලනය කරගෙන හිටපන්,Harassment,0.7109,Harassment,0.9736
ගෑණි හොර මිනිහෙක් ගාවට යන පලවෙනි දවසේ ඉඳලා දැන දැන අවජාතක ළමයාට උප්පැන්නෙ දෙන්න වෙනකොට ගෑනිගෙ පතිවත ගැන කතා කරන්නේ කවුද අයියා....,ගෑණි හොර මිනිහෙක් ගාවට යන පලවෙනි දවසේ ඉඳලා දැන දැන අවජාතක ළමයාට උප්පැන්නෙ දෙන්න වෙනකොට ගෑනිගෙ පතිවත ගැන කතා කරන්නේ කවුද අයියා....,Harassment,0.5425,Harassment,0.6597
ඕනේ නෑ set කරන්න මට උඹේ ගෑණි.. උඹේ ගෑණි වගේ....පිට පලු ලෑලි....... බලාගෙන ඉන්නේ ප්,ඕනේ නෑ set කරන්න මට උඹේ ගෑණි.. උඹේ ගෑණි වගේ....පිට පලු ලෑලි....... බලාගෙන ඉන්නේ ප්,Harassment,0.7104,Harassment,0.9756
ගොන්ජා උඹේ ගෑණිට පයිය පෙන්නපු එකත් මග එනවලු හුත්තෝ,ගොන්ජා උඹේ ගෑණිට පයිය පෙන්නපු එකත් මග එනවලු හුත්තෝ,Harassment,0.5879,Harassment,0.9717
තෝ දීපන් තොගෙ ගෑණිට නෙද්දකින් පට්ට පඳුරු ලොලු උකන්නා.,තෝ දීපන් තොගෙ ගෑණිට නෙද්දකින් පට්ට පඳුරු ලොලු උකන්නා.,Harassment,0.7798,Harassment,0.5337
දකින දකින ගෑණි උස්සං ගිහින් පෙරලගෙන හුකන්ඩ හදන උන් අතරේ මම වගේ ගෑණියෙක්ගේ අතින්වත් අල්ලලා නැති උනුත් ඉන්නවා කියහංකො. බායි.... ගිහින් එන්නම්.,දකින දකින ගෑණි උස්සං ගිහින් පෙරලගෙන හුකන්ඩ හදන උන් අතරේ මම වගේ ගෑණියෙක්ගේ අතින්වත් අල්ලලා නැති උනුත් ඉන්නවා කියහංකො. බායි.... ගිහින් එන්නම්.,Harassment,0.5703,Harassment,0.9014
මයෙ ගෑණි වත් මෙහෙම වුණා නම් මන්නා පිහියකින් ඇනලා මරලා මාව මේ වෙද්දි! චන්ධි · 15 නොව 2019 මව් කිරි දෙන අතරතුර ළමයා තනපුඩුව සැපුවා කියා කෝපවු මව කතුරෙන් 90 පොළකට ඇන බිලිඳාට තුවාල සිදු කර ඇත.... උර්ල්,මයෙ ගෑණි වත් මෙහෙම වුණා නම් මන්නා පිහියකින් ඇනලා මරලා මාව මේ වෙද්දි! චන්ධි · 15 නොව 2019 මව් කිරි දෙන අතරතුර ළමයා තනපුඩුව සැපුවා කියා කෝපවු මව කතුරෙන් 90 පොළකට ඇන බිලිඳාට තුවාල සිදු කර ඇත.... උර්ල්,Harassment,0.7178,Harassment,0.6982
ටෝ හදන්නෙ ගෑණි ලව්ව මගේ හොම්බ තලවන්නද.,ටෝ හදන්නෙ ගෑණි ලව්ව මගේ හොම්බ තලවන්නද.,Harassment,0.5649,Harassment,0.5088
තොම්බ පළල් උනේ හොරා කන්න ගිහින් ගෙදර ගෑණි ගලේ උලල | සළු,තොම්බ පළල් උනේ හොරා කන්න ගිහින් ගෙදර ගෑණි ගලේ උලල | සළු,Harassment,0.5029,Harassment,0.5693
ඕකාගේ ගෑණි තලාතුඔය ඔඉක් එක්ක පැනලත් ගියා.,ඕකාගේ ගෑණි තලාතුඔය ඔඉක් එක්ක පැනලත් ගියා.,Harassment,0.5513,Harassment,0.6348
ඕකගේ ඇට දෙක තලලා මදි අක්කාහ්.. කොන කපපු වෙලේ සම්පූර්ණයෙන් කපන්න තිබ්බේ.. එතකොට ගණිකාව වෙන්නේ උගේ ගෑණි. මිනිහට බැරි නිසා,ඕකගේ ඇට දෙක තලලා මදි අක්කාහ්.. කොන කපපු වෙලේ සම්පූර්ණයෙන් කපන්න තිබ්බේ.. එතකොට ගණිකාව වෙන්නේ උගේ ගෑණි. මිනිහට බැරි නිසා,Harassment,0.501,Harassment,0.9526
උබට හුකල ගිය ගෑණි සතුටු වෙයි උත්තෝ..,උබට හුකල ගිය ගෑණි සතුටු වෙයි උත්තෝ..,Harassment,0.7603,Harassment,0.8584
"ඔවාගේ සක්කිලි කටේ හැටියට වැල්ලේ මාළු විකුණන ගෑණියෙක් මරදානේ පාලම යට දෙසීයට අල්ලන ගෑණියෙක් තමයි මැඩම් කිට්ටුවෙන්නේ, ඔයාගේ නෑයෝ ඒ ලේයර් එකේ නැති නිසා ඔයාගේ චූන් ඔවාට ගන්න දීලා ඉන්නවා ඇති","ඔවාගේ සක්කිලි කටේ හැටියට වැල්ලේ මාළු විකුණන ගෑණියෙක් මරදානේ පාලම යට දෙසීයට අල්ලන ගෑණියෙක් තමයි මැඩම් කිට්ටුවෙන්නේ, ඔයාගේ නෑයෝ ඒ ලේයර් එකේ නැති නිසා ඔයාගේ චූන් ඔවාට ගන්න දීලා ඉන්නවා ඇති",Harassment,0.6748,Harassment,0.7222
", ඔය ගෑණි පට්ට ල්ට්ටේට්ග්ටේ අත්තක්.",", ඔය ගෑණි පට්ට ල්ට්ටේට්ග්ටේ අත්තක්.",Harassment,0.4993,Harassment,0.9722
ඔන්න ආයෙත් සෞදියෙ වෙසිගෙ පුතාල ලන්කාවෙ ගෑණියෙක්ව ගල් ගහල මරන්න නියම කරලා.. :( හැබැයි ඒක නම් ඒ ගෑණි ඉල්ලගෙන කාපු... උර්ල්,ඔන්න ආයෙත් සෞදියෙ වෙසිගෙ පුතාල ලන්කාවෙ ගෑණියෙක්ව ගල් ගහල මරන්න නියම කරලා.. :( හැබැයි ඒක නම් ඒ ගෑණි ඉල්ලගෙන කාපු... උර්ල්,Harassment,0.6099,Harassment,0.9673
ගෑණි ගේම්.ගහයි..මූ තමා රෙදි හෝදල ලමයි නාවල කවල.පොවල.නොදි කරල.වලං පිඟම් එහෙම.හෝදන්නෙ,ගෑණි ගේම්.ගහයි..මූ තමා රෙදි හෝදල ලමයි නාවල කවල.පොවල.නොදි කරල.වලං පිඟම් එහෙම.හෝදන්නෙ,Harassment,0.5229,Harassment,0.9692
වලෙන් උබේ අප්පවයි අම්මාවයි උබට ඔන විදියට හදලා දෙන්න අහිංසක පිස්සා,වලෙන් උබේ අප්පවයි අම්මාවයි උබට ඔන විදියට හදලා දෙන්න අහිංසක පිස්සා,Harassment,0.7788,Harassment,0.8745
හිත හිත ඉන්න හද නොම කරගනු මෙල්ල කොල්ලෙකි සුන්දරම අක්කිල⁣ගේ මල්ල පොල්කට්ටක් පිරෙන්නට බැරිමුත් දල්ල පිබිදෙන්නට ආසාවේ මතුරනවා පල්ල දන්නා කාලෙ සිට ටුවිටරයේ වස්සා ලා තන නිල්ල වෙත ඇත නිති මුගේ මුව උස්සා කාගෙන යමන් මල්ලෝ දැක්කොත් අස්සා කොනනම් ඉතුරැවෙන්නේ නෑ අම්මප පිස්සා,හිත හිත ඉන්න හද නොම කරගනු මෙල්ල කොල්ලෙකි සුන්දරම අක්කිල⁣ගේ මල්ල පොල්කට්ටක් පිරෙන්නට බැරිමුත් දල්ල පිබිදෙන්නට ආසාවේ මතුරනවා පල්ල දන්නා කාලෙ සිට ටුවිටරයේ වස්සා ලා තන නිල්ල වෙත ඇත නිති මුගේ මුව උස්සා කාගෙන යමන් මල්ලෝ දැක්කොත් අස්සා කොනනම් ඉතුරැවෙන්නේ නෑ අම්මප පිස්සා,Harassment,0.7573,Harassment,0.5698
එක හුජ්ජ කෙල්ලෙක් කටේ අතුල්ලලා ගියා කියලා . ගේ වෙන්න වත් බ්‍රහ්මචාරී වෙන්නවත් හිතන්න එපා මනුසයො .,එක හුජ්ජ කෙල්ලෙක් කටේ අතුල්ලලා ගියා කියලා . ගේ වෙන්න වත් බ්‍රහ්මචාරී වෙන්නවත් හිතන්න එපා මනුසයො .,Harassment,0.562,Harassment,0.6831
රු50 දීලා ඇගිලි දෙකෙන් ඇවිත් හුජ්ජ කරලා ගිහින් ආයේ උන් වතුර ගහලා නැති එක උඩටම රීලා යන පොදු වැසිකිලියක් වගේ වෙලා මේක. තව එකෙක් උඩට එනවා බලන් ඉන්න බැරි රීච් වෙයි කියලා බය ගබ්සා කරද්දි මොලේ මැරිලා කද එලියට ආපු උන් හැමතැනම.හයියෙන් පැඩ්ඩත් ඇවිස්සෙන පදුරු හුකන්නෝ.ඊයා.,රු50 දීලා ඇගිලි දෙකෙන් ඇවිත් හුජ්ජ කරලා ගිහින් ආයේ උන් වතුර ගහලා නැති එක උඩටම රීලා යන පොදු වැසිකිලියක් වගේ වෙලා මේක. තව එකෙක් උඩට එනවා බලන් ඉන්න බැරි රීච් වෙයි කියලා බය ගබ්සා කරද්දි මොලේ මැරිලා කද එලියට ආපු උන් හැමතැනම.හයියෙන් පැඩ්ඩත් ඇවිස්සෙන පදුරු හුකන්නෝ.ඊයා.,Harassment,0.7109,Harassment,0.5015
"අපේ ගෙදර බල්ලෙක් හිටිය කලින් ඌ සාලේ චූ කරල, අම්ම උස්සන් ඇවිල්ල උගෙ හොම්බ ඉලුවා බලු හුජ්ජ ගොඩේ ඌට පාඩමක් උගන්වන්න කියල කරේ යූඌ · 4 දෙක් 2021 හිතුනොත් බැල්ලිව මකලා හදනවා ,ගෙයි බෙටි ගහන එක නතර වෙන්නෙම නෑ","අපේ ගෙදර බල්ලෙක් හිටිය කලින් ඌ සාලේ චූ කරල, අම්ම උස්සන් ඇවිල්ල උගෙ හොම්බ ඉලුවා බලු හුජ්ජ ගොඩේ ඌට පාඩමක් උගන්වන්න කියල කරේ යූඌ · 4 දෙක් 2021 හිතුනොත් බැල්ලිව මකලා හදනවා ,ගෙයි බෙටි ගහන එක නතර වෙන්නෙම නෑ",Harassment,0.6538,Harassment,0.9385
උදේ අලි රැකලා එනගමන් කුබුරු පාරේ රස කතා මල්ලි කොහෙද ගියේ 6යි වෙලාව නැගිටපන් මූන හෝදගෙන කාපිය වේසිගෙ පුතා ඊයේ රෑ හුජ්ජ ටික වක්කරගෙන ඇවිත් අපිට නිදියන්න නෑ කවුද ප ### මගේ වතුර මුරේ කැඩුවෙ හුජ්ජ කරලා හාපන් වතුර නැත්තම්,උදේ අලි රැකලා එනගමන් කුබුරු පාරේ රස කතා මල්ලි කොහෙද ගියේ 6යි වෙලාව නැගිටපන් මූන හෝදගෙන කාපිය වේසිගෙ පුතා ඊයේ රෑ හුජ්ජ ටික වක්කරගෙන ඇවිත් අපිට නිදියන්න නෑ කවුද ප ### මගේ වතුර මුරේ කැඩුවෙ හුජ්ජ කරලා හාපන් වතුර නැත්තම්,Harassment,0.6602,Harassment,0.5039
"හුට්ටප්පරී හුච්චී හුක්කුච්චි හුජ්ජි හුමාලි හුංගාරි හුයන්නී හුත්තී හුකන්නී යම රජතුමා · 22 නොව 2019 පුලුවන් නම් ""හු"" අකුරෙන් පටන් ගන්න කෙල්ලෙක්ගෙ නමක් කියන්න.","හුට්ටප්පරී හුච්චී හුක්කුච්චි හුජ්ජි හුමාලි හුංගාරි හුයන්නී හුත්තී හුකන්නී යම රජතුමා · 22 නොව 2019 පුලුවන් නම් ""හු"" අකුරෙන් පටන් ගන්න කෙල්ලෙක්ගෙ නමක් කියන්න.",Harassment,0.6138,Harassment,0.9312
"අම්මටසිරි, පොල්කට්ටක් පිරෙන්න හුජ්ජ කරන්න බැරි සුටි ඩයල් බලපන්කො. යන්න කොනට කොනට.","අම්මටසිරි, පොල්කට්ටක් පිරෙන්න හුජ්ජ කරන්න බැරි සුටි ඩයල් බලපන්කො. යන්න කොනට කොනට.",Harassment,0.522,Harassment,0.9331
අලුත් කෑල්ලක් ඈවිත් රගනවා පුක උඩ තියන්...,අලුත් කෑල්ලක් ඈවිත් රගනවා පුක උඩ තියන්...,Harassment,0.6367,Harassment,0.5308
"මා විසින් පළ කළ පහත ටිවිටර් පණිවිඩයට ලැබී තිබු ප්‍රතිචාර වැඩි ප්‍රමාණයක හරය මෙසේ පළ කරමි. ""උගත් ඇට කිච්චී, වැස්සි, ගොන් ටැම්බි, මන්ද මානසික එළදෙන, උඹ, මේකී,ගොන් බඩු කෑල්ල, ගොන් හැතිරි,චිංචිමානවිකාව, බැල්ලී ,වැළලියන් තෝ ! පුකේ ඉත්තෑවෝ ! ජාතක කරපු එවුන් පව්! "" බුදුන් කියවන්න","මා විසින් පළ කළ පහත ටිවිටර් පණිවිඩයට ලැබී තිබු ප්‍රතිචාර වැඩි ප්‍රමාණයක හරය මෙසේ පළ කරමි. ""උගත් ඇට කිච්චී, වැස්සි, ගොන් ටැම්බි, මන්ද මානසික එළදෙන, උඹ, මේකී,ගොන් බඩු කෑල්ල, ගොන් හැතිරි,චිංචිමානවිකාව, බැල්ලී ,වැළලියන් තෝ ! පුකේ ඉත්තෑවෝ ! ජාතක කරපු එවුන් පව්! "" බුදුන් කියවන්න",Harassment,0.7876,Harassment,0.7773
", ඉස්සෙල්ල පයිය නග්ගන් හිටපං ගෑනු තුනක් ඉස්සරහ නිකං පීචං වෙන්නෙ නැතුව. පයිය පෙන්ටෝච් කෑල්ල වගේ තියාගෙන හැමනෙන්ඩ හදන ගොං වේසිගෙ පුතා. තෝ හොඳ පුක දෙන්ඩ පකෝ.",", ඉස්සෙල්ල පයිය නග්ගන් හිටපං ගෑනු තුනක් ඉස්සරහ නිකං පීචං වෙන්නෙ නැතුව. පයිය පෙන්ටෝච් කෑල්ල වගේ තියාගෙන හැමනෙන්ඩ හදන ගොං වේසිගෙ පුතා. තෝ හොඳ පුක දෙන්ඩ පකෝ.",Harassment,0.7422,Harassment,0.9868
තො වගේ ගොනෙක් එක්ක ගොන් තර්ක කරගන ඉන්න මට වෙලාවක් නෑ ගස් වේස බැල්ලීගේ පුතෝ. තෝ රට පටලවගෙන එකම දෙ එක එක විදිහට කියාගෙන ඉනන වල්පකයෙක්. තෝ මොන කබ්බෙක් ද මට. තෝ බයිට් වෙලා ඉවරයි දැනටමත්. ආය ආය එනවා ලබ්බ ලොවන්න වල් පරයා. තොට පඩයක් ගියත් ට්විට්ට් කරන ගල් වේසිගේ පුතෙක් නේ තෝ එකයි තො මෙහෙම,තො වගේ ගොනෙක් එක්ක ගොන් තර්ක කරගන ඉන්න මට වෙලාවක් නෑ ගස් වේස බැල්ලීගේ පුතෝ. තෝ රට පටලවගෙන එකම දෙ එක එක විදිහට කියාගෙන ඉනන වල්පකයෙක්. තෝ මොන කබ්බෙක් ද මට. තෝ බයිට් වෙලා ඉවරයි දැනටමත්. ආය ආය එනවා ලබ්බ ලොවන්න වල් පරයා. තොට පඩයක් ගියත් ට්විට්ට් කරන ගල් වේසිගේ පුතෙක් නේ තෝ එකයි තො මෙහෙම,Harassment,0.6099,Harassment,0.9805
මූනට දැක්කම වචනයක් කතා නොකර දැං එනව නයිස් ටු මීට් යු ගාන්න දෙන්නෙ තොට පයින්,මූනට දැක්කම වචනයක් කතා නොකර දැං එනව නයිස් ටු මීට් යු ගාන්න දෙන්නෙ තොට පයින්,Harassment,0.5449,Harassment,0.7964
තොට උනා නම් මේකෙ කොට කොට ඉන්න හේතුවක් නෑනෙ..බෙල්ල මිරිකලා හරි කියනව..උන්නද මලාද කියලවත් බලන ගෑණි මගේ,තොට උනා නම් මේකෙ කොට කොට ඉන්න හේතුවක් නෑනෙ..බෙල්ල මිරිකලා හරි කියනව..උන්නද මලාද කියලවත් බලන ගෑණි මගේ,Harassment,0.6924,Harassment,0.6909
"රාලහාමි : කියාපිය , තෝ වලහා නේද ?, හාවා : නෑ මාත්තියා , මම ආවා(හාවා) . රාලහාමි : ඒකට කමක් නෑ කියාපිය කැ#*- තෝ වලහා කියලා, නැත්තං තොට ගහලා මරනවා දැනගං . තෝ හාවා නෙවෙයි තෝ වලහා.. දැන් තොගෙ කටින්ම කියන්න ඕනෙ තෝ වලහෙක් කියලා.","රාලහාමි : කියාපිය , තෝ වලහා නේද ?, හාවා : නෑ මාත්තියා , මම ආවා(හාවා) . රාලහාමි : ඒකට කමක් නෑ කියාපිය කැ#*- තෝ වලහා කියලා, නැත්තං තොට ගහලා මරනවා දැනගං . තෝ හාවා නෙවෙයි තෝ වලහා.. දැන් තොගෙ කටින්ම කියන්න ඕනෙ තෝ වලහෙක් කියලා.",Harassment,0.7954,Harassment,0.8481
නිදුකින් ඉනුමැන තොට වඩා කල් තොගෙ පණත් අරගෙන මෙමා,නිදුකින් ඉනුමැන තොට වඩා කල් තොගෙ පණත් අරගෙන මෙමා,Harassment,0.5889,Harassment,0.7358
තොට ඉතිං අලි හුත්තක් නේ තියෙන්නේ ගිහිං දීපිය අලියට..ඇරෝගන්න ලොකුවට.. ඇරී ටික මදි නේ.. ආ...හා එතෝට උබ කියන්නේ බොට පොට්ටුව වගේ පිවිතුරු පිපිලත් නැති එකක් තියේ කියලද? අනෙ මගේ කට.. #වලි #දෙබස් #කුනුහබ්බ,තොට ඉතිං අලි හුත්තක් නේ තියෙන්නේ ගිහිං දීපිය අලියට..ඇරෝගන්න ලොකුවට.. ඇරී ටික මදි නේ.. ආ...හා එතෝට උබ කියන්නේ බොට පොට්ටුව වගේ පිවිතුරු පිපිලත් නැති එකක් තියේ කියලද? අනෙ මගේ කට.. #වලි #දෙබස් #කුනුහබ්බ,Harassment,0.6709,Harassment,0.8286
කැරි වේසිගෙ පුතා ලංකාවේ ජාතිවාදය අවුස්සපු හුකන්න තොට මේ ගැන කාතා කරන්න කිසිම අයිතියක් නෑ,කැරි වේසිගෙ පුතා ලංකාවේ ජාතිවාදය අවුස්සපු හුකන්න තොට මේ ගැන කාතා කරන්න කිසිම අයිතියක් නෑ,Harassment,0.7754,Harassment,0.9331
තොට පිස්සුද ගස්බල්ලෝ පොඩි එකෙක්ගේ රස්සාවකට කෙලවන්න හදන්නේ නොදකින් බං උඹ නම් දාර පොන්නයෙක්. අයියා කියපු කතාව ඇත්ත.උඹ නම් බල්ලෙක්ට ජාතක වෙච්ච පරයෙක්.,තොට පිස්සුද ගස්බල්ලෝ පොඩි එකෙක්ගේ රස්සාවකට කෙලවන්න හදන්නේ නොදකින් බං උඹ නම් දාර පොන්නයෙක්. අයියා කියපු කතාව ඇත්ත.උඹ නම් බල්ලෙක්ට ජාතක වෙච්ච පරයෙක්.,Harassment,0.6802,Harassment,0.9746
හම්මට තොට ද වැටිල තියෙන්නේ තොව නෙවෙයි මූව,හම්මට තොට ද වැටිල තියෙන්නේ තොව නෙවෙයි මූව,Harassment,0.6963,Harassment,0.9795
අසහනකාර හඩු සුප්පා තොට මහත් කෙල්ලෙක්වම බදින්න සෙට් වෙයන්,අසහනකාර හඩු සුප්පා තොට මහත් කෙල්ලෙක්වම බදින්න සෙට් වෙයන්,Harassment,0.7251,Harassment,0.5718
පොන්නයො තොට බැරිනම් පුලුවන් කෙනෙකුට රට බාරදීපිය තෝ විජයහුකලත් එක්ක හැ#නිය. උර්ල්,පොන්නයො තොට බැරිනම් පුලුවන් කෙනෙකුට රට බාරදීපිය තෝ විජයහුකලත් එක්ක හැ#නිය. උර්ල්,Harassment,0.5859,Harassment,0.9185
කෙල්ලො එක්ක කොල්ලො ගියොත් හොඳට ෂොපිංදැං දැනේවි තොට කෑවවගේ පරණ අබිං බං බිල දැක්කම හොම්බෙන්යයි බෙල්ල කටිංදැං කෙල්ලන්හට මලපැන්නොත් දඩිංබිඩිංඩොං,කෙල්ලො එක්ක කොල්ලො ගියොත් හොඳට ෂොපිංදැං දැනේවි තොට කෑවවගේ පරණ අබිං බං බිල දැක්කම හොම්බෙන්යයි බෙල්ල කටිංදැං කෙල්ලන්හට මලපැන්නොත් දඩිංබිඩිංඩොං,Harassment,0.7432,Harassment,0.7412
අප්පෝ ආපහු පටන්ගත්තද හුත්ත සයිකො ගහන්ඩ දන්නව නං තොට ගන්ජ ගස්සන්නෙත් නැ,අප්පෝ ආපහු පටන්ගත්තද හුත්ත සයිකො ගහන්ඩ දන්නව නං තොට ගන්ජ ගස්සන්නෙත් නැ,Harassment,0.5649,Harassment,0.6694
රිලාසිරි ගහනව තොට වැලි උර්ල්,රිලාසිරි ගහනව තොට වැලි උර්ල්,Harassment,0.5928,Harassment,0.6284
අඩෙ ප්‍රබාගෙ අවජාතක පුතා -CH4RR1TH · 2 ඖග් 2020 වයසද පකෝ කිව්වෙ? එහෙනන් ප්‍රබාකරනුත් තොට කලින් නෙ ආවෙ.,අඩෙ ප්‍රබාගෙ අවජාතක පුතා -CH4RR1TH · 2 ඖග් 2020 වයසද පකෝ කිව්වෙ? එහෙනන් ප්‍රබාකරනුත් තොට කලින් නෙ ආවෙ.,Harassment,0.7598,Harassment,0.9019
හදපු වදපු දෙමාපියන්ට බොරු කරල උබත් එක්ක එන ඒකි තොට බොරු නොකර ඉදීද හුත්තො! ලොවෙස්ටෝර්ය්,හදපු වදපු දෙමාපියන්ට බොරු කරල උබත් එක්ක එන ඒකි තොට බොරු නොකර ඉදීද හුත්තො! ලොවෙස්ටෝර්ය්,Harassment,0.5322,Harassment,0.8003
නිලූෂන අයිය මගෙ විතරයි. මගෙ කොල්ගලව මායම් දාල අල්ලගත්තොත් ගහනව තොට වැලි. - චමල්... — මට වැලි කෙසේ වෙතත් චමල්ට නම් ගේමක් හම්බෙයි ආයේ යන්නෙ කොහෙද උන්නේ කොහෙද හොයන්න බැරිවෙන්න.. ( මේ ඇත... උර්ල්,නිලූෂන අයිය මගෙ විතරයි. මගෙ කොල්ගලව මායම් දාල අල්ලගත්තොත් ගහනව තොට වැලි. - චමල්... — මට වැලි කෙසේ වෙතත් චමල්ට නම් ගේමක් හම්බෙයි ආයේ යන්නෙ කොහෙද උන්නේ කොහෙද හොයන්න බැරිවෙන්න.. ( මේ ඇත... උර්ල්,Harassment,0.5171,Harassment,0.9189
පට්ට බැල්ලි ගහනව තොට වැලි. එහෙම බැරි උනොත් සීනි දාල වෙඩි තියනව කූඹි කාල මැරෙන්⁣ඩ,පට්ට බැල්ලි ගහනව තොට වැලි. එහෙම බැරි උනොත් සීනි දාල වෙඩි තියනව කූඹි කාල මැරෙන්⁣ඩ,Harassment,0.6782,Harassment,0.8779
සිරිසේන වෙසිගේ පුතෝ තොට මේවා පේන්නේ නැද්ද..? බ්‍රා විතරද පේන්නේ තූ වේස බල්ලා....!! උර්ල්,සිරිසේන වෙසිගේ පුතෝ තොට මේවා පේන්නේ නැද්ද..? බ්‍රා විතරද පේන්නේ තූ වේස බල්ලා....!! උර්ල්,Harassment,0.7153,Harassment,0.9639
"කෙල්ලේ , වැඩිය සද්දේ දාන්න එපා. Because the s*it ඉන් your family. පුරුෂ ලින්ග බැරිවේලාවත් ගුවන් යාන වුනොත් තමුන්ගේ ඔය සක්කිලි කට අනිවාර්යයෙන්ම ඕනෑම සයිස් එකේ ඒවා බාන ගුවන් තොටුපොලක් වෙනවාමයි.","කෙල්ලේ , වැඩිය සද්දේ දාන්න එපා. Because the s*it ඉන් your family. පුරුෂ ලින්ග බැරිවේලාවත් ගුවන් යාන වුනොත් තමුන්ගේ ඔය සක්කිලි කට අනිවාර්යයෙන්ම ඕනෑම සයිස් එකේ ඒවා බාන ගුවන් තොටුපොලක් වෙනවාමයි.",Harassment,0.4832,Harassment,0.502
මං උන්නානන් බැහැපිය පරයා දොට්ට තොට වඩු පට්ටලේ තියලා වරක්ක ලීයෙන් හම ගහලා දොට්ට දාන්ඩ කලින් ආවා ගුලි වෙද්දු කල්ක වක්කරන්න කියලා තමා කියන්නේ. ඔය වගේ වැඩක් සැර බාල හඳුන්කුඩම ඉස්සරහාත් කරලා තියෙනවා,මං උන්නානන් බැහැපිය පරයා දොට්ට තොට වඩු පට්ටලේ තියලා වරක්ක ලීයෙන් හම ගහලා දොට්ට දාන්ඩ කලින් ආවා ගුලි වෙද්දු කල්ක වක්කරන්න කියලා තමා කියන්නේ. ඔය වගේ වැඩක් සැර බාල හඳුන්කුඩම ඉස්සරහාත් කරලා තියෙනවා,Harassment,0.6606,Harassment,0.9546
මං තොට ගහන්නෙ තුම්මුල්ල පැනලා ස්රිලංකංථ්රෙඅත්ස,මං තොට ගහන්නෙ තුම්මුල්ල පැනලා ස්රිලංකංථ්රෙඅත්ස,Harassment,0.7896,Harassment,0.9209
රූකඩ... බලපිය තොට කවද හරි හම්බෙන්නේ honeymoon ගියහම තොව දෙහි ගෙඩියක් වගේ චොප්ප වෙන size එකේ කෙල්ලේක්ව... බලපංකෝ....,රූකඩ... බලපිය තොට කවද හරි හම්බෙන්නේ honeymoon ගියහම තොව දෙහි ගෙඩියක් වගේ චොප්ප වෙන size එකේ කෙල්ලේක්ව... බලපංකෝ....,Harassment,0.5322,Harassment,0.9849
තොට මම ලව් තො මට නෑ ලව් තොගෙ මල ඉලව් නෑ මට අවුල් තොට මං එපානම් තෝ පල අවලම් හැලියන් තොගෙ මෙවලම් වෙයන් තෝ සල්ලම්,තොට මම ලව් තො මට නෑ ලව් තොගෙ මල ඉලව් නෑ මට අවුල් තොට මං එපානම් තෝ පල අවලම් හැලියන් තොගෙ මෙවලම් වෙයන් තෝ සල්ලම්,Harassment,0.6943,Harassment,0.9736
අඩෝ කෑ** තොට වෙනම එකක්ද දා ගනිං හෙල්මට එක ඇ* දෙක තලා ගන් නැතුව ෂොරි ෂොරි ෂර් මේ දා ගෙන්නවා මේ දා ගෙන්නවා,අඩෝ කෑ** තොට වෙනම එකක්ද දා ගනිං හෙල්මට එක ඇ* දෙක තලා ගන් නැතුව ෂොරි ෂොරි ෂර් මේ දා ගෙන්නවා මේ දා ගෙන්නවා,Harassment,0.5767,Harassment,0.6978
පොල්ලෙන් ගහනවා තොට ඒම කලොත්,පොල්ලෙන් ගහනවා තොට ඒම කලොත්,Harassment,0.6572,Harassment,0.7856
ගහප් පයින් පපයා. තොට මැරෙන්න ඕන නම් වහ ටිකක් බීපන්. කාරෙක විතරක් හප්පන්න එපා,ගහප් පයින් පපයා. තොට මැරෙන්න ඕන නම් වහ ටිකක් බීපන්. කාරෙක විතරක් හප්පන්න එපා,Harassment,0.793,Harassment,0.9692
දවල් එක මිනිහෙක් ගමටම ඇහෙන්න; චන්දරේ තෝ කැ# වේ# පොන්## තොට රට වටේම ගෑනු ඉන්නව තාම ලමයෙක් හදා ගන්න බැරි උනා.. තෝ 91ද 92ද අපේ සුද්ද තොගෙ රේංකෝට් එකක් ඉස්සුව කියල පොලීසි ගියේ අහු උනාද රේං කෝට්... කැ## ටෞකන්ඩ අම්මෝ ඒක නං......,දවල් එක මිනිහෙක් ගමටම ඇහෙන්න; චන්දරේ තෝ කැ# වේ# පොන්## තොට රට වටේම ගෑනු ඉන්නව තාම ලමයෙක් හදා ගන්න බැරි උනා.. තෝ 91ද 92ද අපේ සුද්ද තොගෙ රේංකෝට් එකක් ඉස්සුව කියල පොලීසි ගියේ අහු උනාද රේං කෝට්... කැ## ටෞකන්ඩ අම්මෝ ඒක නං......,Harassment,0.7012,Harassment,0.9775
තෝනේ අවලම් නෑනේ මෙවලම් වගේ හිවලම් අනේ පලයම් තොට නෑ මම ලව් එයාට මගෙ ලව් එතනින් ඒක හිලව් තෝ මල නම් ඉලව් මාව අතෑරපිය දැන්වත් අහපිය පස්සෙන් නාපිය වෙනතට දුවපිය,තෝනේ අවලම් නෑනේ මෙවලම් වගේ හිවලම් අනේ පලයම් තොට නෑ මම ලව් එයාට මගෙ ලව් එතනින් ඒක හිලව් තෝ මල නම් ඉලව් මාව අතෑරපිය දැන්වත් අහපිය පස්සෙන් නාපිය වෙනතට දුවපිය,Harassment,0.5898,Harassment,0.7163
"අනේ හිතෙනව මගෙ ☆☆න්. කැහැටු රිලවා.. වරෙන්කො තෝ මගෙ වරක කන්න, පුදන්නන් තොට කැටපෝලෙන්..","අනේ හිතෙනව මගෙ ☆☆න්. කැහැටු රිලවා.. වරෙන්කො තෝ මගෙ වරක කන්න, පුදන්නන් තොට කැටපෝලෙන්..",Harassment,0.7749,Harassment,0.8301
සුද්දගෙ සැප හොදද?පලනවද? — පැලුවත් නැතත් තොට පාන්ද? උර්ල්,සුද්දගෙ සැප හොදද?පලනවද? — පැලුවත් නැතත් තොට පාන්ද? උර්ල්,Harassment,0.7451,Harassment,0.981
මම කාගේ රැවුල හෙව්වත් තොට තියන පුකේ අමාරුව මොකක්ද හුත්තෝ?,මම කාගේ රැවුල හෙව්වත් තොට තියන පුකේ අමාරුව මොකක්ද හුත්තෝ?,Harassment,0.5405,Harassment,0.9312
තොට මං ගෙදෙට්ට ඇවිල්ල බෙල්ල මිරිකනව දැනගං උස්බෙකිස් කටුස්ස,තොට මං ගෙදෙට්ට ඇවිල්ල බෙල්ල මිරිකනව දැනගං උස්බෙකිස් කටුස්ස,Harassment,0.7671,Harassment,0.9595
හෙන හතම වැදිය තොට. ආයේ හතක් වැදිය මැරුනාම,හෙන හතම වැදිය තොට. ආයේ හතක් වැදිය මැරුනාම,Harassment,0.7251,Harassment,0.752
සන්ජීවනී ලවා තොට තන් දෙකෙන් ටොකු ඇන්නුවෙ නැත්තං මැරෙන්න දවසක් තියලහරි . . . මම බැද්දගේ නෙමේ,සන්ජීවනී ලවා තොට තන් දෙකෙන් ටොකු ඇන්නුවෙ නැත්තං මැරෙන්න දවසක් තියලහරි . . . මම බැද්දගේ නෙමේ,Harassment,0.7212,Harassment,0.8955
තොට මේ පොල්කට්ටක් පිරෙන්න හුජ්ජ කරගන්න බෑ කට නම් තියෙනව ලන්කන්මලේලොකුලිනෙස්,තොට මේ පොල්කට්ටක් පිරෙන්න හුජ්ජ කරගන්න බෑ කට නම් තියෙනව ලන්කන්මලේලොකුලිනෙස්,Harassment,0.6348,Harassment,0.9741
ටුටූ බොල තොට කෙටූ සරුවට පටූ කොට බොට කටූ ගිලපිය.. සියක් ලේ රත් කොට ගියත් යකුනේ වචනෙට වමත් වී සුරතට.. වරෙන් උස්සන් වලියට ...... #හිටිවනකවිටුවීට් #පදපෙල උර්ල් This Tweet ඉස unavailable.,ටුටූ බොල තොට කෙටූ සරුවට පටූ කොට බොට කටූ ගිලපිය.. සියක් ලේ රත් කොට ගියත් යකුනේ වචනෙට වමත් වී සුරතට.. වරෙන් උස්සන් වලියට ...... #හිටිවනකවිටුවීට් #පදපෙල උර්ල් This Tweet ඉස unavailable.,Harassment,0.6831,Harassment,0.8838
නොදකින් බූරුවා තොට චන්දේ දීපු එකට අපිට ගහන්න ඕනේ. ගස් බල්ලා උබ රට කෑවා. පොලොවෙන් මතුවෙච්ච රිලවා. හම්බයාගේ බෝම්බෙට අහුවෙලා මැරිච්ච එවුන්ට වග කියපං මූසලයා. ජනාධිපතිකම ළමයෙක්ට දීපං **තා,නොදකින් බූරුවා තොට චන්දේ දීපු එකට අපිට ගහන්න ඕනේ. ගස් බල්ලා උබ රට කෑවා. පොලොවෙන් මතුවෙච්ච රිලවා. හම්බයාගේ බෝම්බෙට අහුවෙලා මැරිච්ච එවුන්ට වග කියපං මූසලයා. ජනාධිපතිකම ළමයෙක්ට දීපං **තා,Harassment,0.71,Harassment,0.8081
අම්මපල්ල කාලී මැනි ගාව පොල් ගහනවා මම හෙට කෙහෙල් කැනක් අතු බැදල තොට හෙන ගැහිලම පල... මම කාටවත් අද වෙනකල් බැනල නෑ... උර්ල්,අම්මපල්ල කාලී මැනි ගාව පොල් ගහනවා මම හෙට කෙහෙල් කැනක් අතු බැදල තොට හෙන ගැහිලම පල... මම කාටවත් අද වෙනකල් බැනල නෑ... උර්ල්,Harassment,0.5547,Harassment,0.5078
හදපු වදපු දෙමව්පියන්ටත් බොරු කරල උබත් එක්ක එන ඒකි තොට බොරු නොකර උදීද හුත්තො! ලොවෙස්ටෝර්ය්,හදපු වදපු දෙමව්පියන්ටත් බොරු කරල උබත් එක්ක එන ඒකි තොට බොරු නොකර උදීද හුත්තො! ලොවෙස්ටෝර්ය්,Harassment,0.6504,Harassment,0.9302
"දෙයියනේ තොට තොගෙම හාල් කැවිලද බලපියව් මාව, කොණ්ඩෙ සුදු වෙනවා එන්න එන්න.. ස්තිරී පරාණයක් නැද්ද බෙහෙතකට හොයලා... උර්ල්","දෙයියනේ තොට තොගෙම හාල් කැවිලද බලපියව් මාව, කොණ්ඩෙ සුදු වෙනවා එන්න එන්න.. ස්තිරී පරාණයක් නැද්ද බෙහෙතකට හොයලා... උර්ල්",Harassment,0.6226,Harassment,0.8394
මේකිගේ අම්මට කියලා තමා කියන්න තියෙන්නේ.. ඇයි පර බැල්ලියේ වෙන සින්දු තිබ්බෙම නැද්ද තොට විකන්න.. උර්ල්,මේකිගේ අම්මට කියලා තමා කියන්න තියෙන්නේ.. ඇයි පර බැල්ලියේ වෙන සින්දු තිබ්බෙම නැද්ද තොට විකන්න.. උර්ල්,Harassment,0.7192,Harassment,0.978
පට්ට බැල්ලි ආවද තෝ බිස්නස් කඩන්න ගහනව තොට වැලි,පට්ට බැල්ලි ආවද තෝ බිස්නස් කඩන්න ගහනව තොට වැලි,Harassment,0.5278,Harassment,0.8052
ධාවන් තො මෑරියන්.... රින උබට හෙන ගහපන්..... ඛෝලි තොට හෙන ගහපන්. පක්වින්ඩ්,ධාවන් තො මෑරියන්.... රින උබට හෙන ගහපන්..... ඛෝලි තොට හෙන ගහපන්. පක්වින්ඩ්,Harassment,0.7373,Harassment,0.5825
උඹ තමා මෙ කෙල්ල අල්ලගෙන ගහනව තොට වැලි,උඹ තමා මෙ කෙල්ල අල්ලගෙන ගහනව තොට වැලි,Harassment,0.6929,Harassment,0.8013
"තවුසෙ කැමති නැද්ද,සංජේ එක්කම ඉන්නව එහෙනං,ගහනව තොට වැලි","තවුසෙ කැමති නැද්ද,සංජේ එක්කම ඉන්නව එහෙනං,ගහනව තොට වැලි",Harassment,0.626,Harassment,0.5171
ම්ම්ම්.. ලාවට ගන්දස්තාරෙ එනව කියන්නෙ තෝ ජොකා හෝදලා මීතොටමුල්ල වගේ සැරයි කියන්නෙ කොල්ල බැහැලා නාලා.. අපි ඕවා හොඩට ඇමලයිස් කරල තියෙන්නෙ හාද?,ම්ම්ම්.. ලාවට ගන්දස්තාරෙ එනව කියන්නෙ තෝ ජොකා හෝදලා මීතොටමුල්ල වගේ සැරයි කියන්නෙ කොල්ල බැහැලා නාලා.. අපි ඕවා හොඩට ඇමලයිස් කරල තියෙන්නෙ හාද?,Harassment,0.5669,Harassment,0.7148
තොට ගහන්න ඕනා ඇඹුල් පොල් පිත්තකින්,තොට ගහන්න ඕනා ඇඹුල් පොල් පිත්තකින්,Harassment,0.709,Harassment,0.8022
තොට බැයිද බැදලා හරක් ටික හදා ගන්න නැත්තං හරක්ට කියපිය කො යකො තොට නාස් ලනුවක් දාලා හදා ගන්න කියලා මැටි මෝලා මෝඩ මූසලයා,තොට බැයිද බැදලා හරක් ටික හදා ගන්න නැත්තං හරක්ට කියපිය කො යකො තොට නාස් ලනුවක් දාලා හදා ගන්න කියලා මැටි මෝලා මෝඩ මූසලයා,Harassment,0.5806,Harassment,0.9668
"තොට සිංහළ තේරෙන්නෙ නැද්ද ගොන් බිජ්ජො?? This ඉස not අ question ඔෆ් ""Fake ප්රෝෆිලෙස් ඔර ""Real ප්රෝෆිලෙස් .... this ඉස අ question ඔෆ් තෝ වගේ කිබි උකුණෙක් අහක යන බඩුවක් නිසා ගූ අැදගෙන නාන එක. නිකන් පු.. දෙන්නේනැතුව වැඩක් බලාගනින් කිම්බි උකුණො!!! GIF","තොට සිංහළ තේරෙන්නෙ නැද්ද ගොන් බිජ්ජො?? This ඉස not අ question ඔෆ් ""Fake ප්රෝෆිලෙස් ඔර ""Real ප්රෝෆිලෙස් .... this ඉස අ question ඔෆ් තෝ වගේ කිබි උකුණෙක් අහක යන බඩුවක් නිසා ගූ අැදගෙන නාන එක. නිකන් පු.. දෙන්නේනැතුව වැඩක් බලාගනින් කිම්බි උකුණො!!! GIF",Harassment,0.5137,Harassment,0.9448
ගහනවා මඩුවලිගෙන් තොට,ගහනවා මඩුවලිගෙන් තොට,Harassment,0.6011,Harassment,0.9678
බින්න බහින්න කියලා හිතාගෙන අවේ බලන්ට මාව එලොනවනේ තෝ. අර Spermනස්ගල කිව්වා වගේ තොට හෙණම ගහපිය.,බින්න බහින්න කියලා හිතාගෙන අවේ බලන්ට මාව එලොනවනේ තෝ. අර Spermනස්ගල කිව්වා වගේ තොට හෙණම ගහපිය.,Harassment,0.7119,Harassment,0.958
අලුගුත්තේරු යමයෝ... මේ හුදී නර පණුවන්ගෙ අත් දෙක කඩන්ට පැලෑන් කොරනවට තොට වද දෙන්ට වෙනම අපායක් හදන්ට වෙනවා... අසමජ්ජාතියා...,අලුගුත්තේරු යමයෝ... මේ හුදී නර පණුවන්ගෙ අත් දෙක කඩන්ට පැලෑන් කොරනවට තොට වද දෙන්ට වෙනම අපායක් හදන්ට වෙනවා... අසමජ්ජාතියා...,Harassment,0.6719,Harassment,0.9609
උඹ වගේ බොරු නම්වලින් ඇවිත් ජීවිතේට නොදන්නා උන්ගේ ට්වීට් වලට කුණුහරුප කමෙන්ට් කරන්නේ උඹලා වගේ උන්ගේ අම්මලා තාත්තලා උඹලවගේ පොන්න පැටවු හදලා තියෙන විදියෙන්. තොට හරි හමන් ජාතකයක් තියෙනවා නම් හැදියාවක් තියෙන අම්මෙක් තාත්තෙක් ලඟ හැදීලා තියෙනවා නම් තෝ ඔහොම හැසීරෙන්නේ නෑ.,උඹ වගේ බොරු නම්වලින් ඇවිත් ජීවිතේට නොදන්නා උන්ගේ ට්වීට් වලට කුණුහරුප කමෙන්ට් කරන්නේ උඹලා වගේ උන්ගේ අම්මලා තාත්තලා උඹලවගේ පොන්න පැටවු හදලා තියෙන විදියෙන්. තොට හරි හමන් ජාතකයක් තියෙනවා නම් හැදියාවක් තියෙන අම්මෙක් තාත්තෙක් ලඟ හැදීලා තියෙනවා නම් තෝ ඔහොම හැසීරෙන්නේ නෑ.,Harassment,0.7812,Harassment,0.9429
හුකහන් පකෝ. තොටත් එක්ක බඩු ගත්තහම ඔච්චර කියලත් ආවෙ නෑ,හුකහන් පකෝ. තොටත් එක්ක බඩු ගත්තහම ඔච්චර කියලත් ආවෙ නෑ,Harassment,0.7007,Harassment,0.9839
පෞ... බොගෙ අයිම්සක රන්දෝලිලා. දවසකට හරි තොටත් පට ඇරපු එවුන් නේදැ ඒ අයිම්සකාවියො. තොට හිතක් පපුවක් නැද්ද ගෙරි යමයෝ? මූදෙ නැව් ගියාට පාර හිටින්නෙ නෑ කියලා තෝ අහලා නැද්දැ මූකලම් බස්සෝ?,පෞ... බොගෙ අයිම්සක රන්දෝලිලා. දවසකට හරි තොටත් පට ඇරපු එවුන් නේදැ ඒ අයිම්සකාවියො. තොට හිතක් පපුවක් නැද්ද ගෙරි යමයෝ? මූදෙ නැව් ගියාට පාර හිටින්නෙ නෑ කියලා තෝ අහලා නැද්දැ මූකලම් බස්සෝ?,Harassment,0.6392,Harassment,0.9727
", නංගිට කියපු දේට පුකක් නෑ. තොට තියෙන්නෙ හු*තක්ද හොම්බ දාන්න එපා කියන්න. තෝ වගේ බොරු කියන උන් ඉන්නවා බං අර ගමේ ගොඩේ ලිඳවල් ගාව. චීත්තයක් ඇඳපන්",", නංගිට කියපු දේට පුකක් නෑ. තොට තියෙන්නෙ හු*තක්ද හොම්බ දාන්න එපා කියන්න. තෝ වගේ බොරු කියන උන් ඉන්නවා බං අර ගමේ ගොඩේ ලිඳවල් ගාව. චීත්තයක් ඇඳපන්",Harassment,0.5454,Harassment,0.9624
බලපන් මාර ඩිකිය පූජගෙ පිට පූජපිටිය තොරණක් වාගෙ තොට ලඟ කරාබුවක් ඇගෙ හොට ලඟ බෙල්ලට මාල පහයි නංගිට ළමයි දෙකයි වයස fifty.. ඇන්ටි Course Degree,බලපන් මාර ඩිකිය පූජගෙ පිට පූජපිටිය තොරණක් වාගෙ තොට ලඟ කරාබුවක් ඇගෙ හොට ලඟ බෙල්ලට මාල පහයි නංගිට ළමයි දෙකයි වයස fifty.. ඇන්ටි Course Degree,Harassment,0.729,Harassment,0.9004
පොල්ල පොල්ල පොල්ල අරන් තොට ගහල ගහල ගහල,පොල්ල පොල්ල පොල්ල අරන් තොට ගහල ගහල ගහල,Harassment,0.5796,Harassment,0.9844
", ගහප් තොට ඇටේ ගැලවෙන්න",", ගහප් තොට ඇටේ ගැලවෙන්න",Harassment,0.6118,Harassment,0.7178
දෙන්නම් මගේ මැනික ගෙදර ගිහිම් පැනි වරකා... ඉදපන් තොට තව දෙන්න.ඇද්ද ඇද්ද... ගෙනෙම් උබේ ටට්ටම බය නෑ ඩෝ මම්.,දෙන්නම් මගේ මැනික ගෙදර ගිහිම් පැනි වරකා... ඉදපන් තොට තව දෙන්න.ඇද්ද ඇද්ද... ගෙනෙම් උබේ ටට්ටම බය නෑ ඩෝ මම්.,Harassment,0.7837,Harassment,0.8877
ආආ ඇදපන්කො මගෙ කකුලෙන් ගහනවා තොට පයින් *ක් ගැවෙන්න..,ආආ ඇදපන්කො මගෙ කකුලෙන් ගහනවා තොට පයින් *ක් ගැවෙන්න..,Harassment,0.7905,Harassment,0.6714
අනේ කොල්ලෝ තාම ඇටෙන් පොත්තෙන් එළියට ඇවිත් නෑ. ඒත් හොයන්නේ ආච්චිලාගේ වැල තං. පොතක් පතක් බලං හැදියං. නැත්තං තොට කොයි තනත් නැති වෙයි.,අනේ කොල්ලෝ තාම ඇටෙන් පොත්තෙන් එළියට ඇවිත් නෑ. ඒත් හොයන්නේ ආච්චිලාගේ වැල තං. පොතක් පතක් බලං හැදියං. නැත්තං තොට කොයි තනත් නැති වෙයි.,Harassment,0.4817,Harassment,0.8872
ඉඳපන් හෙට වැව රවුමට ඇවිත් අමතන්න සද්දෙට තිශා තෝ කැ* හු#%*# පො&$%^ ප¥*# ඉදපන් තොට හු+%#€ වේ#* තිෂ් දිස්සනයකේ · 29 ජුල 2018 කුරුනෑගල දරුවන් වැව රවුමට පැමින මාව අමතන්න. ඔබට ජය,ඉඳපන් හෙට වැව රවුමට ඇවිත් අමතන්න සද්දෙට තිශා තෝ කැ* හු#%*# පො&$%^ ප¥*# ඉදපන් තොට හු+%#€ වේ#* තිෂ් දිස්සනයකේ · 29 ජුල 2018 කුරුනෑගල දරුවන් වැව රවුමට පැමින මාව අමතන්න. ඔබට ජය,Harassment,0.5693,Harassment,0.8516
"""ගහනවා තොට මඩු වලිගෙන්""","""ගහනවා තොට මඩු වලිගෙන්""",Harassment,0.5601,Harassment,0.9619
"මේක අහපල්ලකෝ, පුක උඩ දාගෙන වැන්ඳට තොපේ අම්ම මේ ලෝකේ හොඳම අම්ම වුනාට , තොපේ අම්මට බුදු වෙන්න බෑ වඳ පකෝ. හූ ... හූ... ඇද්ද තොපිට?","මේක අහපල්ලකෝ, පුක උඩ දාගෙන වැන්ඳට තොපේ අම්ම මේ ලෝකේ හොඳම අම්ම වුනාට , තොපේ අම්මට බුදු වෙන්න බෑ වඳ පකෝ. හූ ... හූ... ඇද්ද තොපිට?",Harassment,0.6885,Harassment,0.9878
පොන්නයෝ 3 දෙනාගේ පොන්න ජවනිකාව. චාමරට නෙවෙයි ළග පහතක හිටියනම් තොපි ගැන බලා ගන්න තිබ්බා ගොබ්බයෝ. තොපි පිරිමි... උර්ල්,පොන්නයෝ 3 දෙනාගේ පොන්න ජවනිකාව. චාමරට නෙවෙයි ළග පහතක හිටියනම් තොපි ගැන බලා ගන්න තිබ්බා ගොබ්බයෝ. තොපි පිරිමි... උර්ල්,Harassment,0.5938,Harassment,0.7144
සරම මතක් වෙන්නෙ. තූ තොපි වේස කොල්ලො,සරම මතක් වෙන්නෙ. තූ තොපි වේස කොල්ලො,Harassment,0.4939,Harassment,0.6299
"අපේ බල්ලට පාන් දුන්නොත් ""උඹෙ ආච්චිට හාල්ගරන්න කැ*යා තොපි බත් ගිල ගිල මට පාන් දෙන්න.තෝ හිතුවද අපි ඔටුවෝ කියල හු*ගන්නෙ නැතුව බත් දීපන්. කියනව WinD · 22 ජුන් 2017 අපේ බල්ලට පාං ගෙඩියකුයි පිහියකුයි දුන්නම පෙති කපාගෙන ලස්සනට කනවා.","අපේ බල්ලට පාන් දුන්නොත් ""උඹෙ ආච්චිට හාල්ගරන්න කැ*යා තොපි බත් ගිල ගිල මට පාන් දෙන්න.තෝ හිතුවද අපි ඔටුවෝ කියල හු*ගන්නෙ නැතුව බත් දීපන්. කියනව WinD · 22 ජුන් 2017 අපේ බල්ලට පාං ගෙඩියකුයි පිහියකුයි දුන්නම පෙති කපාගෙන ලස්සනට කනවා.",Harassment,0.5444,Harassment,0.8579
පොන්න තම්බී තමංගේ මිත්‍යා දෘෂ්ටි නිසා අහිංසක ළමයි මරනවා.. තොපිට කන්‍යාවීයෝ ඕන නම් මැරියවු. ඔය අහිංසක ළමයි අපිට දීලා.. අපි හදා ගන්නං ලක එඅස්තෙරත්තක්ක්ස්ල,පොන්න තම්බී තමංගේ මිත්‍යා දෘෂ්ටි නිසා අහිංසක ළමයි මරනවා.. තොපිට කන්‍යාවීයෝ ඕන නම් මැරියවු. ඔය අහිංසක ළමයි අපිට දීලා.. අපි හදා ගන්නං ලක එඅස්තෙරත්තක්ක්ස්ල,Harassment,0.6929,Harassment,0.9746
වේවැල්පාර කන්න කැමති එවුන් ලගට වරෙව්. දෙනවා තොපි ඔක්කෝටම මකබෑවිලා යන්න.,වේවැල්පාර කන්න කැමති එවුන් ලගට වරෙව්. දෙනවා තොපි ඔක්කෝටම මකබෑවිලා යන්න.,Harassment,0.5962,Harassment,0.7261
නැත්තන් හුත්තෝ වෙන කව්ද? අදාල දවස් වලට ලොක්ඩවුන් නොකර හුකන ඡන්දය්කට පුක දීලා දැන් මෙතන පහක් මැරුණටත් පස්සේ පකක් කියවනවා. කඩෙ ගියාට කමක් නෑ ෆේක් වලින් මෙතන පුක දීලා අප්පට හමන්න්ගන්න එපා. තොපි ඔක්කොම එකයි ජංගි වාටි හරක්. කාලේ කන්න එපා වේසාවෝ හැම එකටම රිප්ලයි කර කර. වදයක් සිරාවට.,නැත්තන් හුත්තෝ වෙන කව්ද? අදාල දවස් වලට ලොක්ඩවුන් නොකර හුකන ඡන්දය්කට පුක දීලා දැන් මෙතන පහක් මැරුණටත් පස්සේ පකක් කියවනවා. කඩෙ ගියාට කමක් නෑ ෆේක් වලින් මෙතන පුක දීලා අප්පට හමන්න්ගන්න එපා. තොපි ඔක්කොම එකයි ජංගි වාටි හරක්. කාලේ කන්න එපා වේසාවෝ හැම එකටම රිප්ලයි කර කර. වදයක් සිරාවට.,Harassment,0.7178,Harassment,0.9746
"උර්ල් දෙමළෙක් ,තොපි කොටි, පෙති ගහනවා - මඩකලපුවේ හිමිනමක් උර්ල් via","උර්ල් දෙමළෙක් ,තොපි කොටි, පෙති ගහනවා - මඩකලපුවේ හිමිනමක් උර්ල් via",Harassment,0.6753,Harassment,0.8867
කාලකණ්ණි පාහර උන්ප් හැත්ත අපේ ෆෙස්බුක් පෙජ් රිපොට් කරන්නෙ ගොටාට සහය දක්වන එක උහුලන්න බැරිවද සක්කිලි තොපි අනිවාර්යයෙන් පරදිනවා බල්ලොට ජාතක උන පක්කලි වැඩ කරන අවජාතක හැත්ත,කාලකණ්ණි පාහර උන්ප් හැත්ත අපේ ෆෙස්බුක් පෙජ් රිපොට් කරන්නෙ ගොටාට සහය දක්වන එක උහුලන්න බැරිවද සක්කිලි තොපි අනිවාර්යයෙන් පරදිනවා බල්ලොට ජාතක උන පක්කලි වැඩ කරන අවජාතක හැත්ත,Harassment,0.7666,Harassment,0.9512
"නීවිට් අවජාතක,වහල් බල්ලා..!!! තොපි වලව්වේ වැසිකිලි ගොඩදාන හැත්ත..!!!!!","නීවිට් අවජාතක,වහල් බල්ලා..!!! තොපි වලව්වේ වැසිකිලි ගොඩදාන හැත්ත..!!!!!",Harassment,0.6128,Harassment,0.8086
තොපි ලෝචනාට අනන්මනන් කියපන් ඒත් ලෝචනාගෙ නංගිට කෝචොක් කරලා අහුවෙන්න එපා කපනවා තොපි එකා එකා,තොපි ලෝචනාට අනන්මනන් කියපන් ඒත් ලෝචනාගෙ නංගිට කෝචොක් කරලා අහුවෙන්න එපා කපනවා තොපි එකා එකා,Harassment,0.5127,Harassment,0.9395
ට්වි එකටත් ලේසර් එක හයි කරලා තියෙන්නේ ඕනෑම කෙනෙකුව කපන්න පුළුවන් ...ඇන්ටනාවට යන වයර් එකේ ටීවී එක ගාව තියන පොඩි පෙට්ටියේ ලේදී බලුබ් එක ....තොපිට මව මරන්ඩ ඕනනම් මරපියව් පොන්න වැඩ කරලා මොලේ ලේසර් එකෙන් දැන් කීපාරක් කැපුවද ....පොන්න බාලෝ මගේ ශක්තීය නැති කරලද මාව කපන්නේකොම්පිඋටර්,ට්වි එකටත් ලේසර් එක හයි කරලා තියෙන්නේ ඕනෑම කෙනෙකුව කපන්න පුළුවන් ...ඇන්ටනාවට යන වයර් එකේ ටීවී එක ගාව තියන පොඩි පෙට්ටියේ ලේදී බලුබ් එක ....තොපිට මව මරන්ඩ ඕනනම් මරපියව් පොන්න වැඩ කරලා මොලේ ලේසර් එකෙන් දැන් කීපාරක් කැපුවද ....පොන්න බාලෝ මගේ ශක්තීය නැති කරලද මාව කපන්නේකොම්පිඋටර්,Harassment,0.7847,Harassment,0.769
""" තොගේ හොම්බ තලනවා පරයා.. තෝ දෙමළෙක්..දෙමළාගේ අධිකරණයත් ඉවරයි..තම්බියාගේ අධිකරණයත් ඉවරයි..තොපිට පුළුවන්ද අපිව... උර්ල්",""" තොගේ හොම්බ තලනවා පරයා.. තෝ දෙමළෙක්..දෙමළාගේ අධිකරණයත් ඉවරයි..තම්බියාගේ අධිකරණයත් ඉවරයි..තොපිට පුළුවන්ද අපිව... උර්ල්",Harassment,0.7568,Harassment,0.9658
කෙල්ලක් දාගන්න බැරිනම් වැලක් බලන් අතේ ගහපන් පකෝ... දකින දකින කෙල්ලට බඩුව කිය කිය හැමිනෙන්න හදන තොපි වගේ එවුන් තමා දවසක අහේනිය නිසාම වාහන වල දුම් බට වලටත් අරින්නෙ #වැලිකතරේපොන්නරජා,කෙල්ලක් දාගන්න බැරිනම් වැලක් බලන් අතේ ගහපන් පකෝ... දකින දකින කෙල්ලට බඩුව කිය කිය හැමිනෙන්න හදන තොපි වගේ එවුන් තමා දවසක අහේනිය නිසාම වාහන වල දුම් බට වලටත් අරින්නෙ #වැලිකතරේපොන්නරජා,Harassment,0.6284,Harassment,0.9106
ඇයි මස්සිනේ පෙම් කලේ තොපි එක මලට දේසිකා එක අතකින් ඉහත බදන් අනිත් අත ඉනට තියන්,ඇයි මස්සිනේ පෙම් කලේ තොපි එක මලට දේසිකා එක අතකින් ඉහත බදන් අනිත් අත ඉනට තියන්,Harassment,0.6968,Harassment,0.582
"තොපි පර දෙමල්ලූ, එනවා මෙතන පුතාව සුද්ද කරන්න! අම්මාට.......පිය, තොප හු..... ඕන තැනකට පලයල්ලා!! පියා හා මව... උර්ල්","තොපි පර දෙමල්ලූ, එනවා මෙතන පුතාව සුද්ද කරන්න! අම්මාට.......පිය, තොප හු..... ඕන තැනකට පලයල්ලා!! පියා හා මව... උර්ල්",Harassment,0.7861,Harassment,0.8804
"පළවෙනි රිප්ලයි එක:මචන්,අයියේ,අක්කේ,හලෝ.අලෝ දෙවෙනි රිපල්යි එක:අඩෝ,ඔයා,තෝ, තොපි . . . .(n+1)රිප්ලයි එක :වේසි,පොන්$යා,පක$,උබේ අම්මට හි$කුවේ බල්ලෙද,... ස්ල්පගෙඅද්මින්ස්බෙලිකෙ","පළවෙනි රිප්ලයි එක:මචන්,අයියේ,අක්කේ,හලෝ.අලෝ දෙවෙනි රිපල්යි එක:අඩෝ,ඔයා,තෝ, තොපි . . . .(n+1)රිප්ලයි එක :වේසි,පොන්$යා,පක$,උබේ අම්මට හි$කුවේ බල්ලෙද,... ස්ල්පගෙඅද්මින්ස්බෙලිකෙ",Harassment,0.6147,Harassment,0.9668
"පලයන් අඩුකුලේ එකා යන්න..!!! තොපි අම්ම තාත්තගේ විහිළු වලින් රටේ, රටේ කරුමෙට ඉපදුන එවුන්..!!!!! අනුන්ගේ ජාතකේ හොයන්ට කලින් උබේ නියම අම්ම තාත්ත හොයාගනින්..!!!!!","පලයන් අඩුකුලේ එකා යන්න..!!! තොපි අම්ම තාත්තගේ විහිළු වලින් රටේ, රටේ කරුමෙට ඉපදුන එවුන්..!!!!! අනුන්ගේ ජාතකේ හොයන්ට කලින් උබේ නියම අම්ම තාත්ත හොයාගනින්..!!!!!",Harassment,0.5337,Harassment,0.9824
එක්කර අතැගිලි අරගෙන සැණකෙළි මගුලට කෙල උනේ උන දැන් මලකෙලි දාගෙන ලීකෙලි වටේම ගිනිකෙළි රති කෙලියට ලොල් උන තොපි සක්කිලි කන් කන් බුරූ පැදපන් පාරූ ලැජ්ජයි නේද ගැහුවොත් බුරූ ඕන්ඩු රේන්ඩු මූන්රු නාරූ ගැනලා හදපන් කොටුවක් ඌරූ,එක්කර අතැගිලි අරගෙන සැණකෙළි මගුලට කෙල උනේ උන දැන් මලකෙලි දාගෙන ලීකෙලි වටේම ගිනිකෙළි රති කෙලියට ලොල් උන තොපි සක්කිලි කන් කන් බුරූ පැදපන් පාරූ ලැජ්ජයි නේද ගැහුවොත් බුරූ ඕන්ඩු රේන්ඩු මූන්රු නාරූ ගැනලා හදපන් කොටුවක් ඌරූ,Harassment,0.7817,Harassment,0.6465
"ගහනව පොල්, කියනව වස් කවි තොපි ඔක්කොම හැදි ගෑවෙන්න... ස්රිලංකංථ්රෙඅත්ස","ගහනව පොල්, කියනව වස් කවි තොපි ඔක්කොම හැදි ගෑවෙන්න... ස්රිලංකංථ්රෙඅත්ස",Harassment,0.564,Harassment,0.9707
"තථාගත : “සුමනයෙනි, ඉදින් ඒ මිනිස්සු තොපට අතින් පයින් තැළුවාහු නම් එකල්හි තොපි කුමක් කරන්නාහු ද?” සුමන : “උන්ගේ අම්මලට හුxxx වර කැxx. ”","තථාගත : “සුමනයෙනි, ඉදින් ඒ මිනිස්සු තොපට අතින් පයින් තැළුවාහු නම් එකල්හි තොපි කුමක් කරන්නාහු ද?” සුමන : “උන්ගේ අම්මලට හුxxx වර කැxx. ”",Harassment,0.6489,Harassment,0.7246
කෑවොත් මෝරගේ උගුරේ කටු හිරවෙලා මැරෙන හුජ්ජ කොල්ලොත් ගෝටා ආවෝත් සුදූ වෑන් එකෙන් උස්සලා මෝරට කන්ඩ දාවිලු. තොපි වගේ මන්ද පෝසනෙන් පෙලෙන හිගන්නු මෝරෙක්වත් කන් නෑ ඕයි,කෑවොත් මෝරගේ උගුරේ කටු හිරවෙලා මැරෙන හුජ්ජ කොල්ලොත් ගෝටා ආවෝත් සුදූ වෑන් එකෙන් උස්සලා මෝරට කන්ඩ දාවිලු. තොපි වගේ මන්ද පෝසනෙන් පෙලෙන හිගන්නු මෝරෙක්වත් කන් නෑ ඕයි,Harassment,0.4954,Harassment,0.9546
තොපිද තොපිද තොපි ඇවිල්ලා දාර දඩාර.. දාර තියෙන බඩු ව ව අම්බෝ බඩ ව,තොපිද තොපිද තොපි ඇවිල්ලා දාර දඩාර.. දාර තියෙන බඩු ව ව අම්බෝ බඩ ව,Harassment,0.7188,Harassment,0.958
මං ඉස්සර ට්ව බැලුවා. බත් කන වෙලාවට හර්පික් වේසිගෙ පුතාලා ලැට් හෝදන ඇඩ් පෙන්නන්න ගත්තම අතෑරුණා.#Koombiyo එක්ක ආයෙ ට්ව බලන්න ගත්තා. තාමත් හාපික් බැල්ලිගෙ පුත්තු ඉන්නවා. තොපි කන්න නැතුව මැරියව් සක්කිලි හැත්ත.,මං ඉස්සර ට්ව බැලුවා. බත් කන වෙලාවට හර්පික් වේසිගෙ පුතාලා ලැට් හෝදන ඇඩ් පෙන්නන්න ගත්තම අතෑරුණා.#Koombiyo එක්ක ආයෙ ට්ව බලන්න ගත්තා. තාමත් හාපික් බැල්ලිගෙ පුත්තු ඉන්නවා. තොපි කන්න නැතුව මැරියව් සක්කිලි හැත්ත.,Harassment,0.6284,Harassment,0.9751
අවජාතක වේස බල්ලෝ තොපිලා මේ දේ කලේ උදේ ආහය ගැනිමට අපු අපේ ස්වාමින්වහන්සේලට නේද බොලවු. මතක තියා ගනියවු මේ දේ කරපු... උර්ල්,අවජාතක වේස බල්ලෝ තොපිලා මේ දේ කලේ උදේ ආහය ගැනිමට අපු අපේ ස්වාමින්වහන්සේලට නේද බොලවු. මතක තියා ගනියවු මේ දේ කරපු... උර්ල්,Harassment,0.5093,Harassment,0.8555
කට්ටඬියව තල්ලු කරපන්කො බලන්න හූල්ලගෙන වැටෙන්නෙ තොපි ඔක්කොම හැඳි ගෑවෙන්න එක්කෙනෙක් හැර..,කට්ටඬියව තල්ලු කරපන්කො බලන්න හූල්ලගෙන වැටෙන්නෙ තොපි ඔක්කොම හැඳි ගෑවෙන්න එක්කෙනෙක් හැර..,Harassment,0.4854,Harassment,0.9346
"තෙල්දෙණිය සිද්දිය අවුලවපු සිංහලේ කියාගත්තු පර වේස බල්ලොන්ට දැං සතුටුද..?? අහිංසක සිංහල මිනිස්සු,,මුස්ලිම් මිනිස්සු දැං මැරෙනවා..තුවාල වෙනවා... පොන්ම හැත්ත..තොපිට ඕන උනේ ඕකනෙ... කාළකණ්නි...කාපියව් රට... සිංහලේ... හුත්ත ගහගනින් පුකේ..","තෙල්දෙණිය සිද්දිය අවුලවපු සිංහලේ කියාගත්තු පර වේස බල්ලොන්ට දැං සතුටුද..?? අහිංසක සිංහල මිනිස්සු,,මුස්ලිම් මිනිස්සු දැං මැරෙනවා..තුවාල වෙනවා... පොන්ම හැත්ත..තොපිට ඕන උනේ ඕකනෙ... කාළකණ්නි...කාපියව් රට... සිංහලේ... හුත්ත ගහගනින් පුකේ..",Harassment,0.6104,Harassment,0.6729
විල්පත්තු ---------- ජාති ආලේ ගත්තු කැරි නර සත්තු කළා ගිනි පත්තු හේත්තු වී මායිමට විල්පත්තු ඡන්දෙට බැලුවේ ඔත්තු බොරු කෙබර අතේ පත්තු තොපි කැව්ව ද වඳ කොත්තු ඌරු පුකට දැන් දීපිය තොත්තු,විල්පත්තු ---------- ජාති ආලේ ගත්තු කැරි නර සත්තු කළා ගිනි පත්තු හේත්තු වී මායිමට විල්පත්තු ඡන්දෙට බැලුවේ ඔත්තු බොරු කෙබර අතේ පත්තු තොපි කැව්ව ද වඳ කොත්තු ඌරු පුකට දැන් දීපිය තොත්තු,Harassment,0.5791,Harassment,0.9863
ඉස්සරවෙලා මවු බිසවට කථා කරලා තත්තා කවුද කියලා හොයා ගනින් හරියටම. තොපි වගේ අවජාතක උන් ලැබිලා තියෙන්න මේ රටේ කරුමෙට.,ඉස්සරවෙලා මවු බිසවට කථා කරලා තත්තා කවුද කියලා හොයා ගනින් හරියටම. තොපි වගේ අවජාතක උන් ලැබිලා තියෙන්න මේ රටේ කරුමෙට.,Harassment,0.7163,Harassment,0.9702
පරහැත්ත තොපි කොටි තොපිට පුළුවන්ද අපිව එලවන්න තොගෙ හොම්බ තලනවා මං විල්පත්තුවට නඩු දාපියවු - උර්ල් උර්ල්,පරහැත්ත තොපි කොටි තොපිට පුළුවන්ද අපිව එලවන්න තොගෙ හොම්බ තලනවා මං විල්පත්තුවට නඩු දාපියවු - උර්ල් උර්ල්,Harassment,0.6606,Harassment,0.8398
මිනී මරන්න කොටන්න හැමිනෙන්න විඔම්බ ගහන්න කඩු කිනිසි ගෙනත් රෙද්ද අස්සෙ පල්ලිය අස්සෙ ගහගෙන ඉන්න හොඳයි.. බඩු මාට්ටු උනාම ඇල්ලුවම පෙන්නනකොට තමා තොපි හැමෝටම විලි ලැජ්ජ...!.... අනේ මේ,මිනී මරන්න කොටන්න හැමිනෙන්න විඔම්බ ගහන්න කඩු කිනිසි ගෙනත් රෙද්ද අස්සෙ පල්ලිය අස්සෙ ගහගෙන ඉන්න හොඳයි.. බඩු මාට්ටු උනාම ඇල්ලුවම පෙන්නනකොට තමා තොපි හැමෝටම විලි ලැජ්ජ...!.... අනේ මේ,Harassment,0.7686,Harassment,0.8296
"මේක යුරෝප් කියල හිතන් හිරට ඇඳගෙන, කොටට ඇඳගෙන පුක නලව නලව ගියාට කමක් නෑ කෙල්ලේ, තොපි Posh උනේ ඇඳුමෙන් නම් මතක... උර්ල්","මේක යුරෝප් කියල හිතන් හිරට ඇඳගෙන, කොටට ඇඳගෙන පුක නලව නලව ගියාට කමක් නෑ කෙල්ලේ, තොපි Posh උනේ ඇඳුමෙන් නම් මතක... උර්ල්",Harassment,0.6191,Harassment,0.916
දේශපාලනය අදාල නෑ. අවජාතක වේසිගේ පුත්තුන්ට කොහෙත්ම අයිතියක් නෑ මාලිගාවට පුක පෙන්නලා ෆොටෝ දාන්න.. පටන්ගත්ත නැතම ඉවරයි....මුන්ටම පුකදෙන සක්කිලි චීවරධාරියෝ ඉන්නවානේ. පක්ෂය අදාල නෑ. තොපිටනම් හොඳක් වෙන්නේ නෑ.,දේශපාලනය අදාල නෑ. අවජාතක වේසිගේ පුත්තුන්ට කොහෙත්ම අයිතියක් නෑ මාලිගාවට පුක පෙන්නලා ෆොටෝ දාන්න.. පටන්ගත්ත නැතම ඉවරයි....මුන්ටම පුකදෙන සක්කිලි චීවරධාරියෝ ඉන්නවානේ. පක්ෂය අදාල නෑ. තොපිටනම් හොඳක් වෙන්නේ නෑ.,Harassment,0.6621,Harassment,0.9834
"කැරි අාතල් ගන්න එපා ඕයි , චීන භාශා පන්ති පටන් ගමු.. ටෞකන්ඩ මොන සිපයියොද පකෝ හොයාගනිම් පොල්කට්ටක් හැන්ගෙන්න. . . මේ පොන්න කන්නගේ කතාව තමා....උබ බබා. නිකන් පල උට්ටො ඈ හුත්තො තොපි වගේ ගං කබර වහල්ලු ඉන්නකං උන්ට හොඳයි.. පුක දකින නායකත්වය සාටකේ දාගෙන බෙල්ල හිරකර ගන්න තමයි වෙන්නේ.","කැරි අාතල් ගන්න එපා ඕයි , චීන භාශා පන්ති පටන් ගමු.. ටෞකන්ඩ මොන සිපයියොද පකෝ හොයාගනිම් පොල්කට්ටක් හැන්ගෙන්න. . . මේ පොන්න කන්නගේ කතාව තමා....උබ බබා. නිකන් පල උට්ටො ඈ හුත්තො තොපි වගේ ගං කබර වහල්ලු ඉන්නකං උන්ට හොඳයි.. පුක දකින නායකත්වය සාටකේ දාගෙන බෙල්ල හිරකර ගන්න තමයි වෙන්නේ.",Harassment,0.6484,Harassment,0.9219
ඔයා දන්නවද... ඔයාගේ ඇස් තමයි... සංස්කෘතිය හු#තෝ. ඔයාට මගේම වෙ.... පේජ් දම්මල ගස්සන්නේ හු#තෝ. දන්නවද ආදරේ.... තොපි ජංගි ඉබින පොන්නයෝ හු#තෝ. ඔයාගේ සැනසීම.... තොගේ අහවල් එක අතුල්ල ගනින් බිත්තියේ හු#තෝ. . . . ටෞ#ඩ ලව් කරන්ඩවත් නෑ ඕයි.,ඔයා දන්නවද... ඔයාගේ ඇස් තමයි... සංස්කෘතිය හු#තෝ. ඔයාට මගේම වෙ.... පේජ් දම්මල ගස්සන්නේ හු#තෝ. දන්නවද ආදරේ.... තොපි ජංගි ඉබින පොන්නයෝ හු#තෝ. ඔයාගේ සැනසීම.... තොගේ අහවල් එක අතුල්ල ගනින් බිත්තියේ හු#තෝ. . . . ටෞ#ඩ ලව් කරන්ඩවත් නෑ ඕයි.,Harassment,0.7158,Harassment,0.9619
ඔව් ඉතින් තොපි තම්බියොනේ තම්බියා ඉතින් ඇටේ විකුනුවොත් තමයි මොකද පක තියෙන්නේ 4/3යිනේ අනිත් ටික කපලනේ,ඔව් ඉතින් තොපි තම්බියොනේ තම්බියා ඉතින් ඇටේ විකුනුවොත් තමයි මොකද පක තියෙන්නේ 4/3යිනේ අනිත් ටික කපලනේ,Harassment,0.5288,Harassment,0.769
"උඹලට මහන්සියෙන් උගන්නලා ඔතනට යැව්ව තොපින්ගෙ අම්මලා ඕවා දැනගත්ත දාට ඒ මිනිස්සුන්ට හිතෙයි මොකට උඹලා වගේ අවජාතක කාළකන්නි වැදුවද කියලා, වැදූ ගෙයි මරලා දාන්නෙ නැතුව.. මේ දේවල් වලට ගන්න ඕන ක්‍රියාමාර්ග ගනීද නැද්ද දන්නෑ. හැබැයි ඒ කොහොම වුනත් උන්ට සාප වෙනවා මේ කරන අපරාධ වලට..","උඹලට මහන්සියෙන් උගන්නලා ඔතනට යැව්ව තොපින්ගෙ අම්මලා ඕවා දැනගත්ත දාට ඒ මිනිස්සුන්ට හිතෙයි මොකට උඹලා වගේ අවජාතක කාළකන්නි වැදුවද කියලා, වැදූ ගෙයි මරලා දාන්නෙ නැතුව.. මේ දේවල් වලට ගන්න ඕන ක්‍රියාමාර්ග ගනීද නැද්ද දන්නෑ. හැබැයි ඒ කොහොම වුනත් උන්ට සාප වෙනවා මේ කරන අපරාධ වලට..",Harassment,0.7954,Harassment,0.9375
"පල්ලි වලින් කඩු හොයාගද්දි, කඩු එක්ක මුස්ලිම් උන් අත්අඩංගුවට ගද්දි කටයි පුකයි වහගෙන හිටපු පොන්න වේසිගෙ පුතාල දැන් එනව කඩු වලින් මාලු කපනව කියාගෙන. මේව දකිද්දි නම් ඇඟේ මාලු නටනව ඇත්තමයි අම්මගෙ රෙද්දෙ සහජීවනේ කියල දෙකක් කියල දාන්න. තොපි මොක්කුද?","පල්ලි වලින් කඩු හොයාගද්දි, කඩු එක්ක මුස්ලිම් උන් අත්අඩංගුවට ගද්දි කටයි පුකයි වහගෙන හිටපු පොන්න වේසිගෙ පුතාල දැන් එනව කඩු වලින් මාලු කපනව කියාගෙන. මේව දකිද්දි නම් ඇඟේ මාලු නටනව ඇත්තමයි අම්මගෙ රෙද්දෙ සහජීවනේ කියල දෙකක් කියල දාන්න. තොපි මොක්කුද?",Harassment,0.5698,Harassment,0.9854
භානුක වැරදියි අර බඩු කාරයෝ තුන් දෙනා වැරදි නැ හරි බං එල.තොපිත් එකයි තොපේ වේස ක්‍රිකටුත් එකයි.,භානුක වැරදියි අර බඩු කාරයෝ තුන් දෙනා වැරදි නැ හරි බං එල.තොපිත් එකයි තොපේ වේස ක්‍රිකටුත් එකයි.,Harassment,0.5732,Harassment,0.9424
කඩි පඩ පුක වෙඩි දෙන තොපි තමයි රොඩී හිතින් තරු කටින් මරන් තළු ඔළුගෙඩි වල බොලෑ බැඳිලද පාසි ආදි කාලේ ඉඳන් සුද්දට පුක දෙන එක කලාවක් බං සිංහලයට කටින් තමා දැන්නං ගොඩක් උන්ගෙ වැඩ පස්සේ නෑ බං රිදවන්නේ පොඩි උන්ගෙ හිත කට කෑවත් හුත්තො කියන්නේ මම ඇත්ත මාරු කරං පැත්ත තොපි දාන්නේ බොරු මොත්ත,කඩි පඩ පුක වෙඩි දෙන තොපි තමයි රොඩී හිතින් තරු කටින් මරන් තළු ඔළුගෙඩි වල බොලෑ බැඳිලද පාසි ආදි කාලේ ඉඳන් සුද්දට පුක දෙන එක කලාවක් බං සිංහලයට කටින් තමා දැන්නං ගොඩක් උන්ගෙ වැඩ පස්සේ නෑ බං රිදවන්නේ පොඩි උන්ගෙ හිත කට කෑවත් හුත්තො කියන්නේ මම ඇත්ත මාරු කරං පැත්ත තොපි දාන්නේ බොරු මොත්ත,Harassment,0.7583,Harassment,0.9521
ක්‍රිකට් කාපු සුමතිට හෙන ගහපන් ඔකෙ ඇතුලේ ඉන්න ඔකාට කඩේ යන උන්ගේ ලමයිට පරම්පරාවලට පොතු කබර වසුරිය හැදිලා පාරේ බල්ලො බලලු වගේ මැරිලා පලයන්. තූ තොපිලා ඔක්කොම එකතුවෙලා අපි පොඩි කාලේ ඉදලා අදරේ කරපු ක්‍රිඩාව නැති කරලා දැම්මා. වෙස බල්ලො.,ක්‍රිකට් කාපු සුමතිට හෙන ගහපන් ඔකෙ ඇතුලේ ඉන්න ඔකාට කඩේ යන උන්ගේ ලමයිට පරම්පරාවලට පොතු කබර වසුරිය හැදිලා පාරේ බල්ලො බලලු වගේ මැරිලා පලයන්. තූ තොපිලා ඔක්කොම එකතුවෙලා අපි පොඩි කාලේ ඉදලා අදරේ කරපු ක්‍රිඩාව නැති කරලා දැම්මා. වෙස බල්ලො.,Harassment,0.5483,Harassment,0.8994
", අනේහ් නිකං හුකාපං වේසි තර්ඩ් ක්ලාස් ලු සිංහලෙන් කතා කරපු පළියට. කියවපං බොල, පුක දෙන්නැති බයියෙක් වෙන්නෙපා කිව්වෙ. තොපිලට කඩ්ඩ පොඩ්ඩක් කතා කෙරුවම tissue එකෙන් පුක පිහදාගන්න පටන් ගන්නවා",", අනේහ් නිකං හුකාපං වේසි තර්ඩ් ක්ලාස් ලු සිංහලෙන් කතා කරපු පළියට. කියවපං බොල, පුක දෙන්නැති බයියෙක් වෙන්නෙපා කිව්වෙ. තොපිලට කඩ්ඩ පොඩ්ඩක් කතා කෙරුවම tissue එකෙන් පුක පිහදාගන්න පටන් ගන්නවා",Harassment,0.7236,Harassment,0.9639
ලාංකික පොන්න ආණ්ඩුව හෙන ගහපන්..... තොපි සිංහල ජාතියක් වශයෙන් මෙහෙම කට වහගෙන ඉන්න එපව් බොල... හෙට වෙද්දි දන්නෙම නැතුව අපිටම හුකල යයි...තොපි කාල බීල රීලා කට වහගෙන ඉන්න හැකිතාක් මේ පොන්න හුත්තේ ආණ්ඩුව තව තවත් කැලෑ... උර්ල්,ලාංකික පොන්න ආණ්ඩුව හෙන ගහපන්..... තොපි සිංහල ජාතියක් වශයෙන් මෙහෙම කට වහගෙන ඉන්න එපව් බොල... හෙට වෙද්දි දන්නෙම නැතුව අපිටම හුකල යයි...තොපි කාල බීල රීලා කට වහගෙන ඉන්න හැකිතාක් මේ පොන්න හුත්තේ ආණ්ඩුව තව තවත් කැලෑ... උර්ල්,Harassment,0.6587,Harassment,0.9653
"ඇලඩින් ඇවිල්ලා දැම්මේ නෑ, හැබැයි දන්නෝ දනිති තොපි බැල්ලිගෙ පුතාල තුන්ඩු කෑලි දොරවල් යටින් දැම්මා කියල නම්. උර්ල්","ඇලඩින් ඇවිල්ලා දැම්මේ නෑ, හැබැයි දන්නෝ දනිති තොපි බැල්ලිගෙ පුතාල තුන්ඩු කෑලි දොරවල් යටින් දැම්මා කියල නම්. උර්ල්",Harassment,0.5635,Harassment,0.5532
දැන් තොපේ ජාතියේම ගෑණි නවනිදිපිල්ලේ හිටියා ලැබුනාද හූණු බිජ්ජක්වක් එ්කියෙන්......??? එහෙනම් මුස්ලිම් එකාවද උඹලා විස්වාස කරගෙන ඉන්නේ.... ??? මෝඩ ගොන් හැතිකරේ.....තොපි !,දැන් තොපේ ජාතියේම ගෑණි නවනිදිපිල්ලේ හිටියා ලැබුනාද හූණු බිජ්ජක්වක් එ්කියෙන්......??? එහෙනම් මුස්ලිම් එකාවද උඹලා විස්වාස කරගෙන ඉන්නේ.... ??? මෝඩ ගොන් හැතිකරේ.....තොපි !,Harassment,0.7026,Harassment,0.5591
අපිත් එක්ක සහජීවනයෙන් අපට කරදරයක් නැතිව තොපිට ඉන්න බැරි නම් තොපිට ගහලා එළවන්න ඉස්සර තොපි යන දීපන්කරයකට තොලොංචි වෙලා පලයව්... පර හැත්ත... !,අපිත් එක්ක සහජීවනයෙන් අපට කරදරයක් නැතිව තොපිට ඉන්න බැරි නම් තොපිට ගහලා එළවන්න ඉස්සර තොපි යන දීපන්කරයකට තොලොංචි වෙලා පලයව්... පර හැත්ත... !,Harassment,0.5005,Harassment,0.7349
ඉතින් වද පොන්නයෝ තෝ හිතුවද තොපි වගේ මේකේ බින්න බැහැගෙන ඉන්නවා කියලා අපිට අපේ වැඩ තියනවා අනිත් දවසේ කලින් කියලා වරෙන් මොඩ හුත්තා .. ගිහිල්ලා ඉවරවෙලා හැමනෙන්න හදන්නේ ... අනික තොට මොනවත් මම කිව්වෙවත් නෑනේ තෝ මොන හිගන කැරියෙක්ද ඕයි,ඉතින් වද පොන්නයෝ තෝ හිතුවද තොපි වගේ මේකේ බින්න බැහැගෙන ඉන්නවා කියලා අපිට අපේ වැඩ තියනවා අනිත් දවසේ කලින් කියලා වරෙන් මොඩ හුත්තා .. ගිහිල්ලා ඉවරවෙලා හැමනෙන්න හදන්නේ ... අනික තොට මොනවත් මම කිව්වෙවත් නෑනේ තෝ මොන හිගන කැරියෙක්ද ඕයි,Harassment,0.6265,Harassment,0.6558
රටේ මෙච්චර දේවල් වෙද්දි උන්ප් මීහරක් අාතල් ගන්නව...නොදකින් සක්කිලි...තොපිලවගේ සක්කිලි තමා කොරෝනා වලින් මැරිලයන්නඔ්න...රටට ජාතියට අාදරේ නැති හැතිකරේ....,රටේ මෙච්චර දේවල් වෙද්දි උන්ප් මීහරක් අාතල් ගන්නව...නොදකින් සක්කිලි...තොපිලවගේ සක්කිලි තමා කොරෝනා වලින් මැරිලයන්නඔ්න...රටට ජාතියට අාදරේ නැති හැතිකරේ....,Harassment,0.6641,Harassment,0.7744
තොට නම් හැදෙන්න දෙයක් නෑ කොහොමත් corona හැදිලා තියෙන්නේ තොපි ගියානේ එදා ගම්පහ කේප්පයා මට හිතුනොත් call කරල උබව report කරල කන්දකාඩු යවනවා දැන ගනින් මොට්ටයා අනික තෝ බතලි කිව්වට මට අවුලක් නෑ මටත් ඕනි තව ටිකක් බතල වෙන්න තමයි,තොට නම් හැදෙන්න දෙයක් නෑ කොහොමත් corona හැදිලා තියෙන්නේ තොපි ගියානේ එදා ගම්පහ කේප්පයා මට හිතුනොත් call කරල උබව report කරල කන්දකාඩු යවනවා දැන ගනින් මොට්ටයා අනික තෝ බතලි කිව්වට මට අවුලක් නෑ මටත් ඕනි තව ටිකක් බතල වෙන්න තමයි,Harassment,0.604,Harassment,0.98
ලජ්ජා වෙයන් තොපි වගේ එවන් ජාතක උනාට. ලජ්ජා වෙයන් තොපි අහිංසක මිනිස්සු මරපු කොටියට උද ගෙඩි දෙන එකට. කාලකන්නින්ගෙන්... උර්ල්,ලජ්ජා වෙයන් තොපි වගේ එවන් ජාතක උනාට. ලජ්ජා වෙයන් තොපි අහිංසක මිනිස්සු මරපු කොටියට උද ගෙඩි දෙන එකට. කාලකන්නින්ගෙන්... උර්ල්,Harassment,0.4915,Harassment,0.937
හෙට උදේ වෙනකොට මම අගමැති උනොත් තොපි සේරටම හොදට කරවෙන ආප්පෙ ගානෙ දෙනවා හතරට නමලා පුකේ ගහ ගන්න. මේවා වෙන්න පුළුවන් දේවල් ඈ....,හෙට උදේ වෙනකොට මම අගමැති උනොත් තොපි සේරටම හොදට කරවෙන ආප්පෙ ගානෙ දෙනවා හතරට නමලා පුකේ ගහ ගන්න. මේවා වෙන්න පුළුවන් දේවල් ඈ....,Harassment,0.667,Harassment,0.9155
"පොලිස් මාද්‍ය ප්‍රකාශක, තො පල ගෙදර... යුනි ෆොම් එක දිපන් ලමයෙකුට.. තොපි වගෙ උන්ට පත්විම දුන් උන්ට ගහන ඔනි මඩු වලිගෙන්.. — feeling angry","පොලිස් මාද්‍ය ප්‍රකාශක, තො පල ගෙදර... යුනි ෆොම් එක දිපන් ලමයෙකුට.. තොපි වගෙ උන්ට පත්විම දුන් උන්ට ගහන ඔනි මඩු වලිගෙන්.. — feeling angry",Harassment,0.5767,Harassment,0.7798
අඩෝ නවයෙ කනුවෙ මැට්ටා. තෝ අහුවෙයං පාරෙදි ගහනව නැට්ටෙන් අල්ලල පොලවේ.. තොපි කෑවා මාව.,අඩෝ නවයෙ කනුවෙ මැට්ටා. තෝ අහුවෙයං පාරෙදි ගහනව නැට්ටෙන් අල්ලල පොලවේ.. තොපි කෑවා මාව.,Harassment,0.5679,Harassment,0.6411
තබන තබන පය ලිස්සා වැටීයන්.. ගහන ගහන ගැට කෙල වී පලයන්.. රට කරනා නරි දෙන්නට මෙය වැදීයන්.. පාරක් අයිනේ බල්ලෙක් වගේ තොපි මැරීයන්!!,තබන තබන පය ලිස්සා වැටීයන්.. ගහන ගහන ගැට කෙල වී පලයන්.. රට කරනා නරි දෙන්නට මෙය වැදීයන්.. පාරක් අයිනේ බල්ලෙක් වගේ තොපි මැරීයන්!!,Harassment,0.7314,Harassment,0.9785
සිකේ යකෝ.පැත්තකට කතා කරන්න එපා ඔය හැම වේස බඩුවම එකයි..,සිකේ යකෝ.පැත්තකට කතා කරන්න එපා ඔය හැම වේස බඩුවම එකයි..,Harassment,0.5776,Harassment,0.8608
ඒක රෝල් කරල පුකේ ගහගෙන පුක පොලොවෙ ගහගනින්. පවු යකෝ මූට නිකන් බලාපොරොත්තු දෙන්න එපා,ඒක රෝල් කරල පුකේ ගහගෙන පුක පොලොවෙ ගහගනින්. පවු යකෝ මූට නිකන් බලාපොරොත්තු දෙන්න එපා,Harassment,0.6011,Harassment,0.9634
"හුකෑස් යන්ත්‍ර, මන්ත්‍ර, හදි හූනියම් බඩු ටිකනෙ යකෝ හම්බෙලා තියෙන්නෙ. උර්ල්","හුකෑස් යන්ත්‍ර, මන්ත්‍ර, හදි හූනියම් බඩු ටිකනෙ යකෝ හම්බෙලා තියෙන්නෙ. උර්ල්",Harassment,0.5107,Harassment,0.7959
ටහිකේ මූ යකෝ නවලා ගහනෝ තෝව බෝක්කුවක් අස්සේ පරයා,ටහිකේ මූ යකෝ නවලා ගහනෝ තෝව බෝක්කුවක් අස්සේ පරයා,Harassment,0.7578,Harassment,0.9849
වහල් රුවනගේ ඉංගිරිස් වර්සන් එක යකෝ.... ඉකේයියා... මේකාගේ පුක කපන්න එපායෑ. වල් කිඹි කෝඳුරුවා.,වහල් රුවනගේ ඉංගිරිස් වර්සන් එක යකෝ.... ඉකේයියා... මේකාගේ පුක කපන්න එපායෑ. වල් කිඹි කෝඳුරුවා.,Harassment,0.688,Harassment,0.6606
කකුල් ඔර පුක) පලලා ලුණු දානවා යකෝ. ස්රිලංකංථ්රෙඅත්ස,කකුල් ඔර පුක) පලලා ලුණු දානවා යකෝ. ස්රිලංකංථ්රෙඅත්ස,Harassment,0.7114,Harassment,0.9263
කොහෙද යකෝ මෙතන ටියුට් තියෙන්නේ.. උඹ හිතුවද මම මෙතන උඹට ක්ලාස් කලා කියලා.. උඹට මඤ්ඤං ද මූකලන් වැස්සියේ... තන් දෙක ලොකු වුනාට වැඩක් නෑ උඹේ ඇට දෙක පොඩී. කෙප්ප වස්සා.. King ඔෆ් Happiness · 22 ඖග් 2020 මං උඹට චරිත සහතික දෙන්න නෑ. උඹම ඔබට චරිත සහතිකය ලබා දුන්නා. අද මේ ටියුට් ඔක්කොම කියවන යාලුවෝ ඒක හොඳ හැටි තේරුම් ගත්තා. අනේ පව් බං උඹ,කොහෙද යකෝ මෙතන ටියුට් තියෙන්නේ.. උඹ හිතුවද මම මෙතන උඹට ක්ලාස් කලා කියලා.. උඹට මඤ්ඤං ද මූකලන් වැස්සියේ... තන් දෙක ලොකු වුනාට වැඩක් නෑ උඹේ ඇට දෙක පොඩී. කෙප්ප වස්සා.. King ඔෆ් Happiness · 22 ඖග් 2020 මං උඹට චරිත සහතික දෙන්න නෑ. උඹම ඔබට චරිත සහතිකය ලබා දුන්නා. අද මේ ටියුට් ඔක්කොම කියවන යාලුවෝ ඒක හොඳ හැටි තේරුම් ගත්තා. අනේ පව් බං උඹ,Harassment,0.4836,Harassment,0.9302
යකෝ මරු පුන්චි.ඕක කෑවොත් උබේ එක පුන්චි වේවි,යකෝ මරු පුන්චි.ඕක කෑවොත් උබේ එක පුන්චි වේවි,Harassment,0.5566,Harassment,0.7144
මචං ඔය කියන විදියට උඹට ගෑණිට හු#න්න බෑ.. මොකද උඹ ඒකිගේ රෙද්ද ගලෝපු ගමන් උඹේ මතේ අනුව උඹේ ගෑණි ගණිකාව.. යකෝ රෙද්ද එක්ක හු#න කොට උඹේ බිජ්ජ හිරි වැටෙයි.. ආහ් නෑනේ කොන කපලනේ.. නැට්ට පිටින් අලි මැරෙනෝ කියලා අහලා තිබ්බට අද තමා දන්නේ රෙද්ද පිටින් හු#න්න පුලුවන් කියලත් ගැම්ම අහ්.. උර්ල් This Tweet ඉස unavailable.,මචං ඔය කියන විදියට උඹට ගෑණිට හු#න්න බෑ.. මොකද උඹ ඒකිගේ රෙද්ද ගලෝපු ගමන් උඹේ මතේ අනුව උඹේ ගෑණි ගණිකාව.. යකෝ රෙද්ද එක්ක හු#න කොට උඹේ බිජ්ජ හිරි වැටෙයි.. ආහ් නෑනේ කොන කපලනේ.. නැට්ට පිටින් අලි මැරෙනෝ කියලා අහලා තිබ්බට අද තමා දන්නේ රෙද්ද පිටින් හු#න්න පුලුවන් කියලත් ගැම්ම අහ්.. උර්ල් This Tweet ඉස unavailable.,Harassment,0.5303,Harassment,0.979
"යකෝ හිනස්සලා මරන්න එපා රනුක · 18 ජුල 2016 how send මේ this ඒකි ටෝක් කලොත් ""කස්සප එන්න,මගේ ගුලට රස,ඔබන්න ඔබේ ඔය දණ්ඩ"" කියයි ඕයි උ*ද්දි උන්ෆොල්ලොව්නැඟී","යකෝ හිනස්සලා මරන්න එපා රනුක · 18 ජුල 2016 how send මේ this ඒකි ටෝක් කලොත් ""කස්සප එන්න,මගේ ගුලට රස,ඔබන්න ඔබේ ඔය දණ්ඩ"" කියයි ඕයි උ*ද්දි උන්ෆොල්ලොව්නැඟී",Harassment,0.564,Harassment,0.9668
නානාලට මොනාහරි කිව්වම සිංහල හම්බයන්ගෙ පුකේ ඉත්තෑවො දුවන්නෙ ඇයි.. මාර කැක්කුමක්නෙ යකෝ..රෙදි උස්සන් එන්නෙ..,නානාලට මොනාහරි කිව්වම සිංහල හම්බයන්ගෙ පුකේ ඉත්තෑවො දුවන්නෙ ඇයි.. මාර කැක්කුමක්නෙ යකෝ..රෙදි උස්සන් එන්නෙ..,Harassment,0.4797,Harassment,0.9365
රජ කරන්නෙ මේ රැප් ලොවෙ ගහන්නෙ අපි බල්ටී කවුද යකෝ හසිනි හු*ති විකුණං කන ෆිල්ටී,රජ කරන්නෙ මේ රැප් ලොවෙ ගහන්නෙ අපි බල්ටී කවුද යකෝ හසිනි හු*ති විකුණං කන ෆිල්ටී,Harassment,0.5244,Harassment,0.9595
"මුන්ගේ ආච්චිලට හාල් ගරන්ඩ, ඩුප් ගහලා ගහලා කාපියව් මේක නොදෝකින් තූ තොපි. පෝන් එක අතේ පුපුරලා මැරිය. යකෝ මෙලෝ මගුලක් නෑ රෙද්දේ ඩුප් විතරමයි","මුන්ගේ ආච්චිලට හාල් ගරන්ඩ, ඩුප් ගහලා ගහලා කාපියව් මේක නොදෝකින් තූ තොපි. පෝන් එක අතේ පුපුරලා මැරිය. යකෝ මෙලෝ මගුලක් නෑ රෙද්දේ ඩුප් විතරමයි",Harassment,0.5723,Harassment,0.5493
ඉදිකට්ටත් පුකේ ඇනුනා යකෝ ඒකට ගෝප්ස් · 11 සේප 2019 කමක්නෑ හිර වෙන්න වටෙ මහලා වත් ගනු ත්විත්තෙර්කොමෙෂ්කුළෙමීඉස්ත,ඉදිකට්ටත් පුකේ ඇනුනා යකෝ ඒකට ගෝප්ස් · 11 සේප 2019 කමක්නෑ හිර වෙන්න වටෙ මහලා වත් ගනු ත්විත්තෙර්කොමෙෂ්කුළෙමීඉස්ත,Harassment,0.5308,Harassment,0.9775
ඇපෙන්ඩිසයිටිස් වලට පුකේ හිලට මොකුත් කරන්නෑ යකෝ අඩු කතුරු දාගෙන පුකේ හිල ඇතුලෙ යුද්ද කරන්නෙ අර්ශස් හැදුනාම,ඇපෙන්ඩිසයිටිස් වලට පුකේ හිලට මොකුත් කරන්නෑ යකෝ අඩු කතුරු දාගෙන පුකේ හිල ඇතුලෙ යුද්ද කරන්නෙ අර්ශස් හැදුනාම,Harassment,0.49,Harassment,0.9316
එක තං තං දෙක තං තං තන් දෙක තන් මොන විරිඳුද යකෝ ඒ patta,එක තං තං දෙක තං තං තන් දෙක තන් මොන විරිඳුද යකෝ ඒ patta,Harassment,0.605,Harassment,0.979
ස්ස්ස්ස් ... නංගි නංගි ස්ස්ස්ස්.... මොකද යකෝ කෙල්ලෙක්ට පාරේ යන්න නෑ.. තෝ බදින්න අහන්න කතා කලේ නෑ යකෝ.. තොගේ කලිසම ඉරිලා පු# එලියේ ..,ස්ස්ස්ස් ... නංගි නංගි ස්ස්ස්ස්.... මොකද යකෝ කෙල්ලෙක්ට පාරේ යන්න නෑ.. තෝ බදින්න අහන්න කතා කලේ නෑ යකෝ.. තොගේ කලිසම ඉරිලා පු# එලියේ ..,Harassment,0.7568,Harassment,0.6177
"මේකේ ඉන්නවා හෙන පොශ් කෑල්ල කියලා හිතාගෙන ඉන්න එකියක්. හෙන ඉන්ටර්නැෂනල් විදිහට ඉන්න ගෑණි.. අනේ යකෝ, උඹ රීල පුක සෝදන්නෙත් වමතින්...අපි හෝදන්නෙත් වමතින්..නල්ලමලේ පොශ්!! වැදිය වැදිය","මේකේ ඉන්නවා හෙන පොශ් කෑල්ල කියලා හිතාගෙන ඉන්න එකියක්. හෙන ඉන්ටර්නැෂනල් විදිහට ඉන්න ගෑණි.. අනේ යකෝ, උඹ රීල පුක සෝදන්නෙත් වමතින්...අපි හෝදන්නෙත් වමතින්..නල්ලමලේ පොශ්!! වැදිය වැදිය",Harassment,0.5786,Harassment,0.5366
කොහේ තියෙන වචනද යකෝ මේ тнαяιηυ ツ · 16 සේප 2017 නෙදකින් සබන් බෝල වේසාවා,කොහේ තියෙන වචනද යකෝ මේ тнαяιηυ ツ · 16 සේප 2017 නෙදකින් සබන් බෝල වේසාවා,Harassment,0.5059,Harassment,0.9346
අම්මෝ මට බෑ.. ආව් අම්මෝ ආහ්.. බෑ බෑ මට නම් බෑ අනේ අම්මියෝ.....ව් දෙයියනේ.. ලේ කකියනවා යකෝව්.. පොන්න හුටං සිංහලෙන්... උර්ල්,අම්මෝ මට බෑ.. ආව් අම්මෝ ආහ්.. බෑ බෑ මට නම් බෑ අනේ අම්මියෝ.....ව් දෙයියනේ.. ලේ කකියනවා යකෝව්.. පොන්න හුටං සිංහලෙන්... උර්ල්,Harassment,0.5298,Harassment,0.9736
දැන් දැන් ජීව ගුනේට අබ සරණයි වගේදෝත් හිතෙනවා. ජීවගුණේ පිළිබද පස්චාත් උපාධි ධාරියා හෝතඹුවෙක් එක්ක හැමනිසම් ගහලා කුදාර් උනාට පස්සේ එක එක පකෑලා වේස බඩුවගෙ අම්බලම වගේ කොරං මේක. ජෙරී.... වී මිස් යූ බ්‍රදර්. දැන් අන්න ඌ ආපහු ඇවිල්ල හානව කියලා නම් පක්‍යූ කරන්ඩෙපා ඈ. මහසොහොන් · 12 ඖග් 2019 හාපික් දාල කක්කුස්සි පෝච්චිය හේදුවට මොන දහන් ගැටේ දැම්මත් චරිතෙ හෝදගන්න වෙන්නෙ නෑ. දැගළුවට වැඩක් නෑ කේශාන්තයේ සිට පාදාන්තය දක්වා ගූ නාගෙන. ඕන්න එතෝට ඔද ඔප්සමක් තමයි ෆේක් එකවුන්ට් එකක් හදාගෙන මියාව් මියාව් හුරතලේ. අනේ හුකේ අපි නොදන්න ෆේක්. (සිරාවටම දන්නෙ නෑ යකෝ මොකද ඒ සීන් එක) twitter.com/dead_mans_cree…,දැන් දැන් ජීව ගුනේට අබ සරණයි වගේදෝත් හිතෙනවා. ජීවගුණේ පිළිබද පස්චාත් උපාධි ධාරියා හෝතඹුවෙක් එක්ක හැමනිසම් ගහලා කුදාර් උනාට පස්සේ එක එක පකෑලා වේස බඩුවගෙ අම්බලම වගේ කොරං මේක. ජෙරී.... වී මිස් යූ බ්‍රදර්. දැන් අන්න ඌ ආපහු ඇවිල්ල හානව කියලා නම් පක්‍යූ කරන්ඩෙපා ඈ. මහසොහොන් · 12 ඖග් 2019 හාපික් දාල කක්කුස්සි පෝච්චිය හේදුවට මොන දහන් ගැටේ දැම්මත් චරිතෙ හෝදගන්න වෙන්නෙ නෑ. දැගළුවට වැඩක් නෑ කේශාන්තයේ සිට පාදාන්තය දක්වා ගූ නාගෙන. ඕන්න එතෝට ඔද ඔප්සමක් තමයි ෆේක් එකවුන්ට් එකක් හදාගෙන මියාව් මියාව් හුරතලේ. අනේ හුකේ අපි නොදන්න ෆේක්. (සිරාවටම දන්නෙ නෑ යකෝ මොකද ඒ සීන් එක) twitter.com/dead_mans_cree…,Harassment,0.4861,Harassment,0.9468
පිස්සුද යකෝ ඕකලා වෙඩි තියලා මරලා ගෙදර ගෑනිගෙන් අර 1000 හෙ දඩෙත් ගනියි. එහෙමට බඩු,පිස්සුද යකෝ ඕකලා වෙඩි තියලා මරලා ගෙදර ගෑනිගෙන් අර 1000 හෙ දඩෙත් ගනියි. එහෙමට බඩු,Harassment,0.5547,Harassment,0.9155
මං නමි අරකිව මරනවා..යකෝ වදාපු අමිමට ගහන උන්ට යන්න අපායක් හදන්න ඔන..අපි චුටිටක් හිත රිදෙන දෙයක් කිවිවත් ටිකකින් අමිමව දුවන් ගිහින් බදාගන්නවා..,මං නමි අරකිව මරනවා..යකෝ වදාපු අමිමට ගහන උන්ට යන්න අපායක් හදන්න ඔන..අපි චුටිටක් හිත රිදෙන දෙයක් කිවිවත් ටිකකින් අමිමව දුවන් ගිහින් බදාගන්නවා..,Harassment,0.6729,Harassment,0.7627
කැරි බල්ලෝ තො අහුවෙන එපා හුත්තෝ එක විතරයි තිබ්බේ යකෝ ඉදපන් හම්නලා ගන්න උබලා පකා,කැරි බල්ලෝ තො අහුවෙන එපා හුත්තෝ එක විතරයි තිබ්බේ යකෝ ඉදපන් හම්නලා ගන්න උබලා පකා,Harassment,0.7271,Harassment,0.979
බෙට්ට හිර වෙලා නම් කොහොමද යකෝ රෙවෙන්නේ රත්තා · 26 ඖග් 2019 මට රෙවුනා බෙට්ටක් හිරවීලා ත්විත්තෙර්කොමිම්වළ්නොත්වෂ්ත,බෙට්ට හිර වෙලා නම් කොහොමද යකෝ රෙවෙන්නේ රත්තා · 26 ඖග් 2019 මට රෙවුනා බෙට්ටක් හිරවීලා ත්විත්තෙර්කොමිම්වළ්නොත්වෂ්ත,Harassment,0.7144,Harassment,0.5952
"කොහොමද සුදු පිරුවට ඇඳගත් චම්පිකයා කියන කතාව. සරල අනතුරක් ලූ ඒක. හු....... කතානේ යකෝ මේවා. අනතුර සරල වෙන්නේ කොහොමද පරයෝ , අර කොල්ලාට තාම ඇවිදගන්නත් බෑ... තොපි වගේ එවුන් ජාතක වුනේ තොපේ තාත්තා සරලව අහවල් වැඩේ කරපු නිසා.. ගැඹුරට හිතුවා නම් සරමේ පිහදාගන්නවා ඒ මනුස්සයා තෝව ජාතක නොකර.","කොහොමද සුදු පිරුවට ඇඳගත් චම්පිකයා කියන කතාව. සරල අනතුරක් ලූ ඒක. හු....... කතානේ යකෝ මේවා. අනතුර සරල වෙන්නේ කොහොමද පරයෝ , අර කොල්ලාට තාම ඇවිදගන්නත් බෑ... තොපි වගේ එවුන් ජාතක වුනේ තොපේ තාත්තා සරලව අහවල් වැඩේ කරපු නිසා.. ගැඹුරට හිතුවා නම් සරමේ පිහදාගන්නවා ඒ මනුස්සයා තෝව ජාතක නොකර.",Harassment,0.7183,Harassment,0.9663
ඒකිට මගෙ හදවත අම්බලම දැන් ඇදපං ගොනෝ ගොන් කරත්තේ හපුතලේම ඉන්න ගමන් පොඩ්ඩක් ඇරලා බලපං ඇස්දෙක මචං මේ මම දිරවපු කෑම යකෝ උඹ කන්නේ ලෙව ස්ල්රප්,ඒකිට මගෙ හදවත අම්බලම දැන් ඇදපං ගොනෝ ගොන් කරත්තේ හපුතලේම ඉන්න ගමන් පොඩ්ඩක් ඇරලා බලපං ඇස්දෙක මචං මේ මම දිරවපු කෑම යකෝ උඹ කන්නේ ලෙව ස්ල්රප්,Harassment,0.5063,Harassment,0.9395
කොයි මිනිහ හින්දද යකෝ මට මූ හම්බුනේ කියල හිතන වේසි 𝗦𝗮𝗻𝗱𝘂𝗻 · 18 ජන 2020 වඳ වේසිට පුතාලා හම්බු උනේ කොහොමද කියලා කල්පනා කරන අපි ට්විට්ටේර්චොම්රස්තියදුවස්,කොයි මිනිහ හින්දද යකෝ මට මූ හම්බුනේ කියල හිතන වේසි 𝗦𝗮𝗻𝗱𝘂𝗻 · 18 ජන 2020 වඳ වේසිට පුතාලා හම්බු උනේ කොහොමද කියලා කල්පනා කරන අපි ට්විට්ටේර්චොම්රස්තියදුවස්,Harassment,0.7148,Harassment,0.6396
උගේ අප්පාගේ හැඳින්වීමක් යකෝ ඒක -තාම ඉගෙනගන්නවා.... part time ගගණගාමියෙක් මුට ගහන්ඩෝන මඩු වලිගෙන්,උගේ අප්පාගේ හැඳින්වීමක් යකෝ ඒක -තාම ඉගෙනගන්නවා.... part time ගගණගාමියෙක් මුට ගහන්ඩෝන මඩු වලිගෙන්,Harassment,0.4907,Harassment,0.8853
"යකෝ, මල කෙලියක්. මොන කෙලියක්ද යකෝ ? අර මුස්පේන්තු මළහරක , අම්දොන් අම්තොන් ඌ පත්තෙරේ දාලා . මොනවද යකෝ ? උගේ මාමා... උර්ල්","යකෝ, මල කෙලියක්. මොන කෙලියක්ද යකෝ ? අර මුස්පේන්තු මළහරක , අම්දොන් අම්තොන් ඌ පත්තෙරේ දාලා . මොනවද යකෝ ? උගේ මාමා... උර්ල්",Harassment,0.501,Harassment,0.6792
"කපනවා තොගෙ බිජ්ජ දිනාල් · 26 දෙක් 2017 දුදෙස් . Type ""මගේ කෙල්ලට රෑට රෑට දම් කරන්න එපා යකෝ. කපනවා තොගෙ බිජ්ජ."" And @ 3rd guy ඉන් your list","කපනවා තොගෙ බිජ්ජ දිනාල් · 26 දෙක් 2017 දුදෙස් . Type ""මගේ කෙල්ලට රෑට රෑට දම් කරන්න එපා යකෝ. කපනවා තොගෙ බිජ්ජ."" And @ 3rd guy ඉන් your list",Harassment,0.5103,Harassment,0.6333
වරෙන්කො එකෙක් පිට්ටනි හදන්ඩ ඕනෙ කියාගෙන. පුකේ අරින්නෙ පුකේ. යකෝ look ඇත that උව index. Almost ඇත extreme,වරෙන්කො එකෙක් පිට්ටනි හදන්ඩ ඕනෙ කියාගෙන. පුකේ අරින්නෙ පුකේ. යකෝ look ඇත that උව index. Almost ඇත extreme,Harassment,0.5894,Harassment,0.9839
"බඩ පපුව දනව යකෝ හිනා වෙලාම.. මේක තනිකරම ""මං පොර"" ජාතකයක්නේ. ඒකත් සුද්ද සිංහලෙන්..","බඩ පපුව දනව යකෝ හිනා වෙලාම.. මේක තනිකරම ""මං පොර"" ජාතකයක්නේ. ඒකත් සුද්ද සිංහලෙන්..",Harassment,0.5762,Harassment,0.9683
", තොපි කාලකන්නි අවජාතකයෝ යකෝ සීතලට හුකලා කරුමෙට ඉපදුනු එවුන්",", තොපි කාලකන්නි අවජාතකයෝ යකෝ සීතලට හුකලා කරුමෙට ඉපදුනු එවුන්",Harassment,0.5625,Harassment,0.98
යකෝ ගූ කාපන් ගූ. රටේ සල්ලි කන අවජාතක තෝ අම්ම අප්පටත් නිගාවක්. බීඩි ගහපන් ගෙදර ගිහින්. තෝ ඔය ගහන්නේ ඉස්කෝලේ මැච් එකක් නෙමෙයි . කාලකන්නි පරයා,යකෝ ගූ කාපන් ගූ. රටේ සල්ලි කන අවජාතක තෝ අම්ම අප්පටත් නිගාවක්. බීඩි ගහපන් ගෙදර ගිහින්. තෝ ඔය ගහන්නේ ඉස්කෝලේ මැච් එකක් නෙමෙයි . කාලකන්නි පරයා,Harassment,0.7197,Harassment,0.9434
තෝ පුලි අකෙන්ද යකෝ අපේ ඒරියා එකට ඇවිත් අපිට කෙලවන්න. මක පුහල කාපාල ජවනව දැනගනින්.....,තෝ පුලි අකෙන්ද යකෝ අපේ ඒරියා එකට ඇවිත් අපිට කෙලවන්න. මක පුහල කාපාල ජවනව දැනගනින්.....,Harassment,0.5898,Harassment,0.7515
යකෝ තොට මෝල නැගලා නං පල වල් ගැහැණියක් පස්සේ...අසරණ ලමයින්ට ඉගෙන ගන්න දිපං සක්කිලියෝ...උබලා තමයි ජාති වාද පටං ගෙන... උර්ල්,යකෝ තොට මෝල නැගලා නං පල වල් ගැහැණියක් පස්සේ...අසරණ ලමයින්ට ඉගෙන ගන්න දිපං සක්කිලියෝ...උබලා තමයි ජාති වාද පටං ගෙන... උර්ල්,Harassment,0.6904,Harassment,0.7158
වේසියේ තෝ මළ මුත්‍රා කරන්නෙ නැතුවද මේ ලෝකෙට බිහිවුනේ.පවු යකෝ තාත්තා නේද බන් තොගෙ.වයසට ගියා කියලා මෙහෙම කරන්න... උර්ල්,වේසියේ තෝ මළ මුත්‍රා කරන්නෙ නැතුවද මේ ලෝකෙට බිහිවුනේ.පවු යකෝ තාත්තා නේද බන් තොගෙ.වයසට ගියා කියලා මෙහෙම කරන්න... උර්ල්,Harassment,0.7319,Harassment,0.9551
"තොපේ දේ රැකගෙන, අහින්සක මිනිසුන්ගේ තියෙන තුට්ටුවට කෙළවන තොගේ මහාඑකා ට කඹුරන තොට වැහිනැති හෙණගහන්න ඕනෙ යකෝ. මූසලයා.","තොපේ දේ රැකගෙන, අහින්සක මිනිසුන්ගේ තියෙන තුට්ටුවට කෙළවන තොගේ මහාඑකා ට කඹුරන තොට වැහිනැති හෙණගහන්න ඕනෙ යකෝ. මූසලයා.",Harassment,0.6821,Harassment,0.8608
•අඩෝ නවත්තපං ඇහැට හුණු ගියා •ගහපං ඕකගේ මුණ නාලු වෙන්න •ඔය මදි යකෝ තව හුණු ගාපං කොට්ටේ •මොකාද යකෝ මට ගහපු වල් පරයා •අඩෝ මගේ පිටේ හුණු තීනවද බලපං උබත් free period වල හුණු කොට්ටෙන් ගහගෙන ආතල් අරන් තීන සුපිරි කොල්ලෙක්නම් රට් කරන්න ෆෝල්ලොව්මෙෆොල්ලොව්බච්ක්,•අඩෝ නවත්තපං ඇහැට හුණු ගියා •ගහපං ඕකගේ මුණ නාලු වෙන්න •ඔය මදි යකෝ තව හුණු ගාපං කොට්ටේ •මොකාද යකෝ මට ගහපු වල් පරයා •අඩෝ මගේ පිටේ හුණු තීනවද බලපං උබත් free period වල හුණු කොට්ටෙන් ගහගෙන ආතල් අරන් තීන සුපිරි කොල්ලෙක්නම් රට් කරන්න ෆෝල්ලොව්මෙෆොල්ලොව්බච්ක්,Harassment,0.6616,Harassment,0.8906
අයියෝ.... හෙනම ගහපන් හෙනම තොට....... හෙනම ගහලා අකුලෝලම පල.... අන්තිමට යකෝ.. 0 ක් කොහෙද තියෙන්නේ..... තෝ කසිප්පු ගහලද.... ඔය ළමයෙකුට දීපන්කෝ..... හයියෝ හැමිණෙනවා.... සුජී දීපන් ෆෝන් එක ළමයෙක්ට... කැ* වේ** පුතෝ............ මතකද මේ දෙබස් ටික...........?,අයියෝ.... හෙනම ගහපන් හෙනම තොට....... හෙනම ගහලා අකුලෝලම පල.... අන්තිමට යකෝ.. 0 ක් කොහෙද තියෙන්නේ..... තෝ කසිප්පු ගහලද.... ඔය ළමයෙකුට දීපන්කෝ..... හයියෝ හැමිණෙනවා.... සුජී දීපන් ෆෝන් එක ළමයෙක්ට... කැ* වේ** පුතෝ............ මතකද මේ දෙබස් ටික...........?,Harassment,0.6221,Harassment,0.8501
ටෞකණ්ඩ යකෝ.(ක)කු(ස්)සියා වලක් කපං වැළලියං උර්ල් This Tweet ඉස unavailable.,ටෞකණ්ඩ යකෝ.(ක)කු(ස්)සියා වලක් කපං වැළලියං උර්ල් This Tweet ඉස unavailable.,Harassment,0.5771,Harassment,0.7119
"Bartender: last call !!! මේ : අම්මට හුකන්ඩ යකෝ වදින්න පටන් ගත්තා විතරයි, මේ රෑ වෙන කොහෙවත් ඇරලත් නෑ, හුකන්ඩ ලෑස්ති වෙන්න එපා","Bartender: last call !!! මේ : අම්මට හුකන්ඩ යකෝ වදින්න පටන් ගත්තා විතරයි, මේ රෑ වෙන කොහෙවත් ඇරලත් නෑ, හුකන්ඩ ලෑස්ති වෙන්න එපා",Harassment,0.6357,Harassment,0.9727
මෙ බර බැල්ලිට පිස්සුද ? යකෝ මෙ බැල්ලි ජාතක උනේ බන්ඩාරනායකට වෙන්න බැ.. අපි ඉතිහසය වෙනස් කරන්නේ මෙකි අමු කාලද ? පර... උර්ල්,මෙ බර බැල්ලිට පිස්සුද ? යකෝ මෙ බැල්ලි ජාතක උනේ බන්ඩාරනායකට වෙන්න බැ.. අපි ඉතිහසය වෙනස් කරන්නේ මෙකි අමු කාලද ? පර... උර්ල්,Harassment,0.6235,Harassment,0.9785
"ඔව් යකෝ. කොන්ඩම් දාගෙන වටේ හැමිනුනත් වේසියක්, නොදා බඩවෙලා ආවත් වේසියක් තමයි ඉතින්. හැම එකාටම කියලා හු* ගත්තම ඒකි හෙන ශෝෂල් කෙල්ල වෙන්නේ නැහැ. කොල්ලොත් එහෙමයි. හෙන කෑලි ටෝක් කරලා වටේම ඇන්නම ඌ හෙන චරිතයක් වෙන්නේ නැහැ. උට හම්බ වෙන්නෙත් කවදාහරි වටේම ගිහින් ඇනගත්තු එකියක් තමයි.","ඔව් යකෝ. කොන්ඩම් දාගෙන වටේ හැමිනුනත් වේසියක්, නොදා බඩවෙලා ආවත් වේසියක් තමයි ඉතින්. හැම එකාටම කියලා හු* ගත්තම ඒකි හෙන ශෝෂල් කෙල්ල වෙන්නේ නැහැ. කොල්ලොත් එහෙමයි. හෙන කෑලි ටෝක් කරලා වටේම ඇන්නම ඌ හෙන චරිතයක් වෙන්නේ නැහැ. උට හම්බ වෙන්නෙත් කවදාහරි වටේම ගිහින් ඇනගත්තු එකියක් තමයි.",Harassment,0.666,Harassment,0.9697
ආච්චිට හාල් ගරන්න යකෝ උර්ල් This Tweet ඉස unavailable.,ආච්චිට හාල් ගරන්න යකෝ උර්ල් This Tweet ඉස unavailable.,Harassment,0.6265,Harassment,0.6514
උඹ කවදාහරි බැඳපන්.... බැඳල හුකන්නෙත් .. ඒකි එක්ක ඉන්නෙත් උඹනං...තෝ මට ඕනි එක බඳින්න ඕනිද යකෝ ?,උඹ කවදාහරි බැඳපන්.... බැඳල හුකන්නෙත් .. ඒකි එක්ක ඉන්නෙත් උඹනං...තෝ මට ඕනි එක බඳින්න ඕනිද යකෝ ?,Harassment,0.5605,Harassment,0.9873
අම්මගෙ චිතකයට පැනල මැරෙන්න එකෙක් නෑ. කෙල්ල බූට් තිබ්බම පෝලිමට මැරෙනවා. පිරිමිද යකෝ තොපි. තොපේ පකේ... උර්ල්,අම්මගෙ චිතකයට පැනල මැරෙන්න එකෙක් නෑ. කෙල්ල බූට් තිබ්බම පෝලිමට මැරෙනවා. පිරිමිද යකෝ තොපි. තොපේ පකේ... උර්ල්,Harassment,0.7744,Harassment,0.7539
මේ දැන් කෙල්ලෙක් ආව කඩේට. බුදාම්බෝ.... හික් ගෑවිලා හුක් ගෑවිලා හුක හුකෑස් ගෑවිලා ගියා යකෝ. හම්මේහ්ඃ....,මේ දැන් කෙල්ලෙක් ආව කඩේට. බුදාම්බෝ.... හික් ගෑවිලා හුක් ගෑවිලා හුක හුකෑස් ගෑවිලා ගියා යකෝ. හම්මේහ්ඃ....,Harassment,0.6689,Harassment,0.5273
මන් මේ උඹ කියනකන් හිටියේ.. උඹ වගේ ගෙවල පකෙක් මට උඅපදෙස් දෙනකන් මම මේ බලන් හිටියේ.. අනේ වැලලියන් බන් ගිහින් කකුස්සි වලක් හාරන්.. තෝ වගේ රෙන පුක උකස් කරන පාන් පක්කු මම ඕන තරම් දැකලා තියනවා.. King ඔෆ් Happiness · 22 ඖග් 2020 මොනවද මේ භාවිතා කරන වචන. ලැජ්ජ නැද්ද බං උඹට. යකෝ උඹට මං එක නරක වචනය කියලා නෑ දැනට වත්. වචන සෙට් එක මුලින්ම හදාගනින්. මිනිස්සුන්ට කේන්ති යන එක සාමාන්‍යයයි. නමුත් මනුස්සකම කියන එකෙන් පහතට වැටෙන්නේ පා. ප්ලීස්,මන් මේ උඹ කියනකන් හිටියේ.. උඹ වගේ ගෙවල පකෙක් මට උඅපදෙස් දෙනකන් මම මේ බලන් හිටියේ.. අනේ වැලලියන් බන් ගිහින් කකුස්සි වලක් හාරන්.. තෝ වගේ රෙන පුක උකස් කරන පාන් පක්කු මම ඕන තරම් දැකලා තියනවා.. King ඔෆ් Happiness · 22 ඖග් 2020 මොනවද මේ භාවිතා කරන වචන. ලැජ්ජ නැද්ද බං උඹට. යකෝ උඹට මං එක නරක වචනය කියලා නෑ දැනට වත්. වචන සෙට් එක මුලින්ම හදාගනින්. මිනිස්සුන්ට කේන්ති යන එක සාමාන්‍යයයි. නමුත් මනුස්සකම කියන එකෙන් පහතට වැටෙන්නේ පා. ප්ලීස්,Harassment,0.561,Harassment,0.9463
මේක දෙමල හු&@&@&&... ගේ අහවල් එක වහගන්නද යකෝ මේක දාගන්නෙ. දෙමල කොටි හැතිකරේ,මේක දෙමල හු&@&@&&... ගේ අහවල් එක වහගන්නද යකෝ මේක දාගන්නෙ. දෙමල කොටි හැතිකරේ,Harassment,0.519,Harassment,0.5396
"@ මේ දවස්වල Campus පැත්තෙන් ""ඒ හු*තී තොගේ අම්මට කවුද යකෝ තොට ඩෙනිමක් ඇදන් එන්න කිවුවේ."" මොන උසස් අධ්‍යාපනද බං මේ......","@ මේ දවස්වල Campus පැත්තෙන් ""ඒ හු*තී තොගේ අම්මට කවුද යකෝ තොට ඩෙනිමක් ඇදන් එන්න කිවුවේ."" මොන උසස් අධ්‍යාපනද බං මේ......",Harassment,0.5327,Harassment,0.958
යකෝ පිටරටකට ගහින් girl බෙස්තිඑ එක්ක අත අල්ලන් යන්න උඹලගෙන් අහන්න ඕනද? මීට Boy බෙස්තිඑ,යකෝ පිටරටකට ගහින් girl බෙස්තිඑ එක්ක අත අල්ලන් යන්න උඹලගෙන් අහන්න ඕනද? මීට Boy බෙස්තිඑ,Harassment,0.5752,Harassment,0.9111
ඊයා නේද මටනම් අප්පිරියයි යකෝ කෑහ් තුහ් WinD - සු - දේශිකා · 17 අප‍ 2018 රත්තෝ අහම්බෙන් වත් හම්බුනොත් මම කනවා තොගේ කට අම්මපා,ඊයා නේද මටනම් අප්පිරියයි යකෝ කෑහ් තුහ් WinD - සු - දේශිකා · 17 අප‍ 2018 රත්තෝ අහම්බෙන් වත් හම්බුනොත් මම කනවා තොගේ කට අම්මපා,Harassment,0.5337,Harassment,0.8633
යකෝ මමම හපෞ ජින්ජර් කුකි එකක් දෙන්න හැදුවම බොට ඒකි ලොකු උනා පරයා පරයා පරයා,යකෝ මමම හපෞ ජින්ජර් කුකි එකක් දෙන්න හැදුවම බොට ඒකි ලොකු උනා පරයා පරයා පරයා,Harassment,0.6479,Harassment,0.8008
ගහන්න කස්සප ගහන්න .... හයියෙන් ගාන්න..... ගහපන් යකෝ හයියෙන් සෙද්ද ත්වෙඑත්ලිකෙඋන්ෆොල්ලොව්නංගි,ගහන්න කස්සප ගහන්න .... හයියෙන් ගාන්න..... ගහපන් යකෝ හයියෙන් සෙද්ද ත්වෙඑත්ලිකෙඋන්ෆොල්ලොව්නංගි,Harassment,0.5464,Harassment,0.7891
තෝනෙ යකෝ මූන හංගගෙන පොන්න වැඩ කරන්නෙ ලාඩං පොන්නය. ඒ තරමට දීල දීල නෝන්ඩිද. මූනක් වත් පෙන්න ගන්න බැරි තරමට. යකෝ රෙන පුක ආදයම් මාර්ගයක් කරගන්ඩෙපා ඕම. සිකේ මහයියාවේ බෝක්කුව වගේ වෙලාද. දෙකොන මහ ගනින්. නැත්නම් ඉද ගන්ඩ කලින් බෙට්ට වැටෙයි.,තෝනෙ යකෝ මූන හංගගෙන පොන්න වැඩ කරන්නෙ ලාඩං පොන්නය. ඒ තරමට දීල දීල නෝන්ඩිද. මූනක් වත් පෙන්න ගන්න බැරි තරමට. යකෝ රෙන පුක ආදයම් මාර්ගයක් කරගන්ඩෙපා ඕම. සිකේ මහයියාවේ බෝක්කුව වගේ වෙලාද. දෙකොන මහ ගනින්. නැත්නම් ඉද ගන්ඩ කලින් බෙට්ට වැටෙයි.,Harassment,0.7383,Harassment,0.9658
#තෙරුණි . . . බලු නන්දිපාලයෝ මම තෝව අයේ මරණවා යකෝ,#තෙරුණි . . . බලු නන්දිපාලයෝ මම තෝව අයේ මරණවා යකෝ,Harassment,0.5234,Harassment,0.9248
යකෝ සුකිය · 1 සේප 2019 මාශිට ලමයි 3ක් නම් සෝනට? #Twitterයුගලපද,යකෝ සුකිය · 1 සේප 2019 මාශිට ලමයි 3ක් නම් සෝනට? #Twitterයුගලපද,Harassment,0.6938,Harassment,0.9824
"හුකනව අර ගෑනි උඩිං ගියපු හැටි,යකෝ ඉන්දියාව වගේ වෙලානෙ","හුකනව අර ගෑනි උඩිං ගියපු හැටි,යකෝ ඉන්දියාව වගේ වෙලානෙ",Harassment,0.48,Harassment,0.9771
"හිටං මාමි, පත්තරේ බලපං යකෝ..., නපුංසකයා...., තොට හෙන ගහලා මැරිලා පල ගල් මූසලයා..! රට ගිහින් එද්දි, ප්ලේන් එක කඩන්... උර්ල්","හිටං මාමි, පත්තරේ බලපං යකෝ..., නපුංසකයා...., තොට හෙන ගහලා මැරිලා පල ගල් මූසලයා..! රට ගිහින් එද්දි, ප්ලේන් එක කඩන්... උර්ල්",Harassment,0.689,Harassment,0.5869
"ගුහා සටන | කාංචනා අමිලානි | 54 උර්ල් ""තෝ නේද අපේ පොපොව් රාළහාමිට කඩුවෙන් කෙටුවෙ? වරත්තු බල්ලා. මරපු කුකුළෙක් වගේ තෝව බාල්කෙ එල්ලලා තියන්නෙ. මහ ලොකු චණ්ඩි!!! චණ්ඩි නම් මොකද යකෝ ගල්ගුහාවල හැංගෙන්නෙ? තොපේ චණ්ඩිකම් හොඳයි අර ගමේ එවුන්ටම. පරයා!!!""","ගුහා සටන | කාංචනා අමිලානි | 54 උර්ල් ""තෝ නේද අපේ පොපොව් රාළහාමිට කඩුවෙන් කෙටුවෙ? වරත්තු බල්ලා. මරපු කුකුළෙක් වගේ තෝව බාල්කෙ එල්ලලා තියන්නෙ. මහ ලොකු චණ්ඩි!!! චණ්ඩි නම් මොකද යකෝ ගල්ගුහාවල හැංගෙන්නෙ? තොපේ චණ්ඩිකම් හොඳයි අර ගමේ එවුන්ටම. පරයා!!!""",Harassment,0.6533,Harassment,0.9443
මොන හුත්තිගෙ පුතාද යකෝ මේ පාන්දර ටවුන් එක මැද්දෙ බජව් දාන්නෙ අම්මට හුකන්ඩ. අපි නිදගන්නෙ නැද්ද පකෝ,මොන හුත්තිගෙ පුතාද යකෝ මේ පාන්දර ටවුන් එක මැද්දෙ බජව් දාන්නෙ අම්මට හුකන්ඩ. අපි නිදගන්නෙ නැද්ද පකෝ,Harassment,0.7983,Harassment,0.9785
අර කොල්ලො දෙන්න පුක බැරිනන් උන්ගෙ චූවට චූවා ගාව ගාව ෆොටෝස් අරන් දැම්මත් උම්බලට මොකෝ.ටීචගෙ බුරිය බලන් අතේ ගහපු උන් දැන් සදාචාරය ගැන කතා කරනවා.යකෝ මැරෙන්න කලින් අශාවක් තියනවනම් ඉශ්ට කරගනින්.,අර කොල්ලො දෙන්න පුක බැරිනන් උන්ගෙ චූවට චූවා ගාව ගාව ෆොටෝස් අරන් දැම්මත් උම්බලට මොකෝ.ටීචගෙ බුරිය බලන් අතේ ගහපු උන් දැන් සදාචාරය ගැන කතා කරනවා.යකෝ මැරෙන්න කලින් අශාවක් තියනවනම් ඉශ්ට කරගනින්.,Harassment,0.5059,Harassment,0.5605
සවනි මගේ - මං සවනිගේ සවනි මගේ - මං සවනිගේ චමිදු පුතේ තොට සවලෙන් යකෝ දෙන්න ඕන!URL ව්ට්ෆ් ශ්‍රීලංකා,සවනි මගේ - මං සවනිගේ සවනි මගේ - මං සවනිගේ චමිදු පුතේ තොට සවලෙන් යකෝ දෙන්න ඕන!URL ව්ට්ෆ් ශ්‍රීලංකා,Harassment,0.5552,Harassment,0.7754
මීතොටමුල්ලෙ මිනී පෙට්ටියෙනුත් කාලා.... ඊය යකෝ ගූ කාල මැරියල්ල... තොපි තොපේ අම්ම අප්පත් විකුනන් කයි යකෝ.......,මීතොටමුල්ලෙ මිනී පෙට්ටියෙනුත් කාලා.... ඊය යකෝ ගූ කාල මැරියල්ල... තොපි තොපේ අම්ම අප්පත් විකුනන් කයි යකෝ.......,Harassment,0.7495,Harassment,0.5898
උඹලද යකෝ බඩු... අපි නේ බඩූ.. ගහනවා තොට කුඩෙන් දුවන්න ඉඩ දීපල්ල්ල්ලලා....... ට්විටර් පරුමක · 11 ඔච්ට් 2019 මේකට හොඳ caption එකක් දෙන්න බලන්න...,උඹලද යකෝ බඩු... අපි නේ බඩූ.. ගහනවා තොට කුඩෙන් දුවන්න ඉඩ දීපල්ල්ල්ලලා....... ට්විටර් පරුමක · 11 ඔච්ට් 2019 මේකට හොඳ caption එකක් දෙන්න බලන්න...,Harassment,0.7026,Harassment,0.9697
අර පොඩි දෝණි සේයාව බරපතල ලෙස ලිංගික අපයෝජනයට ලක්කරලලු යකෝ අවුරුදු 5යි වයස අම්මට හැ*නෙනවා ඕක කරපු එකාට කැ* වේ** පුතා කපන්ඩ ඕනි බිජ්ජේ මුලින්ම,අර පොඩි දෝණි සේයාව බරපතල ලෙස ලිංගික අපයෝජනයට ලක්කරලලු යකෝ අවුරුදු 5යි වයස අම්මට හැ*නෙනවා ඕක කරපු එකාට කැ* වේ** පුතා කපන්ඩ ඕනි බිජ්ජේ මුලින්ම,Harassment,0.6323,Harassment,0.6855
"අර ශර්මිනි ආන්ටිගේ ජාතකෙන් බිහිවෙච්ච තව එකෙක් ඉන්නවා දැක්කා, ජොබ් වලට කෙලින්න බලන් ඉන්න. යකෝ අපි මේක දාන ඒවා දිරවන්නේ නැත්නම් උන්ෆොල්ලොව් කරලා, block කරපිය, සස් ගගහා, චීත්ත වගේ හැමිනෙන්න හදන්නේ නැතුව. ස්සුන්ච්ලේ","අර ශර්මිනි ආන්ටිගේ ජාතකෙන් බිහිවෙච්ච තව එකෙක් ඉන්නවා දැක්කා, ජොබ් වලට කෙලින්න බලන් ඉන්න. යකෝ අපි මේක දාන ඒවා දිරවන්නේ නැත්නම් උන්ෆොල්ලොව් කරලා, block කරපිය, සස් ගගහා, චීත්ත වගේ හැමිනෙන්න හදන්නේ නැතුව. ස්සුන්ච්ලේ",Harassment,0.5728,Harassment,0.8999
කෙල්ලගෙ කියුරියස් කැට් එකේ මට බනින්න එපා යකෝ. උබලාට ඕනෙනම් මට බනින්න මන් වෙනම එකක් හදලා දෙන්නම් . පොන්න වේසිගේ පුතාලා .,කෙල්ලගෙ කියුරියස් කැට් එකේ මට බනින්න එපා යකෝ. උබලාට ඕනෙනම් මට බනින්න මන් වෙනම එකක් හදලා දෙන්නම් . පොන්න වේසිගේ පුතාලා .,Harassment,0.7637,Harassment,0.9131
"යකෝ මෙහෙමත් කෙල්ලක් ,මේකිට අල්ලපු විසේ බලපංකො ,කිසි ගානක් නැටි එකියක් ,මේකිට හරියිද ඉත්න් මන් අහන්නේ ???","යකෝ මෙහෙමත් කෙල්ලක් ,මේකිට අල්ලපු විසේ බලපංකො ,කිසි ගානක් නැටි එකියක් ,මේකිට හරියිද ඉත්න් මන් අහන්නේ ???",Harassment,0.5708,Harassment,0.9541
"නිකමට හිතමු සාමාන්‍ය වැසියෙකු අත් අඩංගුවට ගන්න කාකි සූට් කාරයෝ ආවා කියා. දෙබස පහතින්. පොලීසිය: කෝ යකෝ මේ ගෙදර මිනිහා? අඹුව: සෑර් එයා නෑනේ, පො: අම්%$ හු#$% ගෑනියේ අයින් වෙයන්, අපි තොගේ මිනිහව උපද්දලා ගන්නම්, අ: බුදු අම්මෝ මෙන්න උන් මගේ කොන්ඩෙන් අල්ලන් බිමදිගේ ඇදගෙන යනෝ කෝ දතා","නිකමට හිතමු සාමාන්‍ය වැසියෙකු අත් අඩංගුවට ගන්න කාකි සූට් කාරයෝ ආවා කියා. දෙබස පහතින්. පොලීසිය: කෝ යකෝ මේ ගෙදර මිනිහා? අඹුව: සෑර් එයා නෑනේ, පො: අම්%$ හු#$% ගෑනියේ අයින් වෙයන්, අපි තොගේ මිනිහව උපද්දලා ගන්නම්, අ: බුදු අම්මෝ මෙන්න උන් මගේ කොන්ඩෙන් අල්ලන් බිමදිගේ ඇදගෙන යනෝ කෝ දතා",Harassment,0.4976,Harassment,0.79
පච්චෙ බඩුව යකෝව් -___-,පච්චෙ බඩුව යකෝව් -___-,Harassment,0.5469,Harassment,0.9834
මේ සිද්ධ වෙන කාලකන්නි අසමජ්ජාති වැඩවලට වෙන්න දෙන්න පරිසරය හදන්න නගෝ කාරයන්ට විකිනිච්ච එකෙක් උඹ දැන් සුදනා වෙන්න දැඟලුවට උඹලගේ පවුල් පිටින් හෙන ගහලා හැඳි ගෑව්ලා යනවා යකෝ මේ සිංහල රටට කරපු අපරාදෙට කාලකන්නි හැත්ත,මේ සිද්ධ වෙන කාලකන්නි අසමජ්ජාති වැඩවලට වෙන්න දෙන්න පරිසරය හදන්න නගෝ කාරයන්ට විකිනිච්ච එකෙක් උඹ දැන් සුදනා වෙන්න දැඟලුවට උඹලගේ පවුල් පිටින් හෙන ගහලා හැඳි ගෑව්ලා යනවා යකෝ මේ සිංහල රටට කරපු අපරාදෙට කාලකන්නි හැත්ත,Harassment,0.5459,Harassment,0.6934
", අඩෝ ලොන්ත පූස් පැටියෝ, තොපේ තාත්තත් අවුරුදු 30ක් පර සුද්දන්ගේ පුකවල් හෝදලාද මේ කියවන්නේ, තෝත් ගෙරි ත්ම්බින්ගේ පුකවල් හෝදලා මේ රටේ ඇද කියන්න එපා යකෝ, තෝ දැන් කියයි විදේශ විනිමය තෝ ගේනවා කියලා, ගේන මිනිස්සු ඉන්නවා තෝ තම්බින්ගින් ගිලලා අපේ රටේ උන්ගේ ඇදවල් හොයන්නේ උබට නානා කෙනෙක්ගේ",", අඩෝ ලොන්ත පූස් පැටියෝ, තොපේ තාත්තත් අවුරුදු 30ක් පර සුද්දන්ගේ පුකවල් හෝදලාද මේ කියවන්නේ, තෝත් ගෙරි ත්ම්බින්ගේ පුකවල් හෝදලා මේ රටේ ඇද කියන්න එපා යකෝ, තෝ දැන් කියයි විදේශ විනිමය තෝ ගේනවා කියලා, ගේන මිනිස්සු ඉන්නවා තෝ තම්බින්ගින් ගිලලා අපේ රටේ උන්ගේ ඇදවල් හොයන්නේ උබට නානා කෙනෙක්ගේ",Harassment,0.7603,Harassment,0.9683
ටෞකන්ඩ මුන්ගෙ ලොකු ලයින් යකෝ .. හෙන ගහල අකුලෝලම පලයං ගොන් ගෑණි (),ටෞකන්ඩ මුන්ගෙ ලොකු ලයින් යකෝ .. හෙන ගහල අකුලෝලම පලයං ගොන් ගෑණි (),Harassment,0.5063,Harassment,0.5327
හම්මට.. ෂ්ද හොටුත් පැන්නා යකෝ! ෂ්ද පච්චේ බඩුව වගේ තමයි ෂ්ද,හම්මට.. ෂ්ද හොටුත් පැන්නා යකෝ! ෂ්ද පච්චේ බඩුව වගේ තමයි ෂ්ද,Harassment,0.7764,Harassment,0.9644
තෝ නම් රෙන කොට වැටිච්ච ගොබ්බ අපතයෙක් ඕයි.. කවුද යකෝ බූරු පුතාට කඩේ යන්නේ. මොකෙක්ද බන් උබ පිං පොන්ගේ ගේ පුක ලෙව කන එකෙක් ද උබ. ගෙදරින් කාලා බීලා ඉදපන් එක එකාගේ පුක ලෙව කන එක නතර කරලා,තෝ නම් රෙන කොට වැටිච්ච ගොබ්බ අපතයෙක් ඕයි.. කවුද යකෝ බූරු පුතාට කඩේ යන්නේ. මොකෙක්ද බන් උබ පිං පොන්ගේ ගේ පුක ලෙව කන එකෙක් ද උබ. ගෙදරින් කාලා බීලා ඉදපන් එක එකාගේ පුක ලෙව කන එක නතර කරලා,Harassment,0.5039,Harassment,0.9814
යකෝ බලන් යද්දි හැමෝටම පුක් ප්‍රශ්න සීගිරි ගෑණුන්ට බෙෂියර් අන්දපු හැත්ත ඕන පුකක් ප්‍රීති වෙසක් මේ රටෙ කැමැත්ත පරගැති කම පෙන්නපු පුක උලාපියව් උබලගෙ ඉහ මොලැත්ත... . සියදිවි හානි වල මුල් තැන අරගත්ත... රටක් මේක දැන... උර්ල්,යකෝ බලන් යද්දි හැමෝටම පුක් ප්‍රශ්න සීගිරි ගෑණුන්ට බෙෂියර් අන්දපු හැත්ත ඕන පුකක් ප්‍රීති වෙසක් මේ රටෙ කැමැත්ත පරගැති කම පෙන්නපු පුක උලාපියව් උබලගෙ ඉහ මොලැත්ත... . සියදිවි හානි වල මුල් තැන අරගත්ත... රටක් මේක දැන... උර්ල්,Harassment,0.6211,Harassment,0.7603
කෞද යකෝ මූව හොද කරපු දොස්තරයා #$#$# සමී #$#$# · 2 දෙක් 2018 හැබැයි ය න කියලා man twat හිට්‍යනම් මානසික න අ කෝ මන්දන පිසෞ වග ටිබ අක්ක කියන්ඩ ටර්න න ඔය හරි amoutou මට නිකං දවසක් වග amma කිව ඔඋරොදක් විටර අතිලෞ වන්දට් ඇති අ මගන ඩොක්ට pin මව හොද කරාට,කෞද යකෝ මූව හොද කරපු දොස්තරයා #$#$# සමී #$#$# · 2 දෙක් 2018 හැබැයි ය න කියලා man twat හිට්‍යනම් මානසික න අ කෝ මන්දන පිසෞ වග ටිබ අක්ක කියන්ඩ ටර්න න ඔය හරි amoutou මට නිකං දවසක් වග amma කිව ඔඋරොදක් විටර අතිලෞ වන්දට් ඇති අ මගන ඩොක්ට pin මව හොද කරාට,Harassment,0.7183,Harassment,0.9658
අ හංසමාලි තේඋඩිච්චි උබලද යකෝ බඩු අපිනේ යකෝ බඩු කියපු වස්තිලා මෙන්න උර්ල්,අ හංසමාලි තේඋඩිච්චි උබලද යකෝ බඩු අපිනේ යකෝ බඩු කියපු වස්තිලා මෙන්න උර්ල්,Harassment,0.6138,Harassment,0.9795
කෝ යකෝ අද ආච්චි..ඉක්මන්ට ඇවිල්ල වැහියන්කෝ සන්ගට :| ස්ල්ව්ස,කෝ යකෝ අද ආච්චි..ඉක්මන්ට ඇවිල්ල වැහියන්කෝ සන්ගට :| ස්ල්ව්ස,Harassment,0.4971,Harassment,0.5703
යකෝ අපේ ගෑනුන්ව ඔහොම ස්ප්‍රයිස් කරන්න ගියොත් තෝ මොන ගෑනි එක්ක වේස කමේ යන ගමන් ද මේ කාර් එකේ කියලා සයිඩ් කන්නාඩියත් ගලවලා අතට දෙයි,යකෝ අපේ ගෑනුන්ව ඔහොම ස්ප්‍රයිස් කරන්න ගියොත් තෝ මොන ගෑනි එක්ක වේස කමේ යන ගමන් ද මේ කාර් එකේ කියලා සයිඩ් කන්නාඩියත් ගලවලා අතට දෙයි,Harassment,0.4941,Harassment,0.9404
තිරිසනා!! උබ මගේ සරෝට වෙඩි තිබ්බා.මං තෝව කනවා යකෝ !! #ගුහාසටන කවෙඑන්කෞන්තෙර්,තිරිසනා!! උබ මගේ සරෝට වෙඩි තිබ්බා.මං තෝව කනවා යකෝ !! #ගුහාසටන කවෙඑන්කෞන්තෙර්,Harassment,0.606,Harassment,0.9878
තොපි අපිව බඩ කොර කරල මරන්නද යකෝ හදන්නේ බබබබබබබබබබ උර්ල්,තොපි අපිව බඩ කොර කරල මරන්නද යකෝ හදන්නේ බබබබබබබබබබ උර්ල්,Harassment,0.7432,Harassment,0.9795
මම තොගෙ කෙල්ලත් එක්ක class එකේදි එකට නිදාගෙන තියෙනවා යකෝ ස්රිලංකංථ්රෙඅත්ස,මම තොගෙ කෙල්ලත් එක්ක class එකේදි එකට නිදාගෙන තියෙනවා යකෝ ස්රිලංකංථ්රෙඅත්ස,Harassment,0.5054,Harassment,0.918
"කැරි රිංලොල්ලො හිතං ඉන්නේ ඕල්ඩ් ට්වීප්ස්ලා වුණාම අලි පුක කියලා, ටෞඛණ්ඩ දාලා තොපේ පකේ ඔල්ල්ඩ් ට්වීප්ස් රෝල් කරලා බිජුහිලේ ගහගනියව්. කොණ්ඩේ එන්නේ නෑ කියලා නාහෙන් අඬන තංපොකුරුපොන්නරැළ! හායි කියන්න තෝ මොන ගස්පඩයෙක්ද යකෝ. තොපි බිජු කොටෝපිය. අපි ගියා.","කැරි රිංලොල්ලො හිතං ඉන්නේ ඕල්ඩ් ට්වීප්ස්ලා වුණාම අලි පුක කියලා, ටෞඛණ්ඩ දාලා තොපේ පකේ ඔල්ල්ඩ් ට්වීප්ස් රෝල් කරලා බිජුහිලේ ගහගනියව්. කොණ්ඩේ එන්නේ නෑ කියලා නාහෙන් අඬන තංපොකුරුපොන්නරැළ! හායි කියන්න තෝ මොන ගස්පඩයෙක්ද යකෝ. තොපි බිජු කොටෝපිය. අපි ගියා.",Harassment,0.5581,Harassment,0.8867
තඩි බඩෙක් ඇවිල්ල ගහගෙන ගහහෙන ගියා #LPL2020,තඩි බඩෙක් ඇවිල්ල ගහගෙන ගහහෙන ගියා #LPL2020,Harassment,0.5269,Harassment,0.957
කස්ටමර් කෙයා එකේ අක්කගෙන් දෙයක් අහනවට වඩා හොඳයි තඩි කේප්ප වැස්සියෙක් අරන් පුන්නක්කු දීල දරුකමට හදාගන්නෙක ... නෙද්දකින් ක්‍රෑක් තුං ලක,කස්ටමර් කෙයා එකේ අක්කගෙන් දෙයක් අහනවට වඩා හොඳයි තඩි කේප්ප වැස්සියෙක් අරන් පුන්නක්කු දීල දරුකමට හදාගන්නෙක ... නෙද්දකින් ක්‍රෑක් තුං ලක,Harassment,0.4797,Harassment,0.9595
තඩි ලණුවකින් මාව බැඳලා තඩි පොල්ලකින් මට ගහපන්. පණ තියෙනවා වගේ නම් තව ගහපන් විලිං · 22 May 2016 මාව මරන්ඩකෝ.. පීස් මෙයා,තඩි ලණුවකින් මාව බැඳලා තඩි පොල්ලකින් මට ගහපන්. පණ තියෙනවා වගේ නම් තව ගහපන් විලිං · 22 May 2016 මාව මරන්ඩකෝ.. පීස් මෙයා,Harassment,0.6504,Harassment,0.9604
ඩෙසිකගෙ මොලේ තව වැඩෙන්න තව මොනවහරි කරන්න... අර වැට කොනින් කඩාගත් තඩි පොල්ලකින් ගහන්න... මේකිට හැකියි හොදට කන්න කම්මැලියි වැඩ කරන්න... ගොරවා...පොරෝගෙන...දවසක්ම හැක නිදන්න..,ඩෙසිකගෙ මොලේ තව වැඩෙන්න තව මොනවහරි කරන්න... අර වැට කොනින් කඩාගත් තඩි පොල්ලකින් ගහන්න... මේකිට හැකියි හොදට කන්න කම්මැලියි වැඩ කරන්න... ගොරවා...පොරෝගෙන...දවසක්ම හැක නිදන්න..,Harassment,0.6436,Harassment,0.9761
"අනේ මගේ පුතේ, කුඩු මුදලාලිලා පිරිච්ච, ස්ත්‍රී දූශකයෝ පිරිච්ච, එතනෝල්කාරයෝ පිරිච්ච රටකද පුතේ උබ මේ ඉපදෙන්න හදන්නේ අනේ චාමර ගහපන් මට දෙකේ දෙකේ තඩි පොල්ලකින් යහපාලනය ලක :44 විඑව්ස්","අනේ මගේ පුතේ, කුඩු මුදලාලිලා පිරිච්ච, ස්ත්‍රී දූශකයෝ පිරිච්ච, එතනෝල්කාරයෝ පිරිච්ච රටකද පුතේ උබ මේ ඉපදෙන්න හදන්නේ අනේ චාමර ගහපන් මට දෙකේ දෙකේ තඩි පොල්ලකින් යහපාලනය ලක :44 විඑව්ස්",Harassment,0.5513,Harassment,0.8154
ඒ මට කවුරුහරි තඩි පොල්ලක් අරන් ඔලුවට කෙලගෙන කෙලගෙන පලකො බන් ලාවටහරි හෙලවුනොත් ආය කෙලපන් මේව දකින්නද යකෝ මේ ලෝකෙට ආවෙ,ඒ මට කවුරුහරි තඩි පොල්ලක් අරන් ඔලුවට කෙලගෙන කෙලගෙන පලකො බන් ලාවටහරි හෙලවුනොත් ආය කෙලපන් මේව දකින්නද යකෝ මේ ලෝකෙට ආවෙ,Harassment,0.6553,Harassment,0.6416
කසාද බන්දන්න උනන්දුවක් නෑ කියලා පෝරිසාද පුතා තාත්තාට තඩි පොල්ලකින් ගහලා මරලා උර්ල්,කසාද බන්දන්න උනන්දුවක් නෑ කියලා පෝරිසාද පුතා තාත්තාට තඩි පොල්ලකින් ගහලා මරලා උර්ල්,Harassment,0.5229,Harassment,0.6709
තෝ වගේ තඩි වලහෙකුට ඉතින් පත අලියෙක්ම ඕන,තෝ වගේ තඩි වලහෙකුට ඉතින් පත අලියෙක්ම ඕන,Harassment,0.5942,Harassment,0.9683
දුටුගැමුණු මහා දුෂ්ඨයෙක්.. අර තඩි රුවන්මැලිසෑය විශාල පාපකර්මයක්.( මුගේ ජාතකේ මොකක්ද ? ශ්‍රීලංකා ලක,දුටුගැමුණු මහා දුෂ්ඨයෙක්.. අර තඩි රුවන්මැලිසෑය විශාල පාපකර්මයක්.( මුගේ ජාතකේ මොකක්ද ? ශ්‍රීලංකා ලක,Harassment,0.5757,Harassment,0.8286
මේකිට අර මන්නාරම පැත්තේ ඉන්න හොඳ තඩි බූරුවෙක් මස් කරලා දෙන්න ඕන කන්න. තමන්ගේ වර්ගයාගේ මස් කැවමවත් මොළේ පැදේනවද බලන්න,මේකිට අර මන්නාරම පැත්තේ ඉන්න හොඳ තඩි බූරුවෙක් මස් කරලා දෙන්න ඕන කන්න. තමන්ගේ වර්ගයාගේ මස් කැවමවත් මොළේ පැදේනවද බලන්න,Harassment,0.5317,Harassment,0.9639
පන සතක් තියන සතෙක් හොදේ.... බලගෙන මන් නම් පුසෙක්ට අතක් වත් තියන්නි නැහැ ලගින් වත් යන්නි නැහැ..කිපවරක් මට පඩු සිද්ද කරලා මන් තඩි බැවා අම්මා මුන්ට දෙවියෝ වැහිලාද මන්ද මට කෙල උන වාර බලන් ඉන්න කොට..නැහැ උනි ඒක විදලාම අතල් එකක් ගනින් කෝ.කන්දේ දෙවිපිහිටයි..,පන සතක් තියන සතෙක් හොදේ.... බලගෙන මන් නම් පුසෙක්ට අතක් වත් තියන්නි නැහැ ලගින් වත් යන්නි නැහැ..කිපවරක් මට පඩු සිද්ද කරලා මන් තඩි බැවා අම්මා මුන්ට දෙවියෝ වැහිලාද මන්ද මට කෙල උන වාර බලන් ඉන්න කොට..නැහැ උනි ඒක විදලාම අතල් එකක් ගනින් කෝ.කන්දේ දෙවිපිහිටයි..,Harassment,0.7275,Harassment,0.6768
තොගේ තඩි අතෙන් කාලා අරූගේ කණ පැලුනද දන් නෑ,තොගේ තඩි අතෙන් කාලා අරූගේ කණ පැලුනද දන් නෑ,Harassment,0.7896,Harassment,0.6299
බඩ තඩි එකා. බඩා බතලයා තඩියා ජොලා දඩොරියා චිල්ධූද්නිච්ක්නමෙස්ල්ක්,බඩ තඩි එකා. බඩා බතලයා තඩියා ජොලා දඩොරියා චිල්ධූද්නිච්ක්නමෙස්ල්ක්,Harassment,0.5991,Harassment,0.9702
උරහිස් පලල් පුක චූටි කෙල්ලො සමනල්ලු වගෙ විසාල අත් හැට්ට ඇන්දාම කැතෛ... මැත බැරි වාත කෙල්ලො,උරහිස් පලල් පුක චූටි කෙල්ලො සමනල්ලු වගෙ විසාල අත් හැට්ට ඇන්දාම කැතෛ... මැත බැරි වාත කෙල්ලො,Harassment,0.4939,Harassment,0.7969
පල පල... තෝ තමයි මේකෙ ඉන්න එකම එක රාගයෙන් මත්වුන කාම පිපාසිත හම්බයා. මේ කරන කැත වැඩ පල්ලියෙන් දැනගත්තදාට කොනකපන පිහියෙන් උඹේ අහවල් එක කපන්නෙ අග්ගිස්සෙන්ම අල්ලලා,පල පල... තෝ තමයි මේකෙ ඉන්න එකම එක රාගයෙන් මත්වුන කාම පිපාසිත හම්බයා. මේ කරන කැත වැඩ පල්ලියෙන් දැනගත්තදාට කොනකපන පිහියෙන් උඹේ අහවල් එක කපන්නෙ අග්ගිස්සෙන්ම අල්ලලා,Harassment,0.7031,Harassment,0.8486
මේ පිදුරංගල පුක් හුටපටේ නිසා මම ෆේස්බුක් එකේ නංගිල කීප දෙනෙක්ගෙන් කැත නැතුව පුක සුදුද කියලා ඇහුවා.. නෑ නංගි පොලිසියෙන් හොයනවා පුක කලුනම්.. ඒකයි මේ බැලුවේ..,මේ පිදුරංගල පුක් හුටපටේ නිසා මම ෆේස්බුක් එකේ නංගිල කීප දෙනෙක්ගෙන් කැත නැතුව පුක සුදුද කියලා ඇහුවා.. නෑ නංගි පොලිසියෙන් හොයනවා පුක කලුනම්.. ඒකයි මේ බැලුවේ..,Harassment,0.5659,Harassment,0.5488
තොල පාට කොරං පියරු උලාගත්තාට ජාතකේ කැත යවන්න බෑ ආයිබෝවං..... ට්වීතොර,තොල පාට කොරං පියරු උලාගත්තාට ජාතකේ කැත යවන්න බෑ ආයිබෝවං..... ට්වීතොර,Harassment,0.6499,Harassment,0.9292
පසුව මමත් දැම්මා සස් දෙක තුනක් කැත පුක පෙන්නන්න කියපුව ලස්සනට ඇත උන්ට කිසිම ලැජ්ජාවක් ඇත්තෙ නැත අපිත් එක්ක ගේමේ ඇවිත් ගැල වුනා වත,පසුව මමත් දැම්මා සස් දෙක තුනක් කැත පුක පෙන්නන්න කියපුව ලස්සනට ඇත උන්ට කිසිම ලැජ්ජාවක් ඇත්තෙ නැත අපිත් එක්ක ගේමේ ඇවිත් ගැල වුනා වත,Harassment,0.7158,Harassment,0.6187
ලොකු පුක පොඩි පුක කෙට්ටු පුක මහත පුක කැත පුක එල පුක අලි පුක flat පුක පුක පුක පුක රෙන පුක පුක පුක පුක රෙන පුක රෙන්න තියන පුක දෙන්න එපා….. මරුහබය්,ලොකු පුක පොඩි පුක කෙට්ටු පුක මහත පුක කැත පුක එල පුක අලි පුක flat පුක පුක පුක පුක රෙන පුක පුක පුක පුක රෙන පුක රෙන්න තියන පුක දෙන්න එපා….. මරුහබය්,Harassment,0.5547,Harassment,0.9854
"තෝ කනවා ළඟදීම නාරසන, කැති, පොලු, උදලු ඔක්කොම වලින්","තෝ කනවා ළඟදීම නාරසන, කැති, පොලු, උදලු ඔක්කොම වලින්",Harassment,0.6621,Harassment,0.9819
මං හිටි බෝඩිමක ඇන්ටි ධූට බනිනො.. තෝ වේසි මගේ ඔක්කොම ලියාගෙන ඒවයින් කකා බිබී තෝ වේසකමේ යනෝ..මං මේ කීයක්වත් හම්බකරගත්තම තොට ඉවසං ඉන්න බෑ.කතන්දර කියනො.. ආදී වසේන් වලි. ඒ ආන්ටි පවුල් වෙලා උපයාගත්තේ කුනුහබ්බ කියාන රණ්ඩු වෙන්න පුළුවන් දුවෙක්.. ඒකත් වටිනෝ ඉතිං එ නාකි උන්දැට..,මං හිටි බෝඩිමක ඇන්ටි ධූට බනිනො.. තෝ වේසි මගේ ඔක්කොම ලියාගෙන ඒවයින් කකා බිබී තෝ වේසකමේ යනෝ..මං මේ කීයක්වත් හම්බකරගත්තම තොට ඉවසං ඉන්න බෑ.කතන්දර කියනො.. ආදී වසේන් වලි. ඒ ආන්ටි පවුල් වෙලා උපයාගත්තේ කුනුහබ්බ කියාන රණ්ඩු වෙන්න පුළුවන් දුවෙක්.. ඒකත් වටිනෝ ඉතිං එ නාකි උන්දැට..,Harassment,0.5273,Harassment,0.9468
ඔය මිටි කටකාර නාකි අම්මණ්ඩිල ඉන්නව නේද ඕකුන් ඇවිල්ල මහම මහ අමාරුකාර කට්ට කෛයිරාටික වෙට්ට පිත්තල බඩු.,ඔය මිටි කටකාර නාකි අම්මණ්ඩිල ඉන්නව නේද ඕකුන් ඇවිල්ල මහම මහ අමාරුකාර කට්ට කෛයිරාටික වෙට්ට පිත්තල බඩු.,Harassment,0.752,Harassment,0.9771
හා පෙන්නාම් දිය වුන හුබසක් නයියා තමා නාකි උනාම පෙනේ පිප්පෙන්නේ නැතුව හැව වගේ ඉන්නේ,හා පෙන්නාම් දිය වුන හුබසක් නයියා තමා නාකි උනාම පෙනේ පිප්පෙන්නේ නැතුව හැව වගේ ඉන්නේ,Harassment,0.5723,Harassment,0.9629
අට ගහන්න නෙවේ හැටපහේ නාකින්ට 18 කෙල්ලො ජෝඩු කරන තොට ගහන්න ආවේ,අට ගහන්න නෙවේ හැටපහේ නාකින්ට 18 කෙල්ලො ජෝඩු කරන තොට ගහන්න ආවේ,Harassment,0.7974,Harassment,0.7441
ඉස්කෝලෙ යන වේස බඩ්ඩක් නාකියෙක්ට ආතල් දෙන හැටි උර්ල්,ඉස්කෝලෙ යන වේස බඩ්ඩක් නාකියෙක්ට ආතල් දෙන හැටි උර්ල්,Harassment,0.7119,Harassment,0.6743
"අම්මට හුක*, කැ* පොන්න ආණ්ඩුවේ කොන්ද පන නැති නාකි හපුටා ඇතුලු ආණ්ඩුවේ අනෙකුත් වේ*ගේ පුතාලා. සහරාන්ලට පඩි ගෙවුවෙ කවුද ?","අම්මට හුක*, කැ* පොන්න ආණ්ඩුවේ කොන්ද පන නැති නාකි හපුටා ඇතුලු ආණ්ඩුවේ අනෙකුත් වේ*ගේ පුතාලා. සහරාන්ලට පඩි ගෙවුවෙ කවුද ?",Harassment,0.7852,Harassment,0.9688
ස්කූල් ලමයි රු:-15000 යි.. මේ බිස්නස් ඒකට හවුල් වෙලා ඉන්න පට්ට නාකි වේසි බලපන් අම්මපා අහුවුනොත් කපලා යනවා... උර්ල්,ස්කූල් ලමයි රු:-15000 යි.. මේ බිස්නස් ඒකට හවුල් වෙලා ඉන්න පට්ට නාකි වේසි බලපන් අම්මපා අහුවුනොත් කපලා යනවා... උර්ල්,Harassment,0.7061,Harassment,0.8574
", මගෙ අම්ම ජංගි අඳිනවද නැද්ද කියල උඹ කොහොමද දන්නෙ ?? තෝ හොරෙං හොරෙං නාකි ගෑනුංගෙ බෝක්කු බලනව නේද ?? ගෝඨා පුක වලලං මැරෙයි යකෝ උගෙ සපෝටර්ලා හෙමෙයි කියල දැනගත්තොත්",", මගෙ අම්ම ජංගි අඳිනවද නැද්ද කියල උඹ කොහොමද දන්නෙ ?? තෝ හොරෙං හොරෙං නාකි ගෑනුංගෙ බෝක්කු බලනව නේද ?? ගෝඨා පුක වලලං මැරෙයි යකෝ උගෙ සපෝටර්ලා හෙමෙයි කියල දැනගත්තොත්",Harassment,0.6445,Harassment,0.9829
කපුවා- ආ මල්ලිලා අට ගහන්න වගේ නේ කොල්ලෝ- නෑ හැට පැනපු නාකින්ට අහ අටේ කෙල්ලො ජොඩු කරන තොට ගහන්න,කපුවා- ආ මල්ලිලා අට ගහන්න වගේ නේ කොල්ලෝ- නෑ හැට පැනපු නාකින්ට අහ අටේ කෙල්ලො ජොඩු කරන තොට ගහන්න,Harassment,0.687,Harassment,0.8267
"""අට.? අට නෙමෙයි හැට පැනපු නාකින්ට 18 කෙල්ලො ජෝඩු කරන තොට ගහන්න.."" Fifty ශදෙස් Crazy · 6 ඖග් 2020 ""මේ පුතාලා ලයිසන් ගන්න අට ගහන්න පුරුදු වෙනවා වගේ""","""අට.? අට නෙමෙයි හැට පැනපු නාකින්ට 18 කෙල්ලො ජෝඩු කරන තොට ගහන්න.."" Fifty ශදෙස් Crazy · 6 ඖග් 2020 ""මේ පුතාලා ලයිසන් ගන්න අට ගහන්න පුරුදු වෙනවා වගේ""",Harassment,0.4937,Harassment,0.7959
නාකි ජප්පියක් හරි බැඳල spouse visa ගහගෙන ඉඳල ප්‍ර ගහගෙන ඒකිව ඩිවෝස් කරල ලංකාවෙ කෙල්ලෙක් බඳින්න හිතෙනව. සදහටම මෙහෙ,නාකි ජප්පියක් හරි බැඳල spouse visa ගහගෙන ඉඳල ප්‍ර ගහගෙන ඒකිව ඩිවෝස් කරල ලංකාවෙ කෙල්ලෙක් බඳින්න හිතෙනව. සදහටම මෙහෙ,Harassment,0.4912,Harassment,0.9604
නාකි රැවුලා කියලා අල්ලගත්තොත් බඩුම තමයි,නාකි රැවුලා කියලා අල්ලගත්තොත් බඩුම තමයි,Harassment,0.7637,Harassment,0.814
හොද කැල්ලක් හිටියනම් තෝ පැනි හල හල හොරෙන් බලලා මෙලහට ගුටි කාලා Captain අමෙරිචා ✪ · 22 දෙක් 2019 නෑනෙ නාකි සෙට් එකක් ඉන්නෙ,හොද කැල්ලක් හිටියනම් තෝ පැනි හල හල හොරෙන් බලලා මෙලහට ගුටි කාලා Captain අමෙරිචා ✪ · 22 දෙක් 2019 නෑනෙ නාකි සෙට් එකක් ඉන්නෙ,Harassment,0.5791,Harassment,0.6343
මට හිතුනා එන්න හදන්නෙම සව් කන්න කියල නාකි හුයන්නා,මට හිතුනා එන්න හදන්නෙම සව් කන්න කියල නාකි හුයන්නා,Harassment,0.4954,Harassment,0.7139
"ඒක හොඳයි. එතකොට තමයි කියන්නේ, ""අපරාදේ ඌ අයින් වුණේ. උගෙන් තව වැඩ ගන්න තිබ්බා මේ ආයතනයට, ඌ සුපිරි වැඩ්ඩෙක්. පට්ටම අපරාදයක්"" කියල. දිගටම පුක දෙන්න ගියොත්, ""මේ හුත්තිගේ පුතා නාකි වෙනකල් මේකට වෙල ඉන්නව. ⁣වැඩක් කරන්නත් බෑ. කාලකන්නි හුත්තෙක්."" කියල කියන්නේ. දැන් මහින්දට කියන්නේ.","ඒක හොඳයි. එතකොට තමයි කියන්නේ, ""අපරාදේ ඌ අයින් වුණේ. උගෙන් තව වැඩ ගන්න තිබ්බා මේ ආයතනයට, ඌ සුපිරි වැඩ්ඩෙක්. පට්ටම අපරාදයක්"" කියල. දිගටම පුක දෙන්න ගියොත්, ""මේ හුත්තිගේ පුතා නාකි වෙනකල් මේකට වෙල ඉන්නව. ⁣වැඩක් කරන්නත් බෑ. කාලකන්නි හුත්තෙක්."" කියල කියන්නේ. දැන් මහින්දට කියන්නේ.",Harassment,0.4873,Harassment,0.9497
කේරි නාකියා ඇන්ටි මම එක්ක ඉන්නෙ තෝ පොම්සි යා කියල නිග කියල ඊට පස්සෙ අතින් ගහන්න බැරිනං ගල් ගහල ඔයත් ඉස්පිරිතාලෙ නතර වෙන්න,කේරි නාකියා ඇන්ටි මම එක්ක ඉන්නෙ තෝ පොම්සි යා කියල නිග කියල ඊට පස්සෙ අතින් ගහන්න බැරිනං ගල් ගහල ඔයත් ඉස්පිරිතාලෙ නතර වෙන්න,Harassment,0.7749,Harassment,0.8604
තෝ නාකි නිසා නිකා ඉන්නව. නැත්තං දෙනව ඇට දෙක පුක වටේ කැරකෙන්න.,තෝ නාකි නිසා නිකා ඉන්නව. නැත්තං දෙනව ඇට දෙක පුක වටේ කැරකෙන්න.,Harassment,0.7612,Harassment,0.9756
"අඩෝ නාකියා පතෝල කරල කඩනවා වගේ තෝ කඩනවා දෙකට,","අඩෝ නාකියා පතෝල කරල කඩනවා වගේ තෝ කඩනවා දෙකට,",Harassment,0.606,Harassment,0.9824
කාකි ඇඳන් දණට උඩින් රඟන නියා රැවටෙන්න ද ඇස් අන්ධ ද අපේ මෙයා දණ ගහගෙන කොන්ද බදන් අඬන ඔයා රොන් හොයන්නෙ කොන්දෙ ගාන්න ද නාකි බඹරො ඔයා හොඳ පුතා · 30 දෙක් 2021 කොට ඇද ඇඳන් හොට නම් මුවඅතේ දිලේ නාකි උනත් වස්සා නම් අැදේ ගැලේ කවියට චුටි නංගිගේ හදවතේ මලේ රොන් ඉතිරැවොත් කියපන් කිරිකලේ පෙලේ ට්විට්ටේර්චොමිෂන්කජයසින්,කාකි ඇඳන් දණට උඩින් රඟන නියා රැවටෙන්න ද ඇස් අන්ධ ද අපේ මෙයා දණ ගහගෙන කොන්ද බදන් අඬන ඔයා රොන් හොයන්නෙ කොන්දෙ ගාන්න ද නාකි බඹරො ඔයා හොඳ පුතා · 30 දෙක් 2021 කොට ඇද ඇඳන් හොට නම් මුවඅතේ දිලේ නාකි උනත් වස්සා නම් අැදේ ගැලේ කවියට චුටි නංගිගේ හදවතේ මලේ රොන් ඉතිරැවොත් කියපන් කිරිකලේ පෙලේ ට්විට්ටේර්චොමිෂන්කජයසින්,Harassment,0.5684,Harassment,0.957
"ඒකට අපේ ගෑණු ""තෝ කලින් එකීටත් කිව්වෙ ඕක නේද..? තෝ මට ඕක කියන්නෙපා ආයෙ.. ආයෙ මට ඕක කිව්වොත් තමුසෙගෙ බෙල්ල කපලා මරන්නෙ""","ඒකට අපේ ගෑණු ""තෝ කලින් එකීටත් කිව්වෙ ඕක නේද..? තෝ මට ඕක කියන්නෙපා ආයෙ.. ආයෙ මට ඕක කිව්වොත් තමුසෙගෙ බෙල්ල කපලා මරන්නෙ""",Harassment,0.501,Harassment,0.5825
මෙන්න මේකා ලජ්ජා නැතිවා අයෙත් මතුවෙලා! ද්‍ර පුක ලෙවාස් කෝ හලෝ තමුසෙගෙ ෆ්ඩ් එක නාමල් හොර ලෝයර් ඉතින් ඌට අනිත් උන හොරු උනාට අවුලක් නෑ ලක ලක් ශ්‍රීලංකා,මෙන්න මේකා ලජ්ජා නැතිවා අයෙත් මතුවෙලා! ද්‍ර පුක ලෙවාස් කෝ හලෝ තමුසෙගෙ ෆ්ඩ් එක නාමල් හොර ලෝයර් ඉතින් ඌට අනිත් උන හොරු උනාට අවුලක් නෑ ලක ලක් ශ්‍රීලංකා,Harassment,0.5376,Harassment,0.9019
තව එක අඩියක් හරි ඉස්සරහට ආවොත් මේ ඇඳන් ඉන්න දිය රෙද්ද ගලවලා කපනවා! ස්රිලංකංථ්රෙඅත්ස තමුසෙගෙ බෙල්ල.,තව එක අඩියක් හරි ඉස්සරහට ආවොත් මේ ඇඳන් ඉන්න දිය රෙද්ද ගලවලා කපනවා! ස්රිලංකංථ්රෙඅත්ස තමුසෙගෙ බෙල්ල.,Harassment,0.5044,Harassment,0.8301
දේවදත්ත හොඳයි අයිසෙ තමුසෙත් එක්ක බලද්දී.... අඩුම තරමෙ තෝ වගේ කොයි වෙලාවෙත් කොල්ලොන්ට පුකේ අරින්න බලාගෙන ඉන්නෙ නැතිව නම්බු අැතුව අපායෙ ගියා....,දේවදත්ත හොඳයි අයිසෙ තමුසෙත් එක්ක බලද්දී.... අඩුම තරමෙ තෝ වගේ කොයි වෙලාවෙත් කොල්ලොන්ට පුකේ අරින්න බලාගෙන ඉන්නෙ නැතිව නම්බු අැතුව අපායෙ ගියා....,Harassment,0.5078,Harassment,0.6191
අඩොහ් ගලක් බෙල්ලේ බැඳන් ගඟක මුහුදක පැනලා මැරෙනවා ඕයී තෝ වගේ ළමයෙක් හදනවට වඩා..,අඩොහ් ගලක් බෙල්ලේ බැඳන් ගඟක මුහුදක පැනලා මැරෙනවා ඕයී තෝ වගේ ළමයෙක් හදනවට වඩා..,Harassment,0.792,Harassment,0.6748
"අඩො මම තමා one shot, උබලා වගේ උන්ව ලන්කට් එක පිටින් ටව්මේ වටේ යවන්න ඔනේ ස්රිලංකංථ්රෙඅත්ස","අඩො මම තමා one shot, උබලා වගේ උන්ව ලන්කට් එක පිටින් ටව්මේ වටේ යවන්න ඔනේ ස්රිලංකංථ්රෙඅත්ස",Harassment,0.5586,Harassment,0.9688
මොකාද අවජාතක එකා අඩො ගනින් කඩුව ටුට්ටේ සුප්පේ කොසේල් කසුනෝ කෝ ඩෝ චන්ඩියා,මොකාද අවජාතක එකා අඩො ගනින් කඩුව ටුට්ටේ සුප්පේ කොසේල් කසුනෝ කෝ ඩෝ චන්ඩියා,Harassment,0.7334,Harassment,0.9819
අඩො තොට කනෙත් එක්ක අරිනව හරිද?? ස්රිලංකංථ්රෙඅත්ස,අඩො තොට කනෙත් එක්ක අරිනව හරිද?? ස්රිලංකංථ්රෙඅත්ස,Harassment,0.4807,Harassment,0.9849
අඩො නො එ නංගිට කලෙන්තෙ හැදිලාද පව්..,අඩො නො එ නංගිට කලෙන්තෙ හැදිලාද පව්..,Harassment,0.5073,Harassment,0.8516
දැන් අල්ලයි. අලි සබ්රි උන්ගේ ජාතියෙ එවුන් නිදහස් කරල ලස්සනට සිංහල එකෙක්ට ඕක පටවනවා,දැන් අල්ලයි. අලි සබ්රි උන්ගේ ජාතියෙ එවුන් නිදහස් කරල ලස්සනට සිංහල එකෙක්ට ඕක පටවනවා,Harassment,0.5322,Harassment,0.6006
බාල බඩුවක් හදලා දේවිද?,බාල බඩුවක් හදලා දේවිද?,Harassment,0.5361,Harassment,0.8853
කලු සුද්දන්ට රිදිලනෙ තම්බින්ට පුක දීල තාම මේ ආණ්ඩුවෙ හැත්තටවත් හොයාගන්න බැරි වුණු පාස්කු කේස් එකෙ බඩ දරු අම්මලත් එක්ක බෝම්බ බැදන් සොම්බි වගෙ මැරුණු ඒවා මතක නෑ හැබැයි අනුන්ගෙ පුකවල් හොඳට හෝදල හුරුයි.. රිදිල ඉන්නෙ මේක දැකපු උන්ට,කලු සුද්දන්ට රිදිලනෙ තම්බින්ට පුක දීල තාම මේ ආණ්ඩුවෙ හැත්තටවත් හොයාගන්න බැරි වුණු පාස්කු කේස් එකෙ බඩ දරු අම්මලත් එක්ක බෝම්බ බැදන් සොම්බි වගෙ මැරුණු ඒවා මතක නෑ හැබැයි අනුන්ගෙ පුකවල් හොඳට හෝදල හුරුයි.. රිදිල ඉන්නෙ මේක දැකපු උන්ට,Harassment,0.6904,Harassment,0.9556
ලොකුම හොරු කන්ඩයම තම මහ බන්කුව කඩුවෙ. එකතම අල්ලන්න බරි.,ලොකුම හොරු කන්ඩයම තම මහ බන්කුව කඩුවෙ. එකතම අල්ලන්න බරි.,Harassment,0.7798,Harassment,0.9199
ඌ වගේ වලත්තයෙක්ට ඕනෑම කාන්තාවකගෙන් කොරෝනා බෝවීමට ඉඩ ඇත ඌ මකබෑවිලාම යන්න ඕන,ඌ වගේ වලත්තයෙක්ට ඕනෑම කාන්තාවකගෙන් කොරෝනා බෝවීමට ඉඩ ඇත ඌ මකබෑවිලාම යන්න ඕන,Harassment,0.77,Harassment,0.5703
"මූට, මුගේ පුතා චතුර... අන්න ඌට කියලා පුකේ අරින්න ඔනේ..","මූට, මුගේ පුතා චතුර... අන්න ඌට කියලා පුකේ අරින්න ඔනේ..",Harassment,0.7632,Harassment,0.9595
හෙනම ගහාලා අකැලුවලාම යන්න ඔන,හෙනම ගහාලා අකැලුවලාම යන්න ඔන,Harassment,0.6016,Harassment,0.5693
පිස්සු පූසා කියන්නේ මූට.රෙදි ගලවලා මූට ගහන්න ඕනි.අංගවිකල පකයා.,පිස්සු පූසා කියන්නේ මූට.රෙදි ගලවලා මූට ගහන්න ඕනි.අංගවිකල පකයා.,Harassment,0.7524,Harassment,0.7397
Traitor දේශදෝරහි පිපිම්පියා. මූටත් ගහලා එලවන්න ඕනේ,Traitor දේශදෝරහි පිපිම්පියා. මූටත් ගහලා එලවන්න ඕනේ,Harassment,0.7642,Harassment,0.9487
"දියවන්නාවෙ කාලකණ්ණි ටික මරල දාන්නම ඕන , පොන්න රනිල, හොර මහින්ද ඕකුන්ගෙ හෙන්චයියන් ඔක්කොම මරල දාල උන්ගෙ ගෑනුටික ගණිකා සේවයේ දාන්න ඕන","දියවන්නාවෙ කාලකණ්ණි ටික මරල දාන්නම ඕන , පොන්න රනිල, හොර මහින්ද ඕකුන්ගෙ හෙන්චයියන් ඔක්කොම මරල දාල උන්ගෙ ගෑනුටික ගණිකා සේවයේ දාන්න ඕන",Harassment,0.7568,Harassment,0.8037
